valid_after,n,Exit,BadExit,MiddleOnly,Guard,Sybil,StaleDesc,Running,pol:non-exit,pol:near-open,pol:OUR_POLICY,pol:accept-list,pol:other-reject-list,bw_total,bw_exitflag,bw_exit_usable,bw_badexit,bw_attackerpol,n_attackerpol_exitflag,n_attackerpol_usable_exit,bw_attackerpol_usable_exit
2026-05-01 00:00:00,10088,3099,66,58,6523,0,23,10088,6922,0,0,2744,422,192322303,73471494,73395191,1200094,0,0,0,0
2026-05-01 01:00:00,10160,3104,72,64,6554,0,22,10160,6983,0,0,2753,424,193660315,73480134,73403831,1424094,0,0,0,0
2026-05-01 02:00:00,10153,3104,72,64,6550,0,20,10153,6976,0,0,2755,422,193081767,73359505,73283212,1404084,0,0,0,0
2026-05-01 03:00:00,10149,3100,72,64,6546,0,16,10149,6976,0,0,2748,425,193053637,73334648,73258355,1404044,0,0,0,0
2026-05-01 04:00:00,10156,3106,72,64,6543,0,23,10156,6977,0,0,2755,424,193047240,73414488,73338195,1404054,0,0,0,0
2026-05-01 05:00:00,10131,3096,72,64,6531,0,24,10131,6962,0,0,2749,420,192820166,73333954,73257661,1403954,0,0,0,0
2026-05-01 06:00:00,10160,3103,72,64,6542,0,16,10160,6980,0,0,2755,425,193053758,73383202,73306909,1402994,0,0,0,0
2026-05-01 07:00:00,10115,3095,72,64,6516,0,12,10115,6943,0,0,2749,423,191842533,73308392,73232099,1402204,0,0,0,0
2026-05-01 08:00:00,10154,3103,70,62,6542,0,8,10154,6980,0,0,2753,421,192874390,73402592,73326299,1399264,0,0,0,0
2026-05-01 09:00:00,10154,3103,72,64,6537,0,12,10154,6978,0,0,2755,421,192903283,73378691,73302398,1412164,0,0,0,0
2026-05-01 10:00:00,10167,3098,72,64,6531,0,330,10167,6996,0,0,2749,422,192973095,73299731,73223418,1412184,0,0,0,0
2026-05-01 11:00:00,10159,3101,72,64,6531,0,15,10159,6985,0,0,2753,421,192996193,73359339,73283026,1402484,0,0,0,0
2026-05-01 12:00:00,10153,3098,72,64,6519,0,11,10153,6982,0,0,2749,422,192839012,73277209,73200796,1402954,0,0,0,0
2026-05-01 13:00:00,10162,3099,72,64,6507,0,17,10162,6990,0,0,2747,425,192806659,73230029,73153616,1402554,0,0,0,0
2026-05-01 14:00:00,10155,3093,72,64,6506,0,27,10155,6985,0,0,2748,422,192768664,73246989,73170576,1402554,0,0,0,0
2026-05-01 15:00:00,10160,3092,72,64,6511,0,79,10160,6991,0,0,2749,420,192593227,73242819,73166406,1400654,0,0,0,0
2026-05-01 16:00:00,10151,3095,72,64,6515,0,16,10151,6983,0,0,2747,421,192501775,73151542,73075129,1399754,0,0,0,0
2026-05-01 17:00:00,10159,3097,72,64,6518,0,7,10159,6989,0,0,2748,422,192527553,73141982,73065569,1399744,0,0,0,0
2026-05-01 18:00:00,10157,3104,72,64,6519,0,16,10157,6980,0,0,2753,424,192451243,73144981,73068668,1400654,0,0,0,0
2026-05-01 19:00:00,10155,3103,72,64,6516,0,11,10155,6979,0,0,2753,423,192376490,73145651,73069338,1399654,0,0,0,0
2026-05-01 20:00:00,10153,3100,71,63,6512,0,19,10153,6977,0,0,2755,421,192315660,73165351,73089038,1364756,0,0,0,0
2026-05-01 21:00:00,10150,3102,71,63,6510,0,13,10150,6972,0,0,2755,423,192112086,73145761,73069448,1362756,0,0,0,0
2026-05-01 22:00:00,10156,3102,70,62,6501,0,17,10156,6979,0,0,2753,424,192294074,73121181,73044868,1313754,0,0,0,0
2026-05-01 23:00:00,10153,3094,70,62,6500,0,13,10153,6984,0,0,2745,424,192304294,73106026,73029713,1313694,0,0,0,0
2026-05-02 00:00:00,10167,3102,69,61,6508,0,21,10167,6995,0,0,2751,421,192289044,73149366,73073053,1278694,0,0,0,0
2026-05-02 01:00:00,10184,3101,72,64,6511,0,16,10184,7010,0,0,2753,421,192970160,73142728,73066415,1409694,0,0,0,0
2026-05-02 02:00:00,10189,3108,72,64,6508,0,16,10189,7008,0,0,2757,424,192671622,73153330,73079017,1405664,0,0,0,0
2026-05-02 03:00:00,10183,3111,72,64,6498,0,23,10183,6999,0,0,2760,424,192609830,73133851,73059538,1405863,0,0,0,0
2026-05-02 04:00:00,10171,3113,72,64,6493,0,21,10171,6985,0,0,2764,422,192348647,73148900,73074587,1415674,0,0,0,0
2026-05-02 05:00:00,10184,3119,72,64,6500,0,13,10184,6991,0,0,2769,424,192507814,73189269,73114956,1401574,0,0,0,0
2026-05-02 06:00:00,10188,3120,72,64,6505,0,9,10188,6994,0,0,2767,427,192471989,73235081,73160768,1401574,0,0,0,0
2026-05-02 07:00:00,10192,3118,72,64,6508,0,9,10192,7000,0,0,2764,428,192159674,73016624,72942311,1401974,0,0,0,0
2026-05-02 08:00:00,10174,3114,72,64,6506,0,12,10174,6986,0,0,2762,426,192244310,73072742,72998429,1402174,0,0,0,0
2026-05-02 09:00:00,10180,3113,72,64,6507,0,14,10180,6993,0,0,2762,425,192282510,73109729,73035416,1412314,0,0,0,0
2026-05-02 10:00:00,10160,3112,71,63,6501,0,8,10160,6975,0,0,2759,426,192100657,73095357,73021044,1410614,0,0,0,0
2026-05-02 11:00:00,10166,3112,72,64,6500,0,11,10166,6980,0,0,2760,426,192019359,73069088,72994775,1403614,0,0,0,0
2026-05-02 12:00:00,10166,3118,72,64,6499,0,9,10166,6974,0,0,2766,426,192049755,73202058,73127915,1404544,0,0,0,0
2026-05-02 13:00:00,10153,3118,72,64,6496,0,14,10153,6961,0,0,2767,425,191869112,73145291,73071148,1405644,0,0,0,0
2026-05-02 14:00:00,10163,3120,72,64,6494,0,12,10163,6969,0,0,2769,425,191886315,73241511,73167368,1406645,0,0,0,0
2026-05-02 15:00:00,10169,3122,71,63,6491,0,6,10169,6974,0,0,2769,426,191909532,73246527,73172384,1403635,0,0,0,0
2026-05-02 16:00:00,10166,3116,72,64,6496,0,13,10166,6972,0,0,2767,427,191853265,72996143,72922000,1403615,0,0,0,0
2026-05-02 17:00:00,9917,3122,72,64,6255,0,13,9917,6721,0,0,2767,429,190165275,73100491,73026348,1402515,0,0,0,0
2026-05-02 18:00:00,10154,3118,72,64,6496,0,14,10154,6962,0,0,2766,426,191911687,73100001,73025958,1401595,0,0,0,0
2026-05-02 19:00:00,10151,3115,72,64,6492,0,7,10151,6962,0,0,2762,427,191646640,73049679,72975636,1403695,0,0,0,0
2026-05-02 20:00:00,10144,3112,72,64,6485,0,13,10144,6958,0,0,2762,424,191626815,72994686,72918643,1409746,0,0,0,0
2026-05-02 21:00:00,10154,3123,72,64,6497,0,5,10154,6957,0,0,2771,426,191672823,73081186,73005043,1409836,0,0,0,0
2026-05-02 22:00:00,10152,3117,72,64,6493,0,12,10152,6961,0,0,2766,425,191582291,72979666,72903523,1410846,0,0,0,0
2026-05-02 23:00:00,10158,3114,71,63,6496,0,15,10158,6971,0,0,2760,427,191696655,72949843,72873700,1359939,0,0,0,0
2026-05-03 00:00:00,10157,3115,69,61,6496,0,14,10157,6971,0,0,2761,425,191352092,72979986,72903843,1288949,0,0,0,0
2026-05-03 01:00:00,10167,3113,72,64,6496,0,19,10167,6980,0,0,2764,423,191665215,72980380,72904237,1412979,0,0,0,0
2026-05-03 02:00:00,10163,3117,72,64,6491,0,18,10163,6972,0,0,2766,425,191603273,73038421,72962278,1415350,0,0,0,0
2026-05-03 03:00:00,10157,3111,72,64,6485,0,16,10157,6972,0,0,2761,424,191481399,73002280,72926137,1415350,0,0,0,0
2026-05-03 04:00:00,10141,3109,72,64,6478,0,13,10141,6955,0,0,2761,425,191320935,72946910,72870767,1416350,0,0,0,0
2026-05-03 05:00:00,10150,3105,71,63,6476,0,14,10150,6972,0,0,2764,414,191490059,73013689,72937546,1415620,0,0,0,0
2026-05-03 06:00:00,10150,3108,71,63,6480,0,11,10150,6969,0,0,2769,412,191411245,72963199,72887056,1415250,0,0,0,0
2026-05-03 07:00:00,10142,3111,71,63,6476,0,18,10142,6958,0,0,2772,412,191196576,72959260,72883117,1414250,0,0,0,0
2026-05-03 08:00:00,10115,3103,71,63,6460,0,14,10115,6939,0,0,2766,410,190913198,72868599,72792456,1414250,0,0,0,0
2026-05-03 09:00:00,10133,3110,72,64,6462,0,8,10133,6949,0,0,2773,411,190799509,72897355,72821172,1416491,0,0,0,0
2026-05-03 10:00:00,10127,3100,72,64,6458,0,16,10127,6953,0,0,2762,412,190651968,72739625,72663452,1416481,0,0,0,0
2026-05-03 11:00:00,10134,3102,72,64,6459,0,12,10134,6958,0,0,2764,412,190697425,72765985,72689812,1415801,0,0,0,0
2026-05-03 12:00:00,10126,3100,72,64,6459,0,12,10126,6952,0,0,2762,412,190930188,72747346,72671173,1416201,0,0,0,0
2026-05-03 13:00:00,10128,3098,72,64,6466,0,12,10128,6956,0,0,2760,412,191111518,72730753,72654580,1416501,0,0,0,0
2026-05-03 14:00:00,10120,3083,72,64,6455,0,7,10120,6963,0,0,2748,409,190447416,72085833,72009560,1416601,0,0,0,0
2026-05-03 15:00:00,10210,3173,72,64,6453,0,14,10210,6963,0,0,2838,409,190847562,72516283,72440010,1417201,0,0,0,0
2026-05-03 16:00:00,10213,3174,72,64,6455,0,6,10213,6965,0,0,2839,409,190696927,72479036,72402763,1417201,0,0,0,0
2026-05-03 17:00:00,10229,3182,72,64,6462,0,14,10229,6973,0,0,2846,410,190940890,72418246,72341963,1415023,0,0,0,0
2026-05-03 18:00:00,10221,3185,72,64,6467,0,17,10221,6962,0,0,2850,409,191105337,72741078,72664895,1415023,0,0,0,0
2026-05-03 19:00:00,10250,3202,72,64,6480,0,16,10250,6974,0,0,2866,410,191650748,73227959,73151776,1413883,0,0,0,0
2026-05-03 20:00:00,10264,3217,72,64,6476,0,25,10264,6973,0,0,2881,410,191411742,73159949,73083766,1412893,0,0,0,0
2026-05-03 21:00:00,10310,3217,71,63,6472,0,19,10310,7020,0,0,2879,411,191346139,73100302,73024119,1364193,0,0,0,0
2026-05-03 22:00:00,10308,3218,71,63,6476,0,12,10308,7017,0,0,2880,411,191655187,73385583,73309400,1365193,0,0,0,0
2026-05-03 23:00:00,10308,3218,70,62,6477,0,12,10308,7018,0,0,2879,411,191812411,73455714,73379531,1331093,0,0,0,0
2026-05-04 00:00:00,10306,3216,67,59,6475,0,13,10306,7021,0,0,2874,411,191597252,73436674,73360491,1213093,0,0,0,0
2026-05-04 01:00:00,10326,3214,72,64,6474,0,13,10326,7037,0,0,2879,410,192135474,73452671,73376488,1417293,0,0,0,0
2026-05-04 02:00:00,10329,3219,72,64,6466,0,15,10329,7035,0,0,2883,411,192228055,73527856,73451673,1418293,0,0,0,0
2026-05-04 03:00:00,10332,3223,72,64,6467,0,14,10332,7034,0,0,2887,411,192365132,73543592,73467409,1418293,0,0,0,0
2026-05-04 04:00:00,10332,3225,72,64,6468,0,16,10332,7032,0,0,2889,411,192342511,73504482,73428309,1418483,0,0,0,0
2026-05-04 05:00:00,10319,3223,72,64,6471,0,19,10319,7021,0,0,2887,411,192220243,73515443,73439270,1418483,0,0,0,0
2026-05-04 06:00:00,10330,3227,72,64,6471,0,18,10330,7028,0,0,2892,410,192320711,73557311,73481138,1419083,0,0,0,0
2026-05-04 07:00:00,10331,3225,72,64,6469,0,15,10331,7032,0,0,2889,410,192405662,73664422,73588249,1405383,0,0,0,0
2026-05-04 08:00:00,10332,3225,71,63,6470,0,15,10332,7034,0,0,2887,411,192481237,73790292,73714119,1401573,0,0,0,0
2026-05-04 09:00:00,10322,3216,71,63,6464,0,38,10322,7033,0,0,2878,411,192324698,73602712,73526929,1412653,0,0,0,0
2026-05-04 10:00:00,10325,3213,72,64,6467,0,16,10325,7038,0,0,2876,411,192345346,73612582,73536799,1416453,0,0,0,0
2026-05-04 11:00:00,10331,3213,72,64,6465,0,19,10331,7043,0,0,2877,411,192405080,73584850,73509027,1411293,0,0,0,0
2026-05-04 12:00:00,10331,3215,72,64,6470,0,28,10331,7041,0,0,2879,411,192467635,73665316,73589493,1411293,0,0,0,0
2026-05-04 13:00:00,10329,3214,72,64,6472,0,93,10329,7036,0,0,2881,412,192528643,73700356,73624533,1412293,0,0,0,0
2026-05-04 14:00:00,10329,3215,72,64,6465,0,79,10329,7035,0,0,2882,412,192346317,73739046,73663223,1412293,0,0,0,0
2026-05-04 15:00:00,10318,3199,72,64,6444,0,86,10318,7040,0,0,2867,411,192230133,73732974,73657151,1412873,0,0,0,0
2026-05-04 16:00:00,10316,3196,72,64,6446,0,11,10316,7041,0,0,2864,411,192263817,73606641,73530518,1413573,0,0,0,0
2026-05-04 17:00:00,10336,3212,72,64,6460,0,15,10336,7045,0,0,2881,410,192379912,73667290,73591167,1413573,0,0,0,0
2026-05-04 18:00:00,10330,3215,72,64,6461,0,8,10330,7035,0,0,2883,412,192273202,73720819,73644696,1413563,0,0,0,0
2026-05-04 19:00:00,10320,3211,72,64,6459,0,13,10320,7029,0,0,2880,411,191953946,73533231,73457108,1414663,0,0,0,0
2026-05-04 20:00:00,10327,3214,72,64,6467,0,10,10327,7037,0,0,2879,411,192118533,73537143,73461020,1415664,0,0,0,0
2026-05-04 21:00:00,10313,3213,72,64,6474,0,15,10313,7024,0,0,2877,412,192277999,73661223,73585100,1413664,0,0,0,0
2026-05-04 22:00:00,10322,3219,72,64,6470,0,11,10322,7027,0,0,2883,412,192543867,73748804,73672681,1416064,0,0,0,0
2026-05-04 23:00:00,10310,3208,71,63,6459,0,13,10310,7027,0,0,2872,411,192313101,73460222,73384099,1382964,0,0,0,0
2026-05-05 00:00:00,10309,3212,69,61,6459,0,19,10309,7024,0,0,2872,413,192298068,73539366,73463243,1316014,0,0,0,0
2026-05-05 01:00:00,10331,3211,72,64,6458,0,18,10331,7044,0,0,2874,413,192676283,73512816,73437693,1427014,0,0,0,0
2026-05-05 02:00:00,10328,3212,71,63,6456,0,15,10328,7041,0,0,2874,413,192518489,73493095,73417972,1424304,0,0,0,0
2026-05-05 03:00:00,10321,3212,72,64,6451,0,13,10321,7033,0,0,2875,413,192479365,73469247,73394124,1428004,0,0,0,0
2026-05-05 04:00:00,10317,3207,72,64,6442,0,13,10317,7035,0,0,2868,414,192436898,73526886,73451763,1431404,0,0,0,0
2026-05-05 05:00:00,10322,3200,72,64,6444,0,18,10322,7047,0,0,2861,414,192429029,73432526,73357403,1431404,0,0,0,0
2026-05-05 06:00:00,10320,3207,72,64,6445,0,15,10320,7038,0,0,2869,413,192394132,73550647,73475424,1439394,0,0,0,0
2026-05-05 07:00:00,10319,3206,72,64,6447,0,19,10319,7038,0,0,2868,413,192433595,73620792,73546569,1438294,0,0,0,0
2026-05-05 08:00:00,10329,3217,72,64,6462,0,17,10329,7037,0,0,2878,414,192756407,73974893,73900170,1440794,0,0,0,0
2026-05-05 09:00:00,10330,3220,72,64,6462,0,15,10330,7035,0,0,2881,414,192886716,73991753,73917030,1440904,0,0,0,0
2026-05-05 10:00:00,10322,3214,72,64,6462,0,15,10322,7033,0,0,2875,414,192754635,73894413,73819690,1439304,0,0,0,0
2026-05-05 11:00:00,10330,3220,72,64,6465,0,12,10330,7035,0,0,2881,414,192959482,74025473,73950750,1439304,0,0,0,0
2026-05-05 12:00:00,10336,3220,72,64,6472,0,12,10336,7041,0,0,2881,414,193019394,74049555,73974832,1440604,0,0,0,0
2026-05-05 13:00:00,10324,3213,72,64,6472,0,75,10324,7031,0,0,2879,414,193021155,74066423,73991600,1432704,0,0,0,0
2026-05-05 14:00:00,10330,3217,72,64,6467,0,23,10330,7037,0,0,2879,414,193070077,74071035,73996412,1422504,0,0,0,0
2026-05-05 15:00:00,10334,3219,72,64,6464,0,37,10334,7039,0,0,2881,414,193050475,74135976,74061353,1422604,0,0,0,0
2026-05-05 16:00:00,10324,3217,72,64,6463,0,18,10324,7031,0,0,2878,415,192909784,74137799,74063176,1420604,0,0,0,0
2026-05-05 17:00:00,10322,3220,72,64,6464,0,13,10322,7026,0,0,2882,414,192925044,74212318,74137695,1421604,0,0,0,0
2026-05-05 18:00:00,10315,3221,72,64,6464,0,21,10315,7018,0,0,2883,414,193004019,74186077,74111454,1421504,0,0,0,0
2026-05-05 19:00:00,10307,3205,72,64,6458,0,22,10307,7026,0,0,2867,414,192719198,73794407,73719784,1421104,0,0,0,0
2026-05-05 20:00:00,10330,3222,72,64,6467,0,23,10330,7032,0,0,2884,414,193119484,74195156,74120533,1421104,0,0,0,0
2026-05-05 21:00:00,10296,3206,72,64,6461,0,22,10296,7014,0,0,2868,414,192735215,73852742,73778119,1423104,0,0,0,0
2026-05-05 22:00:00,10298,3200,72,64,6461,0,18,10298,7021,0,0,2864,413,192793486,73822710,73748087,1423104,0,0,0,0
2026-05-05 23:00:00,10308,3207,72,64,6464,0,19,10308,7025,0,0,2870,413,193169237,73964980,73890357,1412474,0,0,0,0
2026-05-06 00:00:00,10252,3209,68,60,6423,0,18,10252,6971,0,0,2867,414,192711000,74027782,73953160,1262913,0,0,0,0
2026-05-06 01:00:00,10297,3214,72,64,6452,0,29,10297,7007,0,0,2876,414,193450961,74141622,74067000,1416933,0,0,0,0
2026-05-06 02:00:00,10310,3208,72,64,6482,0,27,10310,7026,0,0,2870,414,193571286,74111152,74036530,1417003,0,0,0,0
2026-05-06 03:00:00,10331,3215,72,64,6487,0,12,10331,7040,0,0,2877,414,193757503,74216174,74141552,1417003,0,0,0,0
2026-05-06 04:00:00,10329,3215,72,64,6484,0,15,10329,7038,0,0,2877,414,193782504,74240773,74166151,1418503,0,0,0,0
2026-05-06 05:00:00,10326,3216,72,64,6478,0,16,10326,7034,0,0,2879,413,193675408,74384354,74309732,1411243,0,0,0,0
2026-05-06 06:00:00,10316,3214,72,64,6477,0,18,10316,7027,0,0,2876,413,193735750,74375834,74301311,1420044,0,0,0,0
2026-05-06 07:00:00,10327,3214,72,64,6476,0,18,10327,7039,0,0,2875,413,193659628,74378714,74304191,1419044,0,0,0,0
2026-05-06 08:00:00,10329,3209,72,64,6480,0,14,10329,7045,0,0,2871,413,193830635,74402874,74328251,1429544,0,0,0,0
2026-05-06 09:00:00,10337,3213,72,64,6474,0,16,10337,7049,0,0,2875,413,193951094,74471304,74396681,1429724,0,0,0,0
2026-05-06 10:00:00,10325,3211,72,64,6477,0,14,10325,7039,0,0,2873,413,193858464,74358564,74283931,1429834,0,0,0,0
2026-05-06 11:00:00,10320,3206,72,64,6473,0,17,10320,7039,0,0,2869,412,193582692,74349714,74275081,1429834,0,0,0,0
2026-05-06 12:00:00,10318,3206,72,64,6474,0,10,10318,7037,0,0,2869,412,193709122,74376577,74301944,1427064,0,0,0,0
2026-05-06 13:00:00,10318,3208,72,64,6479,0,15,10318,7035,0,0,2871,412,193859395,74395700,74320867,1427244,0,0,0,0
2026-05-06 14:00:00,10317,3208,72,64,6475,0,14,10317,7034,0,0,2871,412,193799997,74477339,74401506,1427134,0,0,0,0
2026-05-06 15:00:00,10340,3211,72,64,6486,0,8,10340,7054,0,0,2874,412,194056175,74511129,74435296,1427124,0,0,0,0
2026-05-06 16:00:00,10328,3208,72,64,6481,0,11,10328,7045,0,0,2871,412,193985879,74458510,74382677,1427124,0,0,0,0
2026-05-06 17:00:00,10295,3205,72,64,6477,0,9,10295,7016,0,0,2867,412,193670832,74430711,74354878,1429024,0,0,0,0
2026-05-06 18:00:00,10314,3204,72,64,6489,0,14,10314,7035,0,0,2867,412,193799518,74479942,74404109,1429103,0,0,0,0
2026-05-06 19:00:00,10333,3222,72,64,6491,0,10,10333,7037,0,0,2868,428,194167182,74618591,74542758,1431103,0,0,0,0
2026-05-06 20:00:00,10334,3219,72,64,6492,0,15,10334,7041,0,0,2865,428,194181560,74563612,74487779,1431023,0,0,0,0
2026-05-06 21:00:00,10303,3212,72,64,6488,0,9,10303,7017,0,0,2864,422,193895358,74595820,74519987,1432123,0,0,0,0
2026-05-06 22:00:00,10292,3212,72,64,6480,0,6,10292,7006,0,0,2865,421,193907009,74555591,74479758,1433223,0,0,0,0
2026-05-06 23:00:00,10313,3221,72,64,6486,0,9,10313,7018,0,0,2868,427,194302576,74730041,74654208,1433423,0,0,0,0
2026-05-07 00:00:00,10296,3221,71,63,6489,0,12,10296,7002,0,0,2867,427,194055395,74787592,74711759,1392523,0,0,0,0
2026-05-07 01:00:00,10351,3234,72,64,6492,0,19,10351,7043,0,0,2882,426,195070828,75112511,75036678,1434533,0,0,0,0
2026-05-07 02:00:00,10337,3222,72,64,6484,0,12,10337,7042,0,0,2875,420,194824967,74931500,74855667,1434393,0,0,0,0
2026-05-07 03:00:00,10319,3219,72,64,6483,0,10,10319,7028,0,0,2872,419,194938455,74984680,74908847,1443353,0,0,0,0
2026-05-07 04:00:00,10357,3234,72,64,6490,0,11,10357,7051,0,0,2879,427,195185204,75092820,75016977,1443363,0,0,0,0
2026-05-07 05:00:00,10361,3238,71,63,6490,0,15,10361,7052,0,0,2882,427,195286640,75170150,75094307,1439563,0,0,0,0
2026-05-07 06:00:00,10342,3233,72,64,6485,0,14,10342,7037,0,0,2878,427,194865071,75117850,75042007,1441273,0,0,0,0
2026-05-07 07:00:00,10336,3229,72,64,6596,0,17,10336,7035,0,0,2876,425,195023198,75067122,74991279,1432193,0,0,0,0
2026-05-07 08:00:00,10335,3228,72,64,6482,0,11,10335,7035,0,0,2873,427,194850841,75014801,74937958,1433103,0,0,0,0
2026-05-07 09:00:00,10343,3231,72,64,6481,0,13,10343,7040,0,0,2876,427,194995798,75093738,75016695,1443203,0,0,0,0
2026-05-07 10:00:00,10332,3223,72,64,6482,0,11,10332,7037,0,0,2867,428,194948515,74883845,74806802,1443903,0,0,0,0
2026-05-07 11:00:00,10342,3221,72,64,6483,0,16,10342,7049,0,0,2865,428,194891491,74824574,74747531,1445863,0,0,0,0
2026-05-07 12:00:00,10341,3220,72,64,6483,0,13,10341,7049,0,0,2865,427,194783764,74818115,74740072,1445663,0,0,0,0
2026-05-07 13:00:00,10337,3216,72,64,6477,0,6,10337,7049,0,0,2860,428,194691079,74732567,74654524,1444663,0,0,0,0
2026-05-07 14:00:00,10306,3207,72,64,6477,0,9,10306,7027,0,0,2857,422,194311070,74506229,74429186,1443653,0,0,0,0
2026-05-07 15:00:00,10321,3212,72,64,6479,0,8,10321,7037,0,0,2855,429,194580571,74737510,74660467,1443653,0,0,0,0
2026-05-07 16:00:00,10350,3222,72,64,6483,0,9,10350,7056,0,0,2865,429,195228050,75001711,74925068,1438313,0,0,0,0
2026-05-07 17:00:00,10336,3227,71,63,6493,0,8,10336,7038,0,0,2870,428,195196947,75085681,75009038,1434513,0,0,0,0
2026-05-07 18:00:00,10318,3227,71,63,6495,0,14,10318,7020,0,0,2870,428,195088924,75078582,75001939,1418303,0,0,0,0
2026-05-07 19:00:00,10334,3230,71,63,6501,0,16,10334,7033,0,0,2873,428,195053712,75053756,74977113,1418303,0,0,0,0
2026-05-07 20:00:00,10339,3232,71,63,6497,0,11,10339,7036,0,0,2875,428,195231459,75115057,75038314,1422423,0,0,0,0
2026-05-07 21:00:00,10322,3229,71,63,6498,0,27,10322,7022,0,0,2872,428,194823727,75040947,74964204,1424423,0,0,0,0
2026-05-07 22:00:00,10304,3222,70,62,6488,0,14,10304,7012,0,0,2865,427,194245525,74917597,74840854,1386423,0,0,0,0
2026-05-07 23:00:00,10307,3218,70,62,6482,0,8,10307,7019,0,0,2861,427,194197054,74884604,74807861,1396423,0,0,0,0
2026-05-08 00:00:00,10326,3224,69,61,6494,0,7,10326,7033,0,0,2866,427,194590412,74949643,74871600,1364633,0,0,0,0
2026-05-08 01:00:00,10355,3223,72,64,6488,0,13,10355,7061,0,0,2867,427,195059618,74977661,74899618,1453033,0,0,0,0
2026-05-08 02:00:00,10361,3224,72,64,6489,0,9,10361,7066,0,0,2868,427,195149715,74982901,74904858,1451043,0,0,0,0
2026-05-08 03:00:00,10364,3221,72,64,6491,0,14,10364,7070,0,0,2867,427,195094463,74950172,74872129,1451033,0,0,0,0
2026-05-08 04:00:00,10398,3230,72,64,6497,0,14,10398,7095,0,0,2876,427,195172711,75010071,74933028,1449033,0,0,0,0
2026-05-08 05:00:00,10384,3226,72,64,6501,0,23,10384,7085,0,0,2872,427,194965848,75004961,74927918,1450333,0,0,0,0
2026-05-08 06:00:00,10378,3219,72,64,6485,0,16,10378,7086,0,0,2865,427,194938994,74977321,74900278,1458333,0,0,0,0
2026-05-08 07:00:00,10368,3220,72,64,6487,0,7,10368,7075,0,0,2866,427,194636568,75035971,74958928,1458433,0,0,0,0
2026-05-08 08:00:00,10383,3224,72,64,6489,0,10,10383,7086,0,0,2870,427,195019202,75056701,74979658,1458233,0,0,0,0
2026-05-08 09:00:00,10383,3228,72,64,6489,0,11,10383,7082,0,0,2874,427,195074028,75134351,75057308,1458083,0,0,0,0
2026-05-08 10:00:00,10367,3222,72,64,6487,0,9,10367,7072,0,0,2868,427,194848517,75091060,75014067,1457883,0,0,0,0
2026-05-08 11:00:00,10371,3220,72,64,6485,0,8,10371,7078,0,0,2866,427,194909160,75091110,75014117,1457783,0,0,0,0
2026-05-08 12:00:00,10368,3221,72,64,6489,0,15,10368,7074,0,0,2867,427,194945304,75113659,75036666,1457783,0,0,0,0
2026-05-08 13:00:00,10367,3216,72,64,6486,0,18,10367,7074,0,0,2866,427,194720819,75035300,74958307,1456673,0,0,0,0
2026-05-08 14:00:00,10377,3225,72,64,6484,0,10,10377,7079,0,0,2871,427,194841850,75143719,75066726,1458693,0,0,0,0
2026-05-08 15:00:00,10374,3227,72,64,6475,0,5,10374,7074,0,0,2873,427,194648671,75115489,75038496,1459693,0,0,0,0
2026-05-08 16:00:00,10374,3228,72,64,6484,0,9,10374,7072,0,0,2875,427,194555216,75125727,75048734,1459493,0,0,0,0
2026-05-08 17:00:00,10364,3222,72,64,6481,0,13,10364,7068,0,0,2869,427,194710958,75127140,75050147,1459493,0,0,0,0
2026-05-08 18:00:00,10344,3221,72,64,6487,0,16,10344,7049,0,0,2868,427,194433190,75135762,75058769,1454503,0,0,0,0
2026-05-08 19:00:00,10344,3223,72,64,6459,0,5,10344,7047,0,0,2870,427,206592352,77102723,77023616,1452723,0,0,0,0
2026-05-08 20:00:00,10335,3221,72,64,6483,0,9,10335,7040,0,0,2868,427,194565585,75260098,75183105,1456503,0,0,0,0
2026-05-08 21:00:00,10379,3226,72,64,6488,0,9,10379,7079,0,0,2873,427,194702819,75144950,75067957,1457503,0,0,0,0
2026-05-08 22:00:00,10372,3225,71,63,6494,0,14,10372,7074,0,0,2871,427,194563132,75116450,75039457,1434512,0,0,0,0
2026-05-08 23:00:00,10369,3225,71,63,6492,0,31,10369,7071,0,0,2871,427,194511889,75097620,75020627,1434492,0,0,0,0
2026-05-09 00:00:00,10387,3229,71,63,6493,0,11,10387,7085,0,0,2875,427,194635231,75123000,75046007,1434392,0,0,0,0
2026-05-09 01:00:00,10397,3226,72,64,6496,0,12,10397,7097,0,0,2871,429,194948871,75160260,75083167,1457442,0,0,0,0
2026-05-09 02:00:00,10398,3229,72,64,6495,0,13,10398,7095,0,0,2874,429,194826449,75172958,75095875,1456532,0,0,0,0
2026-05-09 05:00:00,10391,3233,72,64,6317,0,10,10391,7084,0,0,2877,430,194812628,75153332,75076249,1454452,0,0,0,0
2026-05-09 06:00:00,10370,3217,71,63,6484,0,6,10370,7080,0,0,2868,422,194535092,74916412,74839329,1451052,0,0,0,0
2026-05-09 07:00:00,10365,3229,71,63,6484,0,10,10365,7063,0,0,2872,430,194549048,75177088,75100005,1450152,0,0,0,0
2026-05-09 08:00:00,10376,3232,72,64,6480,0,14,10376,7070,0,0,2874,432,194525521,74991320,74914237,1479542,0,0,0,0
2026-05-09 09:00:00,10388,3233,72,64,6478,0,13,10388,7081,0,0,2875,432,194605908,75021590,74944507,1476242,0,0,0,0
2026-05-09 10:00:00,10386,3232,72,64,6479,0,8,10386,7080,0,0,2874,432,194473430,74990981,74913898,1478842,0,0,0,0
2026-05-09 11:00:00,10347,3214,72,64,6282,0,5,10347,7059,0,0,2855,433,193049124,73676750,73599667,1478752,0,0,0,0
2026-05-09 12:00:00,10374,3223,71,63,6277,0,9,10374,7078,0,0,2863,433,193053079,73723770,73646687,1443452,0,0,0,0
2026-05-09 13:00:00,10354,3217,71,63,6285,0,11,10354,7064,0,0,2857,433,193207874,73832750,73755667,1443432,0,0,0,0
2026-05-09 14:00:00,10340,3218,70,62,6276,0,15,10340,7050,0,0,2857,433,193279147,73772883,73695800,1442362,0,0,0,0
2026-05-09 15:00:00,10347,3211,70,62,6278,0,13,10347,7060,0,0,2854,433,193353185,73777559,73700476,1443662,0,0,0,0
2026-05-09 16:00:00,10352,3215,70,62,6280,0,7,10352,7061,0,0,2858,433,193278899,73776540,73698457,1434682,0,0,0,0
2026-05-09 17:00:00,10384,3244,70,62,6464,0,11,10384,7064,0,0,2887,433,194748808,75178454,75100371,1435582,0,0,0,0
2026-05-09 18:00:00,10388,3237,70,62,6461,0,12,10388,7075,0,0,2880,433,194709209,75130015,75051932,1434892,0,0,0,0
2026-05-09 19:00:00,10379,3238,70,62,6463,0,13,10379,7065,0,0,2881,433,194680898,75164095,75086012,1434682,0,0,0,0
2026-05-09 20:00:00,10347,3235,70,62,6458,0,12,10347,7036,0,0,2877,434,194375427,75147246,75070163,1436682,0,0,0,0
2026-05-09 21:00:00,10363,3234,70,62,6461,0,11,10363,7053,0,0,2876,434,194593804,75147940,75070857,1437382,0,0,0,0
2026-05-09 22:00:00,10369,3235,70,62,6463,0,12,10369,7058,0,0,2877,434,194600707,75091544,75014461,1436382,0,0,0,0
2026-05-09 23:00:00,10364,3233,70,62,6463,0,7,10364,7055,0,0,2875,434,194606464,75148917,75071834,1436682,0,0,0,0
2026-05-10 00:00:00,10385,3240,69,61,6461,0,8,10385,7070,0,0,2880,435,194720340,75173077,75095994,1401779,0,0,0,0
2026-05-10 01:00:00,10403,3239,71,63,6464,0,15,10403,7087,0,0,2881,435,195373426,75227046,75149863,1475479,0,0,0,0
2026-05-10 02:00:00,10402,3239,71,63,6462,0,9,10402,7086,0,0,2881,435,195285546,75216675,75139492,1484479,0,0,0,0
2026-05-10 03:00:00,10390,3237,71,63,6459,0,15,10390,7076,0,0,2879,435,195243624,75224725,75147542,1484579,0,0,0,0
2026-05-10 04:00:00,10380,3236,70,62,6449,0,13,10380,7068,0,0,2877,435,194978222,75266513,75189330,1481879,0,0,0,0
2026-05-10 05:00:00,10377,3234,71,63,6451,0,15,10377,7066,0,0,2876,435,195032355,75218543,75141360,1455679,0,0,0,0
2026-05-10 06:00:00,10372,3223,71,63,6437,0,21,10372,7072,0,0,2870,430,195096491,75206793,75129610,1456679,0,0,0,0
2026-05-10 07:00:00,10363,3219,71,63,6440,0,16,10363,7067,0,0,2866,430,195081207,75189423,75112240,1457659,0,0,0,0
2026-05-10 08:00:00,10292,3166,71,63,6424,0,14,10292,7049,0,0,2813,430,191546356,72394249,72317066,1455679,0,0,0,0
2026-05-10 09:00:00,10268,3152,71,63,6416,0,12,10268,7039,0,0,2799,430,190627818,71804059,71726876,1456753,0,0,0,0
2026-05-10 10:00:00,10272,3156,71,63,6416,0,12,10272,7039,0,0,2803,430,190770960,71829039,71751856,1456553,0,0,0,0
2026-05-10 11:00:00,10274,3156,71,63,6415,0,13,10274,7041,0,0,2803,430,190801692,71819649,71742486,1456833,0,0,0,0
2026-05-10 12:00:00,10284,3163,71,63,6415,0,11,10284,7044,0,0,2810,430,190761002,71817949,71740786,1456833,0,0,0,0
2026-05-10 13:00:00,10281,3165,70,62,6418,0,22,10281,7040,0,0,2811,430,190810875,71819300,71742137,1422733,0,0,0,0
2026-05-10 14:00:00,10288,3171,70,62,6422,0,11,10288,7041,0,0,2817,430,190838030,71861320,71784157,1423643,0,0,0,0
2026-05-10 15:00:00,10291,3175,70,62,6422,0,14,10291,7040,0,0,2821,430,190965965,71912953,71836590,1423243,0,0,0,0
2026-05-10 16:00:00,10289,3176,70,62,6418,0,15,10289,7041,0,0,2818,430,191040296,71908101,71831638,1425333,0,0,0,0
2026-05-10 17:00:00,10276,3171,70,62,6422,0,13,10276,7033,0,0,2813,430,190938799,71920400,71843937,1425033,0,0,0,0
2026-05-10 18:00:00,10266,3169,70,62,6424,0,10,10266,7025,0,0,2811,430,191030275,71920254,71842791,1427733,0,0,0,0
2026-05-10 19:00:00,10264,3163,70,62,6423,0,6,10264,7029,0,0,2805,430,190900700,71841294,71763831,1427743,0,0,0,0
2026-05-10 20:00:00,10283,3181,70,62,6422,0,11,10283,7030,0,0,2823,430,190986051,71987621,71910158,1427703,0,0,0,0
2026-05-10 21:00:00,10276,3177,70,62,6423,0,25,10276,7027,0,0,2819,430,190883528,72015726,71938263,1427703,0,0,0,0
2026-05-10 22:00:00,10274,3177,70,62,6423,0,11,10274,7025,0,0,2819,430,191043899,72022665,71945202,1428803,0,0,0,0
2026-05-10 23:00:00,10379,3246,67,60,6425,0,10,10379,7063,0,0,2885,431,196790130,75830462,75753022,1387680,0,0,0,0
2026-05-11 00:00:00,10391,3252,68,61,6431,0,8,10391,7068,0,0,2892,431,196653555,75780670,75703230,1400760,0,0,0,0
2026-05-11 01:00:00,10420,3256,70,63,6432,0,12,10420,7091,0,0,2899,430,197140963,75697171,75619741,1477770,0,0,0,0
2026-05-11 02:00:00,10412,3255,70,63,6432,0,17,10412,7084,0,0,2898,430,197147004,75692721,75616291,1476760,0,0,0,0
2026-05-11 03:00:00,10403,3256,70,63,6436,0,12,10403,7074,0,0,2899,430,197185935,75698110,75621580,1477880,0,0,0,0
2026-05-11 04:00:00,10394,3253,70,63,6430,0,14,10394,7068,0,0,2897,429,196839900,75673328,75596798,1477970,0,0,0,0
2026-05-11 05:00:00,10410,3251,70,63,6430,0,20,10410,7086,0,0,2895,429,197024435,75666779,75590249,1476770,0,0,0,0
2026-05-11 06:00:00,10398,3254,70,63,6443,0,6,10398,7071,0,0,2897,430,195957487,75356284,75279754,1468690,0,0,0,0
2026-05-11 07:00:00,10404,3252,70,63,6444,0,14,10404,7079,0,0,2895,430,196102614,75379733,75303203,1467590,0,0,0,0
2026-05-11 08:00:00,10413,3256,70,63,6443,0,19,10413,7084,0,0,2899,430,196087640,75438203,75361673,1457880,0,0,0,0
2026-05-11 09:00:00,10417,3256,70,63,6443,0,11,10417,7088,0,0,2899,430,196185578,75381053,75303523,1451970,0,0,0,0
2026-05-11 10:00:00,10407,3255,70,63,6447,0,9,10407,7079,0,0,2898,430,196111633,75384313,75307783,1450970,0,0,0,0
2026-05-11 11:00:00,10409,3255,70,63,6445,0,14,10409,7082,0,0,2898,429,196137799,75372733,75295203,1451940,0,0,0,0
2026-05-11 12:00:00,10399,3253,70,63,6450,0,13,10399,7074,0,0,2896,429,196134680,75375988,75298458,1457950,0,0,0,0
2026-05-11 13:00:00,10400,3249,70,63,6444,0,20,10400,7073,0,0,2897,430,196255311,75287049,75209519,1457950,0,0,0,0
2026-05-11 14:00:00,10382,3247,70,63,6438,0,19,10382,7057,0,0,2895,430,196151291,75253110,75176580,1455750,0,0,0,0
2026-05-11 15:00:00,10411,3250,69,62,6452,0,15,10411,7085,0,0,2896,430,196071753,75247380,75170850,1429460,0,0,0,0
2026-05-11 16:00:00,10409,3253,69,62,6449,0,14,10409,7080,0,0,2899,430,196022531,75292960,75216430,1429460,0,0,0,0
2026-05-11 17:00:00,10401,3248,69,62,6448,0,57,10401,7076,0,0,2896,429,195921690,75193810,75117380,1429330,0,0,0,0
2026-05-11 18:00:00,10409,3252,70,62,6449,0,13,10409,7080,0,0,2901,428,196037995,75239886,75162419,1432367,0,0,0,0
2026-05-11 19:00:00,10385,3249,70,62,6453,0,17,10385,7060,0,0,2898,427,195889139,75238106,75160639,1434327,0,0,0,0
2026-05-11 20:00:00,10386,3248,69,62,6460,0,8,10386,7062,0,0,2899,425,195921547,75256899,75179469,1434190,0,0,0,0
2026-05-11 21:00:00,10383,3248,68,61,6460,0,18,10383,7059,0,0,2900,424,195853104,75253969,75176539,1429290,0,0,0,0
2026-05-11 22:00:00,10394,3252,69,62,6458,0,17,10394,7065,0,0,2903,426,195931814,75265176,75187746,1430500,0,0,0,0
2026-05-11 23:00:00,10411,3254,68,61,6463,0,19,10411,7082,0,0,2903,426,196153032,75278724,75201194,1386700,0,0,0,0
2026-05-12 00:00:00,10392,3250,68,61,6460,0,19,10392,7067,0,0,2902,423,195930403,75071864,74994334,1386700,0,0,0,0
2026-05-12 01:00:00,10421,3258,71,63,6464,0,34,10421,7085,0,0,2913,423,196318617,75077048,74999495,1455724,0,0,0,0
2026-05-12 02:00:00,10422,3255,71,63,6464,0,16,10422,7089,0,0,2910,423,196616563,75302768,75225215,1458974,0,0,0,0
2026-05-12 03:00:00,10421,3257,71,63,6460,0,15,10421,7087,0,0,2910,424,196515400,75360878,75283325,1460074,0,0,0,0
2026-05-12 04:00:00,10424,3258,71,63,6462,0,18,10424,7089,0,0,2909,426,196480788,75499698,75422145,1462074,0,0,0,0
2026-05-12 05:00:00,10427,3254,71,63,6460,0,20,10427,7095,0,0,2906,426,196431205,75447819,75370266,1461074,0,0,0,0
2026-05-12 06:00:00,10428,3255,71,63,6462,0,22,10428,7095,0,0,2907,426,196453583,75448848,75371295,1461372,0,0,0,0
2026-05-12 07:00:00,10431,3256,71,63,6460,0,17,10431,7098,0,0,2907,426,196642416,75465861,75389308,1462312,0,0,0,0
2026-05-12 08:00:00,10429,3252,71,63,6457,0,24,10429,7100,0,0,2904,425,196563755,75372570,75295817,1462512,0,0,0,0
2026-05-12 09:00:00,10429,3253,71,63,6460,0,20,10429,7098,0,0,2906,425,196559676,75407220,75330467,1460712,0,0,0,0
2026-05-12 10:00:00,10424,3257,71,63,6463,0,11,10424,7089,0,0,2909,426,196766822,75543599,75466846,1461612,0,0,0,0
2026-05-12 11:00:00,10426,3256,71,63,6460,0,15,10426,7093,0,0,2908,425,196778689,75593739,75516906,1461652,0,0,0,0
2026-05-12 12:00:00,10428,3256,71,63,6461,0,17,10428,7095,0,0,2908,425,196821618,75606149,75529316,1461632,0,0,0,0
2026-05-12 13:00:00,10423,3256,71,63,6460,0,15,10423,7089,0,0,2908,426,196902797,75642909,75566076,1461632,0,0,0,0
2026-05-12 14:00:00,10406,3244,71,63,6451,0,9,10406,7084,0,0,2896,426,196643194,75431627,75354794,1458582,0,0,0,0
2026-05-12 15:00:00,10401,3238,70,63,6451,0,8,10401,7086,0,0,2889,426,196569999,75388690,75311880,1458458,0,0,0,0
2026-05-12 16:00:00,10402,3242,71,63,6448,0,14,10402,7083,0,0,2893,426,196577970,75440153,75363320,1459481,0,0,0,0
2026-05-12 17:00:00,10398,3241,71,63,6449,0,10,10398,7079,0,0,2894,425,196528644,75466423,75389590,1459471,0,0,0,0
2026-05-12 18:00:00,10393,3241,70,62,6445,0,10,10393,7075,0,0,2894,424,196440603,75464220,75387387,1458171,0,0,0,0
2026-05-12 19:00:00,10396,3240,70,62,6443,0,24,10396,7080,0,0,2892,424,196341087,75440572,75363739,1428671,0,0,0,0
2026-05-12 20:00:00,10386,3238,69,61,6445,0,13,10386,7073,0,0,2891,422,196415329,75435032,75358199,1396671,0,0,0,0
2026-05-12 21:00:00,10392,3239,69,61,6447,0,17,10392,7077,0,0,2892,423,196443908,75364162,75287329,1395471,0,0,0,0
2026-05-12 22:00:00,9762,2603,68,60,5850,0,13,9762,7084,0,0,2252,426,188051222,66879153,66802330,1353461,0,0,0,0
2026-05-12 23:00:00,9761,2604,68,60,5845,0,11,9761,7083,0,0,2254,424,187937766,66943265,66866442,1353461,0,0,0,0
2026-05-13 00:00:00,9763,2603,67,59,5853,0,14,9763,7087,0,0,2252,424,188366801,67031285,66954462,1323401,0,0,0,0
2026-05-13 01:00:00,9783,2606,71,63,5856,0,14,9783,7099,0,0,2260,424,188939696,67082094,67005271,1464521,0,0,0,0
2026-05-13 02:00:00,9779,2603,71,63,5860,0,11,9779,7099,0,0,2256,424,188917093,67072554,66995731,1463641,0,0,0,0
2026-05-13 03:00:00,9774,2602,71,63,5859,0,11,9774,7095,0,0,2255,424,188890252,67074291,66997368,1463741,0,0,0,0
2026-05-13 04:00:00,9756,2590,71,63,5856,0,8,9756,7088,0,0,2245,423,188834285,67066342,66990419,1465711,0,0,0,0
2026-05-13 05:00:00,9766,2593,71,63,5857,0,6,9766,7095,0,0,2248,423,188915155,67099803,67023880,1463711,0,0,0,0
2026-05-13 06:00:00,9767,2592,70,62,5859,0,5,9767,7099,0,0,2245,423,188939650,67094403,67018480,1459311,0,0,0,0
2026-05-13 07:00:00,9773,2593,70,62,5866,0,5,9773,7104,0,0,2246,423,188950768,67106948,67031025,1460301,0,0,0,0
2026-05-13 08:00:00,9774,2595,71,63,5867,0,4,9774,7101,0,0,2250,423,188993323,67151713,67075690,1463701,0,0,0,0
2026-05-13 09:00:00,9780,2592,71,63,5870,0,5,9780,7110,0,0,2248,422,189062307,67097803,67021780,1461291,0,0,0,0
2026-05-13 10:00:00,9762,2589,70,62,5872,0,8,9762,7097,0,0,2243,422,188925453,67074253,66997230,1468681,0,0,0,0
2026-05-13 11:00:00,9769,2589,70,62,5874,0,9,9769,7104,0,0,2243,422,188951677,67051073,66974050,1469581,0,0,0,0
2026-05-13 12:00:00,9765,2586,71,63,5871,0,9,9765,7101,0,0,2242,422,188964255,67131083,67054060,1472881,0,0,0,0
2026-05-13 13:00:00,9731,2587,71,63,5861,0,12,9731,7066,0,0,2243,422,188868529,67106068,67029045,1473131,0,0,0,0
2026-05-13 14:00:00,9707,2591,71,63,5856,0,11,9707,7039,0,0,2246,422,188496363,67197935,67120912,1475591,0,0,0,0
2026-05-13 15:00:00,9760,2598,71,63,5859,0,13,9760,7085,0,0,2253,422,189152568,67262914,67185891,1474792,0,0,0,0
2026-05-13 16:00:00,9750,2597,71,63,5857,0,19,9750,7075,0,0,2256,419,189112460,67260584,67183461,1471492,0,0,0,0
2026-05-13 17:00:00,9765,2597,71,63,5857,0,15,9765,7090,0,0,2258,417,189115951,67223958,67146835,1472472,0,0,0,0
2026-05-13 18:00:00,9737,2582,71,63,5853,0,12,9737,7078,0,0,2252,407,188713481,67078250,67001127,1471672,0,0,0,0
2026-05-13 19:00:00,9735,2584,71,63,5843,0,14,9735,7074,0,0,2250,411,188629934,67092200,67015077,1471672,0,0,0,0
2026-05-13 20:00:00,9742,2591,71,63,5845,0,116,9742,7073,0,0,2256,413,188822783,67119234,67042211,1470172,0,0,0,0
2026-05-13 21:00:00,9770,2606,70,62,5854,0,15,9770,7087,0,0,2260,423,189132125,67294618,67217595,1424172,0,0,0,0
2026-05-13 22:00:00,9776,2606,70,62,5857,0,8,9776,7094,0,0,2260,422,189128202,67260036,67183013,1424472,0,0,0,0
2026-05-13 23:00:00,9778,2608,69,61,5858,0,11,9778,7095,0,0,2260,423,189110666,67291756,67214733,1388573,0,0,0,0
2026-05-14 00:00:00,9762,2606,67,59,5857,0,5,9762,7082,0,0,2258,422,189080658,67300237,67223214,1333513,0,0,0,0
2026-05-14 01:00:00,9778,2610,71,63,5856,0,15,9778,7090,0,0,2266,422,189629516,67492636,67415513,1477713,0,0,0,0
2026-05-14 02:00:00,9788,2611,71,63,5857,0,9,9788,7101,0,0,2265,422,189834215,67505797,67428673,1477714,0,0,0,0
2026-05-14 03:00:00,9783,2612,71,63,5867,0,11,9783,7095,0,0,2265,423,189749286,67521447,67444323,1487814,0,0,0,0
2026-05-14 04:00:00,9777,2609,71,63,5873,0,9,9777,7091,0,0,2263,423,189717455,67516637,67439513,1492824,0,0,0,0
2026-05-14 05:00:00,9781,2609,71,63,5879,0,9,9781,7095,0,0,2263,423,189916559,67540898,67463774,1493824,0,0,0,0
2026-05-14 06:00:00,9794,2606,71,63,5881,0,4,9794,7112,0,0,2259,423,189393715,67233678,67156654,1496724,0,0,0,0
2026-05-14 07:00:00,9793,2607,71,63,5883,0,4,9793,7110,0,0,2260,423,189397218,67220487,67143463,1497924,0,0,0,0
2026-05-14 08:00:00,9785,2609,70,62,5880,0,25,9785,7100,0,0,2262,423,189307840,67228267,67149233,1491334,0,0,0,0
2026-05-14 09:00:00,9785,2609,70,62,5880,0,13,9785,7100,0,0,2262,423,189426803,67261037,67182003,1491344,0,0,0,0
2026-05-14 10:00:00,9806,2614,71,63,5873,0,18,9806,7116,0,0,2267,423,189384978,67294527,67215493,1495944,0,0,0,0
2026-05-14 11:00:00,9767,2608,71,63,5868,0,13,9767,7083,0,0,2261,423,189330864,67322297,67243263,1496064,0,0,0,0
2026-05-14 12:00:00,9788,2613,71,63,5866,0,20,9788,7098,0,0,2267,423,189575888,67402669,67323635,1497964,0,0,0,0
2026-05-14 13:00:00,9848,2670,71,63,5886,0,12,9848,7101,0,0,2324,423,190621825,68331979,68252945,1489974,0,0,0,0
2026-05-14 14:00:00,9846,2665,71,63,5893,0,14,9846,7105,0,0,2318,423,190436548,68181585,68102451,1489064,0,0,0,0
2026-05-14 15:00:00,9857,2669,71,63,5897,0,17,9857,7112,0,0,2322,423,190621859,68254629,68175495,1490074,0,0,0,0
2026-05-14 16:00:00,9858,2667,71,63,5893,0,7,9858,7114,0,0,2321,423,190340352,68185564,68106431,1479963,0,0,0,0
2026-05-14 17:00:00,9848,2664,71,63,5891,0,4,9848,7107,0,0,2319,422,190222048,68049274,67970141,1480973,0,0,0,0
2026-05-14 18:00:00,9838,2654,71,63,5886,0,10,9838,7108,0,0,2319,411,190224748,68039650,67960517,1478773,0,0,0,0
2026-05-14 19:00:00,9824,2651,71,63,5880,0,136,9824,7097,0,0,2319,408,190081232,68012550,67933417,1477773,0,0,0,0
2026-05-14 20:00:00,9830,2654,70,62,5886,0,8,9830,7100,0,0,2319,411,190466239,68097560,68018407,1423793,0,0,0,0
2026-05-14 21:00:00,9834,2657,70,62,5891,0,4,9834,7101,0,0,2320,413,190530390,68106190,68027037,1423793,0,0,0,0
2026-05-14 22:00:00,9833,2658,70,62,5895,0,13,9833,7100,0,0,2320,413,190479271,68078590,67999437,1435803,0,0,0,0
2026-05-14 23:00:00,9829,2660,67,59,5896,0,11,9829,7097,0,0,2319,413,190510672,68072430,67994277,1321243,0,0,0,0
2026-05-15 00:00:00,9832,2659,66,58,5896,0,10,9832,7101,0,0,2318,413,190419213,68099250,68021097,1274243,0,0,0,0
2026-05-15 01:00:00,9843,2655,71,63,5900,0,10,9843,7111,0,0,2319,413,190788357,68032437,67954284,1478943,0,0,0,0
2026-05-15 02:00:00,9831,2656,71,63,5889,0,7,9831,7099,0,0,2319,413,190695341,68045684,67967531,1479003,0,0,0,0
2026-05-15 03:00:00,9819,2655,71,63,5890,0,12,9819,7088,0,0,2317,414,190761150,68160604,68081851,1480603,0,0,0,0
2026-05-15 04:00:00,9812,2658,71,63,5890,0,10,9812,7077,0,0,2321,414,190825639,68157017,68078264,1481003,0,0,0,0
2026-05-15 05:00:00,9814,2658,71,63,5889,0,7,9814,7079,0,0,2323,412,190679007,68134510,68055757,1482003,0,0,0,0
2026-05-15 06:00:00,9833,2658,71,63,5894,0,16,9833,7099,0,0,2320,414,190924033,68155921,68077168,1480003,0,0,0,0
2026-05-15 07:00:00,9816,2655,71,63,5891,0,38,9816,7085,0,0,2318,413,190896141,68157489,68078736,1480703,0,0,0,0
2026-05-15 08:00:00,9817,2656,71,63,5888,0,10,9817,7084,0,0,2320,413,190802374,68133851,68054698,1480893,0,0,0,0
2026-05-15 09:00:00,9827,2655,71,63,5891,0,13,9827,7095,0,0,2319,413,190788947,68151909,68072756,1490913,0,0,0,0
2026-05-15 10:00:00,9840,2654,71,63,5888,0,10,9840,7110,0,0,2316,414,191052188,68225002,68145149,1490603,0,0,0,0
2026-05-15 11:00:00,9833,2654,70,62,5893,0,10,9833,7104,0,0,2315,414,190921814,68253201,68173348,1486703,0,0,0,0
2026-05-15 12:00:00,9825,2647,71,63,5894,0,9,9825,7097,0,0,2316,412,190947584,68214041,68134188,1490303,0,0,0,0
2026-05-15 13:00:00,9818,2650,71,63,5888,0,12,9818,7087,0,0,2318,413,190957188,68254703,68174850,1489153,0,0,0,0
2026-05-15 14:00:00,9835,2657,69,61,5889,0,14,9835,7103,0,0,2319,413,191157962,68266106,68186253,1481453,0,0,0,0
2026-05-15 15:00:00,9828,2657,70,62,5889,0,6,9828,7095,0,0,2320,413,191142038,68298791,68218938,1485173,0,0,0,0
2026-05-15 16:00:00,9829,2655,70,62,5888,0,11,9829,7097,0,0,2319,413,191161716,68275860,68196007,1485873,0,0,0,0
2026-05-15 17:00:00,9823,2656,70,62,5891,0,8,9823,7090,0,0,2320,413,191288088,68316543,68236690,1485873,0,0,0,0
2026-05-15 18:00:00,9770,2613,70,62,5891,0,6,9770,7081,0,0,2276,413,188085382,66230168,66150315,1485893,0,0,0,0
2026-05-15 19:00:00,9817,2650,70,62,5702,0,17,9817,7091,0,0,2314,412,191147502,68267600,68187747,1475893,0,0,0,0
2026-05-15 20:00:00,9832,2661,70,62,5896,0,12,9832,7094,0,0,2326,412,191441739,68346683,68266830,1475873,0,0,0,0
2026-05-15 21:00:00,9828,2661,70,62,5894,0,9,9828,7090,0,0,2326,412,191282297,68329713,68249860,1474672,0,0,0,0
2026-05-15 22:00:00,9836,2661,70,62,5896,0,13,9836,7099,0,0,2325,412,191342205,68356439,68276586,1476672,0,0,0,0
2026-05-15 23:00:00,9848,2665,69,61,5896,0,15,9848,7108,0,0,2328,412,191443823,68356134,68277281,1432672,0,0,0,0
2026-05-16 00:00:00,9837,2657,69,61,5894,0,14,9837,7104,0,0,2322,411,191309449,68216768,68137915,1431732,0,0,0,0
2026-05-16 01:00:00,9847,2666,70,62,5895,0,20,9847,7104,0,0,2331,412,191646226,68198210,68119357,1475642,0,0,0,0
2026-05-16 02:00:00,9852,2668,70,62,5896,0,24,9852,7108,0,0,2332,412,191853687,68402575,68323722,1477622,0,0,0,0
2026-05-16 03:00:00,9859,2666,70,62,5907,0,14,9859,7117,0,0,2331,411,191959589,68416477,68337624,1479622,0,0,0,0
2026-05-16 04:00:00,9855,2667,70,62,5919,0,12,9855,7111,0,0,2333,411,191870189,68441613,68362760,1478412,0,0,0,0
2026-05-16 05:00:00,9843,2668,69,61,5915,0,15,9843,7099,0,0,2333,411,191743397,68469413,68390560,1465002,0,0,0,0
2026-05-16 06:00:00,9827,2665,69,61,5910,0,10,9827,7087,0,0,2329,411,191748461,68501243,68421370,1470922,0,0,0,0
2026-05-16 07:00:00,9837,2666,69,61,5904,0,12,9837,7096,0,0,2330,411,191634108,68490802,68410929,1481232,0,0,0,0
2026-05-16 08:00:00,9845,2669,70,62,5905,0,7,9845,7099,0,0,2335,411,191803589,68562784,68482911,1493492,0,0,0,0
2026-05-16 09:00:00,9835,2664,70,62,5907,0,7,9835,7094,0,0,2330,411,191614254,68574040,68494167,1471382,0,0,0,0
2026-05-16 10:00:00,9840,2666,70,62,5911,0,9,9840,7098,0,0,2331,411,191783614,68628950,68549077,1482182,0,0,0,0
2026-05-16 11:00:00,9849,2667,70,62,5912,0,12,9849,7106,0,0,2332,411,191936905,68654900,68576027,1480182,0,0,0,0
2026-05-16 12:00:00,9838,2667,70,62,5910,0,5,9838,7094,0,0,2332,412,191994612,68729880,68651007,1481982,0,0,0,0
2026-05-16 13:00:00,9807,2660,70,62,5904,0,10,9807,7070,0,0,2327,410,191747831,68693486,68614613,1472092,0,0,0,0
2026-05-16 14:00:00,9844,2664,70,62,5904,0,15,9844,7104,0,0,2332,408,192036822,68758555,68679682,1471092,0,0,0,0
2026-05-16 15:00:00,9829,2666,70,62,5900,0,7,9829,7087,0,0,2332,410,191898943,68828083,68749220,1470952,0,0,0,0
2026-05-16 16:00:00,9828,2668,70,62,5896,0,6,9828,7083,0,0,2335,410,191749731,68854402,68775539,1470952,0,0,0,0
2026-05-16 17:00:00,9838,2684,70,62,5892,0,9,9838,7077,0,0,2350,411,191601335,68873190,68794327,1470792,0,0,0,0
2026-05-16 18:00:00,9848,2685,69,61,5902,0,10,9848,7088,0,0,2348,412,191887234,68995326,68916363,1432892,0,0,0,0
2026-05-16 19:00:00,9836,2680,69,61,5900,0,7,9836,7081,0,0,2347,408,191784370,68953261,68873268,1437912,0,0,0,0
2026-05-16 20:00:00,9849,2687,69,61,5903,0,11,9849,7086,0,0,2345,418,191893351,69056202,68976209,1437822,0,0,0,0
2026-05-16 21:00:00,9840,2692,69,61,5907,0,17,9840,7072,0,0,2347,421,191836786,69073922,68993329,1438742,0,0,0,0
2026-05-16 22:00:00,9847,2693,69,61,5911,0,13,9847,7079,0,0,2347,421,191981824,69073471,68992878,1438732,0,0,0,0
2026-05-16 23:00:00,9849,2693,67,59,5925,0,13,9849,7083,0,0,2330,436,192186509,69125346,69044753,1358812,0,0,0,0
2026-05-17 00:00:00,9848,2693,66,58,5925,0,13,9848,7082,0,0,2330,436,192286799,69151286,69070693,1332813,0,0,0,0
2026-05-17 01:00:00,9866,2690,70,62,5925,0,8,9866,7099,0,0,2331,436,192791305,69221900,69141307,1488813,0,0,0,0
2026-05-17 02:00:00,9873,2692,70,62,5930,0,10,9873,7105,0,0,2332,436,192923623,69220368,69139775,1485613,0,0,0,0
2026-05-17 03:00:00,9867,2692,70,62,5931,0,15,9867,7099,0,0,2332,436,192851919,69217130,69136537,1485343,0,0,0,0
2026-05-17 04:00:00,9858,2690,70,62,5922,0,14,9858,7091,0,0,2331,436,192657538,69149621,69069028,1485343,0,0,0,0
2026-05-17 05:00:00,9866,2693,70,62,5922,0,20,9866,7096,0,0,2333,437,192915470,69192139,69111546,1485343,0,0,0,0
2026-05-17 06:00:00,9865,2689,70,62,5918,0,11,9865,7099,0,0,2330,436,193019728,69213791,69133198,1487243,0,0,0,0
2026-05-17 07:00:00,9865,2690,70,62,5923,0,14,9865,7098,0,0,2330,437,193055598,69284904,69204311,1487243,0,0,0,0
2026-05-17 08:00:00,9860,2688,70,62,5923,0,16,9860,7094,0,0,2329,437,192880393,69254766,69174173,1487243,0,0,0,0
2026-05-17 09:00:00,9864,2690,70,62,5931,0,12,9864,7096,0,0,2330,438,192989005,69268036,69187443,1486033,0,0,0,0
2026-05-17 10:00:00,9860,2691,70,62,5931,0,26,9860,7092,0,0,2330,438,192953193,69266686,69186093,1487803,0,0,0,0
2026-05-17 11:00:00,9865,2690,70,62,5932,0,24,9865,7098,0,0,2329,438,192978708,69254157,69173564,1486813,0,0,0,0
2026-05-17 12:00:00,9850,2689,70,62,5931,0,17,9850,7083,0,0,2329,438,192912066,69260688,69179795,1487303,0,0,0,0
2026-05-17 13:00:00,9857,2689,70,62,5926,0,8,9857,7090,0,0,2331,436,193068156,69278083,69197190,1487303,0,0,0,0
2026-05-17 14:00:00,9844,2686,70,62,5923,0,15,9844,7081,0,0,2325,438,192941079,69207113,69126220,1485293,0,0,0,0
2026-05-17 15:00:00,9821,2673,70,62,5909,0,13,9821,7071,0,0,2323,427,192596681,68980606,68899713,1485513,0,0,0,0
2026-05-17 16:00:00,9855,2690,70,62,5931,0,10,9855,7088,0,0,2329,438,193050731,69214224,69133331,1486513,0,0,0,0
2026-05-17 17:00:00,9851,2692,70,62,5928,0,11,9851,7082,0,0,2331,438,192959023,69232644,69151751,1485613,0,0,0,0
2026-05-17 18:00:00,9857,2690,70,62,5929,0,88,9857,7090,0,0,2329,438,193065473,69248284,69167391,1485613,0,0,0,0
2026-05-17 19:00:00,9855,2687,70,62,5929,0,12,9855,7091,0,0,2326,438,192961139,69239462,69158569,1484614,0,0,0,0
2026-05-17 20:00:00,9847,2689,69,61,5930,0,13,9847,7083,0,0,2327,437,193019804,69356025,69275132,1437614,0,0,0,0
2026-05-17 21:00:00,9845,2690,67,59,5933,0,12,9845,7082,0,0,2326,437,193059851,69420275,69339382,1389115,0,0,0,0
2026-05-17 22:00:00,9845,2692,67,59,5919,0,12,9845,7079,0,0,2329,437,205541786,70476404,70391406,1408301,0,0,0,0
2026-05-17 23:00:00,9851,2690,66,58,5917,0,22,9851,7088,0,0,2326,437,193150671,69426819,69345926,1326815,0,0,0,0
2026-05-18 00:00:00,9844,2690,66,58,5915,0,17,9844,7081,0,0,2326,437,193244640,69475969,69395076,1326825,0,0,0,0
2026-05-18 01:00:00,9860,2695,70,62,5915,0,16,9860,7089,0,0,2333,438,193773075,69572959,69492366,1478525,0,0,0,0
2026-05-18 02:00:00,9856,2688,70,62,5909,0,9,9856,7092,0,0,2328,436,193789411,69510589,69429996,1480535,0,0,0,0
2026-05-18 03:00:00,9863,2693,70,62,5913,0,8,9863,7093,0,0,2335,435,193821662,69570605,69490012,1485735,0,0,0,0
2026-05-18 04:00:00,9854,2694,70,62,5911,0,10,9854,7083,0,0,2335,436,193704259,69599601,69519238,1485495,0,0,0,0
2026-05-18 05:00:00,9866,2696,70,62,5913,0,9,9866,7094,0,0,2336,436,193908525,69627590,69547227,1486515,0,0,0,0
2026-05-18 06:00:00,9863,2695,70,62,5911,0,11,9863,7092,0,0,2335,436,193754042,69657108,69576745,1486515,0,0,0,0
2026-05-18 07:00:00,9857,2694,69,61,5910,0,10,9857,7087,0,0,2334,436,193824106,69685868,69605505,1483915,0,0,0,0
2026-05-18 08:00:00,9856,2694,70,62,5912,0,12,9856,7085,0,0,2334,437,193957286,69738381,69658018,1480315,0,0,0,0
2026-05-18 09:00:00,9845,2690,70,62,5909,0,10,9845,7078,0,0,2330,437,193738713,69533592,69453229,1481325,0,0,0,0
2026-05-18 10:00:00,9853,2696,70,62,5915,0,6,9853,7081,0,0,2335,437,193997695,69793410,69713047,1481325,0,0,0,0
2026-05-18 11:00:00,9849,2694,70,62,5915,0,9,9849,7079,0,0,2333,437,193965718,69797739,69717376,1480327,0,0,0,0
2026-05-18 12:00:00,9847,2696,70,62,5919,0,23,9847,7074,0,0,2336,437,193972605,69830759,69750396,1481327,0,0,0,0
2026-05-18 13:00:00,9860,2697,70,62,5924,0,37,9860,7086,0,0,2337,437,194128294,69946779,69866416,1473327,0,0,0,0
2026-05-18 14:00:00,9862,2694,70,62,5930,0,10,9862,7092,0,0,2333,437,193920842,69802628,69722265,1470317,0,0,0,0
2026-05-18 15:00:00,9868,2699,70,62,5934,0,12,9868,7093,0,0,2338,437,194166577,70005656,69925293,1462701,0,0,0,0
2026-05-18 16:00:00,9856,2700,70,62,5922,0,11,9856,7079,0,0,2340,437,194076769,70004047,69923684,1461701,0,0,0,0
2026-05-18 17:00:00,9854,2698,70,62,5930,0,8,9854,7079,0,0,2338,437,194032729,69975787,69895424,1461711,0,0,0,0
2026-05-18 18:00:00,9865,2699,70,62,5928,0,19,9865,7090,0,0,2339,436,194073931,70023691,69943338,1462711,0,0,0,0
2026-05-18 19:00:00,9856,2695,70,62,5927,0,7,9856,7085,0,0,2335,436,193953858,70016817,69936464,1464681,0,0,0,0
2026-05-18 20:00:00,9859,2702,69,61,5923,0,11,9859,7081,0,0,2342,436,193926906,70039556,69959203,1460880,0,0,0,0
2026-05-18 21:00:00,9864,2700,70,62,5924,0,10,9864,7087,0,0,2340,437,193737522,69992546,69912093,1464570,0,0,0,0
2026-05-18 22:00:00,9853,2699,69,61,5922,0,17,9853,7079,0,0,2337,437,193578155,70043845,69963392,1419730,0,0,0,0
2026-05-18 23:00:00,9863,2698,68,60,5922,0,10,9863,7091,0,0,2335,437,193845144,70092205,70011752,1384730,0,0,0,0
2026-05-19 00:00:00,9854,2701,65,57,5927,0,8,9854,7081,0,0,2336,437,193803298,70110705,70030252,1275830,0,0,0,0
2026-05-19 01:00:00,9876,2699,70,62,5929,0,9,9876,7100,0,0,2341,435,194230149,70090702,70010349,1455830,0,0,0,0
2026-05-19 02:00:00,9871,2696,70,62,5924,0,7,9871,7099,0,0,2337,435,194095128,70059082,69978729,1453730,0,0,0,0
2026-05-19 03:00:00,9857,2696,70,62,5917,0,8,9857,7085,0,0,2337,435,194048757,70054352,69973999,1453730,0,0,0,0
2026-05-19 04:00:00,9843,2694,70,62,5916,0,6,9843,7072,0,0,2336,435,194036169,70070711,69990358,1455730,0,0,0,0
2026-05-19 05:00:00,9856,2697,69,61,5925,0,16,9856,7083,0,0,2337,436,194121296,70090282,70008929,1453130,0,0,0,0
2026-05-19 06:00:00,9868,2698,69,61,5928,0,10,9868,7095,0,0,2337,436,194195096,70106805,70025452,1437930,0,0,0,0
2026-05-19 07:00:00,9872,2699,70,62,5930,0,19,9872,7097,0,0,2339,436,194144767,70101855,70020502,1430920,0,0,0,0
2026-05-19 08:00:00,9861,2695,70,62,5928,0,11,9861,7089,0,0,2336,436,194002806,70068745,69987392,1426520,0,0,0,0
2026-05-19 09:00:00,9861,2695,70,62,5928,0,13,9861,7089,0,0,2336,436,194014716,70121556,70040203,1426520,0,0,0,0
2026-05-19 10:00:00,9868,2696,70,62,5936,0,10,9868,7096,0,0,2336,436,194030779,70160757,70079304,1427410,0,0,0,0
2026-05-19 11:00:00,9868,2698,70,62,5938,0,11,9868,7094,0,0,2338,436,193981131,70105516,70024063,1427380,0,0,0,0
2026-05-19 12:00:00,9856,2697,70,62,5939,0,11,9856,7082,0,0,2338,436,193907188,70096066,70014613,1426380,0,0,0,0
2026-05-19 13:00:00,9856,2696,71,62,5940,0,13,9856,7083,0,0,2336,437,193746746,70013951,69932598,1426280,0,0,0,0
2026-05-19 14:00:00,9859,2699,70,62,5949,0,14,9859,7084,0,0,2338,437,193804222,70052481,69970928,1425580,0,0,0,0
2026-05-19 15:00:00,9858,2698,70,62,5952,0,11,9858,7084,0,0,2337,437,193650135,70044081,69963028,1425090,0,0,0,0
2026-05-19 16:00:00,9855,2696,72,63,5949,0,9,9855,7081,0,0,2337,437,193622245,70014419,69915366,1473090,0,0,0,0
2026-05-19 17:00:00,9852,2697,72,64,5945,0,6,9852,7076,0,0,2339,437,193461694,69964821,69883668,1472300,0,0,0,0
2026-05-19 18:00:00,9858,2696,72,64,5945,0,10,9858,7084,0,0,2337,437,193592018,69966047,69884894,1472300,0,0,0,0
2026-05-19 19:00:00,9847,2694,72,64,5944,0,7,9847,7075,0,0,2335,437,193547546,69920851,69839698,1482410,0,0,0,0
2026-05-19 20:00:00,9851,2693,72,64,5943,0,9,9851,7080,0,0,2334,437,193718990,69966184,69885031,1483510,0,0,0,0
2026-05-19 21:00:00,9839,2691,73,65,5945,0,6,9839,7069,0,0,2333,437,193591203,69933334,69852171,1520921,0,0,0,0
2026-05-19 22:00:00,9823,2685,72,64,5944,0,8,9823,7060,0,0,2325,438,193360146,69766934,69684671,1483020,0,0,0,0
2026-05-19 23:00:00,9821,2694,71,63,5927,0,12,9821,7050,0,0,2332,439,193579898,69968304,69887241,1446820,0,0,0,0
2026-05-20 00:00:00,9818,2693,69,61,5928,0,12,9818,7049,0,0,2330,439,193609295,69912837,69831774,1382821,0,0,0,0
2026-05-20 01:00:00,9843,2698,73,65,5929,0,17,9843,7065,0,0,2339,439,193928955,69932691,69851628,1548831,0,0,0,0
2026-05-20 02:00:00,9837,2696,73,65,5930,0,17,9837,7062,0,0,2336,439,193845372,69932841,69851778,1552831,0,0,0,0
2026-05-20 03:00:00,9847,2698,73,65,5939,0,20,9847,7070,0,0,2338,439,193947703,69973372,69892309,1553831,0,0,0,0
2026-05-20 04:00:00,9834,2697,73,65,5937,0,13,9834,7057,0,0,2338,439,193877920,69977752,69896689,1554881,0,0,0,0
2026-05-20 05:00:00,9839,2696,73,65,5938,0,14,9839,7063,0,0,2338,438,194006678,70022861,69941798,1552552,0,0,0,0
2026-05-20 06:00:00,9828,2695,73,65,5936,0,17,9828,7054,0,0,2336,438,193731928,69968082,69887019,1552362,0,0,0,0
2026-05-20 07:00:00,9839,2698,73,65,5933,0,17,9839,7062,0,0,2339,438,193886076,70028632,69947669,1552262,0,0,0,0
2026-05-20 08:00:00,9831,2698,73,65,5933,0,19,9831,7053,0,0,2339,439,193922907,70013932,69932969,1552262,0,0,0,0
2026-05-20 09:00:00,9831,2696,73,65,5933,0,16,9831,7055,0,0,2337,439,193781916,69945322,69864359,1551262,0,0,0,0
2026-05-20 10:00:00,9828,2696,73,65,5937,0,19,9828,7053,0,0,2336,439,193296349,69801171,69720208,1550062,0,0,0,0
2026-05-20 11:00:00,9837,2699,73,65,5936,0,19,9837,7058,0,0,2340,439,193482205,69856910,69775947,1552058,0,0,0,0
2026-05-20 12:00:00,9847,2699,73,65,5936,0,18,9847,7067,0,0,2341,439,193495191,69839313,69758350,1556068,0,0,0,0
2026-05-20 13:00:00,9837,2697,73,65,5938,0,13,9837,7059,0,0,2338,440,193412594,69806022,69725059,1556068,0,0,0,0
2026-05-20 14:00:00,9827,2698,72,64,5934,0,19,9827,7050,0,0,2336,441,193160165,69791393,69710430,1531068,0,0,0,0
2026-05-20 15:00:00,9823,2696,74,64,5934,0,14,9823,7048,0,0,2335,440,193096555,69789273,69708308,1531070,0,0,0,0
2026-05-20 16:00:00,9811,2696,74,64,5934,0,15,9811,7035,0,0,2336,440,193157758,69774242,69693277,1530070,0,0,0,0
2026-05-20 17:00:00,9818,2697,74,64,5937,0,13,9818,7041,0,0,2335,442,193223900,69841112,69760147,1528070,0,0,0,0
2026-05-20 18:00:00,9797,2700,74,64,5936,0,9,9797,7018,0,0,2336,443,192998234,69861042,69780077,1527870,0,0,0,0
2026-05-20 19:00:00,9837,2704,74,64,5942,0,10,9837,7054,0,0,2341,442,193175911,69946123,69865158,1521970,0,0,0,0
2026-05-20 20:00:00,9835,2703,73,64,5943,0,15,9835,7052,0,0,2342,441,193139591,69960122,69879597,1522529,0,0,0,0
2026-05-20 21:00:00,9820,2688,74,66,5944,0,12,9820,7050,0,0,2330,440,192919552,69796092,69715129,1523083,0,0,0,0
2026-05-20 22:00:00,9809,2686,73,65,5944,0,11,9809,7044,0,0,2325,440,192704649,69757412,69676449,1479083,0,0,0,0
2026-05-20 23:00:00,9826,2685,73,65,5944,0,70,9826,7061,0,0,2325,440,192899704,69771082,69690119,1479083,0,0,0,0
2026-05-21 00:00:00,9825,2683,72,64,5948,0,13,9825,7062,0,0,2323,440,192735782,69684183,69603220,1434283,0,0,0,0
2026-05-21 01:00:00,9837,2683,75,67,5953,0,18,9837,7071,0,0,2327,439,193202487,69694362,69613399,1552283,0,0,0,0
2026-05-21 02:00:00,9832,2685,75,67,5953,0,15,9832,7065,0,0,2328,439,192988740,69679792,69598929,1552143,0,0,0,0
2026-05-21 03:00:00,9830,2681,75,67,5953,0,14,9830,7067,0,0,2324,439,192837355,69588330,69507767,1548003,0,0,0,0
2026-05-21 04:00:00,9823,2679,75,67,5949,0,13,9823,7061,0,0,2323,439,192759767,69611920,69532357,1548004,0,0,0,0
2026-05-21 05:00:00,9826,2680,75,67,5949,0,11,9826,7063,0,0,2324,439,192775669,69606330,69526767,1548904,0,0,0,0
2026-05-21 06:00:00,9817,2683,75,67,5950,0,10,9817,7052,0,0,2326,439,192655917,69624620,69545057,1552414,0,0,0,0
2026-05-21 07:00:00,9825,2683,75,67,5952,0,6,9825,7060,0,0,2326,439,192726749,69637480,69557917,1552513,0,0,0,0
2026-05-21 08:00:00,9820,2684,75,67,5953,0,12,9820,7053,0,0,2328,439,192637278,69654930,69577467,1551573,0,0,0,0
2026-05-21 09:00:00,9819,2682,75,67,5958,0,10,9819,7054,0,0,2326,439,192486362,69661850,69584387,1539093,0,0,0,0
2026-05-21 10:00:00,9817,2684,75,67,5961,0,13,9817,7051,0,0,2327,439,192488928,69672680,69595217,1548993,0,0,0,0
2026-05-21 11:00:00,9825,2684,75,67,5961,0,13,9825,7059,0,0,2326,440,192527468,69692976,69615513,1551002,0,0,0,0
2026-05-21 12:00:00,9831,2684,75,67,5966,0,12,9831,7065,0,0,2326,440,192362300,69724806,69646043,1554302,0,0,0,0
2026-05-21 13:00:00,9841,2683,75,67,5970,0,16,9841,7076,0,0,2325,440,192304982,69670671,69591908,1558102,0,0,0,0
2026-05-21 14:00:00,9833,2680,75,67,5964,0,9,9833,7072,0,0,2323,438,192285652,69626610,69547947,1557802,0,0,0,0
2026-05-21 15:00:00,9850,2697,75,67,5970,0,18,9850,7071,0,0,2339,440,192365805,69635043,69556380,1558802,0,0,0,0
2026-05-21 16:00:00,9849,2697,75,67,5970,0,20,9849,7069,0,0,2340,440,192518999,69820071,69741308,1557902,0,0,0,0
2026-05-21 17:00:00,9851,2709,75,67,5968,0,38,9851,7059,0,0,2355,437,192417883,69789879,69711116,1559002,0,0,0,0
2026-05-21 18:00:00,9870,2710,75,67,5972,0,35,9870,7078,0,0,2355,437,192708471,69980689,69901926,1558002,0,0,0,0
2026-05-21 19:00:00,9879,2728,75,67,5971,0,12,9879,7070,0,0,2370,439,192847039,70197139,70118376,1548002,0,0,0,0
2026-05-21 20:00:00,9871,2731,75,67,5970,0,14,9871,7058,0,0,2374,439,192870422,70287863,70209100,1559101,0,0,0,0
2026-05-21 21:00:00,9871,2729,75,67,5973,0,11,9871,7060,0,0,2372,439,192767120,70275805,70197042,1556091,0,0,0,0
2026-05-21 22:00:00,9885,2729,77,69,5971,0,16,9885,7073,0,0,2373,439,192877447,70251599,70172836,1581192,0,0,0,0
2026-05-21 23:00:00,9877,2730,76,68,5976,0,9,9877,7065,0,0,2373,439,192986469,70316452,70237689,1536193,0,0,0,0
2026-05-22 00:00:00,9878,2730,75,67,5977,0,13,9878,7066,0,0,2373,439,192911296,70292972,70214219,1509682,0,0,0,0
2026-05-22 01:00:00,9896,2724,77,69,5972,0,11,9896,7088,0,0,2368,440,193316508,70318682,70239929,1597684,0,0,0,0
2026-05-22 02:00:00,9894,2725,76,68,5973,0,10,9894,7087,0,0,2367,440,193341963,70329562,70249809,1594705,0,0,0,0
2026-05-22 03:00:00,9880,2724,77,69,5973,0,9,9880,7073,0,0,2367,440,193347400,70341532,70261779,1599165,0,0,0,0
2026-05-22 04:00:00,9870,2727,77,69,5971,0,4,9870,7059,0,0,2371,440,193302356,70371371,70291618,1599165,0,0,0,0
2026-05-22 05:00:00,9875,2723,77,69,5972,0,4,9875,7068,0,0,2367,440,193219813,70362541,70282988,1598865,0,0,0,0
2026-05-22 06:00:00,9891,2730,77,69,5973,0,3,9891,7078,0,0,2373,440,193420895,70388620,70309067,1620191,0,0,0,0
2026-05-22 07:00:00,9894,2729,77,69,5977,0,9,9894,7082,0,0,2372,440,193443480,70381130,70301577,1620191,0,0,0,0
2026-05-22 08:00:00,9889,2731,77,69,5977,0,10,9889,7074,0,0,2374,441,193483487,70431460,70351907,1616191,0,0,0,0
2026-05-22 09:00:00,9875,2722,76,68,5983,0,23,9875,7070,0,0,2374,431,193263454,70294750,70215197,1612281,0,0,0,0
2026-05-22 10:00:00,9872,2720,76,68,5978,0,15,9872,7069,0,0,2372,431,193175100,70278098,70198545,1612281,0,0,0,0
2026-05-22 11:00:00,9863,2719,76,68,5977,0,15,9863,7062,0,0,2371,430,193171826,70273482,70193929,1611271,0,0,0,0
2026-05-22 12:00:00,9855,2716,76,68,5981,0,21,9855,7058,0,0,2367,430,193119662,70262152,70182599,1602271,0,0,0,0
2026-05-22 13:00:00,9844,2704,76,68,5966,0,18,9844,7057,0,0,2359,428,192917904,70050425,69970872,1601111,0,0,0,0
2026-05-22 14:00:00,9854,2702,75,67,5966,0,16,9854,7070,0,0,2358,426,192895993,70019145,69939592,1523131,0,0,0,0
2026-05-22 15:00:00,9863,2713,75,67,5963,0,16,9863,7069,0,0,2361,433,192753050,70103315,70023662,1524321,0,0,0,0
2026-05-22 16:00:00,9866,2720,75,67,5962,0,23,9866,7065,0,0,2365,436,192829014,70169174,70089531,1526631,0,0,0,0
2026-05-22 17:00:00,9868,2716,75,67,5964,0,17,9868,7070,0,0,2364,434,193036374,70144907,70065264,1527631,0,0,0,0
2026-05-22 18:00:00,9859,2718,74,66,5961,0,13,9859,7060,0,0,2364,435,192678694,70177887,70098244,1494638,0,0,0,0
2026-05-22 19:00:00,9855,2720,74,66,5962,0,12,9855,7055,0,0,2365,435,192438328,70176848,70097205,1494238,0,0,0,0
2026-05-22 20:00:00,9847,2719,72,64,5965,0,8,9847,7050,0,0,2360,437,192441998,70177808,70098165,1447132,0,0,0,0
2026-05-22 21:00:00,9827,2721,68,60,5958,0,9,9827,7031,0,0,2359,437,192070060,70149367,70069724,1300132,0,0,0,0
2026-05-22 22:00:00,9829,2720,68,60,5963,0,10,9829,7034,0,0,2357,438,192198168,70136300,70056657,1299922,0,0,0,0
2026-05-22 23:00:00,9832,2721,67,59,5969,0,9,9832,7038,0,0,2356,438,192375014,70150811,70071168,1261922,0,0,0,0
2026-05-23 00:00:00,9828,2719,66,58,5971,0,12,9828,7037,0,0,2353,438,192481269,70115800,70036157,1227932,0,0,0,0
2026-05-23 01:00:00,9855,2719,73,65,5972,0,8,9855,7057,0,0,2359,439,193117198,70053540,69974897,1569822,0,0,0,0
2026-05-23 02:00:00,9860,2722,74,66,5977,0,10,9860,7058,0,0,2363,439,193109023,70063380,69984737,1581912,0,0,0,0
2026-05-23 03:00:00,9849,2721,74,66,5981,0,8,9849,7049,0,0,2361,439,193056812,70048595,69969952,1581712,0,0,0,0
2026-05-23 04:00:00,9844,2723,74,66,5984,0,15,9844,7042,0,0,2363,439,193057237,70081906,70003263,1583752,0,0,0,0
2026-05-23 05:00:00,9853,2723,74,66,5984,0,8,9853,7050,0,0,2364,439,193000066,70090516,70011873,1574752,0,0,0,0
2026-05-23 06:00:00,9852,2722,74,66,5984,0,11,9852,7050,0,0,2363,439,192779774,70029813,69951170,1526432,0,0,0,0
2026-05-23 07:00:00,9852,2722,74,66,5983,0,8,9852,7051,0,0,2362,439,192910761,69994013,69915370,1528442,0,0,0,0
2026-05-23 08:00:00,9848,2722,74,66,5983,0,20,9848,7047,0,0,2362,439,192821166,69997103,69918560,1528342,0,0,0,0
2026-05-23 09:00:00,9837,2721,74,66,5983,0,16,9837,7036,0,0,2363,438,192832039,69972600,69894057,1525352,0,0,0,0
2026-05-23 10:00:00,9840,2721,73,65,5984,0,14,9840,7040,0,0,2362,438,192839434,70026509,69947966,1522252,0,0,0,0
2026-05-23 11:00:00,9841,2722,74,66,5990,0,14,9841,7040,0,0,2363,438,192843099,70009826,69931283,1526452,0,0,0,0
2026-05-23 12:00:00,9841,2721,74,66,5990,0,12,9841,7041,0,0,2362,438,192848628,70017404,69938861,1524462,0,0,0,0
2026-05-23 13:00:00,9831,2719,74,66,5986,0,14,9831,7032,0,0,2361,438,192558634,69882340,69803797,1516042,0,0,0,0
2026-05-23 14:00:00,9840,2718,74,66,5987,0,9,9840,7042,0,0,2360,438,192674193,69900756,69821213,1520340,0,0,0,0
2026-05-23 15:00:00,9840,2726,74,66,5988,0,8,9840,7035,0,0,2366,439,192665270,69962696,69883093,1519400,0,0,0,0
2026-05-23 16:00:00,9831,2720,74,66,5991,0,9,9831,7032,0,0,2361,438,192424872,69878936,69799233,1519500,0,0,0,0
2026-05-23 17:00:00,9828,2720,74,66,5990,0,14,9828,7028,0,0,2361,439,192400178,69915566,69835863,1521510,0,0,0,0
2026-05-23 18:00:00,9823,2718,74,66,5989,0,7,9823,7026,0,0,2358,439,192550148,69873279,69793576,1521516,0,0,0,0
2026-05-23 19:00:00,9824,2717,74,66,5987,0,9,9824,7028,0,0,2357,439,192545081,69874800,69795097,1523516,0,0,0,0
2026-05-23 20:00:00,9820,2718,73,65,5996,0,15,9820,7024,0,0,2357,439,192537965,69837469,69757766,1480516,0,0,0,0
2026-05-23 21:00:00,9820,2718,70,62,5997,0,11,9820,7027,0,0,2352,441,192352725,69870717,69791014,1355507,0,0,0,0
2026-05-23 22:00:00,9839,2717,70,62,6001,0,10,9839,7046,0,0,2352,441,192509573,69795288,69715585,1365257,0,0,0,0
2026-05-23 23:00:00,9844,2721,68,60,6006,0,18,9844,7049,0,0,2354,441,192678089,69806683,69726980,1290257,0,0,0,0
2026-05-24 00:00:00,9837,2720,68,60,6007,0,12,9837,7044,0,0,2352,441,192766130,69826254,69746551,1290578,0,0,0,0
2026-05-24 01:00:00,9854,2721,74,66,6008,0,11,9854,7054,0,0,2358,442,193202944,69795285,69715582,1534348,0,0,0,0
2026-05-24 02:00:00,9849,2719,74,66,6011,0,15,9849,7051,0,0,2356,442,193143292,69799987,69720284,1534358,0,0,0,0
2026-05-24 03:00:00,9852,2718,74,66,6013,0,14,9852,7054,0,0,2356,442,193204560,69763887,69684184,1535358,0,0,0,0
2026-05-24 04:00:00,9831,2713,73,65,6019,0,11,9831,7040,0,0,2349,442,193030878,69684747,69604044,1526558,0,0,0,0
2026-05-24 05:00:00,9841,2717,73,65,6020,0,15,9841,7046,0,0,2353,442,193172518,69752827,69672124,1525558,0,0,0,0
2026-05-24 06:00:00,9846,2716,73,65,6018,0,13,9846,7051,0,0,2353,442,193128623,69742316,69661613,1532258,0,0,0,0
2026-05-24 07:00:00,9841,2714,73,65,6015,0,14,9841,7049,0,0,2350,442,193250537,69751581,69670878,1533258,0,0,0,0
2026-05-24 08:00:00,9848,2717,74,66,6017,0,13,9848,7052,0,0,2355,441,193349688,69703811,69624108,1537858,0,0,0,0
2026-05-24 09:00:00,9842,2716,74,66,6016,0,14,9842,7047,0,0,2354,441,193253294,69744052,69664349,1536858,0,0,0,0
2026-05-24 10:00:00,9815,2711,74,66,6017,0,5,9815,7024,0,0,2350,441,193015760,69723571,69643868,1537848,0,0,0,0
2026-05-24 11:00:00,9839,2716,74,66,6017,0,6,9839,7043,0,0,2355,441,192997437,69742062,69662359,1538548,0,0,0,0
2026-05-24 12:00:00,9840,2717,74,66,6017,0,24,9840,7044,0,0,2355,441,193088833,69774310,69694607,1538548,0,0,0,0
2026-05-24 13:00:00,9833,2711,74,66,6016,0,15,9833,7039,0,0,2353,441,193114002,69690396,69610593,1545668,0,0,0,0
2026-05-24 14:00:00,9827,2709,74,66,6017,0,10,9827,7034,0,0,2352,441,193036595,69672596,69591793,1546468,0,0,0,0
2026-05-24 15:00:00,9831,2711,74,66,6018,0,10,9831,7036,0,0,2354,441,192985858,69660726,69579923,1546468,0,0,0,0
2026-05-24 16:00:00,9828,2718,74,66,6018,0,16,9828,7031,0,0,2357,440,192713015,69643457,69562654,1547568,0,0,0,0
2026-05-24 17:00:00,9801,2708,73,65,6007,0,12,9801,7012,0,0,2349,440,192400808,69551298,69470495,1519569,0,0,0,0
2026-05-24 18:00:00,9808,2705,73,65,6006,0,16,9808,7020,0,0,2348,440,192514870,69528078,69447275,1517769,0,0,0,0
2026-05-24 19:00:00,9817,2708,73,65,6004,0,8,9817,7029,0,0,2348,440,192504389,69548316,69468513,1516769,0,0,0,0
2026-05-24 20:00:00,9803,2705,73,65,6011,0,12,9803,7016,0,0,2347,440,192698594,69543976,69464173,1511739,0,0,0,0
2026-05-24 21:00:00,9798,2710,73,65,6014,0,14,9798,7006,0,0,2353,439,192563055,69558543,69478740,1512739,0,0,0,0
2026-05-24 22:00:00,9818,2712,73,65,6018,0,13,9818,7023,0,0,2355,440,192886214,69621540,69541737,1512849,0,0,0,0
2026-05-24 23:00:00,9830,2715,72,64,6019,0,10,9830,7033,0,0,2356,441,193191727,69604252,69524449,1504749,0,0,0,0
2026-05-25 00:00:00,9820,2714,67,59,6023,0,10,9820,7031,0,0,2348,441,192975852,69625039,69545236,1281869,0,0,0,0
2026-05-25 01:00:00,9846,2717,73,65,6022,0,15,9846,7047,0,0,2357,442,193507632,69672939,69593136,1508879,0,0,0,0
2026-05-25 02:00:00,9836,2706,73,65,6017,0,11,9836,7047,0,0,2347,442,193290729,69496375,69416572,1508579,0,0,0,0
2026-05-25 03:00:00,9818,2695,73,65,6009,0,23,9818,7040,0,0,2337,441,193132845,69392206,69312403,1508589,0,0,0,0
2026-05-25 04:00:00,9819,2710,73,65,6011,0,13,9819,7027,0,0,2349,443,193034694,69509518,69429915,1506499,0,0,0,0
2026-05-25 05:00:00,9831,2704,73,65,6008,0,6,9831,7045,0,0,2344,442,193263700,69458060,69378457,1507509,0,0,0,0
2026-05-25 06:00:00,9830,2705,73,65,6002,0,10,9830,7042,0,0,2346,442,193027193,69472946,69392343,1508509,0,0,0,0
2026-05-25 07:00:00,9829,2700,73,65,6000,0,35,9829,7046,0,0,2341,442,192888562,69421193,69340490,1508629,0,0,0,0
2026-05-25 08:00:00,9817,2699,73,65,5996,0,22,9817,7036,0,0,2339,442,192698435,69386823,69306120,1523929,0,0,0,0
2026-05-25 09:00:00,9825,2712,73,65,5997,0,14,9825,7031,0,0,2352,442,192785003,69480913,69400210,1522929,0,0,0,0
2026-05-25 10:00:00,9831,2712,73,65,5994,0,17,9831,7036,0,0,2353,442,192889638,69467690,69386987,1524899,0,0,0,0
2026-05-25 11:00:00,9815,2701,73,65,5991,0,24,9815,7032,0,0,2351,432,192492289,69331918,69251215,1514796,0,0,0,0
2026-05-25 12:00:00,9833,2713,73,65,5991,0,16,9833,7038,0,0,2355,440,192643260,69414262,69333569,1515086,0,0,0,0
2026-05-25 13:00:00,9830,2717,73,65,5990,0,14,9830,7035,0,0,2355,440,192765354,69488396,69407703,1514986,0,0,0,0
2026-05-25 14:00:00,9832,2717,73,65,5983,0,17,9832,7037,0,0,2355,440,192469306,69512107,69431404,1513976,0,0,0,0
2026-05-25 15:00:00,9842,2718,73,65,5986,0,11,9842,7045,0,0,2356,441,192696425,69494955,69414252,1513976,0,0,0,0
2026-05-25 16:00:00,9837,2716,73,65,5988,0,12,9837,7043,0,0,2352,442,192688345,69453125,69372422,1513976,0,0,0,0
2026-05-25 17:00:00,9835,2719,73,65,5991,0,13,9835,7038,0,0,2355,442,192851236,69563786,69483083,1513976,0,0,0,0
2026-05-25 18:00:00,9820,2716,73,65,5990,0,8,9820,7026,0,0,2352,442,192729485,69531156,69450453,1513976,0,0,0,0
2026-05-25 19:00:00,9814,2716,73,65,5982,0,9,9814,7019,0,0,2353,442,192579248,69531076,69450323,1513035,0,0,0,0
2026-05-25 20:00:00,9817,2718,72,64,5981,0,10,9817,7021,0,0,2353,443,192548858,69575478,69494725,1475035,0,0,0,0
2026-05-25 21:00:00,9819,2718,72,64,5987,0,19,9819,7025,0,0,2351,443,192490099,69563479,69480826,1480035,0,0,0,0
2026-05-25 22:00:00,9823,2719,70,62,5993,0,22,9823,7029,0,0,2351,443,192416368,69570649,69487996,1402004,0,0,0,0
2026-05-25 23:00:00,9827,2722,69,61,5996,0,16,9827,7030,0,0,2354,443,192593842,69519785,69437132,1359704,0,0,0,0
2026-05-26 00:00:00,9828,2728,68,60,5986,0,19,9828,7026,0,0,2359,443,192516962,69526053,69443400,1317694,0,0,0,0
2026-05-26 01:00:00,9835,2724,73,65,5980,0,34,9835,7033,0,0,2358,444,192860806,69444275,69361622,1518694,0,0,0,0
2026-05-26 02:00:00,9836,2741,73,65,5978,0,26,9836,7017,0,0,2375,444,192246464,69409984,69327131,1519894,0,0,0,0
2026-05-26 03:00:00,9841,2737,73,65,5975,0,22,9841,7025,0,0,2372,444,192364326,69412982,69330129,1518894,0,0,0,0
2026-05-26 04:00:00,9827,2733,73,65,5969,0,17,9827,7015,0,0,2369,443,191981437,69264688,69181835,1512894,0,0,0,0
2026-05-26 05:00:00,9830,2739,73,65,5971,0,25,9830,7014,0,0,2372,444,192090558,69359700,69276847,1511994,0,0,0,0
2026-05-26 06:00:00,9839,2736,73,65,5974,0,13,9839,7025,0,0,2370,444,192274535,69313594,69230741,1512014,0,0,0,0
2026-05-26 07:00:00,9850,2740,73,65,5972,0,9,9850,7031,0,0,2375,444,192228932,69328096,69245243,1507014,0,0,0,0
2026-05-26 08:00:00,9853,2741,73,65,5971,0,15,9853,7033,0,0,2376,444,192202760,69337366,69254513,1505014,0,0,0,0
2026-05-26 09:00:00,9851,2740,73,65,5975,0,15,9851,7034,0,0,2373,444,192017684,69348182,69265329,1504014,0,0,0,0
2026-05-26 10:00:00,9853,2741,73,65,5973,0,15,9853,7034,0,0,2375,444,191849394,69347319,69264466,1504014,0,0,0,0
2026-05-26 11:00:00,9847,2739,73,65,5974,0,11,9847,7030,0,0,2374,443,191931143,69310065,69227212,1505924,0,0,0,0
2026-05-26 12:00:00,9852,2741,73,65,5968,0,9,9852,7032,0,0,2376,444,191931603,69295852,69212999,1505724,0,0,0,0
2026-05-26 13:00:00,9840,2741,73,65,5962,0,6,9840,7021,0,0,2375,444,191605702,69296002,69213159,1504814,0,0,0,0
2026-05-26 14:00:00,9842,2748,73,65,5960,0,13,9842,7016,0,0,2382,444,191341310,69272793,69189950,1503813,0,0,0,0
2026-05-26 15:00:00,9836,2750,73,65,5962,0,18,9836,7008,0,0,2384,444,191473130,69516661,69433818,1503813,0,0,0,0
2026-05-26 16:00:00,9838,2748,73,65,5962,0,26,9838,7012,0,0,2382,444,191479293,69380161,69297318,1505483,0,0,0,0
2026-05-26 17:00:00,9838,2745,73,65,5963,0,24,9838,7014,0,0,2380,444,191516733,69368071,69285328,1508843,0,0,0,0
2026-05-26 18:00:00,9829,2743,74,66,5955,0,11,9829,7007,0,0,2378,444,191353182,69316608,69233865,1524453,0,0,0,0
2026-05-26 19:00:00,9822,2742,72,64,5956,0,17,9822,7003,0,0,2376,443,191287887,69277741,69194998,1496253,0,0,0,0
2026-05-26 20:00:00,9811,2742,73,65,5948,0,10,9811,6992,0,0,2375,444,191104932,69174882,69092139,1500453,0,0,0,0
2026-05-26 21:00:00,9823,2737,73,65,5951,0,15,9823,7007,0,0,2372,444,191306032,69079581,68996838,1500453,0,0,0,0
2026-05-26 22:00:00,9839,2741,73,65,5955,0,9,9839,7019,0,0,2376,444,191344494,69064961,68982218,1505453,0,0,0,0
2026-05-26 23:00:00,9845,2748,73,65,5960,0,14,9845,7019,0,0,2382,444,191799828,69320863,69238120,1503341,0,0,0,0
2026-05-27 00:00:00,9837,2750,70,62,5957,0,15,9837,7012,0,0,2381,444,191602440,69351669,69268926,1381661,0,0,0,0
2026-05-27 01:00:00,9853,2750,74,66,5957,0,16,9853,7024,0,0,2384,445,192190036,69375809,69293066,1526361,0,0,0,0
2026-05-27 02:00:00,9856,2750,74,66,5954,0,14,9856,7026,0,0,2385,445,192219293,69384123,69300680,1535157,0,0,0,0
2026-05-27 03:00:00,9845,2751,74,66,5956,0,18,9845,7015,0,0,2385,445,192011448,69421861,69338218,1535357,0,0,0,0
2026-05-27 04:00:00,9840,2750,74,66,5958,0,17,9840,7011,0,0,2384,445,191882083,69405071,69321428,1534257,0,0,0,0
2026-05-27 05:00:00,9829,2751,74,66,5963,0,19,9829,6999,0,0,2385,445,191900190,69546311,69462668,1535257,0,0,0,0
2026-05-27 06:00:00,9838,2754,74,66,5963,0,13,9838,7004,0,0,2388,446,191910113,69559646,69476003,1534257,0,0,0,0
2026-05-27 07:00:00,9832,2754,74,66,5964,0,9,9832,6999,0,0,2387,446,191791995,69573507,69489864,1534267,0,0,0,0
2026-05-27 08:00:00,9832,2753,74,66,5965,0,11,9832,7000,0,0,2386,446,191994986,69560007,69476364,1554263,0,0,0,0
2026-05-27 09:00:00,9828,2751,74,66,5965,0,8,9828,6999,0,0,2384,445,192088827,69448307,69364164,1552763,0,0,0,0
2026-05-27 10:00:00,9846,2748,74,66,5965,0,10,9846,7020,0,0,2383,443,192315118,69453674,69369531,1554843,0,0,0,0
2026-05-27 11:00:00,9846,2751,74,66,5961,0,14,9846,7016,0,0,2386,444,192301284,69461432,69377289,1555843,0,0,0,0
2026-05-27 12:00:00,9832,2753,74,66,6031,0,16,9832,7001,0,0,2387,444,192057848,69443777,69359634,1557443,0,0,0,0
2026-05-27 13:00:00,9805,2736,74,66,6034,0,11,9805,6990,0,0,2371,444,191739906,69244998,69160855,1559343,0,0,0,0
2026-05-27 14:00:00,9821,2735,74,66,6029,0,8,9821,7007,0,0,2370,444,191914124,69273848,69189705,1560243,0,0,0,0
2026-05-27 15:00:00,9815,2734,74,66,6032,0,12,9815,7002,0,0,2369,444,191741264,69296693,69212450,1561353,0,0,0,0
2026-05-27 16:00:00,9817,2735,74,66,6032,0,12,9817,7002,0,0,2371,444,191662496,69270150,69185927,1561926,0,0,0,0
2026-05-27 17:00:00,9823,2732,74,66,6017,0,16,9823,7011,0,0,2368,444,191419090,68955206,68870983,1560926,0,0,0,0
2026-05-27 18:00:00,9818,2731,74,66,6019,0,12,9818,7009,0,0,2365,444,191411813,68968937,68884714,1560950,0,0,0,0
2026-05-27 19:00:00,9812,2731,74,66,6017,0,10,9812,7002,0,0,2366,444,191545361,69000205,68915982,1560124,0,0,0,0
2026-05-27 20:00:00,9811,2727,74,66,6016,0,7,9811,7005,0,0,2362,444,191328825,68918017,68833794,1559924,0,0,0,0
2026-05-27 21:00:00,9816,2730,74,66,6016,0,14,9816,7006,0,0,2366,444,191310605,68924102,68839879,1557924,0,0,0,0
2026-05-27 22:00:00,9814,2730,74,66,6018,0,17,9814,7005,0,0,2365,444,191420204,68956281,68872758,1559224,0,0,0,0
2026-05-27 23:00:00,9817,2729,70,62,6018,0,18,9817,7013,0,0,2360,444,191583879,68986546,68903023,1412224,0,0,0,0
2026-05-28 00:00:00,9815,2730,68,60,6020,0,10,9815,7012,0,0,2359,444,191495324,69005774,68922251,1330334,0,0,0,0
2026-05-28 01:00:00,9756,2652,74,66,5974,0,40,9756,7024,0,0,2288,444,190901458,67929404,67845881,1560334,0,0,0,0
2026-05-28 02:00:00,9742,2652,74,66,5972,0,16,9742,7010,0,0,2288,444,190935842,67907504,67823981,1549424,0,0,0,0
2026-05-28 03:00:00,9749,2650,74,66,5970,0,17,9749,7020,0,0,2285,444,190995922,67922494,67838971,1548324,0,0,0,0
2026-05-28 04:00:00,9740,2652,74,66,5974,0,22,9740,7009,0,0,2286,445,191060334,67968679,67885156,1539124,0,0,0,0
2026-05-28 05:00:00,9731,2650,74,66,5973,0,7,9731,7002,0,0,2285,444,190975886,67962787,67878264,1541024,0,0,0,0
2026-05-28 06:00:00,9742,2650,73,66,5982,0,9,9742,7012,0,0,2287,443,191144305,67988362,67908839,1536224,0,0,0,0
2026-05-28 07:00:00,9745,2644,73,66,5981,0,11,9745,7021,0,0,2281,443,191339016,68014043,67934520,1535314,0,0,0,0
2026-05-28 08:00:00,9738,2650,73,66,5971,0,12,9738,7009,0,0,2286,443,191418016,68043770,67964247,1536104,0,0,0,0
2026-05-28 09:00:00,9709,2644,73,66,5969,0,7,9709,6987,0,0,2279,443,191178409,67996369,67916846,1536114,0,0,0,0
2026-05-28 10:00:00,9717,2608,73,66,5963,0,17,9717,7029,0,0,2245,443,190829904,66973948,66894425,1536114,0,0,0,0
2026-05-28 11:00:00,9714,2606,73,66,5964,0,15,9714,7028,0,0,2241,445,190789426,66950509,66870986,1536007,0,0,0,0
2026-05-28 12:00:00,9713,2603,73,66,5975,0,11,9713,7031,0,0,2237,445,190790846,66966602,66887089,1534997,0,0,0,0
2026-05-28 13:00:00,9704,2608,73,66,5970,0,9,9704,7018,0,0,2240,446,190689479,66998432,66918919,1535997,0,0,0,0
2026-05-28 14:00:00,9697,2603,73,66,5964,0,12,9697,7015,0,0,2236,446,190375288,66855871,66776358,1535807,0,0,0,0
2026-05-28 15:00:00,9697,2607,73,66,5963,0,11,9697,7010,0,0,2240,447,190434954,66998680,66919167,1535697,0,0,0,0
2026-05-28 16:00:00,9695,2604,73,66,5964,0,15,9695,7011,0,0,2238,446,190250692,66957720,66879207,1536107,0,0,0,0
2026-05-28 17:00:00,9714,2603,73,66,5962,0,16,9714,7032,0,0,2236,446,190604151,66997591,66919078,1535605,0,0,0,0
2026-05-28 18:00:00,9711,2606,73,66,5961,0,11,9711,7027,0,0,2237,447,190555861,66980741,66902228,1535505,0,0,0,0
2026-05-28 19:00:00,9710,2604,73,66,5970,0,44,9710,7027,0,0,2237,446,190454890,67003612,66925099,1535695,0,0,0,0
2026-05-28 20:00:00,9701,2602,73,66,5966,0,26,9701,7019,0,0,2236,446,190405519,67002617,66924104,1533775,0,0,0,0
2026-05-28 21:00:00,9696,2603,76,66,5969,0,14,9696,7013,0,0,2236,447,190343384,67053106,66907592,1600776,0,0,0,0
2026-05-28 22:00:00,9678,2600,75,65,5976,0,18,9678,7001,0,0,2230,447,190317818,67017956,66872442,1596286,0,0,0,0
2026-05-28 23:00:00,9680,2604,74,64,5963,0,9,9680,6999,0,0,2234,447,189651834,67069922,66924508,1519386,0,0,0,0
2026-05-29 00:00:00,9685,2606,73,63,5965,0,197,9685,7002,0,0,2236,447,189647101,67070343,66924929,1479386,0,0,0,0
2026-05-29 01:00:00,9721,2610,76,66,5967,0,15,9721,7031,0,0,2242,448,190358750,67165261,67019847,1601476,0,0,0,0
2026-05-29 02:00:00,9719,2607,76,66,5974,0,12,9719,7033,0,0,2238,448,190991785,67165571,67020157,1630466,0,0,0,0
2026-05-29 03:00:00,9708,2606,76,66,5974,0,11,9708,7023,0,0,2237,448,190887462,67218948,67061535,1640365,0,0,0,0
2026-05-29 04:00:00,9712,2608,75,65,5975,0,14,9712,7026,0,0,2238,448,190950940,67263739,67104326,1661375,0,0,0,0
2026-05-29 05:00:00,9713,2608,75,65,5973,0,12,9713,7026,0,0,2239,448,191120797,67289486,67130073,1659375,0,0,0,0
2026-05-29 06:00:00,9707,2611,75,65,5968,0,13,9707,7018,0,0,2241,448,190694256,67388521,67229108,1628768,0,0,0,0
2026-05-29 07:00:00,9704,2608,75,65,5973,0,12,9704,7019,0,0,2237,448,190635776,67415879,67256366,1637768,0,0,0,0
2026-05-29 08:00:00,9713,2613,75,65,5974,0,8,9713,7022,0,0,2243,448,190873909,67447018,67287505,1646068,0,0,0,0
2026-05-29 09:00:00,9710,2611,75,65,5977,0,10,9710,7020,0,0,2242,448,190732454,67371021,67211508,1644068,0,0,0,0
2026-05-29 10:00:00,9712,2612,75,65,5978,0,13,9712,7021,0,0,2243,448,190706153,67360055,67200542,1644069,0,0,0,0
2026-05-29 11:00:00,9712,2606,75,65,5982,0,22,9712,7028,0,0,2236,448,190878621,67418253,67258740,1644069,0,0,0,0
2026-05-29 12:00:00,9706,2607,75,65,5995,0,35,9706,7022,0,0,2236,448,190797800,67458082,67298569,1642569,0,0,0,0
2026-05-29 13:00:00,9699,2605,75,65,5994,0,11,9699,7016,0,0,2235,448,190744292,67435624,67276211,1643479,0,0,0,0
2026-05-29 14:00:00,9653,2560,75,65,5947,0,31,9653,7014,0,0,2193,446,188898022,65658036,65498623,1645479,0,0,0,0
2026-05-29 15:00:00,9660,2561,75,65,5945,0,9,9660,7020,0,0,2194,446,189095455,65665846,65506433,1645481,0,0,0,0
2026-05-29 16:00:00,9656,2561,75,65,5948,0,9,9656,7017,0,0,2193,446,188967718,65659566,65500153,1642489,0,0,0,0
2026-05-29 17:00:00,9650,2558,75,65,5948,0,8,9650,7014,0,0,2190,446,188947210,65665436,65506023,1641489,0,0,0,0
2026-05-29 18:00:00,9639,2558,75,65,5945,0,15,9639,7003,0,0,2191,445,188743612,65702010,65541597,1642489,0,0,0,0
2026-05-29 19:00:00,9648,2560,75,65,5946,0,75,9648,7009,0,0,2194,445,189026028,65717246,65556833,1644589,0,0,0,0
2026-05-29 20:00:00,9647,2557,75,68,5948,0,8,9647,7008,0,0,2194,445,189134040,65648445,65569032,1644689,0,0,0,0
2026-05-29 21:00:00,9626,2554,74,67,5950,0,16,9626,6992,0,0,2189,445,188807081,65657205,65577792,1604687,0,0,0,0
2026-05-29 22:00:00,9632,2552,73,66,5949,0,10,9632,7001,0,0,2186,445,188896431,65651070,65571657,1564787,0,0,0,0
2026-05-29 23:00:00,9639,2556,71,64,5951,0,11,9639,7006,0,0,2188,445,188996058,65692245,65613932,1485987,0,0,0,0
2026-05-30 00:00:00,9638,2555,69,63,5955,0,10,9638,7006,0,0,2187,445,188981077,65669631,65633318,1406958,0,0,0,0
2026-05-30 01:00:00,9658,2555,73,67,5954,0,18,9658,7022,0,0,2190,446,189467239,65695401,65658088,1598258,0,0,0,0
2026-05-30 02:00:00,9665,2556,73,67,5955,0,13,9665,7029,0,0,2190,446,189424764,65682861,65645548,1598260,0,0,0,0
2026-05-30 03:00:00,9656,2555,73,67,5955,0,7,9656,7021,0,0,2189,446,189575997,65865516,65828203,1607270,0,0,0,0
2026-05-30 04:00:00,9641,2555,73,67,5951,0,12,9641,7005,0,0,2190,446,189327698,65927721,65890408,1608470,0,0,0,0
2026-05-30 05:00:00,9651,2553,73,67,5950,0,17,9651,7017,0,0,2188,446,189586516,65915393,65878080,1607170,0,0,0,0
2026-05-30 06:00:00,9648,2552,73,67,5945,0,15,9648,7016,0,0,2186,446,189437271,65943724,65906411,1607270,0,0,0,0
2026-05-30 07:00:00,9653,2555,73,67,5948,0,10,9653,7018,0,0,2189,446,189503009,65948076,65910763,1608170,0,0,0,0
2026-05-30 08:00:00,9649,2553,74,68,5951,0,10,9649,7014,0,0,2189,446,189361299,65906796,65869483,1611470,0,0,0,0
2026-05-30 09:00:00,9645,2550,74,68,5939,0,14,9645,7013,0,0,2187,445,189314016,65832426,65796113,1609480,0,0,0,0
2026-05-30 10:00:00,9613,2543,74,68,5895,0,9,9613,6989,0,0,2181,443,189172249,65778065,65741752,1609574,0,0,0,0
2026-05-30 11:00:00,9639,2547,74,68,5887,0,9,9639,7011,0,0,2184,444,189329924,65757099,65720786,1603624,0,0,0,0
2026-05-30 12:00:00,9641,2546,74,68,5889,0,7,9641,7013,0,0,2184,444,189349473,65631486,65595183,1592214,0,0,0,0
2026-05-30 13:00:00,9632,2544,74,68,5861,0,8,9632,7006,0,0,2182,444,189229421,65647477,65611174,1592114,0,0,0,0
2026-05-30 14:00:00,9641,2551,74,68,5860,0,4,9641,7009,0,0,2189,443,189220936,65723999,65687696,1592114,0,0,0,0
2026-05-30 15:00:00,9646,2551,74,68,5861,0,12,9646,7014,0,0,2189,443,189300349,65727866,65691563,1591213,0,0,0,0
2026-05-30 16:00:00,9634,2547,74,68,5863,0,12,9634,7005,0,0,2186,443,189314635,65752396,65716093,1591523,0,0,0,0
2026-05-30 17:00:00,9645,2551,74,68,5865,0,7,9645,7012,0,0,2190,443,189261762,65659701,65623398,1591493,0,0,0,0
2026-05-30 18:00:00,9642,2549,74,68,5864,0,7,9642,7012,0,0,2187,443,189271297,65616040,65579737,1594990,0,0,0,0
2026-05-30 19:00:00,9638,2550,74,68,5870,0,11,9638,7007,0,0,2188,443,189297359,65613844,65578041,1593503,0,0,0,0
2026-05-30 20:00:00,9638,2551,74,68,5872,0,18,9638,7005,0,0,2190,443,189271448,65616826,65581023,1593303,0,0,0,0
2026-05-30 21:00:00,9635,2552,74,68,5873,0,9,9635,7001,0,0,2191,443,189387336,65748601,65712798,1593303,0,0,0,0
2026-05-30 22:00:00,9625,2549,73,67,5866,0,12,9625,6996,0,0,2186,443,189547032,65691076,65655273,1551403,0,0,0,0
2026-05-30 23:00:00,9626,2552,71,65,5868,0,8,9626,6996,0,0,2187,443,189627272,65834891,65799088,1476403,0,0,0,0
2026-05-31 00:00:00,9634,2553,71,65,5867,0,19,9634,7002,0,0,2189,443,189658156,65842836,65807033,1476303,0,0,0,0
2026-05-31 01:00:00,9643,2552,74,68,5872,0,14,9643,7009,0,0,2190,444,190130320,65865415,65829612,1627224,0,0,0,0
2026-05-31 02:00:00,9665,2563,74,68,5872,0,12,9665,7021,0,0,2200,444,190379061,66057795,66021992,1627024,0,0,0,0
2026-05-31 03:00:00,9653,2561,74,68,5873,0,14,9653,7011,0,0,2198,444,190524817,66040375,66004572,1627024,0,0,0,0
2026-05-31 04:00:00,9642,2561,74,68,5882,0,11,9642,6999,0,0,2199,444,190216047,65950687,65915084,1625914,0,0,0,0
2026-05-31 05:00:00,9660,2561,74,68,5877,0,9,9660,7017,0,0,2199,444,190297402,66008386,65972783,1628114,0,0,0,0
2026-05-31 06:00:00,9647,2562,74,68,5877,0,10,9647,7004,0,0,2198,445,190097931,66028616,65993013,1627517,0,0,0,0
2026-05-31 07:00:00,9642,2559,74,68,5876,0,9,9642,7002,0,0,2195,445,190248006,65962856,65927353,1624327,0,0,0,0
2026-05-31 08:00:00,9647,2560,74,68,5878,0,7,9647,7005,0,0,2197,445,190295198,65989566,65954053,1624347,0,0,0,0
2026-05-31 09:00:00,9655,2562,74,68,5878,0,8,9655,7011,0,0,2199,445,190289239,66087038,66051525,1624347,0,0,0,0
2026-05-31 10:00:00,9649,2559,74,68,5878,0,10,9649,7009,0,0,2196,444,190269873,66112801,66077288,1623244,0,0,0,0
2026-05-31 11:00:00,9645,2559,74,68,5876,0,14,9645,7005,0,0,2196,444,190339469,66144603,66109090,1624408,0,0,0,0
2026-05-31 12:00:00,9647,2559,73,67,5873,0,12,9647,7007,0,0,2196,444,190523570,66193580,66158067,1619918,0,0,0,0
2026-05-31 13:00:00,9658,2561,74,68,5871,0,7,9658,7015,0,0,2199,444,190607314,66199474,66163961,1626218,0,0,0,0
2026-05-31 14:00:00,9645,2559,74,68,5872,0,11,9645,7005,0,0,2196,444,190576426,66206084,66170471,1626328,0,0,0,0
2026-05-31 15:00:00,9641,2558,74,68,5872,0,9,9641,7002,0,0,2195,444,190383386,66134715,66098102,1628428,0,0,0,0
2026-05-31 16:00:00,9643,2554,74,68,5876,0,6,9643,7007,0,0,2192,444,190558315,66168734,66132121,1628828,0,0,0,0
2026-05-31 17:00:00,9637,2553,74,68,5822,0,8,9637,7002,0,0,2192,443,208770883,72952352,72915739,1734428,0,0,0,0
2026-05-31 18:00:00,9641,2556,74,68,5822,0,9,9641,7004,0,0,2194,443,208856480,73056572,73019959,1734428,0,0,0,0
2026-05-31 19:00:00,9636,2558,73,67,5826,0,8,9636,6998,0,0,2194,444,208698188,73087792,73051179,1730328,0,0,0,0
2026-05-31 20:00:00,9626,2557,74,68,5827,0,13,9626,6987,0,0,2195,444,208887875,73175505,73138892,1735028,0,0,0,0
2026-05-31 21:00:00,9641,2553,74,68,5829,0,8,9641,7006,0,0,2191,444,209083458,73169275,73132662,1731028,0,0,0,0
2026-05-31 22:00:00,9649,2558,73,67,5831,0,15,9649,7011,0,0,2194,444,209034605,73213825,73177212,1687709,0,0,0,0
2026-05-31 23:00:00,9680,2558,72,66,5829,0,11,9680,7043,0,0,2193,444,209892466,73227276,73190663,1643812,0,0,0,0
2026-06-01 00:00:00,9681,2565,69,63,5833,0,9,9681,7038,0,0,2199,444,210093097,73454852,73418239,1506713,0,0,0,0
2026-06-01 01:00:00,9736,2566,74,68,5831,0,12,9736,7087,0,0,2204,445,210984504,73468779,73432166,1735543,0,0,0,0
2026-06-01 02:00:00,9735,2569,74,68,5828,0,13,9735,7084,0,0,2206,445,211051848,73449208,73412595,1736053,0,0,0,0
2026-06-01 03:00:00,9735,2570,74,68,5830,0,10,9735,7083,0,0,2207,445,211103228,73369808,73333195,1736973,0,0,0,0
2026-06-01 04:00:00,9729,2564,74,68,5828,0,5,9729,7082,0,0,2202,445,210593825,73217291,73180678,1743872,0,0,0,0
2026-06-01 05:00:00,9736,2568,74,68,5834,0,12,9736,7085,0,0,2206,445,210658606,73328882,73292269,1743872,0,0,0,0
2026-06-01 06:00:00,9718,2562,74,68,5831,0,10,9718,7074,0,0,2199,445,210522807,73300092,73263479,1742772,0,0,0,0
2026-06-01 07:00:00,9722,2563,74,68,5839,0,8,9722,7077,0,0,2200,445,210593353,73240403,73203790,1736785,0,0,0,0
2026-06-01 08:00:00,9720,2563,74,68,5836,0,5,9720,7074,0,0,2201,445,210707850,73267837,73231224,1736885,0,0,0,0
2026-06-01 09:00:00,9726,2563,74,68,5837,0,9,9726,7080,0,0,2200,446,210768314,73250007,73213394,1735785,0,0,0,0
2026-06-01 10:00:00,9704,2546,74,68,5814,0,8,9704,7076,0,0,2184,444,210205187,72712845,72676232,1735785,0,0,0,0
2026-06-01 11:00:00,9708,2547,74,68,5817,0,9,9708,7079,0,0,2184,445,210318348,72798895,72762262,1736805,0,0,0,0
2026-06-01 12:00:00,9713,2548,74,68,5821,0,10,9713,7082,0,0,2186,445,210334483,72856436,72819803,1736855,0,0,0,0
2026-06-01 13:00:00,9731,2549,74,68,5883,0,9,9731,7099,0,0,2187,445,191998964,66044114,66008481,1646935,0,0,0,0
2026-06-01 14:00:00,9745,2546,74,68,5889,0,10,9745,7117,0,0,2183,445,192156111,66011105,65975472,1640646,0,0,0,0
2026-06-01 15:00:00,9737,2547,74,68,5891,0,13,9737,7108,0,0,2185,444,192231525,65982765,65946932,1640776,0,0,0,0
2026-06-01 16:00:00,9739,2547,74,68,5892,0,9,9739,7109,0,0,2186,444,192046171,65920665,65884832,1642164,0,0,0,0
2026-06-01 17:00:00,9734,2546,74,68,5894,0,9,9734,7105,0,0,2184,445,192009517,65914858,65879025,1642184,0,0,0,0
2026-06-01 18:00:00,9742,2554,74,68,5896,0,5,9742,7105,0,0,2192,445,191895464,65873859,65838026,1642184,0,0,0,0
2026-06-01 19:00:00,9740,2555,75,68,5895,0,15,9740,7102,0,0,2192,446,191931192,65924790,65888937,1643204,0,0,0,0
2026-06-01 20:00:00,9735,2558,74,67,5898,0,10,9735,7094,0,0,2195,446,192058678,65969860,65934007,1617204,0,0,0,0
2026-06-01 21:00:00,9717,2555,74,67,5895,0,16,9717,7079,0,0,2192,446,191917849,66016421,65973288,1653494,0,0,0,0
2026-06-01 22:00:00,9698,2554,72,65,5895,0,8,9698,7064,0,0,2188,446,191631523,66042041,65998108,1578294,0,0,0,0
2026-06-01 23:00:00,9728,2570,70,63,5893,0,9,9728,7080,0,0,2202,446,191813306,66356073,66312050,1501384,0,0,0,0
2026-06-02 00:00:00,9736,2572,70,63,5898,0,9,9736,7086,0,0,2204,446,191974484,66425191,66381168,1504385,0,0,0,0
2026-06-02 01:00:00,9762,2573,75,68,5903,0,15,9762,7105,0,0,2210,447,192737563,66462411,66417988,1694885,0,0,0,0
2026-06-02 02:00:00,9768,2586,75,68,5903,0,9,9768,7098,0,0,2223,447,192939837,66777736,66733313,1702485,0,0,0,0
2026-06-02 03:00:00,9771,2588,75,68,5904,0,5,9771,7100,0,0,2224,447,193059457,66837095,66792672,1702485,0,0,0,0
2026-06-02 04:00:00,9768,2588,75,68,5903,0,11,9768,7099,0,0,2222,447,192968455,66856434,66812011,1703605,0,0,0,0
2026-06-02 05:00:00,9774,2587,75,68,5901,0,8,9774,7105,0,0,2221,448,192983470,66867537,66823114,1703205,0,0,0,0
2026-06-02 06:00:00,9773,2583,75,68,5901,0,15,9773,7108,0,0,2218,447,193067604,66892467,66848044,1703205,0,0,0,0
2026-06-02 07:00:00,9763,2583,75,68,5896,0,12,9763,7098,0,0,2219,446,193126615,66903907,66859484,1702215,0,0,0,0
2026-06-02 08:00:00,9759,2583,75,68,5894,0,20,9759,7094,0,0,2219,446,193007866,66879958,66835535,1703197,0,0,0,0
2026-06-02 09:00:00,9755,2584,75,68,5899,0,8,9755,7089,0,0,2220,446,193004466,66928048,66884025,1714597,0,0,0,0
2026-06-02 10:00:00,9758,2585,75,68,5898,0,17,9758,7091,0,0,2221,446,193273117,66945255,66901232,1714587,0,0,0,0
2026-06-02 11:00:00,9761,2583,75,68,5895,0,13,9761,7095,0,0,2220,446,193419023,66937552,66893529,1714660,0,0,0,0
2026-06-02 12:00:00,9757,2579,75,68,5897,0,12,9757,7095,0,0,2218,444,193419251,66959869,66915846,1714770,0,0,0,0
2026-06-02 13:00:00,9759,2580,75,68,5900,0,8,9759,7095,0,0,2219,445,193468387,67047920,67003897,1711770,0,0,0,0
2026-06-02 19:00:00,9605,2412,74,67,5825,0,21,9605,7109,0,0,2138,358,190280018,63560568,63516545,1693040,0,0,0,0
2026-06-02 20:00:00,9585,2395,74,67,5826,0,11,9585,7107,0,0,2138,340,189702913,62817038,62773015,1703340,0,0,0,0
2026-06-02 21:00:00,9562,2381,74,67,5831,0,18,9562,7097,0,0,2139,326,188776072,62212538,62168515,1703120,0,0,0,0
2026-06-02 22:00:00,9568,2381,74,67,5834,0,8,9568,7103,0,0,2139,326,188924432,62229307,62185284,1704118,0,0,0,0
2026-06-02 23:00:00,9573,2384,73,66,5837,0,9,9573,7107,0,0,2140,326,189152356,62252671,62210628,1670228,0,0,0,0
2026-06-03 00:00:00,9577,2385,71,64,5841,0,11,9577,7112,0,0,2139,326,189271121,62291061,62249018,1583286,0,0,0,0
2026-06-03 01:00:00,9598,2383,75,68,5853,0,7,9598,7130,0,0,2142,326,189906486,62243423,62200380,1734286,0,0,0,0
2026-06-03 02:00:00,9609,2394,75,68,5865,0,11,9609,7130,0,0,2153,326,190051783,62371453,62328410,1734286,0,0,0,0
2026-06-03 03:00:00,9593,2390,75,68,5861,0,11,9593,7119,0,0,2148,326,189862444,62286195,62243152,1733986,0,0,0,0
2026-06-03 04:00:00,9587,2388,75,68,5858,0,9,9587,7115,0,0,2146,326,189599857,62306871,62263828,1741986,0,0,0,0
2026-06-03 05:00:00,9592,2393,75,68,5861,0,8,9592,7114,0,0,2152,326,189661196,62364540,62321497,1739886,0,0,0,0
2026-06-03 06:00:00,9598,2394,75,68,5861,0,11,9598,7119,0,0,2153,326,189577234,62371347,62328304,1738886,0,0,0,0
2026-06-03 07:00:00,9617,2418,75,68,5860,0,12,9617,7114,0,0,2154,349,190532665,63354307,63311264,1741590,0,0,0,0
2026-06-03 08:00:00,9709,2511,75,68,5859,0,24,9709,7114,0,0,2150,445,194321029,67287583,67244540,1740190,0,0,0,0
2026-06-03 09:00:00,9711,2506,75,68,5859,0,26,9711,7120,0,0,2147,444,194482852,67312258,67269215,1750380,0,0,0,0
2026-06-03 10:00:00,9709,2508,75,68,5857,0,42,9709,7116,0,0,2149,444,194258571,67197128,67154085,1749580,0,0,0,0
2026-06-03 11:00:00,9710,2506,75,68,5863,0,22,9710,7119,0,0,2151,440,194270327,67212818,67169875,1740480,0,0,0,0
2026-06-03 12:00:00,9702,2497,75,68,5859,0,16,9702,7121,0,0,2141,440,194163507,67083410,67040467,1741480,0,0,0,0
2026-06-03 13:00:00,9671,2477,75,68,5854,0,9,9671,7110,0,0,2141,420,193144474,66149461,66106718,1754590,0,0,0,0
2026-06-03 14:00:00,9687,2486,75,68,5848,0,12,9687,7116,0,0,2140,431,193709433,66567842,66525099,1767810,0,0,0,0
2026-06-03 15:00:00,9691,2493,74,67,5852,0,19,9691,7114,0,0,2143,434,193999938,66782128,66739385,1735910,0,0,0,0
2026-06-03 16:00:00,9681,2487,74,67,5849,0,14,9681,7110,0,0,2139,432,193829617,66632455,66588712,1734950,0,0,0,0
2026-06-03 17:00:00,9570,2379,74,67,5849,0,9,9570,7107,0,0,2141,322,189636508,62415865,62373122,1753660,0,0,0,0
2026-06-03 18:00:00,9561,2379,74,67,5850,0,7,9561,7099,0,0,2140,322,189534406,62418625,62375882,1753760,0,0,0,0
2026-06-03 19:00:00,9561,2373,74,67,5848,0,6,9561,7105,0,0,2133,323,189649567,62461016,62418293,1751740,0,0,0,0
2026-06-03 20:00:00,9483,2316,74,67,5829,0,21,9483,7083,0,0,2077,323,186175910,59762426,59719703,1751740,0,0,0,0
2026-06-03 21:00:00,9477,2299,73,66,5822,0,12,9477,7095,0,0,2059,323,185535898,59145509,59102786,1707740,0,0,0,0
2026-06-03 22:00:00,9474,2297,73,66,5817,0,9,9474,7095,0,0,2058,321,185511493,59162569,59119846,1707840,0,0,0,0
2026-06-03 23:00:00,9474,2296,72,65,5819,0,11,9474,7097,0,0,2056,321,185895425,59256312,59213589,1664730,0,0,0,0
2026-06-04 00:00:00,9475,2299,71,65,5819,0,8,9475,7095,0,0,2058,322,185731895,59280073,59237850,1665030,0,0,0,0
2026-06-04 01:00:00,9487,2300,74,68,5824,0,14,9487,7102,0,0,2062,323,186489883,59359403,59317180,1798330,0,0,0,0
2026-06-04 02:00:00,9492,2301,74,68,5822,0,13,9492,7106,0,0,2064,322,186562943,59392913,59350690,1798370,0,0,0,0
2026-06-04 03:00:00,9487,2299,74,68,5823,0,15,9487,7103,0,0,2062,322,186690498,59390883,59348660,1798259,0,0,0,0
2026-06-04 04:00:00,9492,2309,74,68,5827,0,9,9492,7099,0,0,2071,322,186788371,59649764,59607541,1799459,0,0,0,0
2026-06-04 05:00:00,9507,2308,74,68,5828,0,11,9507,7115,0,0,2069,323,186843347,59668784,59626561,1798659,0,0,0,0
2026-06-04 06:00:00,9503,2310,74,68,5830,0,8,9503,7108,0,0,2072,323,186760144,59634664,59592441,1797648,0,0,0,0
2026-06-04 07:00:00,9497,2308,74,68,5826,0,10,9497,7104,0,0,2071,322,186768635,59603665,59561442,1803378,0,0,0,0
2026-06-04 08:00:00,9494,2309,74,68,5826,0,9,9494,7100,0,0,2072,322,186691724,59641957,59599734,1803378,0,0,0,0
2026-06-04 09:00:00,9493,2303,74,68,5823,0,13,9493,7106,0,0,2064,323,186450922,59509232,59467009,1803368,0,0,0,0
2026-06-04 10:00:00,9480,2294,73,67,5819,0,11,9480,7102,0,0,2063,315,186362823,59510747,59468524,1797278,0,0,0,0
2026-06-04 11:00:00,9487,2300,75,68,5824,0,11,9487,7102,0,0,2064,321,186487247,59485870,59443147,1810981,0,0,0,0
2026-06-04 12:00:00,9580,2373,74,68,5823,0,10,9580,7122,0,0,2136,322,191887326,63441430,63399207,1813632,0,0,0,0
2026-06-04 13:00:00,9589,2376,74,68,5818,0,7,9589,7128,0,0,2135,326,191894710,63438022,63395799,1813631,0,0,0,0
2026-06-04 14:00:00,9600,2379,74,68,5821,0,9,9600,7137,0,0,2137,326,191827892,63469776,63427553,1813532,0,0,0,0
2026-06-04 15:00:00,9593,2376,74,68,5822,0,9,9593,7133,0,0,2136,324,191470034,62974769,62933546,1824632,0,0,0,0
2026-06-04 16:00:00,9582,2378,74,68,5824,0,20,9582,7119,0,0,2138,325,191530449,63021740,62980517,1826392,0,0,0,0
2026-06-04 17:00:00,9567,2378,73,67,5832,0,13,9567,7105,0,0,2137,325,191295795,63033260,62992037,1792401,0,0,0,0
2026-06-04 18:00:00,9581,2387,73,67,5827,0,11,9581,7110,0,0,2146,325,191461318,63199360,63158137,1792501,0,0,0,0
2026-06-04 19:00:00,9584,2385,73,67,5833,0,15,9584,7115,0,0,2144,325,191487223,63210800,63169577,1790381,0,0,0,0
2026-06-04 20:00:00,9587,2383,73,67,5838,0,12,9587,7120,0,0,2143,324,191561469,63193092,63151869,1791381,0,0,0,0
2026-06-04 21:00:00,9570,2381,73,67,5637,0,13,9570,7105,0,0,2140,325,191275104,63085591,63045168,1791581,0,0,0,0
2026-06-04 22:00:00,9573,2384,72,66,5646,0,14,9573,7105,0,0,2141,327,191512855,63122241,63081818,1744581,0,0,0,0
2026-06-04 23:00:00,9576,2385,71,65,5644,0,13,9576,7108,0,0,2141,327,191839224,63246746,63206223,1709879,0,0,0,0
2026-06-05 00:00:00,9574,2389,69,63,5644,0,13,9574,7104,0,0,2143,327,191923073,63322497,63281974,1627779,0,0,0,0
2026-06-05 01:00:00,9599,2384,74,68,5642,0,11,9599,7130,0,0,2143,326,192788375,63352015,63311492,1842779,0,0,0,0
2026-06-05 02:00:00,9594,2386,74,68,5641,0,11,9594,7123,0,0,2145,326,192885297,63398026,63357503,1855779,0,0,0,0
2026-06-05 03:00:00,9588,2388,74,68,5639,0,14,9588,7114,0,0,2147,327,192891031,63415126,63374603,1855779,0,0,0,0
2026-06-05 04:00:00,9585,2390,73,67,5642,0,8,9585,7110,0,0,2148,327,192907110,63467451,63426928,1851274,0,0,0,0
2026-06-05 05:00:00,9584,2390,73,67,5647,0,17,9584,7109,0,0,2148,327,192925820,63453876,63413353,1850664,0,0,0,0
2026-06-05 06:00:00,9570,2385,73,67,5526,0,73,9570,7100,0,0,2144,326,192851284,63525645,63485122,1856664,0,0,0,0
2026-06-05 07:00:00,9563,2381,72,67,5625,0,12,9563,7097,0,0,2141,325,192778499,63486196,63450673,1851665,0,0,0,0
2026-06-05 08:00:00,9568,2383,73,68,5628,0,34,9568,7100,0,0,2142,326,193296278,63607130,63571607,1869965,0,0,0,0
2026-06-05 09:00:00,9689,2500,73,68,5631,0,60,9689,7104,0,0,2139,446,198223845,68459209,68423686,1875965,0,0,0,0
2026-06-05 10:00:00,9689,2503,73,68,5614,0,47,9689,7100,0,0,2143,446,198303527,68510029,68474506,1874965,0,0,0,0
2026-06-05 11:00:00,9677,2495,73,68,5607,0,43,9677,7096,0,0,2136,445,198054957,68302398,68266875,1847265,0,0,0,0
2026-06-05 12:00:00,9680,2498,73,68,5606,0,39,9680,7096,0,0,2139,445,197847934,68179879,68144356,1856265,0,0,0,0
2026-06-05 13:00:00,9678,2501,74,69,5602,0,23,9678,7091,0,0,2141,446,197855419,68216845,68181322,1880271,0,0,0,0
2026-06-05 14:00:00,9779,2597,74,69,5599,0,38,9779,7096,0,0,2237,446,198570287,68856673,68821150,1880370,0,0,0,0
2026-06-05 15:00:00,9789,2604,74,69,5583,0,48,9789,7100,0,0,2245,444,198387121,68644513,68608990,1881370,0,0,0,0
2026-06-05 16:00:00,9793,2607,74,69,5524,0,24,9793,7101,0,0,2247,445,198317446,68725190,68689666,1888881,0,0,0,0
2026-06-05 17:00:00,9791,2608,74,69,5523,0,26,9791,7098,0,0,2247,446,198082969,68662584,68627060,1888981,0,0,0,0
2026-06-05 18:00:00,9788,2604,74,69,5521,0,68,9788,7100,0,0,2242,446,198172444,68664470,68628946,1889981,0,0,0,0
2026-06-05 19:00:00,9785,2607,74,69,5524,0,83,9785,7094,0,0,2246,445,198363886,68785930,68750406,1879971,0,0,0,0
2026-06-05 20:00:00,9780,2611,74,69,5524,0,60,9780,7084,0,0,2251,445,198461200,68844737,68809213,1879073,0,0,0,0
2026-06-05 21:00:00,9779,2609,73,68,5523,0,49,9779,7086,0,0,2247,446,198935321,69010319,68974795,1880163,0,0,0,0
2026-06-05 22:00:00,9777,2608,73,68,5531,0,37,9777,7085,0,0,2246,446,199279286,69053542,69018018,1836463,0,0,0,0
2026-06-05 23:00:00,9761,2608,72,67,5528,0,30,9761,7071,0,0,2244,446,199174164,69059784,69024260,1777461,0,0,0,0
2026-06-06 00:00:00,9766,2611,72,67,5524,0,18,9766,7073,0,0,2247,446,199544048,69074174,69038650,1792456,0,0,0,0
2026-06-06 01:00:00,9781,2611,74,69,5524,0,19,9781,7086,0,0,2249,446,199967968,69107123,69071599,1889147,0,0,0,0
2026-06-06 02:00:00,9785,2601,74,69,5528,0,8,9785,7099,0,0,2241,445,199887610,69046956,69011432,1889247,0,0,0,0
2026-06-06 03:00:00,9788,2611,74,69,5529,0,69,9788,7092,0,0,2251,445,200069800,69191821,69156297,1893847,0,0,0,0
2026-06-06 04:00:00,9797,2611,73,68,5529,0,9,9797,7102,0,0,2250,445,200148382,69226688,69191164,1889457,0,0,0,0
2026-06-06 05:00:00,9809,2611,74,69,5530,0,35,9809,7114,0,0,2249,446,200064031,69196977,69161453,1893857,0,0,0,0
2026-06-06 06:00:00,9790,2610,74,69,5531,0,11,9790,7096,0,0,2248,446,200051774,69202952,69167428,1892857,0,0,0,0
2026-06-06 07:00:00,9794,2609,74,69,5533,0,12,9794,7101,0,0,2247,446,200064880,69258693,69223169,1882857,0,0,0,0
2026-06-06 08:00:00,9783,2610,74,69,5528,0,68,9783,7088,0,0,2249,446,200080601,69256083,69220559,1882857,0,0,0,0
2026-06-06 09:00:00,9787,2608,74,69,5537,0,20,9787,7094,0,0,2247,446,200070982,69337957,69302433,1875757,0,0,0,0
2026-06-06 10:00:00,9777,2607,74,69,5532,0,18,9777,7086,0,0,2245,446,199970832,69323486,69287962,1875757,0,0,0,0
2026-06-06 11:00:00,9768,2609,74,69,5532,0,11,9768,7075,0,0,2247,446,199829606,69341706,69306182,1872757,0,0,0,0
2026-06-06 12:00:00,9783,2609,74,69,5537,0,16,9783,7089,0,0,2248,446,200142363,69326811,69291287,1875747,0,0,0,0
2026-06-06 13:00:00,9775,2604,74,69,5532,0,10,9775,7086,0,0,2244,445,200151793,69338288,69302764,1872729,0,0,0,0
2026-06-06 14:00:00,9739,2605,74,69,5513,0,9,9739,7050,0,0,2244,445,199901909,69422444,69386920,1893027,0,0,0,0
2026-06-06 15:00:00,9746,2608,74,69,5509,0,10,9746,7054,0,0,2247,445,199853472,69428376,69392852,1892627,0,0,0,0
2026-06-06 16:00:00,9763,2607,74,69,5679,0,21,9763,7071,0,0,2247,445,200207081,69445522,69409998,1892227,0,0,0,0
2026-06-06 17:00:00,9771,2608,74,69,5661,0,15,9771,7078,0,0,2249,444,200290468,69470355,69434831,1892627,0,0,0,0
2026-06-06 18:00:00,9761,2604,74,69,5651,0,12,9761,7072,0,0,2245,444,200164247,69442565,69406041,1894627,0,0,0,0
2026-06-06 19:00:00,9757,2606,74,69,5531,0,18,9757,7067,0,0,2247,443,200490836,69502994,69467470,1893101,0,0,0,0
2026-06-06 20:00:00,9753,2606,73,68,5530,0,18,9753,7064,0,0,2245,444,200312546,69522605,69487081,1865001,0,0,0,0
2026-06-06 21:00:00,9760,2610,73,68,5530,0,8,9760,7068,0,0,2248,444,200385083,69525449,69489925,1865301,0,0,0,0
2026-06-06 22:00:00,9759,2609,73,68,5524,0,8,9759,7067,0,0,2248,444,200435949,69531257,69494733,1864301,0,0,0,0
2026-06-06 23:00:00,9758,2607,70,65,5530,0,8,9758,7071,0,0,2244,443,200548030,69503383,69466859,1729301,0,0,0,0
2026-06-07 00:00:00,9742,2606,69,64,5532,0,8,9742,7057,0,0,2241,444,200244775,69449554,69413030,1691301,0,0,0,0
2026-06-07 01:00:00,9758,2607,75,69,5525,0,10,9758,7068,0,0,2245,445,200732439,69456185,69414461,1914501,0,0,0,0
2026-06-07 02:00:00,9758,2607,75,69,5533,0,10,9758,7068,0,0,2242,448,200864776,69471719,69435175,1909641,0,0,0,0
2026-06-07 03:00:00,9758,2609,75,69,5530,0,114,9758,7065,0,0,2245,448,201199657,69468911,69432367,1926661,0,0,0,0
2026-06-07 04:00:00,9762,2610,75,69,5528,0,12,9762,7068,0,0,2246,448,201068060,69520625,69484081,1926661,0,0,0,0
2026-06-07 05:00:00,9764,2607,75,69,5529,0,10,9764,7073,0,0,2242,449,201129282,69517409,69480865,1926561,0,0,0,0
2026-06-07 06:00:00,9757,2607,75,69,5530,0,10,9757,7067,0,0,2236,454,200941528,69553009,69516465,1924574,0,0,0,0
2026-06-07 07:00:00,9756,2603,75,69,5530,0,15,9756,7069,0,0,2233,454,200939966,69551784,69515240,1925574,0,0,0,0
2026-06-07 08:00:00,9772,2618,75,69,5531,0,16,9772,7070,0,0,2248,454,201160961,69611099,69569975,1937164,0,0,0,0
2026-06-07 09:00:00,9789,2643,75,69,5528,0,17,9789,7063,0,0,2272,454,201035623,69605669,69564545,1897454,0,0,0,0
2026-06-07 10:00:00,9791,2644,74,68,5523,0,15,9791,7065,0,0,2272,454,201263155,69656879,69615255,1895469,0,0,0,0
2026-06-07 11:00:00,9789,2649,75,69,5526,0,11,9789,7056,0,0,2279,454,201190230,69685432,69643808,1899669,0,0,0,0
2026-06-07 12:00:00,9789,2644,75,69,5524,0,19,9789,7061,0,0,2273,455,201042508,69610625,69569001,1899669,0,0,0,0
2026-06-07 13:00:00,9798,2650,75,69,5531,0,15,9798,7064,0,0,2279,455,201243027,69696867,69655243,1900669,0,0,0,0
2026-06-07 14:00:00,9797,2650,75,69,5534,0,16,9797,7064,0,0,2278,455,201264974,69749677,69708053,1900669,0,0,0,0
2026-06-07 15:00:00,9807,2655,75,69,5538,0,9,9807,7069,0,0,2283,455,201607855,69850301,69808577,1900659,0,0,0,0
2026-06-07 16:00:00,9798,2660,75,69,5533,0,17,9798,7054,0,0,2288,456,201809771,69856560,69814936,1901559,0,0,0,0
2026-06-07 17:00:00,9799,2659,75,69,5539,0,6,9799,7056,0,0,2287,456,201796997,69701706,69660082,1911659,0,0,0,0
2026-06-07 18:00:00,9800,2658,75,69,5544,0,9,9800,7058,0,0,2286,456,202009930,69821239,69779615,1907659,0,0,0,0
2026-06-07 19:00:00,9793,2653,74,68,5549,0,16,9793,7058,0,0,2279,456,202219653,69821641,69780017,1860659,0,0,0,0
2026-06-07 20:00:00,9803,2655,74,68,5547,0,11,9803,7066,0,0,2282,455,202337800,69837449,69795825,1860140,0,0,0,0
2026-06-07 21:00:00,9810,2656,74,68,5548,0,12,9810,7071,0,0,2283,456,202242951,69813940,69772316,1859949,0,0,0,0
2026-06-07 22:00:00,9797,2652,73,67,5543,0,12,9797,7062,0,0,2279,456,202042642,69742890,69701266,1803949,0,0,0,0
2026-06-07 23:00:00,9796,2651,72,66,5537,0,9,9796,7063,0,0,2277,456,202113782,69752158,69710534,1766949,0,0,0,0
2026-06-08 00:00:00,9814,2663,72,66,5547,0,10,9814,7070,0,0,2288,456,202437221,69869391,69827767,1766949,0,0,0,0
2026-06-08 01:00:00,9832,2663,75,69,5547,0,6,9832,7085,0,0,2291,456,203178556,69889151,69847527,1922049,0,0,0,0
2026-06-08 02:00:00,9821,2660,74,68,5540,0,18,9821,7077,0,0,2288,456,203094075,69912858,69871534,1919539,0,0,0,0
2026-06-08 03:00:00,9819,2659,75,69,5536,0,13,9819,7075,0,0,2288,456,203265463,70026803,69985479,1905839,0,0,0,0
2026-06-08 04:00:00,9820,2658,75,69,5537,0,6,9820,7078,0,0,2286,456,203388058,70041350,70000026,1902839,0,0,0,0
2026-06-08 05:00:00,9829,2660,74,68,5542,0,9,9829,7086,0,0,2287,456,203557317,70092249,70050925,1894449,0,0,0,0
2026-06-08 06:00:00,9820,2659,75,69,5542,0,7,9820,7076,0,0,2289,455,203472518,70071058,70029734,1899649,0,0,0,0
2026-06-08 07:00:00,9821,2661,75,69,5543,0,7,9821,7075,0,0,2290,456,203514408,70089864,70048540,1896549,0,0,0,0
2026-06-08 08:00:00,9827,2662,75,69,5536,0,11,9827,7081,0,0,2290,456,203333152,69975967,69934643,1896649,0,0,0,0
2026-06-08 09:00:00,9813,2663,75,69,5535,0,13,9813,7066,0,0,2292,455,203220030,69932808,69891484,1898328,0,0,0,0
2026-06-08 10:00:00,9809,2662,75,69,5538,0,11,9809,7062,0,0,2292,455,203392864,69910493,69869169,1900319,0,0,0,0
2026-06-08 11:00:00,9796,2659,75,69,5541,0,16,9796,7054,0,0,2287,455,203376603,69932515,69891191,1899319,0,0,0,0
2026-06-08 12:00:00,9776,2657,75,69,5526,0,19,9776,7036,0,0,2285,455,203301764,69902411,69861087,1896319,0,0,0,0
2026-06-08 13:00:00,9773,2658,74,68,5526,0,14,9773,7031,0,0,2287,455,203365414,70029851,69988527,1891120,0,0,0,0
2026-06-08 14:00:00,9787,2661,75,69,5525,0,10,9787,7041,0,0,2292,454,203328963,70028151,69986827,1895320,0,0,0,0
2026-06-08 15:00:00,9794,2670,75,69,5657,0,28,9794,7040,0,0,2300,454,213153286,70609591,70562849,1846746,0,0,0,0
2026-06-08 16:00:00,9775,2666,75,69,5656,0,12,9775,7026,0,0,2294,455,212885192,70490087,70443345,1845506,0,0,0,0
2026-06-08 17:00:00,9786,2661,75,69,5652,0,16,9786,7041,0,0,2291,454,213011287,70481081,70433339,1846516,0,0,0,0
2026-06-08 18:00:00,9790,2659,75,69,5654,0,27,9790,7047,0,0,2288,455,212975239,70443156,70395814,1846116,0,0,0,0
2026-06-08 19:00:00,9788,2660,74,68,5656,0,15,9788,7045,0,0,2288,455,212962097,70480955,70433613,1841916,0,0,0,0
2026-06-08 20:00:00,9779,2654,73,67,5658,0,16,9779,7043,0,0,2283,453,212844373,70484254,70436912,1741516,0,0,0,0
2026-06-08 21:00:00,9786,2659,73,67,5529,0,17,9786,7045,0,0,2289,452,203064244,69852402,69811078,1804411,0,0,0,0
2026-06-08 22:00:00,9792,2656,73,67,5529,0,13,9792,7055,0,0,2286,451,203020425,69862372,69821148,1800291,0,0,0,0
2026-06-08 23:00:00,9781,2656,73,67,5527,0,12,9781,7043,0,0,2287,451,203082576,69862861,69821637,1800191,0,0,0,0
2026-06-09 00:00:00,9775,2657,73,66,5526,0,8,9775,7036,0,0,2287,452,203011482,69867201,69825977,1772791,0,0,0,0
2026-06-09 01:00:00,9796,2658,76,69,5646,0,8,9796,7054,0,0,2290,452,203568540,69881330,69835506,1911611,0,0,0,0
2026-06-09 02:00:00,9817,2663,76,69,5649,0,6,9817,7070,0,0,2295,452,203602978,69800626,69754802,1898621,0,0,0,0
2026-06-09 03:00:00,9815,2663,76,69,5644,0,9,9815,7069,0,0,2294,452,203395204,69774767,69728943,1888921,0,0,0,0
2026-06-09 04:00:00,9816,2658,76,69,5646,0,13,9816,7075,0,0,2289,452,203602222,69725357,69679533,1887921,0,0,0,0
2026-06-09 05:00:00,9805,2657,76,69,5637,0,12,9805,7065,0,0,2288,452,203476417,69774266,69728442,1888922,0,0,0,0
2026-06-09 06:00:00,9816,2655,76,69,5639,0,13,9816,7077,0,0,2289,450,203499859,69814176,69768352,1888832,0,0,0,0
2026-06-09 07:00:00,9823,2662,76,69,5639,0,24,9823,7077,0,0,2294,452,203796461,70062328,70016504,1899831,0,0,0,0
2026-06-09 08:00:00,9815,2662,76,69,5640,0,20,9815,7069,0,0,2294,452,203739945,70062540,70016716,1899832,0,0,0,0
2026-06-09 09:00:00,9808,2659,76,69,5632,0,28,9808,7065,0,0,2291,452,203713909,70046413,70000589,1899841,0,0,0,0
2026-06-09 10:00:00,9810,2660,76,69,5628,0,25,9810,7066,0,0,2292,452,203621706,70003001,69957177,1899541,0,0,0,0
2026-06-09 11:00:00,9808,2660,76,69,5629,0,11,9808,7065,0,0,2291,452,203798882,69997172,69951348,1898712,0,0,0,0
2026-06-09 12:00:00,9802,2660,76,69,5627,0,13,9802,7058,0,0,2292,452,203743255,69951299,69905475,1900112,0,0,0,0
2026-06-09 13:00:00,9797,2663,76,69,5624,0,16,9797,7050,0,0,2295,452,203581979,69933673,69887849,1905212,0,0,0,0
2026-06-09 14:00:00,9810,2663,76,69,5628,0,15,9810,7063,0,0,2295,452,203744658,69931992,69886168,1906412,0,0,0,0
2026-06-09 15:00:00,9807,2664,76,69,5629,0,17,9807,7059,0,0,2297,451,203763340,69930171,69884347,1905423,0,0,0,0
2026-06-09 16:00:00,9794,2665,76,69,5630,0,17,9794,7046,0,0,2296,452,203672279,69929982,69884158,1905523,0,0,0,0
2026-06-09 17:00:00,9783,2668,76,69,5624,0,11,9783,7032,0,0,2298,453,203589391,69926530,69880706,1905523,0,0,0,0
2026-06-09 18:00:00,9780,2659,76,69,5631,0,13,9780,7037,0,0,2298,445,203555600,69918003,69872179,1905153,0,0,0,0
2026-06-09 19:00:00,9794,2669,74,67,5624,0,15,9794,7043,0,0,2298,453,203478311,69818863,69773039,1820953,0,0,0,0
2026-06-09 20:00:00,9819,2674,74,67,5627,0,15,9819,7063,0,0,2303,453,203532795,69793099,69747275,1818593,0,0,0,0
2026-06-09 21:00:00,9833,2675,74,67,5624,0,19,9833,7077,0,0,2303,453,203840537,69894670,69848846,1816573,0,0,0,0
2026-06-09 22:00:00,9828,2663,74,68,5622,0,21,9828,7083,0,0,2292,453,203575306,69797205,69755981,1820073,0,0,0,0
2026-06-09 23:00:00,9823,2663,74,68,5623,0,19,9823,7077,0,0,2293,453,203733964,69828395,69787171,1819173,0,0,0,0
2026-06-10 00:00:00,9815,2661,72,66,5626,0,21,9815,7074,0,0,2290,451,203726918,69813700,69772476,1747273,0,0,0,0
2026-06-10 01:00:00,9833,2661,76,70,5628,0,22,9833,7087,0,0,2295,451,204290877,69783118,69741894,1921373,0,0,0,0
2026-06-10 02:00:00,9833,2666,76,70,5627,0,28,9833,7082,0,0,2298,453,204160680,69821240,69780016,1919384,0,0,0,0
2026-06-10 03:00:00,9832,2664,76,70,5628,0,15,9832,7083,0,0,2295,454,204199570,69736818,69695594,1940494,0,0,0,0
2026-06-10 04:00:00,9826,2662,76,70,5626,0,17,9826,7080,0,0,2293,453,204142861,69729989,69688765,1942404,0,0,0,0
2026-06-10 05:00:00,9837,2663,76,70,5630,0,15,9837,7090,0,0,2294,453,204077367,69723950,69682726,1903594,0,0,0,0
2026-06-10 06:00:00,9824,2664,75,69,5628,0,10,9824,7076,0,0,2295,453,203781519,69595860,69554636,1897504,0,0,0,0
2026-06-10 07:00:00,9833,2661,75,69,5622,0,10,9833,7088,0,0,2291,454,203660977,69481730,69440506,1895904,0,0,0,0
2026-06-10 08:00:00,9829,2658,76,70,5620,0,14,9829,7086,0,0,2288,455,203673752,69457748,69416624,1908418,0,0,0,0
2026-06-10 09:00:00,9825,2650,76,70,5608,0,16,9825,7090,0,0,2290,445,203577123,69397811,69356687,1909380,0,0,0,0
2026-06-10 10:00:00,9813,2648,76,70,5603,0,12,9813,7081,0,0,2287,445,203461906,69354803,69313679,1909380,0,0,0,0
2026-06-10 11:00:00,9828,2651,76,70,5606,0,20,9828,7092,0,0,2291,445,203678805,69414613,69373489,1909380,0,0,0,0
2026-06-10 12:00:00,9839,2664,75,69,5623,0,13,9839,7092,0,0,2293,454,203693185,69512762,69471638,1877380,0,0,0,0
2026-06-10 13:00:00,9854,2664,75,69,5625,0,11,9854,7106,0,0,2294,454,203705961,69476742,69435618,1877080,0,0,0,0
2026-06-10 14:00:00,9845,2669,75,69,5626,0,11,9845,7092,0,0,2296,457,203764430,69578786,69537662,1877090,0,0,0,0
2026-06-10 15:00:00,9850,2672,75,69,5626,0,7,9850,7094,0,0,2299,457,203851026,69690751,69649627,1878090,0,0,0,0
2026-06-10 16:00:00,9826,2667,75,69,5621,0,9,9826,7076,0,0,2294,456,203610066,69624789,69583665,1887068,0,0,0,0
2026-06-10 17:00:00,9818,2668,75,69,5624,0,12,9818,7067,0,0,2295,456,203810956,69720496,69679372,1887158,0,0,0,0
2026-06-10 18:00:00,9825,2665,74,68,5625,0,9,9825,7078,0,0,2291,456,203711195,69720685,69679561,1863058,0,0,0,0
2026-06-10 19:00:00,9834,2667,73,67,5627,0,12,9834,7086,0,0,2292,456,203777885,69526246,69485122,1833058,0,0,0,0
2026-06-10 20:00:00,9829,2664,73,67,5628,0,14,9829,7084,0,0,2289,456,203790209,69492465,69451341,1834548,0,0,0,0
2026-06-10 21:00:00,9832,2664,73,67,5629,0,14,9832,7087,0,0,2289,456,203786749,69472654,69431530,1834548,0,0,0,0
2026-06-10 22:00:00,9845,2667,75,67,5632,0,16,9845,7097,0,0,2291,457,204057196,69480875,69433650,1839439,0,0,0,0
2026-06-10 23:00:00,9849,2667,75,67,5630,0,11,9849,7101,0,0,2292,456,204061754,69463095,69415870,1840539,0,0,0,0
2026-06-11 00:00:00,9846,2668,75,67,5634,0,7,9846,7097,0,0,2293,456,203982788,69449297,69402072,1839539,0,0,0,0
2026-06-11 01:00:00,9867,2671,78,70,5632,0,15,9867,7112,0,0,2297,458,204542785,69482207,69434982,1954149,0,0,0,0
2026-06-11 02:00:00,9866,2670,78,70,5632,0,16,9866,7112,0,0,2296,458,204478220,69449760,69402535,1954249,0,0,0,0
2026-06-11 03:00:00,9862,2668,78,70,5635,0,16,9862,7110,0,0,2293,459,204553558,69465461,69418136,1954349,0,0,0,0
2026-06-11 04:00:00,9856,2671,78,70,5630,0,11,9856,7101,0,0,2296,459,204437091,69426582,69379357,1954149,0,0,0,0
2026-06-11 05:00:00,9877,2671,78,70,5632,0,29,9877,7122,0,0,2296,459,204392358,69399292,69352067,1955049,0,0,0,0
2026-06-11 06:00:00,9864,2670,78,70,5628,0,19,9864,7110,0,0,2295,459,204226035,69405572,69358347,1963449,0,0,0,0
2026-06-11 07:00:00,9863,2667,78,70,5624,0,20,9863,7112,0,0,2292,459,204146082,69395461,69339237,1971348,0,0,0,0
2026-06-11 08:00:00,9858,2669,78,70,5621,0,15,9858,7105,0,0,2295,458,204002034,69428006,69371782,1970248,0,0,0,0
2026-06-11 09:00:00,9856,2669,77,70,5628,0,11,9856,7103,0,0,2294,459,203939061,69389995,69340371,1963538,0,0,0,0
2026-06-11 10:00:00,9858,2669,77,70,5629,0,11,9858,7105,0,0,2294,459,203860738,69356185,69306561,1963838,0,0,0,0
2026-06-11 11:00:00,9861,2668,77,70,5627,0,19,9861,7109,0,0,2293,459,203680747,69064781,69015257,1964727,0,0,0,0
2026-06-11 12:00:00,9863,2667,76,71,5625,0,19,9863,7111,0,0,2294,458,203603334,69008561,68972337,1959737,0,0,0,0
2026-06-11 13:00:00,9868,2668,76,71,5629,0,8,9868,7115,0,0,2295,458,203646932,69051495,69015271,1966237,0,0,0,0
2026-06-11 14:00:00,9861,2666,75,70,5626,0,8,9861,7111,0,0,2292,458,203488722,69043333,69007109,1957224,0,0,0,0
2026-06-11 15:00:00,9876,2662,75,70,5621,0,12,9876,7130,0,0,2292,454,203469602,68898073,68861849,1957814,0,0,0,0
2026-06-11 16:00:00,9876,2662,75,70,5617,0,13,9876,7130,0,0,2290,456,203549006,68979124,68942900,1959814,0,0,0,0
2026-06-11 17:00:00,9873,2666,75,70,5621,0,10,9873,7123,0,0,2292,458,203796776,69142197,69105973,1915714,0,0,0,0
2026-06-11 18:00:00,9870,2662,75,70,5625,0,9,9870,7124,0,0,2289,457,203697496,69032385,68996161,1915804,0,0,0,0
2026-06-11 19:00:00,9871,2661,75,70,5623,0,15,9871,7126,0,0,2288,457,203708152,69108451,69072227,1913804,0,0,0,0
2026-06-11 20:00:00,9879,2669,75,70,5623,0,13,9879,7126,0,0,2296,457,203988771,69162080,69125856,1915804,0,0,0,0
2026-06-11 21:00:00,9872,2666,74,69,5624,0,12,9872,7123,0,0,2292,457,203972743,69174408,69138184,1912604,0,0,0,0
2026-06-11 22:00:00,9881,2667,75,70,5628,0,15,9881,7130,0,0,2293,458,203874825,69146819,69110595,1918504,0,0,0,0
2026-06-11 23:00:00,9896,2677,76,70,5621,0,23,9896,7135,0,0,2302,459,204106074,69379421,69343196,1916505,0,0,0,0
2026-06-12 00:00:00,9897,2679,73,67,5620,0,10,9897,7137,0,0,2301,459,204020101,69406810,69358586,1812504,0,0,0,0
2026-06-12 01:00:00,9906,2679,76,70,5622,0,15,9906,7143,0,0,2304,459,204583077,69430891,69382667,1926494,0,0,0,0
2026-06-12 02:00:00,9905,2679,76,70,5607,0,9,9905,7142,0,0,2304,459,204436348,69408390,69362866,1922684,0,0,0,0
2026-06-12 03:00:00,9894,2676,76,70,5604,0,6,9894,7134,0,0,2302,458,204301417,69163242,69117718,1923484,0,0,0,0
2026-06-12 04:00:00,9893,2677,76,70,5606,0,11,9893,7132,0,0,2303,458,204236729,69136542,69091018,1926506,0,0,0,0
2026-06-12 05:00:00,9936,2679,76,70,5605,0,13,9936,7173,0,0,2304,459,204371931,69169988,69124464,1931476,0,0,0,0
2026-06-12 06:00:00,9933,2678,76,70,5608,0,21,9933,7171,0,0,2303,459,204160499,69192037,69146513,1930367,0,0,0,0
2026-06-12 07:00:00,9923,2676,76,70,5604,0,13,9923,7163,0,0,2301,459,204058151,69242608,69197084,1929581,0,0,0,0
2026-06-12 08:00:00,9924,2676,76,70,5606,0,33,9924,7164,0,0,2301,459,204143118,69240288,69194764,1929881,0,0,0,0
2026-06-12 09:00:00,9928,2677,76,70,5623,0,6,9928,7167,0,0,2302,459,204145164,69223190,69177666,1929881,0,0,0,0
2026-06-12 10:00:00,9917,2676,75,69,5624,0,14,9917,7158,0,0,2300,459,203999419,69201429,69155905,1926581,0,0,0,0
2026-06-12 11:00:00,9903,2672,76,70,5622,0,12,9903,7147,0,0,2297,459,203748755,69095719,69050195,1931681,0,0,0,0
2026-06-12 12:00:00,9897,2673,76,70,5622,0,12,9897,7140,0,0,2298,459,203635082,69097579,69052055,1921681,0,0,0,0
2026-06-12 13:00:00,9901,2675,76,70,5623,0,14,9901,7142,0,0,2300,459,203680826,69113629,69069105,1920681,0,0,0,0
2026-06-12 14:00:00,9905,2677,76,70,5618,0,12,9905,7144,0,0,2302,459,203771034,69094219,69049695,1934639,0,0,0,0
2026-06-12 15:00:00,9899,2675,76,70,5608,0,20,9899,7140,0,0,2300,459,203662566,68978716,68934192,1932919,0,0,0,0
2026-06-12 16:00:00,9906,2681,76,70,5610,0,22,9906,7141,0,0,2306,459,203590678,69093088,69048564,1933919,0,0,0,0
2026-06-12 17:00:00,9901,2684,76,70,5604,0,21,9901,7133,0,0,2309,459,203332907,69076210,69031686,1931920,0,0,0,0
2026-06-12 18:00:00,9904,2685,76,70,5610,0,12,9904,7135,0,0,2310,459,203525110,69081201,69036677,1930210,0,0,0,0
2026-06-12 19:00:00,9901,2678,76,70,5610,0,15,9901,7139,0,0,2303,459,203676623,69113781,69068557,1934199,0,0,0,0
2026-06-12 20:00:00,9895,2674,76,70,5600,0,15,9895,7137,0,0,2305,453,203542417,69087783,69042559,1935989,0,0,0,0
2026-06-12 21:00:00,9888,2674,75,69,5597,0,13,9888,7131,0,0,2306,451,203311162,69066723,69021499,1935189,0,0,0,0
2026-06-12 22:00:00,9888,2674,76,70,5602,0,15,9888,7130,0,0,2307,451,203548661,69068685,69023461,1938490,0,0,0,0
2026-06-12 23:00:00,9899,2675,76,70,5601,0,12,9899,7140,0,0,2308,451,203661196,69077145,69031921,1938490,0,0,0,0
2026-06-13 00:00:00,9882,2672,72,66,5598,0,19,9882,7130,0,0,2301,451,203592189,69048724,69003500,1784490,0,0,0,0
2026-06-13 01:00:00,9896,2667,76,70,5599,0,17,9896,7145,0,0,2300,451,204206260,69091121,69045897,1939530,0,0,0,0
2026-06-13 02:00:00,9897,2671,76,70,5597,0,16,9897,7142,0,0,2304,451,204150737,69080301,69035077,1938520,0,0,0,0
2026-06-13 03:00:00,9897,2671,75,69,5596,0,12,9897,7143,0,0,2304,450,204096726,69030124,68984900,1934220,0,0,0,0
2026-06-13 04:00:00,9896,2669,76,70,5594,0,9,9896,7143,0,0,2303,450,204004692,69010824,68965600,1938520,0,0,0,0
2026-06-13 05:00:00,9896,2668,76,70,5592,0,15,9896,7144,0,0,2302,450,203836373,68963864,68918640,1936120,0,0,0,0
2026-06-13 06:00:00,9887,2665,76,70,5594,0,7,9887,7138,0,0,2299,450,203654166,68916513,68871289,1936709,0,0,0,0
2026-06-13 07:00:00,9896,2669,76,70,5592,0,9,9896,7143,0,0,2303,450,203417660,68963241,68918017,1936709,0,0,0,0
2026-06-13 08:00:00,9889,2668,76,70,5587,0,11,9889,7137,0,0,2302,450,203345575,68814523,68769299,1937706,0,0,0,0
2026-06-13 09:00:00,9874,2663,76,70,5583,0,8,9874,7127,0,0,2299,448,203102373,68781439,68736215,1937004,0,0,0,0
2026-06-13 10:00:00,9883,2669,76,70,5585,0,20,9883,7130,0,0,2297,456,203129735,68819208,68773984,1937235,0,0,0,0
2026-06-13 11:00:00,9886,2672,76,70,5588,0,10,9886,7130,0,0,2300,456,203150560,68848429,68803205,1927334,0,0,0,0
2026-06-13 12:00:00,9902,2671,76,70,5589,0,9,9902,7147,0,0,2299,456,203113730,68827379,68782155,1926336,0,0,0,0
2026-06-13 13:00:00,9897,2671,76,70,5585,0,11,9897,7142,0,0,2299,456,203039086,68770685,68723461,1929496,0,0,0,0
2026-06-13 14:00:00,9897,2661,76,70,5588,0,9,9897,7152,0,0,2290,455,202967426,68586768,68539544,1929949,0,0,0,0
2026-06-13 15:00:00,9892,2663,76,70,5590,0,14,9892,7145,0,0,2291,456,202837398,68616878,68569654,1932849,0,0,0,0
2026-06-13 16:00:00,9885,2658,76,71,5589,0,8,9885,7141,0,0,2288,456,202730719,68508746,68473522,1932909,0,0,0,0
2026-06-13 17:00:00,9885,2659,76,71,5589,0,10,9885,7140,0,0,2289,456,202749242,68533599,68498375,1929289,0,0,0,0
2026-06-13 18:00:00,9879,2657,76,71,5587,0,17,9879,7136,0,0,2287,456,202720493,68506559,68471335,1928289,0,0,0,0
2026-06-13 19:00:00,9879,2656,76,71,5589,0,9,9879,7137,0,0,2286,456,202672258,68471579,68436355,1930289,0,0,0,0
2026-06-13 20:00:00,9866,2649,76,71,5590,0,6,9866,7131,0,0,2287,448,202569614,68439459,68404235,1934289,0,0,0,0
2026-06-13 21:00:00,9857,2634,76,71,5603,0,6,9857,7137,0,0,2272,448,203081012,68291572,68256348,1932197,0,0,0,0
2026-06-13 22:00:00,9823,2616,76,71,5599,0,9,9823,7121,0,0,2246,456,202155236,67960173,67923948,1928198,0,0,0,0
2026-06-13 23:00:00,9830,2618,76,71,5603,0,7,9830,7126,0,0,2248,456,202735549,67981694,67945469,1927398,0,0,0,0
2026-06-14 00:00:00,9814,2615,72,67,5600,0,8,9814,7119,0,0,2240,455,202841206,68188066,68151841,1776598,0,0,0,0
2026-06-14 01:00:00,9834,2614,76,71,5600,0,15,9834,7136,0,0,2244,454,203297223,67974267,67938042,1928008,0,0,0,0
2026-06-14 02:00:00,9832,2613,75,70,5600,0,14,9832,7136,0,0,2241,455,203321430,67936338,67900113,1923188,0,0,0,0
2026-06-14 03:00:00,9835,2614,76,71,5604,0,16,9835,7137,0,0,2243,455,203515006,68103417,68067192,1928488,0,0,0,0
2026-06-14 04:00:00,9820,2613,76,71,5604,0,25,9820,7122,0,0,2243,455,203387446,68121495,68085270,1927388,0,0,0,0
2026-06-14 05:00:00,9836,2615,76,71,5606,0,21,9836,7137,0,0,2243,456,203526052,68171342,68135117,1927501,0,0,0,0
2026-06-14 06:00:00,9832,2613,76,71,5608,0,20,9832,7135,0,0,2242,455,203499968,68142763,68106538,1927401,0,0,0,0
2026-06-14 07:00:00,9832,2615,75,70,5605,0,16,9832,7134,0,0,2242,456,203369780,68112152,68075927,1923101,0,0,0,0
2026-06-14 08:00:00,9838,2612,76,71,5604,0,12,9838,7142,0,0,2242,454,203036252,68032250,67996026,1939300,0,0,0,0
2026-06-14 09:00:00,9836,2613,76,71,5608,0,11,9836,7139,0,0,2243,454,203017034,68030751,67994526,1939201,0,0,0,0
2026-06-14 10:00:00,9842,2615,76,71,5608,0,7,9842,7143,0,0,2245,454,203029305,68024171,67987946,1938201,0,0,0,0
2026-06-14 11:00:00,9842,2615,76,71,5607,0,8,9842,7143,0,0,2245,454,203134821,68038601,68002376,1937101,0,0,0,0
2026-06-14 12:00:00,9835,2616,76,71,5604,0,12,9835,7135,0,0,2246,454,203139924,68014121,67977896,1937821,0,0,0,0
2026-06-14 13:00:00,9844,2614,76,71,5602,0,13,9844,7145,0,0,2245,454,203077551,67996972,67960747,1940621,0,0,0,0
2026-06-14 14:00:00,9847,2616,76,71,5605,0,9,9847,7146,0,0,2245,456,203217244,68071772,68035547,1936621,0,0,0,0
2026-06-14 15:00:00,9837,2615,76,71,5606,0,14,9837,7137,0,0,2245,455,203088229,68006262,67970037,1940321,0,0,0,0
2026-06-14 16:00:00,9832,2615,76,71,5606,0,10,9832,7132,0,0,2245,455,203386792,68052074,68015849,1958021,0,0,0,0
2026-06-14 17:00:00,9822,2617,76,71,5603,0,12,9822,7120,0,0,2246,456,203265891,68094206,68057981,1958021,0,0,0,0
2026-06-14 18:00:00,9813,2612,76,71,5596,0,7,9813,7116,0,0,2246,451,203092595,67874385,67838160,1935941,0,0,0,0
2026-06-14 19:00:00,9826,2610,76,71,5588,0,17,9826,7131,0,0,2247,448,203006534,67814306,67778081,1939951,0,0,0,0
2026-06-14 20:00:00,9837,2613,76,71,5589,0,13,9837,7139,0,0,2247,451,203073477,67855606,67819381,1939951,0,0,0,0
2026-06-14 21:00:00,9830,2616,76,71,5592,0,10,9830,7129,0,0,2246,455,203357393,67925983,67889758,1939949,0,0,0,0
2026-06-14 22:00:00,9830,2613,75,70,5593,0,15,9830,7133,0,0,2242,455,203295501,67880783,67844558,1935649,0,0,0,0
2026-06-14 23:00:00,9824,2613,75,70,5585,0,17,9824,7127,0,0,2242,455,203205472,67943003,67906778,1935649,0,0,0,0
2026-06-15 00:00:00,9826,2615,74,69,5583,0,13,9826,7128,0,0,2242,456,203122687,67918214,67882089,1846748,0,0,0,0
2026-06-15 01:00:00,9848,2618,76,71,5582,0,14,9848,7145,0,0,2247,456,203669948,67890519,67854394,1940848,0,0,0,0
2026-06-15 02:00:00,9836,2617,76,71,5581,0,18,9836,7134,0,0,2247,455,203533935,67806184,67770059,1930848,0,0,0,0
2026-06-15 03:00:00,9838,2614,76,71,5585,0,21,9838,7139,0,0,2245,454,203423967,67601276,67565151,1929848,0,0,0,0
2026-06-15 04:00:00,9826,2611,76,71,5584,0,24,9826,7130,0,0,2243,453,203138748,67558466,67522341,1929248,0,0,0,0
2026-06-15 05:00:00,9833,2614,76,71,5581,0,19,9833,7134,0,0,2246,453,203809725,67693722,67657597,1934348,0,0,0,0
2026-06-15 06:00:00,9833,2613,76,71,5577,0,43,9833,7135,0,0,2245,453,203687908,67702699,67666574,1934348,0,0,0,0
2026-06-15 07:00:00,9821,2612,74,69,5577,0,12,9821,7126,0,0,2242,453,203617140,67678133,67642608,1913258,0,0,0,0
2026-06-15 08:00:00,9832,2618,75,70,5581,0,17,9832,7130,0,0,2249,453,203446964,67672634,67637109,1917558,0,0,0,0
2026-06-15 09:00:00,9835,2618,75,70,5579,0,16,9835,7133,0,0,2249,453,203489895,67656745,67621220,1907558,0,0,0,0
2026-06-15 10:00:00,9827,2615,75,70,5578,0,11,9827,7128,0,0,2246,453,203421052,67625658,67590133,1908839,0,0,0,0
2026-06-15 11:00:00,9824,2613,75,70,5577,0,7,9824,7127,0,0,2245,452,203502222,67640359,67604834,1908839,0,0,0,0
2026-06-15 12:00:00,9824,2612,75,70,5566,0,18,9824,7128,0,0,2243,453,203166386,67603699,67568174,1906279,0,0,0,0
2026-06-15 13:00:00,9816,2618,74,69,5569,0,12,9816,7115,0,0,2247,454,203086067,67755809,67720284,1875379,0,0,0,0
2026-06-15 14:00:00,9806,2616,74,69,5574,0,13,9806,7107,0,0,2245,454,202952052,67627799,67592274,1874379,0,0,0,0
2026-06-15 15:00:00,9816,2613,74,69,5578,0,7,9816,7120,0,0,2242,454,203088802,67596562,67561037,1874489,0,0,0,0
2026-06-15 16:00:00,9828,2614,76,71,5584,0,5,9828,7129,0,0,2243,456,203449181,67602586,67567061,1874489,0,0,0,0
2026-06-15 17:00:00,9828,2616,77,71,5584,0,8,9828,7127,0,0,2242,459,203342315,67671945,67636400,1873609,0,0,0,0
2026-06-15 18:00:00,9825,2620,77,71,5586,0,8,9825,7120,0,0,2246,459,203273376,67672235,67636690,1873599,0,0,0,0
2026-06-15 19:00:00,9818,2615,77,71,5580,0,14,9818,7118,0,0,2242,458,203228353,67633595,67595870,1875780,0,0,0,0
2026-06-15 20:00:00,9791,2616,77,71,5553,0,10,9791,7090,0,0,2243,458,200769795,67661366,67623641,1875381,0,0,0,0
2026-06-15 21:00:00,9820,2617,77,71,5577,0,14,9820,7118,0,0,2244,458,203243646,67696576,67658851,1872491,0,0,0,0
2026-06-15 22:00:00,9825,2620,76,70,5573,0,15,9825,7121,0,0,2246,458,203664351,67840909,67803184,1832391,0,0,0,0
2026-06-15 23:00:00,9837,2624,76,70,5572,0,13,9837,7129,0,0,2250,458,204242201,68309189,68271464,1832511,0,0,0,0
2026-06-16 00:00:00,9836,2624,74,68,5575,0,20,9836,7130,0,0,2248,458,204198039,68324877,68287152,1749171,0,0,0,0
2026-06-16 01:00:00,9853,2624,78,72,5571,0,26,9853,7143,0,0,2252,458,204721023,68310112,68272387,1913171,0,0,0,0
2026-06-16 02:00:00,9851,2628,78,72,5568,0,11,9851,7137,0,0,2255,459,204442042,68289772,68252047,1925191,0,0,0,0
2026-06-16 03:00:00,9844,2625,78,72,5565,0,8,9844,7133,0,0,2253,458,204491206,68217684,68179959,1914200,0,0,0,0
2026-06-16 04:00:00,9832,2617,78,72,5557,0,8,9832,7129,0,0,2244,459,204431907,68233078,68195353,1912099,0,0,0,0
2026-06-16 05:00:00,9838,2618,78,72,5557,0,12,9838,7134,0,0,2245,459,204607318,68276189,68239464,1910099,0,0,0,0
2026-06-16 06:00:00,9837,2617,78,72,5555,0,11,9837,7134,0,0,2244,459,204533267,68261261,68224536,1910499,0,0,0,0
2026-06-16 07:00:00,9839,2616,78,72,5554,0,10,9839,7137,0,0,2243,459,204451220,68266129,68229404,1910499,0,0,0,0
2026-06-16 08:00:00,9833,2617,78,72,5554,0,11,9833,7130,0,0,2244,459,204294512,68290619,68253894,1906499,0,0,0,0
2026-06-16 09:00:00,9838,2616,78,72,5559,0,17,9838,7136,0,0,2243,459,204413908,68273809,68238084,1904507,0,0,0,0
2026-06-16 10:00:00,9843,2620,78,72,5559,0,16,9843,7137,0,0,2247,459,204423931,68294280,68258555,1915117,0,0,0,0
2026-06-16 11:00:00,9830,2620,78,72,5554,0,9,9830,7124,0,0,2247,459,204252462,68295003,68259278,1904117,0,0,0,0
2026-06-16 12:00:00,9835,2623,78,72,5554,0,6,9835,7126,0,0,2250,459,204191785,68290897,68255172,1904018,0,0,0,0
2026-06-16 13:00:00,9840,2624,78,72,5553,0,15,9840,7130,0,0,2251,459,204199985,68273815,68237690,1905411,0,0,0,0
2026-06-16 14:00:00,9838,2623,78,72,5556,0,23,9838,7129,0,0,2250,459,204123221,68334132,68297307,1908111,0,0,0,0
2026-06-16 15:00:00,9839,2621,78,72,5557,0,16,9839,7132,0,0,2248,459,204020953,68334714,68297889,1908111,0,0,0,0
2026-06-16 16:00:00,9832,2622,77,71,5558,0,17,9832,7125,0,0,2248,459,203875058,68324224,68287399,1901991,0,0,0,0
2026-06-16 17:00:00,9836,2622,78,72,5552,0,16,9836,7128,0,0,2249,459,215267845,72667050,72629825,1970187,0,0,0,0
2026-06-16 18:00:00,9824,2620,78,72,5549,0,17,9824,7118,0,0,2248,458,215114106,72631793,72593068,1973707,0,0,0,0
2026-06-16 19:00:00,9832,2637,78,72,5550,0,16,9832,7109,0,0,2265,458,215068039,72648503,72610178,1973307,0,0,0,0
2026-06-16 20:00:00,9821,2623,78,72,5551,0,11,9821,7112,0,0,2259,450,214985129,72606553,72568228,1962307,0,0,0,0
2026-06-16 21:00:00,9830,2633,78,72,5546,0,6,9830,7111,0,0,2261,458,215048780,72628929,72590604,1962307,0,0,0,0
2026-06-16 22:00:00,9822,2624,77,71,5539,0,10,9822,7113,0,0,2251,458,205826097,69236755,69198530,1862138,0,0,0,0
2026-06-16 23:00:00,9830,2630,77,71,5535,0,7,9830,7115,0,0,2259,456,205651892,69322569,69284344,1861138,0,0,0,0
2026-06-17 00:00:00,9827,2633,72,66,5532,0,6,9827,7114,0,0,2257,456,205674936,69414936,69376711,1704838,0,0,0,0
2026-06-17 01:00:00,9836,2629,77,71,5537,0,10,9836,7122,0,0,2258,456,206388048,69342932,69304707,1888138,0,0,0,0
2026-06-17 02:00:00,9842,2628,77,71,5533,0,13,9842,7129,0,0,2257,456,206553986,69339266,69301041,1889238,0,0,0,0
2026-06-17 03:00:00,9845,2629,77,71,5537,0,12,9845,7131,0,0,2258,456,206786649,69405375,69367150,1887938,0,0,0,0
2026-06-17 04:00:00,9828,2624,77,71,5527,0,14,9828,7119,0,0,2253,456,206663280,69420729,69382504,1884737,0,0,0,0
2026-06-17 05:00:00,9817,2619,77,71,5523,0,11,9817,7113,0,0,2248,456,206520731,69330749,69292524,1884847,0,0,0,0
2026-06-17 06:00:00,9827,2621,77,71,5521,0,6,9827,7121,0,0,2250,456,206525187,69390160,69351035,1884847,0,0,0,0
2026-06-17 07:00:00,9811,2621,76,70,5509,0,13,9811,7106,0,0,2249,456,206265331,69393661,69354536,1880247,0,0,0,0
2026-06-17 08:00:00,9816,2621,77,71,5509,0,7,9816,7110,0,0,2250,456,206280784,69411958,69372833,1889847,0,0,0,0
2026-06-17 09:00:00,9816,2622,77,71,5509,0,15,9816,7109,0,0,2251,456,206334529,69467669,69428544,1879847,0,0,0,0
2026-06-17 10:00:00,9815,2618,77,71,5511,0,13,9815,7112,0,0,2247,456,206270121,69390496,69351371,1878847,0,0,0,0
2026-06-17 11:00:00,9816,2619,77,71,5510,0,18,9816,7112,0,0,2248,456,206228206,69349906,69310781,1879757,0,0,0,0
2026-06-17 12:00:00,9824,2623,76,70,5512,0,11,9824,7117,0,0,2249,458,206400535,69286589,69247464,1866957,0,0,0,0
2026-06-17 13:00:00,9825,2625,77,71,5510,0,13,9825,7115,0,0,2253,457,206351575,69312964,69273839,1872457,0,0,0,0
2026-06-17 14:00:00,9813,2624,77,71,5509,0,10,9813,7104,0,0,2253,456,206076729,69310615,69271490,1872458,0,0,0,0
2026-06-17 15:00:00,9821,2624,77,71,5509,0,12,9821,7112,0,0,2253,456,205956509,69290846,69251721,1871458,0,0,0,0
2026-06-17 16:00:00,9812,2622,76,70,5510,0,9,9812,7106,0,0,2249,457,205873519,69232302,69193177,1867158,0,0,0,0
2026-06-17 17:00:00,9813,2625,77,71,5512,0,21,9813,7103,0,0,2253,457,205855818,69219739,69180614,1861639,0,0,0,0
2026-06-17 18:00:00,9798,2619,76,70,5512,0,13,9798,7095,0,0,2246,457,205426451,69096439,69057314,1839740,0,0,0,0
2026-06-17 19:00:00,9799,2619,76,70,5513,0,13,9799,7096,0,0,2246,457,205132896,69134245,69095120,1839840,0,0,0,0
2026-06-17 20:00:00,9788,2616,76,70,5514,0,17,9788,7088,0,0,2243,457,213553153,72266930,72227605,1889807,0,0,0,0
2026-06-17 21:00:00,9790,2617,76,70,5515,0,18,9790,7089,0,0,2244,457,213865629,72300484,72261159,1889797,0,0,0,0
2026-06-17 22:00:00,9787,2619,75,69,5515,0,6,9787,7085,0,0,2245,457,214112365,72213084,72173759,1844157,0,0,0,0
2026-06-17 23:00:00,9781,2620,72,66,5517,0,9,9781,7081,0,0,2243,457,214086896,72223061,72183736,1721257,0,0,0,0
2026-06-18 00:00:00,9795,2620,71,65,5516,0,13,9795,7096,0,0,2242,457,214488889,72215464,72176139,1676461,0,0,0,0
2026-06-18 01:00:00,9816,2623,77,71,5515,0,21,9816,7108,0,0,2251,457,215140559,72208586,72169261,1912462,0,0,0,0
2026-06-18 02:00:00,9811,2621,77,71,5516,0,9,9811,7105,0,0,2249,457,215065409,72179769,72140444,1916962,0,0,0,0
2026-06-18 03:00:00,9808,2622,77,71,5518,0,14,9808,7101,0,0,2250,457,215018195,72178779,72140454,1913862,0,0,0,0
2026-06-18 04:00:00,9807,2623,77,71,5520,0,18,9807,7099,0,0,2251,457,215012370,72149751,72111426,1886532,0,0,0,0
2026-06-18 05:00:00,9815,2623,76,70,5517,0,19,9815,7108,0,0,2250,457,215014146,72114063,72075738,1880932,0,0,0,0
2026-06-18 06:00:00,9798,2617,77,71,5514,0,11,9798,7096,0,0,2246,456,214713064,71995462,71957137,1894532,0,0,0,0
2026-06-18 07:00:00,9804,2620,77,71,5512,0,13,9804,7099,0,0,2248,457,214792287,72081063,72043738,1899532,0,0,0,0
2026-06-18 08:00:00,9806,2626,77,71,5510,0,14,9806,7095,0,0,2254,457,214667486,72127898,72090573,1903213,0,0,0,0
2026-06-18 09:00:00,9781,2633,77,71,5506,0,16,9781,7063,0,0,2261,457,214343212,72106323,72068998,1913013,0,0,0,0
2026-06-18 10:00:00,9769,2629,77,71,5505,0,19,9769,7055,0,0,2257,457,214442765,72115216,72077891,1915013,0,0,0,0
2026-06-18 11:00:00,9768,2626,77,71,5506,0,15,9768,7057,0,0,2254,457,214473348,72125794,72088469,1915913,0,0,0,0
2026-06-18 12:00:00,9772,2630,76,70,5505,0,10,9772,7058,0,0,2258,456,214507735,72228374,72191049,1889003,0,0,0,0
2026-06-18 13:00:00,9777,2634,77,71,5506,0,22,9777,7058,0,0,2262,457,214513507,72241506,72204181,1915903,0,0,0,0
2026-06-18 14:00:00,9771,2635,77,71,5501,0,15,9771,7051,0,0,2263,457,214444513,72209597,72172272,1916023,0,0,0,0
2026-06-18 15:00:00,9761,2636,77,71,5505,0,22,9761,7040,0,0,2264,457,213832005,72122753,72085428,1912122,0,0,0,0
2026-06-18 16:00:00,9777,2632,76,70,5499,0,8,9777,7061,0,0,2261,455,213703597,72066537,72029212,1901222,0,0,0,0
2026-06-18 17:00:00,9779,2636,76,70,5501,0,5,9779,7059,0,0,2265,455,213459116,72068873,72031648,1902023,0,0,0,0
2026-06-18 18:00:00,9783,2634,76,70,5503,0,14,9783,7065,0,0,2263,455,213512867,72092267,72055042,1903123,0,0,0,0
2026-06-18 19:00:00,9782,2637,76,70,5506,0,13,9782,7061,0,0,2265,456,213554148,72113550,72076325,1903123,0,0,0,0
2026-06-18 20:00:00,9775,2636,74,68,5506,0,10,9775,7057,0,0,2263,455,213242400,72085684,72048459,1790113,0,0,0,0
2026-06-18 21:00:00,9769,2631,74,68,5508,0,10,9769,7056,0,0,2258,455,213236423,72087509,72050284,1791113,0,0,0,0
2026-06-18 22:00:00,9782,2626,74,68,5496,0,12,9782,7074,0,0,2254,454,213180001,72032095,71994870,1791213,0,0,0,0
2026-06-18 23:00:00,9801,2629,73,67,5496,0,12,9801,7091,0,0,2256,454,213481099,72054937,72017712,1750303,0,0,0,0
2026-06-19 00:00:00,9805,2627,71,65,5497,0,11,9805,7099,0,0,2251,455,213355057,72033846,71996621,1665303,0,0,0,0
2026-06-19 01:00:00,9826,2635,76,70,5500,0,9,9826,7107,0,0,2264,455,214069912,72160814,72122989,1910502,0,0,0,0
2026-06-19 02:00:00,9817,2637,76,70,5499,0,23,9817,7096,0,0,2264,457,214043012,72131915,72093990,1924621,0,0,0,0
2026-06-19 03:00:00,9802,2634,76,70,5500,0,13,9802,7084,0,0,2261,457,213905996,72111429,72073504,1924521,0,0,0,0
2026-06-19 04:00:00,9805,2633,76,70,5501,0,6,9805,7088,0,0,2261,456,213951184,72154211,72116286,1930621,0,0,0,0
2026-06-19 05:00:00,9805,2634,76,70,5516,0,12,9805,7087,0,0,2261,457,213835007,72124135,72086210,1931601,0,0,0,0
2026-06-19 06:00:00,9800,2633,76,70,5519,0,9,9800,7083,0,0,2260,457,213733036,72097091,72059166,1939501,0,0,0,0
2026-06-19 07:00:00,9791,2634,76,70,5520,0,10,9791,7073,0,0,2261,457,213618110,72108211,72070286,1941603,0,0,0,0
2026-06-19 08:00:00,9796,2636,75,69,5520,0,14,9796,7077,0,0,2262,457,213692589,72124343,72086418,1937013,0,0,0,0
2026-06-19 09:00:00,9785,2633,76,70,5514,0,11,9785,7068,0,0,2260,457,213307765,71950480,71912555,1939492,0,0,0,0
2026-06-19 10:00:00,9797,2635,76,70,5518,0,23,9797,7078,0,0,2262,457,213793337,72076769,72038844,1937395,0,0,0,0
2026-06-19 11:00:00,9792,2635,76,70,5527,0,4,9792,7073,0,0,2262,457,213786807,72058839,72020914,1947285,0,0,0,0
2026-06-19 12:00:00,9785,2635,76,70,5523,0,13,9785,7066,0,0,2262,457,213669391,72085129,72047204,1947285,0,0,0,0
2026-06-19 13:00:00,9785,2635,76,70,5521,0,21,9785,7066,0,0,2262,457,213147968,72042529,72004604,1947405,0,0,0,0
2026-06-19 14:00:00,9798,2633,76,70,5522,0,10,9798,7081,0,0,2259,458,213515387,72000920,71962995,1946395,0,0,0,0
2026-06-19 15:00:00,9800,2632,76,70,5520,0,5,9800,7084,0,0,2259,457,213544901,71967828,71929903,1947315,0,0,0,0
2026-06-19 16:00:00,9777,2633,68,62,5525,0,11,9777,7068,0,0,2252,457,213342456,71961450,71923525,1839242,0,0,0,0
2026-06-19 17:00:00,9790,2631,68,62,5528,0,19,9790,7083,0,0,2250,457,212940238,71933058,71895134,1840931,0,0,0,0
2026-06-19 18:00:00,9778,2630,68,62,5528,0,12,9778,7072,0,0,2249,457,212711366,71839960,71802036,1840841,0,0,0,0
2026-06-19 19:00:00,9789,2635,75,69,5533,0,13,9789,7071,0,0,2261,457,213103768,71949600,71911676,1883889,0,0,0,0
2026-06-19 20:00:00,9745,2635,74,68,5482,0,7,9745,7028,0,0,2260,457,210249559,71969052,71931127,1714590,0,0,0,0
2026-06-19 21:00:00,9771,2633,74,68,5532,0,13,9771,7056,0,0,2258,457,212685259,71950350,71912425,1878189,0,0,0,0
2026-06-19 22:00:00,9774,2634,74,68,5527,0,13,9774,7058,0,0,2259,457,212853842,71930888,71892963,1831599,0,0,0,0
2026-06-19 23:00:00,9780,2632,72,66,5531,0,13,9780,7068,0,0,2256,456,213082174,71837305,71799380,1742599,0,0,0,0
2026-06-20 00:00:00,9774,2630,70,64,5526,0,10,9774,7066,0,0,2253,455,213084900,71877733,71839808,1659599,0,0,0,0
2026-06-20 01:00:00,9801,2635,76,70,5523,0,18,9801,7082,0,0,2263,456,213609822,71812188,71775263,1927599,0,0,0,0
2026-06-20 02:00:00,9799,2633,76,70,5529,0,12,9799,7082,0,0,2261,456,213784891,71708188,71671264,1941798,0,0,0,0
2026-06-20 03:00:00,9792,2635,76,70,5650,0,11,9792,7073,0,0,2263,456,213422106,71613687,71576763,1946198,0,0,0,0
2026-06-20 04:00:00,9787,2632,76,70,5650,0,14,9787,7071,0,0,2260,456,213423679,71606517,71569593,1947198,0,0,0,0
2026-06-20 05:00:00,9790,2632,76,70,5650,0,11,9790,7074,0,0,2260,456,213415936,71543764,71506840,1946298,0,0,0,0
2026-06-20 06:00:00,9798,2633,76,70,5646,0,15,9798,7081,0,0,2260,457,213446857,71551684,71514760,1946188,0,0,0,0
2026-06-20 07:00:00,9789,2629,76,70,5649,0,28,9789,7076,0,0,2256,457,213194095,71512283,71475359,1956358,0,0,0,0
2026-06-20 08:00:00,9760,2628,76,70,5611,0,18,9760,7049,0,0,2253,458,187488564,62391609,62352585,1685768,0,0,0,0
2026-06-20 09:00:00,9800,2636,76,70,5645,0,11,9800,7081,0,0,2261,458,213485609,71618170,71581245,1971359,0,0,0,0
2026-06-20 10:00:00,9795,2633,76,70,5647,0,9,9795,7079,0,0,2258,458,213537187,71565282,71528357,1969959,0,0,0,0
2026-06-20 11:00:00,9796,2638,76,70,5645,0,8,9796,7075,0,0,2263,458,213420139,71587290,71550365,1969960,0,0,0,0
2026-06-20 12:00:00,9777,2631,75,69,5639,0,20,9777,7064,0,0,2256,457,212818330,71486409,71449484,1965477,0,0,0,0
2026-06-20 13:00:00,9764,2629,75,69,5627,0,14,9764,7052,0,0,2255,457,212495413,71272507,71235582,1964937,0,0,0,0
2026-06-20 14:00:00,9766,2632,76,70,5623,0,13,9766,7050,0,0,2259,457,212649621,71436003,71399078,1969536,0,0,0,0
2026-06-20 15:00:00,9765,2631,76,70,5633,0,9,9765,7050,0,0,2257,458,212506713,71416237,71379312,1969536,0,0,0,0
2026-06-20 16:00:00,9766,2636,76,70,5641,0,15,9766,7046,0,0,2263,457,212494414,71438038,71401113,1970546,0,0,0,0
2026-06-20 17:00:00,9772,2636,76,70,5641,0,7,9772,7052,0,0,2263,457,212571338,71423217,71384292,1972626,0,0,0,0
2026-06-20 18:00:00,9767,2634,76,70,5643,0,14,9767,7049,0,0,2261,457,212325415,71433997,71395072,1974626,0,0,0,0
2026-06-20 19:00:00,9772,2637,75,69,5649,0,9,9772,7052,0,0,2263,457,212144368,71409886,71370961,1910626,0,0,0,0
2026-06-20 20:00:00,9765,2635,75,69,5646,0,9,9765,7047,0,0,2261,457,212016815,71267014,71228089,1916186,0,0,0,0
2026-06-20 21:00:00,9766,2636,75,69,5655,0,7,9766,7047,0,0,2260,459,212284653,71371085,71332160,1914586,0,0,0,0
2026-06-20 22:00:00,9755,2635,73,67,5653,0,8,9755,7039,0,0,2259,457,212226666,71165782,71126857,1857786,0,0,0,0
2026-06-20 23:00:00,9772,2638,72,66,5655,0,10,9772,7054,0,0,2260,458,212632738,71401032,71362107,1803586,0,0,0,0
2026-06-21 00:00:00,9778,2639,73,67,5653,0,15,9778,7058,0,0,2262,458,212591743,71368200,71329275,1809396,0,0,0,0
2026-06-21 01:00:00,9794,2637,76,70,5652,0,18,9794,7073,0,0,2263,458,213243433,71366280,71327355,1952676,0,0,0,0
2026-06-21 02:00:00,9795,2636,76,70,5652,0,10,9795,7075,0,0,2262,458,213344224,71294254,71255329,2002276,0,0,0,0
2026-06-21 03:00:00,9783,2635,76,70,5654,0,12,9783,7064,0,0,2261,458,213076405,71208003,71169078,2023276,0,0,0,0
2026-06-21 04:00:00,9778,2636,76,70,5653,0,6,9778,7058,0,0,2262,458,213053598,71201773,71162848,2025176,0,0,0,0
2026-06-21 05:00:00,9783,2633,76,70,5652,0,3,9783,7066,0,0,2259,458,213100252,71197400,71158575,2025206,0,0,0,0
2026-06-21 06:00:00,9796,2632,76,70,5654,0,16,9796,7080,0,0,2257,459,213212447,71173190,71134365,2025206,0,0,0,0
2026-06-21 07:00:00,9770,2629,75,69,5653,0,14,9770,7058,0,0,2254,458,212872313,71150632,71111807,2020206,0,0,0,0
2026-06-21 08:00:00,9781,2631,75,70,5656,0,12,9781,7066,0,0,2257,458,213098742,71252327,71213527,2025062,0,0,0,0
2026-06-21 09:00:00,9788,2632,75,70,5659,0,15,9788,7072,0,0,2257,459,213337821,71288868,71250068,2030962,0,0,0,0
2026-06-21 10:00:00,9791,2631,76,71,5662,0,10,9791,7075,0,0,2258,458,213363871,71292589,71253889,2037072,0,0,0,0
2026-06-21 11:00:00,9784,2633,76,71,5660,0,11,9784,7066,0,0,2260,458,213399288,71304258,71265558,2037072,0,0,0,0
2026-06-21 12:00:00,9794,2632,76,71,5673,0,12,9794,7077,0,0,2259,458,213516075,71384509,71345809,2042766,0,0,0,0
2026-06-21 13:00:00,9792,2629,76,71,5669,0,7,9792,7078,0,0,2256,458,213265821,71308726,71270026,2042552,0,0,0,0
2026-06-21 14:00:00,9741,2626,76,71,5651,0,15,9741,7030,0,0,2254,457,213093589,71232310,71193610,2043652,0,0,0,0
2026-06-21 15:00:00,9786,2631,76,71,5648,0,7,9786,7070,0,0,2257,459,213132011,71232241,71193541,2043552,0,0,0,0
2026-06-21 16:00:00,9784,2629,76,71,5655,0,14,9784,7070,0,0,2255,459,213243009,71266622,71227922,2042667,0,0,0,0
2026-06-21 17:00:00,9770,2622,76,71,5647,0,24,9770,7063,0,0,2248,459,212644063,71204422,71165722,2045957,0,0,0,0
2026-06-21 18:00:00,9763,2623,76,71,5643,0,16,9763,7055,0,0,2249,459,212865961,71304432,71265732,2045957,0,0,0,0
2026-06-21 19:00:00,9773,2624,75,70,5645,0,15,9773,7065,0,0,2249,459,212781777,71288842,71250142,1982857,0,0,0,0
2026-06-21 20:00:00,9776,2630,75,70,5649,0,9,9776,7062,0,0,2255,459,212805833,71422673,71383973,2005257,0,0,0,0
2026-06-21 21:00:00,9781,2637,74,69,5658,0,13,9781,7061,0,0,2261,459,213003469,71512590,71473890,1952159,0,0,0,0
2026-06-21 22:00:00,9787,2638,72,67,5664,0,11,9787,7069,0,0,2259,459,213413594,71666479,71627779,1869169,0,0,0,0
2026-06-21 23:00:00,9789,2637,71,66,5660,0,10,9789,7073,0,0,2257,459,213505146,71656023,71617323,1826269,0,0,0,0
2026-06-22 00:00:00,9793,2636,69,64,5659,0,8,9793,7080,0,0,2254,459,213441258,71496733,71458033,1726889,0,0,0,0
2026-06-22 01:00:00,9803,2634,76,71,5655,0,12,9803,7085,0,0,2259,459,213894066,71490505,71451805,2047889,0,0,0,0
2026-06-22 02:00:00,9744,2633,75,70,5599,0,11,9744,7028,0,0,2258,458,211080582,71483417,71444717,2052090,0,0,0,0
2026-06-22 03:00:00,9802,2635,75,70,5641,0,43,9802,7084,0,0,2259,459,213890958,71516718,71478018,2050090,0,0,0,0
2026-06-22 04:00:00,9795,2636,75,70,5645,0,15,9795,7076,0,0,2260,459,214146946,71610442,71571842,2047890,0,0,0,0
2026-06-22 05:00:00,9795,2634,75,70,5645,0,12,9795,7078,0,0,2258,459,213979015,71629050,71590450,2058090,0,0,0,0
2026-06-22 06:00:00,9806,2640,75,70,5653,0,13,9806,7083,0,0,2264,459,214145957,71715458,71678858,2056090,0,0,0,0
2026-06-22 07:00:00,9802,2639,74,69,5650,0,20,9802,7081,0,0,2262,459,214088112,71717368,71680768,2040000,0,0,0,0
2026-06-22 08:00:00,9791,2640,75,70,5646,0,16,9791,7068,0,0,2264,459,213942598,71607291,71570691,2043900,0,0,0,0
2026-06-22 09:00:00,9779,2637,75,70,5638,0,8,9779,7059,0,0,2261,459,213663094,71553181,71516581,2043885,0,0,0,0
2026-06-22 10:00:00,9785,2638,75,70,5639,0,7,9785,7064,0,0,2264,457,213657398,71561801,71525201,2042885,0,0,0,0
2026-06-22 11:00:00,9782,2634,75,70,5638,0,10,9782,7065,0,0,2260,457,213583001,71466471,71429871,2044788,0,0,0,0
2026-06-22 12:00:00,9774,2630,74,69,5634,0,7,9774,7062,0,0,2256,456,213813695,71502288,71465878,2055698,0,0,0,0
2026-06-22 13:00:00,9768,2627,74,69,5635,0,13,9768,7059,0,0,2254,455,213780931,71411749,71375339,2076808,0,0,0,0
2026-06-22 14:00:00,9784,2633,75,70,5639,0,15,9784,7068,0,0,2260,456,213992976,71474955,71438545,2081698,0,0,0,0
2026-06-22 15:00:00,9762,2632,75,70,5618,0,7,9762,7047,0,0,2259,456,213243641,71564751,71528341,2084698,0,0,0,0
2026-06-22 16:00:00,9757,2631,75,70,5615,0,10,9757,7043,0,0,2258,456,213228185,71570743,71534333,2089698,0,0,0,0
2026-06-22 17:00:00,9768,2637,74,69,5613,0,13,9768,7049,0,0,2262,457,213092284,71623053,71585043,2099298,0,0,0,0
2026-06-22 18:00:00,9763,2631,74,69,5610,0,9,9763,7050,0,0,2260,453,213207602,71576482,71538472,2108298,0,0,0,0
2026-06-22 19:00:00,9752,2628,74,68,5610,0,8,9752,7043,0,0,2253,456,212897581,71555918,71517883,2042723,0,0,0,0
2026-06-22 20:00:00,9753,2637,74,68,5611,0,7,9753,7035,0,0,2261,457,212967255,71654395,71616360,2043729,0,0,0,0
2026-06-22 21:00:00,9755,2637,73,67,5610,0,9,9755,7038,0,0,2259,458,212878787,71700451,71663320,1991535,0,0,0,0
2026-06-22 22:00:00,9751,2635,73,67,5609,0,11,9751,7035,0,0,2259,457,212866873,71470171,71433060,1992428,0,0,0,0
2026-06-22 23:00:00,9758,2639,72,66,5616,0,11,9758,7040,0,0,2260,458,213341319,71827474,71790363,1944428,0,0,0,0
2026-06-23 00:00:00,9761,2639,70,64,5617,0,11,9761,7045,0,0,2258,458,213253162,71826610,71789499,1856428,0,0,0,0
2026-06-23 01:00:00,9760,2631,76,70,5614,0,16,9760,7046,0,0,2256,458,213701692,71769040,71731929,2120428,0,0,0,0
2026-06-23 02:00:00,9773,2633,76,70,5617,0,13,9773,7057,0,0,2258,458,213947608,71793151,71756136,2144227,0,0,0,0
2026-06-23 03:00:00,9778,2639,76,70,5619,0,11,9778,7056,0,0,2264,458,213905054,71820638,71783623,2117527,0,0,0,0
2026-06-23 04:00:00,9769,2642,76,70,5605,0,9,9769,7044,0,0,2267,458,213381898,71803516,71764501,2126327,0,0,0,0
2026-06-23 05:00:00,9774,2641,76,70,5610,0,14,9774,7050,0,0,2266,458,213555574,71808016,71769001,2125217,0,0,0,0
2026-06-23 06:00:00,9769,2640,76,70,5610,0,23,9769,7046,0,0,2265,458,213442298,71815352,71776337,2128267,0,0,0,0
2026-06-23 07:00:00,9764,2641,76,70,5611,0,31,9764,7040,0,0,2266,458,213410934,71871162,71832147,2126367,0,0,0,0
2026-06-23 08:00:00,9778,2643,76,70,5615,0,33,9778,7052,0,0,2268,458,213562967,71907762,71868747,2125767,0,0,0,0
2026-06-23 09:00:00,9769,2644,75,69,5615,0,27,9769,7043,0,0,2268,458,213382143,71915801,71876886,2119777,0,0,0,0
2026-06-23 10:00:00,9761,2640,76,70,5607,0,20,9761,7038,0,0,2265,458,213350815,71973397,71934482,2121677,0,0,0,0
2026-06-23 11:00:00,9766,2639,76,70,5605,0,19,9766,7044,0,0,2264,458,213336855,71961817,71922902,2122787,0,0,0,0
2026-06-23 12:00:00,9773,2641,76,70,5611,0,43,9773,7050,0,0,2265,458,213758650,72063964,72024949,2121395,0,0,0,0
2026-06-23 13:00:00,9765,2631,76,70,5612,0,15,9765,7052,0,0,2256,457,213278376,71550363,71511348,2121194,0,0,0,0
2026-06-23 14:00:00,9771,2639,76,70,5608,0,16,9771,7050,0,0,2263,458,213596324,72038148,71999133,2123094,0,0,0,0
2026-06-23 15:00:00,9770,2636,76,70,5608,0,12,9770,7052,0,0,2255,463,213670878,72043234,72004219,2121994,0,0,0,0
2026-06-23 16:00:00,9769,2637,76,70,5615,0,14,9769,7050,0,0,2256,463,213635670,72045599,72005584,2122194,0,0,0,0
2026-06-23 17:00:00,9761,2637,78,70,5609,0,19,9761,7042,0,0,2256,463,213706575,71997454,71955149,2141484,0,0,0,0
2026-06-23 18:00:00,9768,2640,77,69,5614,0,10,9768,7047,0,0,2258,463,214070967,71976055,71933750,2075584,0,0,0,0
2026-06-23 19:00:00,9754,2636,77,69,5620,0,15,9754,7037,0,0,2254,463,213978989,72008242,71965937,2081286,0,0,0,0
2026-06-23 20:00:00,9732,2634,77,69,5610,0,25,9732,7017,0,0,2252,463,213690247,72041922,71999617,2081086,0,0,0,0
2026-06-23 21:00:00,9736,2638,76,68,5611,0,18,9736,7018,0,0,2255,463,213756276,72099301,72056886,2029308,0,0,0,0
2026-06-23 22:00:00,9733,2640,75,67,5608,0,16,9733,7014,0,0,2255,464,213749696,72161031,72118616,1988308,0,0,0,0
2026-06-23 23:00:00,9752,2649,73,65,5612,0,8,9752,7027,0,0,2261,464,214457954,72321301,72278986,1891308,0,0,0,0
2026-06-24 00:00:00,9720,2638,73,65,5427,0,9,9720,7004,0,0,2252,464,214224441,72294200,72252885,1889208,0,0,0,0
2026-06-24 01:00:00,9744,2644,78,70,5610,0,17,9744,7018,0,0,2262,464,214643614,72351080,72308365,2121478,0,0,0,0
2026-06-24 02:00:00,9743,2644,78,70,5616,0,11,9743,7017,0,0,2263,463,214851432,72387377,72344672,2133468,0,0,0,0
2026-06-24 03:00:00,9745,2644,78,70,5614,0,12,9745,7019,0,0,2263,463,214861389,72451657,72408952,2134469,0,0,0,0
2026-06-24 04:00:00,9744,2643,78,70,5615,0,10,9744,7019,0,0,2261,464,214700199,72452512,72409807,2148269,0,0,0,0
2026-06-24 05:00:00,9754,2644,77,69,5615,0,9,9754,7029,0,0,2261,464,214985914,72416245,72373540,2141369,0,0,0,0
2026-06-24 06:00:00,9741,2642,78,70,5610,0,7,9741,7017,0,0,2261,463,214793869,72351513,72308808,2147205,0,0,0,0
2026-06-24 07:00:00,9732,2637,78,70,5426,0,6,9732,7012,0,0,2257,463,214762398,72348255,72306440,2146115,0,0,0,0
2026-06-24 08:00:00,9743,2645,78,70,5611,0,10,9743,7016,0,0,2263,464,214719048,72440225,72397520,2144205,0,0,0,0
2026-06-24 09:00:00,9759,2644,78,70,5613,0,12,9759,7033,0,0,2262,464,215115361,72426521,72383816,2134305,0,0,0,0
2026-06-24 10:00:00,9754,2644,77,69,5612,0,11,9754,7029,0,0,2261,464,215008371,72449381,72406676,2121105,0,0,0,0
2026-06-24 11:00:00,9750,2645,78,70,5604,0,8,9750,7023,0,0,2263,464,214976044,72488201,72444476,2138255,0,0,0,0
2026-06-24 12:00:00,9726,2640,78,70,5429,0,43,9726,7003,0,0,2259,464,214755110,72499922,72457097,2141365,0,0,0,0
2026-06-24 13:00:00,9727,2637,78,70,5497,0,5,9727,7007,0,0,2257,463,214842061,72448322,72405497,2140365,0,0,0,0
2026-06-24 14:00:00,9716,2638,78,70,5492,0,10,9716,6995,0,0,2257,464,214708174,72470084,72427259,2186655,0,0,0,0
2026-06-24 15:00:00,9729,2642,78,70,5495,0,12,9729,7004,0,0,2262,463,214722737,72449864,72407029,2186675,0,0,0,0
2026-06-24 16:00:00,9746,2648,78,70,5626,0,9,9746,7016,0,0,2266,464,215063946,72488554,72444419,2186485,0,0,0,0
2026-06-24 17:00:00,9746,2650,77,69,5640,0,10,9746,7015,0,0,2267,464,215191640,72472054,72427919,2182385,0,0,0,0
2026-06-24 18:00:00,9739,2649,78,70,5661,0,16,9739,7008,0,0,2267,464,214928610,72461854,72417719,2184685,0,0,0,0
2026-06-24 19:00:00,9734,2649,77,69,5694,0,15,9734,7004,0,0,2266,464,214867683,72499065,72454930,2148705,0,0,0,0
2026-06-24 20:00:00,9697,2645,76,68,5661,0,24,9697,6972,0,0,2261,464,213593652,72422156,72377931,2086795,0,0,0,0
2026-06-24 21:00:00,9746,2648,76,68,5697,0,23,9746,7018,0,0,2264,464,215182613,72487956,72443731,2084795,0,0,0,0
2026-06-24 22:00:00,9734,2646,75,67,5707,0,21,9734,7009,0,0,2262,463,214846609,72212047,72167822,2042795,0,0,0,0
2026-06-24 23:00:00,9741,2650,74,66,5862,0,13,9741,7013,0,0,2264,464,214938548,72374159,72329934,1991464,0,0,0,0
2026-06-25 00:00:00,9737,2649,71,63,5720,0,9,9737,7013,0,0,2259,465,215070327,72547979,72503754,1851244,0,0,0,0
2026-06-25 01:00:00,9747,2648,78,70,5704,0,15,9747,7017,0,0,2265,465,215402778,72588789,72544364,2170444,0,0,0,0
2026-06-25 02:00:00,9721,2648,78,70,5698,0,5,9721,6991,0,0,2265,465,215038292,72607899,72563474,2185555,0,0,0,0
2026-06-25 03:00:00,9718,2646,78,70,5699,0,13,9718,6990,0,0,2263,465,215010063,72644950,72600525,2187865,0,0,0,0
2026-06-25 04:00:00,9703,2646,77,69,5688,0,15,9703,6976,0,0,2262,465,214814949,72654858,72610433,2187655,0,0,0,0
2026-06-25 05:00:00,9716,2645,78,70,5691,0,11,9716,6989,0,0,2265,462,215014360,72666371,72621946,2192355,0,0,0,0
2026-06-25 06:00:00,9710,2646,78,70,5693,0,9,9710,6982,0,0,2266,462,214557114,72627282,72582657,2190655,0,0,0,0
2026-06-25 07:00:00,9717,2644,78,70,5695,0,15,9717,6991,0,0,2263,463,214514698,72572837,72528212,2191765,0,0,0,0
2026-06-25 08:00:00,9714,2643,78,70,5694,0,14,9714,6989,0,0,2262,463,214345768,72586137,72541312,2196305,0,0,0,0
2026-06-25 09:00:00,9737,2643,77,70,5711,0,14,9737,7013,0,0,2261,463,215367735,72632627,72591502,2192605,0,0,0,0
2026-06-25 10:00:00,9741,2641,77,70,5715,0,12,9741,7019,0,0,2259,463,215250515,72614827,72573702,2192605,0,0,0,0
2026-06-25 11:00:00,9728,2638,77,70,5712,0,12,9728,7009,0,0,2256,463,214954579,72566046,72524921,2189605,0,0,0,0
2026-06-25 12:00:00,9736,2639,77,70,5715,0,8,9736,7016,0,0,2257,463,215060196,72632385,72591260,2194465,0,0,0,0
2026-06-25 13:00:00,9752,2641,77,70,5715,0,12,9752,7029,0,0,2258,465,215191494,72607954,72566829,2195265,0,0,0,0
2026-06-25 14:00:00,9751,2637,77,70,5713,0,17,9751,7032,0,0,2254,465,214866896,72601854,72560729,2196264,0,0,0,0
2026-06-25 15:00:00,9758,2639,77,70,5716,0,10,9758,7037,0,0,2256,465,215045026,72630734,72589609,2197164,0,0,0,0
2026-06-25 16:00:00,9731,2632,77,70,5719,0,6,9731,7017,0,0,2249,465,214837687,72626709,72585584,2197164,0,0,0,0
2026-06-25 17:00:00,9760,2641,78,70,5722,0,14,9760,7037,0,0,2258,465,215101680,72644234,72599409,2200724,0,0,0,0
2026-06-25 18:00:00,9749,2639,77,71,5722,0,8,9749,7027,0,0,2257,465,215144045,72660994,72621369,2197924,0,0,0,0
2026-06-25 19:00:00,9733,2635,76,70,5720,0,6,9733,7016,0,0,2252,465,214784083,72643073,72603448,2133924,0,0,0,0
2026-06-25 20:00:00,9727,2633,76,70,5719,0,12,9727,7012,0,0,2251,464,214703616,72687721,72648096,2134124,0,0,0,0
2026-06-25 21:00:00,9727,2633,75,69,5724,0,12,9727,7013,0,0,2250,464,214758460,72686800,72648075,2116214,0,0,0,0
2026-06-25 22:00:00,9730,2632,75,69,5712,0,12,9730,7017,0,0,2250,463,214417759,72586110,72547385,2115514,0,0,0,0
2026-06-25 23:00:00,9722,2632,72,66,5713,0,18,9722,7012,0,0,2246,464,214330679,72580021,72541296,2009135,0,0,0,0
2026-06-26 00:00:00,9702,2628,70,64,5708,0,11,9702,6998,0,0,2241,463,213975271,72308201,72269476,1869935,0,0,0,0
2026-06-26 01:00:00,9672,2623,76,70,5684,0,16,9672,6967,0,0,2245,460,213662201,72164731,72126006,2175245,0,0,0,0
2026-06-26 02:00:00,9647,2620,76,70,5678,0,25,9647,6945,0,0,2243,459,213307830,72136598,72097873,2175545,0,0,0,0
2026-06-26 03:00:00,9665,2619,76,70,5686,0,15,9665,6964,0,0,2243,458,213849558,72185258,72146533,2175545,0,0,0,0
2026-06-26 04:00:00,9652,2618,75,69,5677,0,11,9652,6953,0,0,2241,458,213150974,72168449,72129724,2168345,0,0,0,0
2026-06-26 05:00:00,9670,2622,76,70,5682,0,13,9670,6966,0,0,2244,460,213053259,72261284,72222459,2170295,0,0,0,0
2026-06-26 06:00:00,9671,2623,76,70,5682,0,20,9671,6966,0,0,2245,460,213104781,72415024,72376199,2170205,0,0,0,0
2026-06-26 07:00:00,9644,2619,75,69,5667,0,22,9644,6944,0,0,2241,459,212642480,72326384,72287559,2166115,0,0,0,0
2026-06-26 08:00:00,9645,2618,75,69,5678,0,13,9645,6946,0,0,2239,460,213017601,72249350,72210435,2166175,0,0,0,0
2026-06-26 09:00:00,9630,2615,76,70,5678,0,19,9630,6933,0,0,2236,461,212231461,71782740,71743825,2163485,0,0,0,0
2026-06-26 10:00:00,9609,2614,76,70,5671,0,9,9609,6914,0,0,2234,461,212065597,71769869,71730954,2174483,0,0,0,0
2026-06-26 11:00:00,9635,2618,76,70,5668,0,9,9635,6936,0,0,2237,462,213235776,72378599,72339584,2173683,0,0,0,0
2026-06-26 12:00:00,9631,2620,76,70,5665,0,8,9631,6930,0,0,2239,462,213018889,72403609,72364594,2175683,0,0,0,0
2026-06-26 13:00:00,9637,2618,76,70,5684,0,6,9637,6938,0,0,2237,462,213518583,72322409,72283394,2175583,0,0,0,0
2026-06-26 14:00:00,9644,2614,75,69,5671,0,9,9644,6950,0,0,2233,461,212999231,72315636,72276621,2141583,0,0,0,0
2026-06-26 15:00:00,9638,2616,75,69,5659,0,11,9638,6942,0,0,2235,461,212558056,72226117,72187102,2146983,0,0,0,0
2026-06-26 16:00:00,9612,2616,75,69,5662,0,7,9612,6916,0,0,2235,461,212343928,72106003,72066988,2138423,0,0,0,0
2026-06-26 17:00:00,9627,2617,75,69,5670,0,15,9627,6929,0,0,2238,460,212924156,72163897,72124882,2137923,0,0,0,0
2026-06-26 18:00:00,9616,2615,74,68,5665,0,13,9616,6921,0,0,2234,461,213087678,72175377,72136051,2082534,0,0,0,0
2026-06-26 19:00:00,9615,2615,72,66,5655,0,21,9615,6923,0,0,2231,461,212149788,72143358,72104032,1989534,0,0,0,0
2026-06-26 20:00:00,9574,2612,67,61,5641,0,10,9574,6890,0,0,2223,461,211480268,72119349,72080023,1789234,0,0,0,0
2026-06-26 21:00:00,9564,2611,68,62,5642,0,16,9564,6880,0,0,2228,456,210873850,71954179,71914854,1798633,0,0,0,0
2026-06-26 22:00:00,9597,2609,68,62,5653,0,12,9597,6915,0,0,2224,458,211982868,72012114,71972789,1796623,0,0,0,0
2026-06-26 23:00:00,9620,2617,68,62,5636,0,8,9620,6930,0,0,2231,459,212109137,72314014,72274689,1806623,0,0,0,0
2026-06-27 00:00:00,9606,2615,66,60,5644,0,18,9606,6920,0,0,2224,462,212589630,72364200,72324875,1768623,0,0,0,0
2026-06-27 01:00:00,9615,2613,76,70,5634,0,26,9615,6921,0,0,2232,462,212671294,72275751,72236426,2175923,0,0,0,0
2026-06-27 02:00:00,9615,2611,76,70,5643,0,32,9615,6923,0,0,2232,460,212659433,72235142,72195717,2185224,0,0,0,0
2026-06-27 03:00:00,9613,2611,76,70,5632,0,8,9613,6921,0,0,2232,460,212730105,72135252,72095827,2184194,0,0,0,0
2026-06-27 04:00:00,9609,2614,76,70,5627,0,31,9609,6914,0,0,2234,461,212421001,72241203,72201778,2182594,0,0,0,0
2026-06-27 05:00:00,9610,2614,76,70,5635,0,15,9610,6915,0,0,2236,459,212454317,72251131,72211806,2165924,0,0,0,0
2026-06-27 06:00:00,9604,2609,76,70,5621,0,30,9604,6914,0,0,2231,459,211820179,72182719,72140893,2151625,0,0,0,0
2026-06-27 07:00:00,9621,2609,76,70,5632,0,23,9621,6931,0,0,2232,458,212277882,72225407,72183581,2153635,0,0,0,0
2026-06-27 08:00:00,9614,2615,76,70,5626,0,20,9614,6918,0,0,2235,461,212251113,72248797,72206971,2144635,0,0,0,0
2026-06-27 09:00:00,9634,2621,76,70,5626,0,17,9634,6932,0,0,2241,461,212315779,72394237,72352411,2144635,0,0,0,0
2026-06-27 10:00:00,9613,2616,76,70,5603,0,18,9613,6916,0,0,2237,460,211480120,72215926,72174100,2144555,0,0,0,0
2026-06-27 11:00:00,9610,2614,75,69,5605,0,20,9610,6916,0,0,2234,460,211695097,72156716,72114890,2136965,0,0,0,0
2026-06-27 12:00:00,9573,2614,76,70,5568,0,20,9573,6878,0,0,2234,461,210660264,72222028,72180202,2142265,0,0,0,0
2026-06-27 13:00:00,9584,2611,76,70,5581,0,19,9584,6892,0,0,2230,462,211611312,72167668,72125842,2132265,0,0,0,0
2026-06-27 14:00:00,9555,2611,76,70,5569,0,12,9555,6863,0,0,2231,461,211054343,72307981,72266155,2132765,0,0,0,0
2026-06-27 15:00:00,9573,2610,76,70,5593,0,9,9573,6882,0,0,2229,462,212042400,72357571,72315745,2132765,0,0,0,0
2026-06-27 16:00:00,9559,2608,76,70,5570,0,13,9559,6870,0,0,2227,462,211579816,72266970,72225144,2134685,0,0,0,0
2026-06-27 17:00:00,9569,2610,75,69,5580,0,22,9569,6879,0,0,2228,462,211431196,72187142,72145316,2099785,0,0,0,0
2026-06-27 18:00:00,9539,2605,75,69,5566,0,19,9539,6854,0,0,2223,462,211499259,72199804,72157978,2099045,0,0,0,0
2026-06-27 19:00:00,9581,2607,73,67,5598,0,16,9581,6896,0,0,2223,462,212219259,72380312,72338486,1994045,0,0,0,0
2026-06-27 20:00:00,9556,2606,69,64,5574,0,20,9556,6875,0,0,2220,461,211261747,72261502,72231676,1850055,0,0,0,0
2026-06-27 21:00:00,9572,2607,68,63,5595,0,7,9572,6891,0,0,2220,461,212180351,72149415,72122589,1804895,0,0,0,0
2026-06-27 22:00:00,9539,2606,67,62,5574,0,16,9539,6860,0,0,2218,461,210997306,72205215,72178389,1756695,0,0,0,0
2026-06-27 23:00:00,9559,2610,65,60,5484,0,28,9559,6878,0,0,2221,460,211806029,72358475,72331649,1694445,0,0,0,0
2026-06-28 00:00:00,9523,2601,65,60,5463,0,33,9523,6851,0,0,2212,460,211033664,72157355,72130529,1694765,0,0,0,0
2026-06-28 01:00:00,9565,2603,74,69,5484,0,20,9565,6881,0,0,2226,458,212720782,72244784,72217958,2072765,0,0,0,0
2026-06-28 02:00:00,9494,2600,74,69,5456,0,24,9494,6813,0,0,2223,458,212093350,72164798,72137972,2105865,0,0,0,0
2026-06-28 03:00:00,9564,2600,74,69,5468,0,37,9564,6883,0,0,2224,457,212642957,72036208,72009382,2106865,0,0,0,0
2026-06-28 04:00:00,9525,2600,74,69,5453,0,31,9525,6844,0,0,2224,457,211817848,71975420,71948594,2107865,0,0,0,0
2026-06-28 05:00:00,9512,2601,74,69,5454,0,35,9512,6830,0,0,2224,458,211888996,71953224,71926398,2111065,0,0,0,0
2026-06-28 06:00:00,9493,2597,74,69,5432,0,49,9493,6815,0,0,2220,458,210844942,71796264,71769438,2115365,0,0,0,0
2026-06-28 07:00:00,9522,2601,73,69,5452,0,40,9522,6840,0,0,2225,457,211339848,71988224,71962598,2111165,0,0,0,0
2026-06-28 08:00:00,9482,2596,73,69,5436,0,25,9482,6805,0,0,2220,457,211031269,72033123,72007497,2111275,0,0,0,0
2026-06-28 09:00:00,9518,2596,74,69,5477,0,18,9518,6841,0,0,2223,454,212097068,72016223,71989498,2112384,0,0,0,0
2026-06-28 10:00:00,9484,2593,74,69,5443,0,14,9484,6810,0,0,2219,455,210620134,71686670,71659945,2112783,0,0,0,0
2026-06-28 11:00:00,9522,2599,73,69,5466,0,8,9522,6842,0,0,2223,457,211070312,71495400,71492675,2088833,0,0,0,0
2026-06-28 12:00:00,9506,2597,72,69,5449,0,32,9506,6828,0,0,2220,458,210704635,71410415,71408690,2088003,0,0,0,0
2026-06-28 13:00:00,9519,2598,71,68,5473,0,39,9519,6841,0,0,2222,456,211633716,71442115,71440390,2081603,0,0,0,0
2026-06-28 14:00:00,9516,2598,72,69,5459,0,31,9516,6837,0,0,2223,456,211535309,71474165,71472440,2088003,0,0,0,0
2026-06-28 15:00:00,9537,2603,73,69,5481,0,27,9537,6853,0,0,2228,456,212268168,71557575,71530850,2114903,0,0,0,0
2026-06-28 16:00:00,9519,2604,74,69,5471,0,29,9519,6834,0,0,2230,455,211870449,71461993,71434168,2117000,0,0,0,0
2026-06-28 17:00:00,9544,2607,73,68,5478,0,34,9544,6857,0,0,2231,456,212260579,71450956,71423130,2063701,0,0,0,0
2026-06-28 18:00:00,9490,2604,71,66,5463,0,19,9490,6809,0,0,2227,454,211648788,71486734,71458508,2008701,0,0,0,0
2026-06-28 19:00:00,9504,2607,71,66,5489,0,18,9504,6819,0,0,2228,457,211615955,71275786,71247560,2009521,0,0,0,0
2026-06-28 20:00:00,9492,2607,68,63,5466,0,18,9492,6810,0,0,2225,457,211244941,71336923,71309697,1826921,0,0,0,0
2026-06-28 21:00:00,9502,2604,68,63,5469,0,12,9502,6823,0,0,2223,456,211573997,71064362,71037136,1827875,0,0,0,0
2026-06-28 22:00:00,9464,2599,66,61,5458,0,17,9464,6792,0,0,2218,454,210936940,70977792,70950566,1748835,0,0,0,0
2026-06-28 23:00:00,9491,2592,64,59,5585,0,14,9491,6828,0,0,2210,453,211673721,71109772,71082546,1700435,0,0,0,0
2026-06-29 00:00:00,9516,2604,63,58,5585,0,13,9516,6842,0,0,2220,454,212382945,71482892,71455666,1631035,0,0,0,0
2026-06-29 01:00:00,9495,2602,74,69,5558,0,17,9495,6812,0,0,2228,455,212572445,71553167,71525941,2102035,0,0,0,0
2026-06-29 02:00:00,9480,2599,74,69,5538,0,10,9480,6800,0,0,2225,455,212333380,71480055,71452729,2121155,0,0,0,0
2026-06-29 03:00:00,9518,2599,74,69,5566,0,11,9518,6838,0,0,2226,454,212595210,71229514,71202188,2128615,0,0,0,0
2026-06-29 04:00:00,9497,2600,74,69,5547,0,21,9497,6816,0,0,2227,454,212858922,71359753,71332427,2126916,0,0,0,0
2026-06-29 05:00:00,9517,2606,74,69,5556,0,24,9517,6830,0,0,2232,455,213096501,71609143,71581817,2127916,0,0,0,0
2026-06-29 06:00:00,9474,2602,73,68,5532,0,22,9474,6792,0,0,2227,455,212135614,71546593,71518267,2120516,0,0,0,0
2026-06-29 07:00:00,9535,2600,73,68,5552,0,21,9535,6855,0,0,2225,455,212835840,71401881,71373555,2119906,0,0,0,0
2026-06-29 08:00:00,9527,2600,74,69,5543,0,16,9527,6846,0,0,2228,453,212807461,71417391,71389065,2124706,0,0,0,0
2026-06-29 09:00:00,9528,2605,74,69,5564,0,8,9528,6842,0,0,2231,455,213140757,71549201,71520875,2124706,0,0,0,0
2026-06-29 10:00:00,9479,2599,74,69,5468,0,14,9479,6799,0,0,2225,455,186239621,61776535,61749809,1866136,0,0,0,0
2026-06-29 11:00:00,9512,2601,73,68,5553,0,6,9512,6831,0,0,2225,456,212298026,71316593,71288267,2118206,0,0,0,0
2026-06-29 12:00:00,9520,2597,74,69,5540,0,11,9520,6842,0,0,2226,452,212648387,71134763,71106437,2123796,0,0,0,0
2026-06-29 13:00:00,9521,2596,74,69,5547,0,16,9521,6844,0,0,2224,453,212561154,71125068,71097742,2120796,0,0,0,0
2026-06-29 14:00:00,9519,2598,74,69,5541,0,8,9519,6840,0,0,2225,454,212482057,71191679,71164853,2130296,0,0,0,0
2026-06-29 15:00:00,9537,2596,74,69,5493,0,8,9537,6860,0,0,2226,451,187239014,61330202,61304876,1865456,0,0,0,0
2026-06-29 16:00:00,9493,2576,74,69,5528,0,13,9493,6836,0,0,2205,452,212438276,70881042,70854216,2122496,0,0,0,0
2026-06-29 17:00:00,9541,2598,74,69,5560,0,13,9541,6862,0,0,2222,457,212964602,71351343,71324517,2134596,0,0,0,0
2026-06-29 18:00:00,9481,2586,74,69,5518,0,18,9481,6814,0,0,2212,455,211811666,70954636,70923210,2142296,0,0,0,0
2026-06-29 19:00:00,9444,2579,73,68,5531,0,12,9444,6784,0,0,2209,451,212355510,70947006,70915580,2086196,0,0,0,0
2026-06-29 20:00:00,9423,2578,72,67,5521,0,20,9423,6765,0,0,2207,451,212095046,70928316,70896890,2036196,0,0,0,0
2026-06-29 21:00:00,9402,2574,69,64,5531,0,24,9402,6751,0,0,2205,446,212144122,70994545,70963119,1886186,0,0,0,0
2026-06-29 22:00:00,9466,2583,67,62,5535,0,21,9466,6808,0,0,2208,450,212156204,71142715,71111289,1796186,0,0,0,0
2026-06-29 23:00:00,9488,2585,66,61,5530,0,19,9488,6829,0,0,2207,452,212647836,71034173,71002747,1754186,0,0,0,0
2026-06-30 00:00:00,9436,2579,65,60,5441,0,16,9436,6784,0,0,2200,452,186120123,60997320,60966994,1543976,0,0,0,0
2026-06-30 01:00:00,9474,2588,73,68,5446,0,15,9474,6805,0,0,2218,451,187266585,61122287,61091961,1894576,0,0,0,0
2026-06-30 02:00:00,9471,2582,74,69,5426,0,21,9471,6807,0,0,2214,450,186948728,61072128,61041802,1900086,0,0,0,0
2026-06-30 03:00:00,9465,2585,74,69,5442,0,14,9465,6798,0,0,2216,451,187651331,61316441,61286115,1901086,0,0,0,0
2026-06-30 04:00:00,9434,2579,74,69,5427,0,25,9434,6773,0,0,2209,452,187256054,61219572,61189246,1907207,0,0,0,0
2026-06-30 05:00:00,9501,2580,74,69,5461,0,33,9501,6839,0,0,2212,450,187717804,60985872,60955546,1908777,0,0,0,0
2026-06-30 06:00:00,9465,2588,73,68,5439,0,36,9465,6796,0,0,2217,452,186268357,60967903,60938187,1899877,0,0,0,0
2026-06-30 07:00:00,9459,2583,73,68,5435,0,32,9459,6795,0,0,2212,452,186316465,60876923,60847207,1908077,0,0,0,0
2026-06-30 08:00:00,9451,2583,73,68,5422,0,27,9451,6787,0,0,2214,450,186314959,60842733,60813017,1906767,0,0,0,0
2026-06-30 09:00:00,9503,2590,74,69,5469,0,18,9503,6832,0,0,2220,451,187181210,60885803,60856087,1912267,0,0,0,0
2026-06-30 10:00:00,9470,2585,73,68,5448,0,13,9470,6806,0,0,2216,448,187010615,60754916,60725200,1903267,0,0,0,0
2026-06-30 11:00:00,9511,2591,73,68,5467,0,21,9511,6841,0,0,2219,451,187373242,60852505,60822789,1907667,0,0,0,0
2026-06-30 12:00:00,9455,2585,74,69,5434,0,16,9455,6790,0,0,2213,452,186101031,60554952,60525236,1904268,0,0,0,0
2026-06-30 13:00:00,9460,2584,74,69,5450,0,20,9460,6796,0,0,2212,452,186369974,60462052,60432336,1902268,0,0,0,0
2026-06-30 14:00:00,9437,2570,73,68,5432,0,54,9437,6787,0,0,2204,446,186289863,60418489,60388773,1891268,0,0,0,0
2026-06-30 15:00:00,9471,2577,73,68,5444,0,14,9471,6814,0,0,2210,447,187142677,60542455,60512739,1891268,0,0,0,0
2026-06-30 16:00:00,9436,2576,73,68,5427,0,23,9436,6780,0,0,2211,445,186418024,60430050,60400334,1893473,0,0,0,0
2026-06-30 17:00:00,9333,2476,73,68,5419,0,16,9333,6777,0,0,2107,449,180292577,56482550,56453234,1891678,0,0,0,0
2026-06-30 18:00:00,9366,2457,72,67,5443,0,36,9366,6830,0,0,2085,451,180226793,55843746,55814430,1843578,0,0,0,0
2026-06-30 19:00:00,9423,2465,72,67,5489,0,20,9423,6879,0,0,2093,451,183184507,56018340,55989024,1846678,0,0,0,0
2026-06-30 20:00:00,9522,2566,70,65,5487,0,20,9522,6879,0,0,2192,451,186800492,59802866,59773610,1793988,0,0,0,0
2026-06-30 21:00:00,9496,2580,71,66,5482,0,11,9496,6838,0,0,2208,450,186975034,60160137,60130881,1798688,0,0,0,0
2026-06-30 22:00:00,9497,2582,70,65,5472,0,21,9497,6838,0,0,2209,450,186760019,60187607,60158351,1755688,0,0,0,0
2026-06-30 23:00:00,9526,2586,69,64,5465,0,19,9526,6864,0,0,2212,450,187005613,60265787,60236531,1718898,0,0,0,0
2026-07-01 00:00:00,9522,2588,65,60,5469,0,15,9522,6860,0,0,2211,451,187213692,60294634,60265378,1604328,0,0,0,0
2026-07-01 01:00:00,9580,2592,73,68,5472,0,19,9580,6906,0,0,2224,450,187651777,60213825,60184569,1880838,0,0,0,0
2026-07-01 02:00:00,9619,2598,74,69,5476,0,26,9619,6939,0,0,2226,454,188585816,60351343,60322087,1886868,0,0,0,0
2026-07-01 03:00:00,9615,2599,74,69,5475,0,23,9615,6934,0,0,2228,453,188398309,60324033,60294797,1887058,0,0,0,0
2026-07-01 04:00:00,9623,2595,74,69,5468,0,30,9623,6946,0,0,2224,453,187814703,60198139,60168903,1888358,0,0,0,0
2026-07-01 05:00:00,9577,2583,74,69,5440,0,31,9577,6912,0,0,2212,453,187186668,59600811,59571575,1885058,0,0,0,0
2026-07-01 06:00:00,9601,2576,74,69,5449,0,27,9601,6944,0,0,2206,451,187755425,59598991,59569755,1882158,0,0,0,0
2026-07-01 07:00:00,9614,2602,73,68,5472,0,25,9614,6932,0,0,2228,454,188019738,59861430,59832194,1872858,0,0,0,0
2026-07-01 08:00:00,9607,2592,73,68,5462,0,26,9607,6935,0,0,2221,451,187737187,59683631,59651595,1876258,0,0,0,0
2026-07-01 09:00:00,9595,2590,74,69,5465,0,17,9595,6924,0,0,2219,452,187596365,59487025,59454989,1878959,0,0,0,0
2026-07-01 10:00:00,9596,2580,74,69,5457,0,30,9596,6935,0,0,2211,450,187462455,59300257,59268221,1879859,0,0,0,0
2026-07-01 11:00:00,9632,2589,73,68,5480,0,30,9632,6963,0,0,2216,453,188179427,59596680,59564644,1865958,0,0,0,0
2026-07-01 12:00:00,9620,2597,74,69,5486,0,19,9620,6942,0,0,2224,454,188161354,59669160,59637004,1871678,0,0,0,0
2026-07-01 13:00:00,9568,2591,74,69,5460,0,110,9568,6895,0,0,2224,449,187047625,59298191,59266035,1868678,0,0,0,0
2026-07-01 14:00:00,9612,2593,74,69,5467,0,28,9612,6937,0,0,2223,452,187538392,59418780,59386624,1870889,0,0,0,0
2026-07-01 15:00:00,9584,2573,74,69,5438,0,13,9584,6929,0,0,2206,449,186841981,59132230,59100074,1871189,0,0,0,0
2026-07-01 16:00:00,9574,2577,74,69,5440,0,14,9574,6915,0,0,2204,455,186806188,59298617,59266461,1872189,0,0,0,0
2026-07-01 17:00:00,9567,2591,74,69,5449,0,11,9567,6894,0,0,2219,454,186759317,59360002,59328846,1872199,0,0,0,0
2026-07-01 18:00:00,9576,2592,74,69,5488,0,8,9576,6902,0,0,2219,455,186360826,59288527,59257371,1872599,0,0,0,0
2026-07-01 19:00:00,9598,2584,74,69,5493,0,9,9598,6932,0,0,2211,455,187016821,59211843,59180687,1872589,0,0,0,0
2026-07-01 20:00:00,9568,2572,72,67,5474,0,15,9568,6916,0,0,2199,453,186560607,59136633,59105477,1804789,0,0,0,0
2026-07-01 21:00:00,9464,2530,72,67,5424,0,9,9464,6854,0,0,2158,452,182978782,57425809,57394653,1798789,0,0,0,0
2026-07-01 22:00:00,9553,2622,69,64,5430,0,46,9553,6853,0,0,2247,453,183025499,57417507,57386351,1683789,0,0,0,0
2026-07-01 23:00:00,9567,2625,67,62,5422,0,13,9567,6865,0,0,2248,454,183530669,57516418,57485262,1612089,0,0,0,0
2026-07-02 00:00:00,9560,2625,65,60,5411,0,20,9560,6860,0,0,2246,454,183433711,57522188,57491032,1538129,0,0,0,0
2026-07-02 01:00:00,9618,2624,73,68,5426,0,12,9618,6911,0,0,2252,455,183926214,57338819,57307663,1852529,0,0,0,0
2026-07-02 02:00:00,9622,2627,73,69,5436,0,22,9622,6911,0,0,2254,457,183951057,57360132,57329406,1861999,0,0,0,0
2026-07-02 03:00:00,9644,2634,73,69,5449,0,13,9644,6926,0,0,2260,458,183874443,57306698,57275972,1851109,0,0,0,0
2026-07-02 04:00:00,9631,2627,73,69,5444,0,28,9631,6920,0,0,2254,457,183691462,57224799,57194073,1850989,0,0,0,0
2026-07-02 05:00:00,9615,2633,73,69,5431,0,20,9615,6897,0,0,2260,458,183134237,57314709,57283983,1851099,0,0,0,0
2026-07-02 06:00:00,9603,2628,72,68,5430,0,24,9603,6891,0,0,2255,457,182872071,57238448,57207722,1847239,0,0,0,0
2026-07-02 07:00:00,9613,2624,73,69,5412,0,25,9613,6904,0,0,2252,457,182389181,57203608,57172882,1852139,0,0,0,0
2026-07-02 08:00:00,9602,2615,73,69,5407,0,31,9602,6902,0,0,2244,456,182117232,57163697,57132971,1854149,0,0,0,0
2026-07-02 09:00:00,9717,2676,73,69,5463,0,15,9717,6956,0,0,2308,453,185522619,58326224,58292198,1854139,0,0,0,0
2026-07-02 10:00:00,9707,2677,73,69,5466,0,21,9707,6945,0,0,2308,454,185159679,58194403,58160377,1855139,0,0,0,0
2026-07-02 11:00:00,9728,2675,73,69,5466,0,14,9728,6968,0,0,2303,457,185604160,58304482,58270456,1858439,0,0,0,0
2026-07-02 12:00:00,9721,2669,73,69,5459,0,22,9721,6967,0,0,2297,457,184994952,58162742,58128716,1855329,0,0,0,0
2026-07-02 13:00:00,9703,2674,73,69,5455,0,34,9703,6944,0,0,2305,454,184905764,58023564,57989538,1856429,0,0,0,0
2026-07-02 14:00:00,9692,2674,73,69,5449,0,27,9692,6933,0,0,2303,456,184581477,58049874,58015848,1858429,0,0,0,0
2026-07-02 15:00:00,9706,2679,73,69,5450,0,18,9706,6942,0,0,2307,457,184657413,58060368,58026342,1858429,0,0,0,0
2026-07-02 16:00:00,9696,2682,73,69,5445,0,40,9696,6929,0,0,2310,457,184521052,58100909,58066883,1858529,0,0,0,0
2026-07-02 17:00:00,9648,2668,73,69,5416,0,17,9648,6895,0,0,2301,452,184027022,57770383,57736357,1866430,0,0,0,0
2026-07-02 18:00:00,9655,2677,72,68,5412,0,30,9655,6895,0,0,2309,451,183495916,57755106,57721080,1860730,0,0,0,0
2026-07-02 19:00:00,9654,2667,73,68,5137,0,23,9654,6903,0,0,2299,452,183754747,57602055,57568029,1862330,0,0,0,0
2026-07-02 20:00:00,9691,2681,72,68,5231,0,16,9691,6927,0,0,2310,454,183512207,57675290,57641264,1810930,0,0,0,0
2026-07-02 21:00:00,9621,2646,72,68,5214,0,11,9621,6892,0,0,2274,455,182037709,56831532,56797505,1809931,0,0,0,0
2026-07-02 22:00:00,9597,2645,69,65,5208,0,12,9597,6872,0,0,2271,454,181736099,56783782,56749755,1737230,0,0,0,0
2026-07-02 23:00:00,9687,2684,67,64,5229,0,18,9687,6924,0,0,2307,456,183249546,57729749,57717722,1637126,0,0,0,0
2026-07-03 00:00:00,9691,2686,65,62,5232,0,23,9691,6928,0,0,2307,456,183127030,57749499,57737472,1571626,0,0,0,0
2026-07-03 01:00:00,9784,2757,72,69,5228,0,25,9784,6943,0,0,2382,459,183873277,57837533,57825506,1832526,0,0,0,0
2026-07-03 02:00:00,9784,2747,73,69,5232,0,19,9784,6953,0,0,2372,459,183628935,57808173,57774146,1860436,0,0,0,0
2026-07-03 03:00:00,9776,2731,73,69,5233,0,39,9776,6961,0,0,2356,459,183468426,57606781,57572754,1830716,0,0,0,0
2026-07-03 04:00:00,9797,2738,73,69,5232,0,12,9797,6975,0,0,2365,457,183652833,57656979,57622952,1840616,0,0,0,0
2026-07-03 05:00:00,9781,2737,73,69,5233,0,8,9781,6960,0,0,2364,457,183356260,57636085,57602058,1840086,0,0,0,0
2026-07-03 06:00:00,9770,2737,73,69,5236,0,13,9770,6949,0,0,2364,457,183359872,57654971,57620944,1839196,0,0,0,0
2026-07-03 07:00:00,9768,2731,73,69,5244,0,11,9768,6952,0,0,2359,457,182763567,57646775,57612748,1840487,0,0,0,0
2026-07-03 08:00:00,9756,2730,73,69,5246,0,16,9756,6941,0,0,2360,455,182726426,57615065,57581038,1841487,0,0,0,0
2026-07-03 09:00:00,9776,2735,73,69,5384,0,13,9776,6956,0,0,2366,454,182694359,57579920,57545893,1851387,0,0,0,0
2026-07-03 10:00:00,9768,2736,73,69,5382,0,17,9768,6947,0,0,2367,454,182240171,57490483,57456456,1847407,0,0,0,0
2026-07-03 11:00:00,9788,2732,73,69,5380,0,19,9788,6971,0,0,2361,456,182423852,57437213,57402186,1849407,0,0,0,0
2026-07-03 12:00:00,9780,2733,73,69,5377,0,23,9780,6962,0,0,2362,456,206626168,59788168,59743141,1661727,0,0,0,0
2026-07-03 13:00:00,9776,2741,73,69,5369,0,27,9776,6950,0,0,2369,457,181873489,57499659,57464632,1837207,0,0,0,0
2026-07-03 14:00:00,9772,2741,73,69,5369,0,21,9772,6946,0,0,2369,457,181938752,57511444,57476417,1823097,0,0,0,0
2026-07-03 15:00:00,9945,2891,73,69,5252,0,15,9945,6969,0,0,2520,456,181990729,57461357,57426330,1822297,0,0,0,0
2026-07-03 16:00:00,9938,2889,73,69,5250,0,19,9938,6964,0,0,2517,457,179300835,57134208,57099181,1812586,0,0,0,0
2026-07-03 17:00:00,9973,2918,73,69,5248,0,29,9973,6970,0,0,2547,456,179393295,57104859,57069832,1822887,0,0,0,0
2026-07-03 18:00:00,10010,2954,72,68,5247,0,33,10010,6972,0,0,2582,456,179471309,56993031,56958004,1817287,0,0,0,0
2026-07-03 19:00:00,10034,2973,72,68,5244,0,20,10034,6977,0,0,2599,458,179511028,57168740,57133713,1774028,0,0,0,0
2026-07-03 20:00:00,10027,2973,72,68,5241,0,17,10027,6970,0,0,2599,458,179237678,57186588,57151561,1773938,0,0,0,0
2026-07-03 21:00:00,10023,2971,70,66,5247,0,17,10023,6970,0,0,2597,456,181987910,57755517,57720490,1718038,0,0,0,0
2026-07-03 22:00:00,10010,2973,69,65,5254,0,9,10010,6956,0,0,2599,455,181461181,57737887,57702860,1689650,0,0,0,0
2026-07-03 23:00:00,10000,2973,67,63,5254,0,8,10000,6948,0,0,2594,458,181471688,57702934,57667907,1623550,0,0,0,0
2026-07-04 00:00:00,9989,2971,67,63,5264,0,16,9989,6939,0,0,2592,458,181362356,57683910,57648883,1623660,0,0,0,0
2026-07-04 01:00:00,10062,2971,73,69,5260,0,13,10062,7006,0,0,2599,457,181306691,57698055,57662028,1839750,0,0,0,0
2026-07-04 02:00:00,10038,2970,73,69,5262,0,14,10038,6983,0,0,2598,457,181304840,57704935,57668908,1829260,0,0,0,0
2026-07-04 03:00:00,10022,2966,73,69,5263,0,8,10022,6971,0,0,2594,457,181418363,57687538,57651511,1829740,0,0,0,0
2026-07-04 04:00:00,10018,2968,73,69,5266,0,22,10018,6965,0,0,2596,457,181306087,57727438,57691411,1829740,0,0,0,0
2026-07-04 05:00:00,10068,2971,73,69,5280,0,12,10068,7012,0,0,2599,457,181824056,57569733,57537106,1824140,0,0,0,0
2026-07-04 06:00:00,10057,2969,73,69,5280,0,11,10057,7003,0,0,2597,457,181370780,57601005,57572978,1815540,0,0,0,0
2026-07-04 07:00:00,10025,2968,72,68,5283,0,14,10025,6973,0,0,2595,457,181359321,57816832,57788805,1811040,0,0,0,0
2026-07-04 08:00:00,10029,2968,73,69,5282,0,22,10029,6976,0,0,2596,457,181287983,57781062,57753035,1811440,0,0,0,0
2026-07-04 09:00:00,10060,2965,73,69,5282,0,94,10060,7010,0,0,2593,457,181513298,57683050,57655023,1812490,0,0,0,0
2026-07-04 10:00:00,10048,2965,73,69,5282,0,16,10048,6998,0,0,2593,457,181365799,57702611,57674584,1812790,0,0,0,0
2026-07-04 11:00:00,10030,2966,73,69,5286,0,34,10030,6979,0,0,2594,457,181106789,57654871,57626844,1822790,0,0,0,0
2026-07-04 12:00:00,9983,2971,73,69,5250,0,31,9983,6927,0,0,2601,455,179781253,57506491,57480164,1823090,0,0,0,0
2026-07-04 13:00:00,10013,2965,73,69,5244,0,14,10013,6963,0,0,2594,456,180196187,57483429,57457102,1823100,0,0,0,0
2026-07-04 14:00:00,10021,2965,73,69,5257,0,16,10021,6971,0,0,2599,451,180481562,57393901,57367574,1821200,0,0,0,0
2026-07-04 15:00:00,9971,2965,73,69,5228,0,22,9971,6921,0,0,2596,454,179895375,57429280,57402953,1822200,0,0,0,0
2026-07-04 16:00:00,10011,2972,73,69,5266,0,22,10011,6954,0,0,2601,456,180407684,57493358,57467031,1811200,0,0,0,0
2026-07-04 17:00:00,10033,2977,73,69,5271,0,8,10033,6971,0,0,2606,456,180615856,57572859,57545531,1813401,0,0,0,0
2026-07-04 18:00:00,10020,2973,72,68,5270,0,18,10020,6963,0,0,2604,453,180337754,57526666,57500338,1791401,0,0,0,0
2026-07-04 19:00:00,9968,2957,70,66,5230,0,14,9968,6929,0,0,2587,452,179414121,57228616,57202288,1747611,0,0,0,0
2026-07-04 20:00:00,9982,2966,71,67,5253,0,17,9982,6933,0,0,2596,453,179895170,57366916,57340588,1754111,0,0,0,0
2026-07-04 21:00:00,10003,2971,70,66,5267,0,10,10003,6950,0,0,2601,452,180009485,57340846,57314518,1709021,0,0,0,0
2026-07-04 22:00:00,10001,2970,69,65,5269,0,15,10001,6950,0,0,2599,452,179645771,57332999,57306671,1678411,0,0,0,0
2026-07-04 23:00:00,9982,2973,70,66,5249,0,15,9982,6928,0,0,2601,453,179487494,57349419,57323091,1668421,0,0,0,0
2026-07-05 00:00:00,9980,2973,68,64,5246,0,10,9980,6927,0,0,2599,454,179013898,57340059,57313731,1638421,0,0,0,0
2026-07-05 01:00:00,10018,2975,72,68,5251,0,10,10018,6959,0,0,2606,453,179387930,57331200,57304872,1798521,0,0,0,0
2026-07-05 02:00:00,10009,2969,72,68,5246,0,20,10009,6956,0,0,2600,453,179156231,57255760,57229432,1799621,0,0,0,0
2026-07-05 03:00:00,9996,2973,72,68,5252,0,13,9996,6939,0,0,2603,454,179136436,57271530,57245202,1796621,0,0,0,0
2026-07-05 04:00:00,9982,2972,72,68,5252,0,18,9982,6926,0,0,2603,453,178551419,57139501,57113273,1791521,0,0,0,0
2026-07-05 05:00:00,10012,2972,72,68,5248,0,19,10012,6956,0,0,2604,452,178743851,57121082,57094854,1791421,0,0,0,0
2026-07-05 06:00:00,9999,2965,72,68,5242,0,22,9999,6950,0,0,2596,453,178846974,57168322,57142094,1794421,0,0,0,0
2026-07-05 07:00:00,10001,2975,72,68,5248,0,28,10001,6942,0,0,2607,452,178849821,57267771,57241543,1795411,0,0,0,0
2026-07-05 08:00:00,9981,2972,72,68,5243,0,28,9981,6925,0,0,2604,452,178179604,57164469,57138241,1795381,0,0,0,0
2026-07-05 09:00:00,9988,2966,72,68,5241,0,21,9988,6938,0,0,2602,448,178133675,57028363,57002135,1794381,0,0,0,0
2026-07-05 10:00:00,9984,2963,72,68,5241,0,11,9984,6937,0,0,2598,449,178226218,56931081,56904853,1784481,0,0,0,0
2026-07-05 11:00:00,9990,2971,72,68,5249,0,17,9990,6935,0,0,2603,452,178406083,56804319,56778091,1785481,0,0,0,0
2026-07-05 12:00:00,9983,2968,72,68,5253,0,11,9983,6931,0,0,2602,450,178194470,56776842,56750614,1783591,0,0,0,0
2026-07-05 13:00:00,9983,2964,72,68,5232,0,11,9983,6935,0,0,2598,450,177724318,56581805,56555577,1783591,0,0,0,0
2026-07-05 14:00:00,9982,2961,73,68,5235,0,21,9982,6937,0,0,2593,452,177948760,56559674,56533446,1782801,0,0,0,0
2026-07-05 15:00:00,9972,2968,73,68,5241,0,6,9972,6919,0,0,2601,452,177632421,56625636,56599408,1783802,0,0,0,0
2026-07-05 16:00:00,9985,2977,73,68,5242,0,16,9985,6924,0,0,2610,451,177387964,56707202,56680874,1782202,0,0,0,0
2026-07-05 17:00:00,9996,2980,73,68,5243,0,14,9996,6932,0,0,2612,452,177784852,56864626,56838298,1781592,0,0,0,0
2026-07-05 18:00:00,9982,2973,73,68,5227,0,24,9982,6925,0,0,2602,455,177682218,56826297,56799969,1777603,0,0,0,0
2026-07-05 19:00:00,9976,2966,70,65,5242,0,16,9976,6929,0,0,2597,450,177682338,56593888,56567560,1680703,0,0,0,0
2026-07-05 20:00:00,9978,2975,70,65,5240,0,18,9978,6922,0,0,2605,451,177108688,56444082,56417754,1649713,0,0,0,0
2026-07-05 21:00:00,9994,2976,69,64,5249,0,19,9994,6938,0,0,2601,455,176870135,56544846,56513018,1613213,0,0,0,0
2026-07-05 22:00:00,9988,2975,69,64,5244,0,30,9988,6934,0,0,2600,454,176869195,56479556,56447728,1613113,0,0,0,0
2026-07-05 23:00:00,9990,2978,66,61,5250,0,22,9990,6937,0,0,2600,453,177000970,56504586,56472758,1518113,0,0,0,0
2026-07-06 00:00:00,9994,2983,66,61,5247,0,23,9994,6936,0,0,2603,455,177032122,56595965,56564137,1518113,0,0,0,0
2026-07-06 01:00:00,10035,2988,73,68,5254,0,21,10035,6965,0,0,2614,456,177553893,56690896,56659068,1778513,0,0,0,0
2026-07-06 02:00:00,10018,2985,72,67,5249,0,18,10018,6952,0,0,2610,456,177117153,56657459,56625631,1761413,0,0,0,0
2026-07-06 03:00:00,10056,2989,73,68,5265,0,13,10056,6985,0,0,2614,457,177432952,56504717,56471889,1760623,0,0,0,0
2026-07-06 04:00:00,10066,2992,73,68,5272,0,26,10066,6992,0,0,2617,457,177521902,56629324,56596496,1752773,0,0,0,0
2026-07-06 05:00:00,10083,2994,73,68,5275,0,14,10083,7007,0,0,2619,457,177610628,56683531,56650703,1754493,0,0,0,0
2026-07-06 06:00:00,10083,2991,73,68,5281,0,30,10083,7010,0,0,2616,457,177600745,56672092,56639264,1754693,0,0,0,0
2026-07-06 07:00:00,10096,3001,73,68,5281,0,12,10096,7012,0,0,2627,457,177956232,56927622,56894794,1754813,0,0,0,0
2026-07-06 08:00:00,10097,3000,73,68,5280,0,12,10097,7014,0,0,2626,457,177697040,56821461,56788633,1752413,0,0,0,0
2026-07-06 09:00:00,10101,3002,73,68,5283,0,18,10101,7016,0,0,2628,457,177733143,56802032,56769204,1752313,0,0,0,0
2026-07-06 10:00:00,10095,2991,73,68,5280,0,17,10095,7021,0,0,2617,457,177467950,56765832,56733004,1753353,0,0,0,0
2026-07-06 11:00:00,10076,2988,73,68,5280,0,19,10076,7005,0,0,2614,457,177187470,56725124,56692296,1754233,0,0,0,0
2026-07-06 12:00:00,10006,2976,74,69,5243,0,16,10006,6946,0,0,2602,458,176154006,56415717,56382889,1754153,0,0,0,0
2026-07-06 13:00:00,10026,2976,74,69,5254,0,14,10026,6966,0,0,2603,457,176060624,56321389,56288561,1754143,0,0,0,0
2026-07-06 14:00:00,10011,2975,74,69,5256,0,27,10011,6952,0,0,2603,456,175885739,56290757,56257929,1754253,0,0,0,0
2026-07-06 15:00:00,10091,2985,74,69,5279,0,14,10091,7022,0,0,2610,459,177035657,56557908,56525080,1753663,0,0,0,0
2026-07-06 16:00:00,10094,2985,74,69,5283,0,16,10094,7025,0,0,2610,459,177153980,56534798,56501970,1765633,0,0,0,0
2026-07-06 17:00:00,10108,2986,74,69,5288,0,14,10108,7038,0,0,2611,459,177251937,56507355,56474527,1767533,0,0,0,0
2026-07-06 18:00:00,10098,2986,73,68,5284,0,15,10098,7029,0,0,2611,458,176891531,56491365,56458537,1762663,0,0,0,0
2026-07-06 19:00:00,10115,2987,74,69,5295,0,23,10115,7044,0,0,2612,459,177104475,56490367,56456739,1768663,0,0,0,0
2026-07-06 20:00:00,10112,2986,74,69,5294,0,20,10112,7042,0,0,2611,459,176733331,56315775,56282847,1757063,0,0,0,0
2026-07-06 21:00:00,10105,2984,74,69,5306,0,22,10105,7037,0,0,2609,459,176928191,56322792,56289864,1757063,0,0,0,0
2026-07-06 22:00:00,10044,2980,73,68,5283,0,13,10044,6981,0,0,2604,459,176292744,56286901,56253973,1712563,0,0,0,0
2026-07-06 23:00:00,10025,2975,72,67,5276,0,13,10025,6968,0,0,2601,456,176036994,56261890,56228962,1716563,0,0,0,0
2026-07-07 00:00:00,10013,2980,70,65,5273,0,16,10013,6953,0,0,2603,457,175803685,56318680,56285752,1635773,0,0,0,0
2026-07-07 01:00:00,10055,2975,73,68,5265,0,25,10055,6997,0,0,2602,456,175774956,56179395,56146467,1753753,0,0,0,0
2026-07-07 02:00:00,10045,2980,73,68,5268,0,12,10045,6982,0,0,2606,457,175714709,56329686,56296758,1752743,0,0,0,0
2026-07-07 03:00:00,10038,2987,73,68,5274,0,7,10038,6968,0,0,2613,457,175813377,56285824,56252996,1762833,0,0,0,0
2026-07-07 04:00:00,10012,2988,73,68,5266,0,12,10012,6942,0,0,2614,456,175176354,56254206,56221378,1767733,0,0,0,0
2026-07-07 05:00:00,10025,2983,73,68,5263,0,12,10025,6960,0,0,2610,455,174806855,56303535,56270707,1761533,0,0,0,0
2026-07-07 06:00:00,10009,2979,73,68,5248,0,22,10009,6948,0,0,2609,452,174472299,56247825,56214997,1752543,0,0,0,0
2026-07-07 07:00:00,10015,2984,73,68,5261,0,19,10015,6949,0,0,2610,456,174874802,56178515,56145687,1752663,0,0,0,0
2026-07-07 08:00:00,10016,2980,73,68,5261,0,26,10016,6954,0,0,2607,455,174636319,56093792,56060964,1758954,0,0,0,0
2026-07-07 09:00:00,10035,2983,73,68,5269,0,11,10035,6970,0,0,2610,455,174818018,56239539,56206711,1766004,0,0,0,0
2026-07-07 10:00:00,10033,2990,73,68,5269,0,11,10033,6961,0,0,2604,468,174962850,56340337,56307009,1766504,0,0,0,0
2026-07-07 11:00:00,10004,2981,73,68,5259,0,11,10004,6941,0,0,2588,475,174901671,56417889,56384561,1766494,0,0,0,0
2026-07-07 12:00:00,10003,2982,74,69,5258,0,6,10003,6938,0,0,2589,476,174837816,56494701,56461373,1777394,0,0,0,0
2026-07-07 13:00:00,10027,2982,73,68,5257,0,12,10027,6962,0,0,2590,475,174874386,56488722,56455394,1772004,0,0,0,0
2026-07-07 14:00:00,10021,2983,74,69,5258,0,13,10021,6954,0,0,2597,470,174881830,56460259,56426931,1776504,0,0,0,0
2026-07-07 15:00:00,9994,2985,74,69,5260,0,133,9994,6925,0,0,2599,470,174620288,56518477,56486149,1757504,0,0,0,0
2026-07-07 16:00:00,9986,2980,74,69,5257,0,16,9986,6922,0,0,2593,471,174535750,56441357,56409029,1756704,0,0,0,0
2026-07-07 17:00:00,10045,2987,74,69,5270,0,33,10045,6974,0,0,2598,473,175299490,56432455,56400127,1758314,0,0,0,0
2026-07-07 18:00:00,10009,2969,74,69,5258,0,15,10009,6956,0,0,2590,463,174888126,56218086,56185758,1759314,0,0,0,0
2026-07-07 19:00:00,9959,2968,74,69,5248,0,11,9959,6907,0,0,2589,463,174464358,56428974,56396646,1760924,0,0,0,0
2026-07-07 20:00:00,9940,2953,73,68,5231,0,17,9940,6904,0,0,2584,452,174267861,56436530,56404202,1715244,0,0,0,0
2026-07-07 21:00:00,9996,2959,71,66,5240,0,17,9996,6956,0,0,2588,452,174944348,56504255,56471927,1637244,0,0,0,0
2026-07-07 22:00:00,9967,2960,71,66,5216,0,18,9967,6926,0,0,2589,452,173983331,56521810,56489482,1637244,0,0,0,0
2026-07-07 23:00:00,9970,2970,71,66,5226,0,15,9970,6919,0,0,2596,455,174889034,56973865,56941537,1635344,0,0,0,0
2026-07-08 00:00:00,9960,2967,69,64,5219,0,17,9960,6915,0,0,2591,454,174817193,56958960,56926532,1568554,0,0,0,0
2026-07-08 01:00:00,9993,2971,74,69,5219,0,17,9993,6939,0,0,2598,456,175084977,57050472,57018044,1757594,0,0,0,0
2026-07-08 02:00:00,9979,2966,74,69,5223,0,19,9979,6929,0,0,2594,456,174867031,57015847,56983419,1759694,0,0,0,0
2026-07-08 03:00:00,9965,2959,74,69,5231,0,9,9965,6922,0,0,2587,456,175080541,56972401,56939973,1751944,0,0,0,0
2026-07-08 04:00:00,9952,2960,74,69,5225,0,12,9952,6908,0,0,2588,456,174721432,56982280,56949852,1754344,0,0,0,0
2026-07-08 05:00:00,10000,2959,74,69,5228,0,13,10000,6957,0,0,2587,456,175300186,56994925,56962497,1752944,0,0,0,0
2026-07-08 06:00:00,10002,2965,74,69,5234,0,13,10002,6953,0,0,2593,456,175247565,57044962,57012533,1753946,0,0,0,0
2026-07-08 07:00:00,9946,2965,73,69,5211,0,10,9946,6897,0,0,2593,456,174796404,57026553,56994124,1753526,0,0,0,0
2026-07-08 08:00:00,9953,2957,73,69,5226,0,22,9953,6912,0,0,2586,455,174880064,57124243,57091614,1753716,0,0,0,0
2026-07-08 09:00:00,9969,2965,73,69,5223,0,13,9969,6920,0,0,2592,457,174724754,57045878,57013249,1753726,0,0,0,0
2026-07-08 10:00:00,9958,2961,73,69,5219,0,15,9958,6913,0,0,2587,458,174806544,57057958,57025329,1753526,0,0,0,0
2026-07-08 11:00:00,9975,2974,73,69,5218,0,19,9975,6917,0,0,2593,465,175015781,57250092,57217463,1751027,0,0,0,0
2026-07-08 12:00:00,9961,2972,73,69,5213,0,21,9961,6905,0,0,2599,457,174980825,57271660,57239031,1752037,0,0,0,0
2026-07-08 13:00:00,9979,2968,73,68,5215,0,17,9979,6928,0,0,2594,457,174998868,57288236,57255607,1749737,0,0,0,0
2026-07-08 14:00:00,9995,3003,74,69,5203,0,16,9995,6908,0,0,2631,456,174490502,57118376,57085747,1758197,0,0,0,0
2026-07-08 15:00:00,10004,3011,74,69,5209,0,9,10004,6909,0,0,2639,456,174340455,57089221,57056592,1755177,0,0,0,0
2026-07-08 16:00:00,9992,3010,74,69,5210,0,18,9992,6898,0,0,2638,456,174198648,57083311,57050582,1754376,0,0,0,0
2026-07-08 17:00:00,10035,3009,74,69,5224,0,14,10035,6942,0,0,2637,456,175115131,57154397,57121668,1754676,0,0,0,0
2026-07-08 18:00:00,10046,3009,75,69,5229,0,13,10046,6953,0,0,2637,456,175248729,57187684,57154955,1754366,0,0,0,0
2026-07-08 19:00:00,10024,3007,75,69,5228,0,10,10024,6933,0,0,2635,456,175114444,57134642,57101913,1755366,0,0,0,0
2026-07-08 20:00:00,10027,3018,74,68,5324,0,16,10027,6926,0,0,2637,464,196975823,66579125,66551676,1745316,0,0,0,0
2026-07-08 21:00:00,10026,3010,74,68,5314,0,12,10026,6933,0,0,2635,458,197185113,66613386,66585936,1744317,0,0,0,0
2026-07-08 22:00:00,9981,3008,73,67,5297,0,19,9981,6891,0,0,2632,458,196142485,66515332,66487882,1697617,0,0,0,0
2026-07-08 23:00:00,9971,3016,72,66,5278,0,7,9971,6874,0,0,2640,457,195880424,66785283,66757833,1658917,0,0,0,0
2026-07-09 00:00:00,9948,3011,72,66,5259,0,11,9948,6856,0,0,2637,455,195015305,66737224,66709874,1648817,0,0,0,0
2026-07-09 01:00:00,9992,3014,74,68,5267,0,8,9992,6895,0,0,2640,457,195999031,66858140,66830790,1783736,0,0,0,0
2026-07-09 02:00:00,9987,3014,75,69,5258,0,9,9987,6889,0,0,2641,457,195578849,66816541,66789191,1791436,0,0,0,0
2026-07-09 03:00:00,9996,3023,75,69,5266,0,14,9996,6889,0,0,2649,458,195361000,66910042,66882692,1791456,0,0,0,0
2026-07-09 04:00:00,9979,3014,75,69,5258,0,13,9979,6881,0,0,2641,457,195656502,67258567,67231217,1792556,0,0,0,0
2026-07-09 05:00:00,10003,3025,75,69,5264,0,21,10003,6894,0,0,2643,466,196080965,67356608,67329258,1783546,0,0,0,0
2026-07-09 06:00:00,9993,3024,75,69,5270,0,31,9993,6885,0,0,2643,465,196241784,67383911,67356561,1757556,0,0,0,0
2026-07-09 07:00:00,9994,3024,75,69,5271,0,21,9994,6886,0,0,2642,466,195754038,67377242,67349892,1765566,0,0,0,0
2026-07-09 08:00:00,10001,3034,74,68,5266,0,18,10001,6884,0,0,2641,476,195376495,67325449,67298099,1758766,0,0,0,0
2026-07-09 09:00:00,9923,3026,75,69,5196,0,39,9923,6813,0,0,2638,472,195018854,67295009,67267659,1764576,0,0,0,0
2026-07-09 10:00:00,9969,3029,75,69,5234,0,26,9969,6856,0,0,2639,474,195414488,67395287,67367837,1767986,0,0,0,0
2026-07-09 11:00:00,9973,3038,75,69,5237,0,17,9973,6851,0,0,2646,476,195359917,67477216,67449766,1757986,0,0,0,0
2026-07-09 12:00:00,9975,3041,75,69,5242,0,21,9975,6850,0,0,2650,475,195750944,67506603,67479153,1759887,0,0,0,0
2026-07-09 13:00:00,9967,3036,75,69,5237,0,15,9967,6847,0,0,2647,473,194938316,67247143,67219693,1760097,0,0,0,0
2026-07-09 14:00:00,9967,3036,74,68,5242,0,17,9967,6849,0,0,2649,469,194840087,67309643,67282193,1754417,0,0,0,0
2026-07-09 15:00:00,9969,3031,75,69,5128,0,12,9969,6855,0,0,2644,470,180998905,62458016,62416589,1970748,0,0,0,0
2026-07-09 16:00:00,9982,3025,75,69,5136,0,33,9982,6874,0,0,2637,471,181367431,62088477,62047050,1969518,0,0,0,0
2026-07-09 17:00:00,9988,3035,75,69,5137,0,25,9988,6869,0,0,2645,474,181030249,62218288,62176861,1968538,0,0,0,0
2026-07-09 18:00:00,9978,3036,74,68,5144,0,30,9978,6859,0,0,2644,475,180705442,62274479,62233052,1910538,0,0,0,0
2026-07-09 19:00:00,9992,3037,73,67,5149,0,19,9992,6873,0,0,2644,475,180720242,61961748,61920321,1881637,0,0,0,0
2026-07-09 20:00:00,9989,3041,72,66,5155,0,33,9989,6867,0,0,2645,477,180638631,62066428,62025001,1846636,0,0,0,0
2026-07-09 21:00:00,9988,3039,70,64,5146,0,24,9988,6870,0,0,2642,476,180782716,62319683,62277256,1772446,0,0,0,0
2026-07-09 22:00:00,9985,3042,68,62,5184,0,26,9985,6866,0,0,2643,476,180989071,62472313,62429886,1707546,0,0,0,0
2026-07-09 23:00:00,9984,3043,68,62,5198,0,20,9984,6864,0,0,2645,475,181585262,62626034,62583607,1718746,0,0,0,0
2026-07-10 00:00:00,9977,3040,67,61,5189,0,26,9977,6861,0,0,2643,473,181336259,62381719,62339292,1689847,0,0,0,0
2026-07-10 01:00:00,10000,3023,75,69,5168,0,25,10000,6893,0,0,2634,473,182068554,62337082,62294655,1898897,0,0,0,0
2026-07-10 02:00:00,9994,3016,75,69,5163,0,33,9994,6894,0,0,2628,472,182136884,62271124,62228697,1993967,0,0,0,0
2026-07-10 03:00:00,10001,3037,75,69,5164,0,24,10001,6880,0,0,2647,474,182160651,62543981,62501554,1999966,0,0,0,0
2026-07-10 04:00:00,9981,3035,75,69,5162,0,46,9981,6862,0,0,2645,474,181942405,62540111,62497684,2003166,0,0,0,0
2026-07-10 05:00:00,10008,3034,75,69,5157,0,24,10008,6890,0,0,2645,473,182153953,62537271,62494844,2002266,0,0,0,0
2026-07-10 06:00:00,9996,3034,75,69,5153,0,29,9996,6878,0,0,2643,475,181799546,62517898,62475471,2005066,0,0,0,0
2026-07-10 07:00:00,9988,3032,75,69,5157,0,26,9988,6872,0,0,2641,475,182111313,62535466,62493039,2005176,0,0,0,0
2026-07-10 08:00:00,9973,3026,75,69,5143,0,26,9973,6863,0,0,2637,473,181925125,62444697,62404270,1994187,0,0,0,0
2026-07-10 09:00:00,9978,3033,74,68,5153,0,27,9978,6863,0,0,2640,475,181180358,62481668,62441241,1988187,0,0,0,0
2026-07-10 10:00:00,9983,3035,75,69,5164,0,34,9983,6865,0,0,2644,474,181637341,62485617,62444731,1993746,0,0,0,0
2026-07-10 11:00:00,9986,3039,75,69,5174,0,18,9986,6863,0,0,2649,474,181773829,62592298,62551412,1988256,0,0,0,0
2026-07-10 12:00:00,9958,3038,74,68,5170,0,31,9958,6838,0,0,2643,477,181865361,62517118,62477232,1982356,0,0,0,0
2026-07-10 13:00:00,9854,2935,75,69,5127,0,19,9854,6836,0,0,2539,479,176653856,59408485,59368599,1990359,0,0,0,0
2026-07-10 14:00:00,9975,3033,75,69,5142,0,32,9975,6858,0,0,2639,478,181439767,62479446,62439560,1989460,0,0,0,0
2026-07-10 15:00:00,9961,3039,75,69,5134,0,15,9961,6838,0,0,2644,479,181008095,62447580,62407694,1988470,0,0,0,0
2026-07-10 16:00:00,9970,3038,75,69,5141,0,32,9970,6849,0,0,2642,479,181247207,62572117,62532231,1988570,0,0,0,0
2026-07-10 17:00:00,9975,3035,75,69,5138,0,18,9975,6857,0,0,2645,473,181429539,62580978,62541092,1991546,0,0,0,0
2026-07-10 18:00:00,9955,3034,75,69,5133,0,32,9955,6838,0,0,2639,478,181508003,62595882,62555996,1990546,0,0,0,0
2026-07-10 19:00:00,9961,3028,75,69,5131,0,23,9961,6851,0,0,2631,479,182080346,62561269,62521383,2000546,0,0,0,0
2026-07-10 20:00:00,9944,3014,75,69,5148,0,25,9944,6848,0,0,2623,473,181732720,62325832,62286146,2000303,0,0,0,0
2026-07-10 21:00:00,9970,3027,73,67,5166,0,19,9970,6862,0,0,2633,475,182242297,62538393,62498747,1900263,0,0,0,0
2026-07-10 22:00:00,9943,3022,72,66,5144,0,17,9943,6841,0,0,2631,471,181737577,62519623,62479977,1860863,0,0,0,0
2026-07-10 23:00:00,9941,3033,71,65,5138,0,18,9941,6829,0,0,2639,473,181755442,63028743,62988897,1823063,0,0,0,0
2026-07-11 00:00:00,9931,3036,70,64,5135,0,25,9931,6817,0,0,2632,482,181849913,62979213,62939367,1787173,0,0,0,0
2026-07-11 01:00:00,9999,3047,74,69,5229,0,22,9999,6869,0,0,2647,483,182929483,63151055,63111235,2004149,0,0,0,0
2026-07-11 02:00:00,9985,3045,74,69,5227,0,23,9985,6857,0,0,2645,483,182891352,63167103,63127283,1992349,0,0,0,0
2026-07-11 03:00:00,9961,3023,74,69,5201,0,20,9961,6855,0,0,2624,482,182712539,62925637,62885817,1993349,0,0,0,0
2026-07-11 04:00:00,9942,2997,74,69,5174,0,25,9942,6862,0,0,2597,483,183267799,63006268,62966448,1991449,0,0,0,0
2026-07-11 05:00:00,9993,3041,74,69,5156,0,22,9993,6869,0,0,2641,483,183324927,63120968,63081148,1992449,0,0,0,0
2026-07-11 06:00:00,9950,3004,74,69,5142,0,16,9950,6863,0,0,2604,483,183014663,63083459,63043639,1991661,0,0,0,0
2026-07-11 07:00:00,9988,3031,74,69,5140,0,249,9988,6874,0,0,2629,485,183156544,63188429,63147609,1993532,0,0,0,0
2026-07-11 08:00:00,9966,3029,74,69,4969,0,31,9966,6854,0,0,2631,481,191646242,66163776,66127946,1933435,0,0,0,0
2026-07-11 09:00:00,9980,3046,74,69,4955,0,27,9980,6851,0,0,2647,482,191972649,66391596,66355766,1934535,0,0,0,0
2026-07-11 10:00:00,9979,3046,74,69,4967,0,23,9979,6851,0,0,2646,482,191734065,66478294,66442464,1935435,0,0,0,0
2026-07-11 11:00:00,9992,3046,74,69,4990,0,22,9992,6864,0,0,2645,483,192752493,66624143,66587313,1944695,0,0,0,0
2026-07-11 12:00:00,9988,3047,74,69,4983,0,21,9988,6859,0,0,2646,483,192945628,66771768,66734938,1946835,0,0,0,0
2026-07-11 13:00:00,9952,3042,73,69,4938,0,19,9952,6828,0,0,2642,482,192596274,66572740,66547910,1937735,0,0,0,0
2026-07-11 14:00:00,9982,3039,73,69,4965,0,26,9982,6861,0,0,2639,482,192536116,66658870,66634040,1938745,0,0,0,0
2026-07-11 15:00:00,9949,3033,73,68,5015,0,27,9949,6835,0,0,2633,481,192117323,66591622,66554792,1921746,0,0,0,0
2026-07-11 16:00:00,9964,3032,72,67,5011,0,35,9964,6852,0,0,2631,481,192258952,66614491,66577661,1918626,0,0,0,0
2026-07-11 17:00:00,9954,3010,73,68,4998,0,25,9954,6863,0,0,2611,480,192221469,66492125,66455295,1924826,0,0,0,0
2026-07-11 18:00:00,9917,2999,72,67,4970,0,29,9917,6838,0,0,2599,480,191885872,66341668,66304838,1919726,0,0,0,0
2026-07-11 19:00:00,9932,3013,72,67,4979,0,22,9932,6839,0,0,2613,480,192242514,66358518,66321688,1863936,0,0,0,0
2026-07-11 20:00:00,9898,2992,72,67,4977,0,22,9898,6826,0,0,2592,480,192349418,66448419,66411589,1864936,0,0,0,0
2026-07-11 21:00:00,9938,3017,71,66,5014,0,17,9938,6842,0,0,2613,483,194714048,67278175,67241275,1823096,0,0,0,0
2026-07-11 22:00:00,9930,3021,69,64,5007,0,42,9930,6832,0,0,2616,482,194726594,67309196,67272296,1782996,0,0,0,0
2026-07-11 23:00:00,9884,3033,70,65,5006,0,199,9884,6773,0,0,2629,482,193767822,67569324,67532424,1788106,0,0,0,0
2026-07-12 00:00:00,9924,3031,68,63,4990,0,33,9924,6817,0,0,2626,481,193249501,67150684,67113784,1702206,0,0,0,0
2026-07-12 01:00:00,9954,3031,74,69,4998,0,27,9954,6840,0,0,2635,479,194508891,67210168,67173268,1947706,0,0,0,0
2026-07-12 02:00:00,9944,3024,74,69,4989,0,32,9944,6838,0,0,2628,478,194196789,67165555,67128555,1960506,0,0,0,0
2026-07-12 03:00:00,9955,3034,74,69,4996,0,20,9955,6839,0,0,2635,481,194520928,67598045,67561035,1961136,0,0,0,0
2026-07-12 04:00:00,9932,3030,73,68,4985,0,29,9932,6821,0,0,2628,483,193799285,67417860,67380850,1956436,0,0,0,0
2026-07-12 05:00:00,9950,3032,73,68,5002,0,16,9950,6837,0,0,2632,481,194382979,67444819,67407809,1956416,0,0,0,0
2026-07-12 06:00:00,9940,3033,74,69,4992,0,18,9940,6825,0,0,2633,482,193900173,67396087,67359077,1971526,0,0,0,0
2026-07-12 07:00:00,9936,3034,74,69,4994,0,13,9936,6820,0,0,2633,483,193608873,67363367,67326357,1970926,0,0,0,0
2026-07-12 08:00:00,9924,3034,74,69,4997,0,24,9924,6807,0,0,2634,483,194815631,68111368,68075358,2057084,0,0,0,0
2026-07-12 09:00:00,9937,3025,74,69,5005,0,22,9937,6829,0,0,2627,481,195699502,68101829,68065819,2056084,0,0,0,0
2026-07-12 10:00:00,9926,3025,74,69,5000,0,28,9926,6819,0,0,2624,483,195532743,68090091,68054081,2057084,0,0,0,0
2026-07-12 11:00:00,9919,3008,74,69,5011,0,21,9919,6829,0,0,2608,482,195909830,68047461,68012451,2061084,0,0,0,0
2026-07-12 12:00:00,9916,2997,74,69,5011,0,23,9916,6837,0,0,2598,481,195879133,68028361,67993351,2059974,0,0,0,0
2026-07-12 13:00:00,9916,3008,74,69,4987,0,32,9916,6825,0,0,2607,484,195889109,68250280,68215270,2074862,0,0,0,0
2026-07-12 14:00:00,9944,3027,74,69,5006,0,29,9944,6834,0,0,2625,485,196182398,68192710,68157700,2079511,0,0,0,0
2026-07-12 15:00:00,9918,3026,74,69,4991,0,22,9918,6809,0,0,2626,483,195413849,68025000,67989770,2079731,0,0,0,0
2026-07-12 16:00:00,9918,3029,74,69,4991,0,23,9918,6806,0,0,2627,485,195837230,68145010,68109780,2079631,0,0,0,0
2026-07-12 17:00:00,9942,3033,73,69,5003,0,15,9942,6826,0,0,2633,483,180206153,60100358,60067628,1931841,0,0,0,0
2026-07-12 18:00:00,9933,3032,72,68,5003,0,70,9933,6819,0,0,2631,483,180054610,60142398,60109668,1885976,0,0,0,0
2026-07-12 19:00:00,9922,3028,73,68,5003,0,17,9922,6812,0,0,2627,483,179871237,60176548,60141318,1888476,0,0,0,0
2026-07-12 20:00:00,9890,3023,72,67,4990,0,27,9890,6787,0,0,2620,483,178419189,59970499,59935269,1841023,0,0,0,0
2026-07-12 21:00:00,9903,3012,70,65,5001,0,18,9903,6812,0,0,2605,486,179261631,60100429,60064999,1759223,0,0,0,0
2026-07-12 22:00:00,9890,2996,69,64,5011,0,27,9890,6816,0,0,2588,486,179479893,60230239,60185809,1724223,0,0,0,0
2026-07-12 23:00:00,9802,2907,66,61,5015,0,19,9802,6820,0,0,2496,486,179603292,60184629,60140399,1659133,0,0,0,0
2026-07-13 00:00:00,9812,2908,67,61,5019,0,14,9812,6829,0,0,2496,487,179662466,60209588,60165319,1658372,0,0,0,0
2026-07-13 01:00:00,9860,2922,73,67,5014,0,18,9860,6857,0,0,2517,486,180403413,60162678,60118409,1913372,0,0,0,0
2026-07-13 02:00:00,9872,2934,72,66,5004,0,27,9872,6858,0,0,2530,484,180153790,60084669,60040400,1907173,0,0,0,0
2026-07-13 03:00:00,9877,2936,73,67,5015,0,13,9877,6860,0,0,2532,485,180365303,60077650,60033381,1913373,0,0,0,0
2026-07-13 04:00:00,9881,2955,73,67,5015,0,29,9881,6845,0,0,2552,484,180002505,59947423,59901463,1922104,0,0,0,0
2026-07-13 05:00:00,9887,2958,72,66,5029,0,20,9887,6849,0,0,2553,485,180278075,60068234,60022274,1917014,0,0,0,0
2026-07-13 06:00:00,9877,2958,73,67,5027,0,25,9877,6838,0,0,2555,484,179819360,60109034,60063074,1911214,0,0,0,0
2026-07-13 07:00:00,9863,2957,73,67,5031,0,21,9863,6825,0,0,2553,485,179716332,60212325,60166355,1909214,0,0,0,0
2026-07-13 08:00:00,9854,2952,73,67,5033,0,21,9854,6821,0,0,2548,485,179429600,60128047,60082077,1908114,0,0,0,0
2026-07-13 09:00:00,9864,2949,73,67,5030,0,24,9864,6834,0,0,2546,484,179884196,60056198,60010228,1909114,0,0,0,0
2026-07-13 10:00:00,9842,2952,73,67,5035,0,21,9842,6809,0,0,2549,484,179657339,60022049,59976079,1910134,0,0,0,0
2026-07-13 11:00:00,9802,2929,73,67,5017,0,16,9802,6792,0,0,2526,484,181034269,60323035,60277065,1975750,0,0,0,0
2026-07-13 12:00:00,9802,2921,73,67,5024,0,19,9802,6800,0,0,2518,484,180928819,60330135,60284165,1982650,0,0,0,0
2026-07-13 13:00:00,9806,2917,73,67,5025,0,22,9806,6808,0,0,2514,484,180605619,60112745,60066775,1987050,0,0,0,0
2026-07-13 14:00:00,9800,2906,73,67,5021,0,19,9800,6813,0,0,2504,483,180573283,60036005,59990035,1989001,0,0,0,0
2026-07-13 15:00:00,9799,2908,73,67,5016,0,18,9799,6810,0,0,2508,481,180456580,60096672,60050702,1999381,0,0,0,0
2026-07-13 16:00:00,9781,2905,73,67,5083,0,14,9781,6795,0,0,2507,479,203246714,70835456,70788923,2183482,0,0,0,0
2026-07-13 17:00:00,9802,2908,73,67,5104,0,18,9802,6813,0,0,2509,480,204040015,71007688,70961155,2183482,0,0,0,0
2026-07-13 18:00:00,9759,2884,73,67,5086,0,19,9759,6794,0,0,2487,478,203415523,70773738,70727205,2182622,0,0,0,0
2026-07-13 19:00:00,9747,2869,73,67,5089,0,20,9747,6798,0,0,2470,479,203289580,70644288,70597755,2177682,0,0,0,0
2026-07-13 20:00:00,9710,2857,72,66,5088,0,30,9710,6773,0,0,2457,480,202809512,70439269,70392736,2123582,0,0,0,0
2026-07-13 21:00:00,9754,2878,71,65,5092,0,14,9754,6798,0,0,2475,481,202945602,70698788,70654255,2071582,0,0,0,0
2026-07-13 22:00:00,9772,2875,67,62,5102,0,21,9772,6821,0,0,2468,483,203244045,70632478,70590045,1913482,0,0,0,0
2026-07-13 23:00:00,9796,2894,68,62,5106,0,10,9796,6826,0,0,2490,480,203589303,70695659,70652126,1904442,0,0,0,0
2026-07-14 00:00:00,9804,2896,66,60,5099,0,21,9804,6834,0,0,2491,479,203794312,70807199,70763666,1815542,0,0,0,0
2026-07-14 01:00:00,9811,2882,73,67,5085,0,20,9811,6848,0,0,2483,480,204451035,70660509,70616976,2169642,0,0,0,0
2026-07-14 02:00:00,9805,2882,72,66,5089,0,24,9805,6843,0,0,2482,480,204498744,70583819,70540286,2175942,0,0,0,0
2026-07-14 03:00:00,9820,2885,73,67,5094,0,12,9820,6854,0,0,2486,480,204283451,70572168,70528635,2181842,0,0,0,0
2026-07-14 04:00:00,9827,2889,73,67,5098,0,15,9827,6857,0,0,2490,480,204361338,70628840,70585307,2179542,0,0,0,0
2026-07-14 05:00:00,9785,2829,73,67,5093,0,13,9785,6875,0,0,2427,483,204641154,70536199,70492666,2165942,0,0,0,0
2026-07-14 06:00:00,9896,2946,73,67,5096,0,49,9896,6869,0,0,2544,483,204786651,70858750,70815217,2165342,0,0,0,0
2026-07-14 07:00:00,9879,2955,73,67,5093,0,18,9879,6844,0,0,2552,483,203434810,70734900,70691367,2166342,0,0,0,0
2026-07-14 08:00:00,9876,2947,73,67,5106,0,42,9876,6849,0,0,2545,482,204288600,71189601,71144068,2179342,0,0,0,0
2026-07-14 09:00:00,9878,2933,73,67,5094,0,26,9878,6864,0,0,2532,482,205041271,71504702,71459169,2215362,0,0,0,0
2026-07-14 10:00:00,9877,2926,73,67,5094,0,44,9877,6870,0,0,2525,482,204970429,71463183,71417650,2203632,0,0,0,0
2026-07-14 11:00:00,9864,2929,73,67,5093,0,16,9864,6854,0,0,2537,473,204970835,71421092,71373759,2209542,0,0,0,0
2026-07-14 12:00:00,9862,2945,73,67,5095,0,26,9862,6836,0,0,2544,482,204841796,71557422,71510089,2209542,0,0,0,0
2026-07-14 13:00:00,9869,2935,73,67,5095,0,24,9869,6853,0,0,2535,481,204580307,71423461,71378128,2209432,0,0,0,0
2026-07-14 14:00:00,9862,2930,73,67,5089,0,20,9862,6851,0,0,2529,482,204629214,71474712,71429379,2249532,0,0,0,0
2026-07-14 15:00:00,9838,2943,73,67,5087,0,13,9838,6814,0,0,2543,481,203911009,71413582,71368249,2260532,0,0,0,0
2026-07-14 16:00:00,9828,2931,73,67,5080,0,40,9828,6816,0,0,2532,480,203781336,71405492,71360159,2249602,0,0,0,0
2026-07-14 17:00:00,9846,2938,73,67,5067,0,24,9846,6827,0,0,2541,478,203452110,71535634,71490301,2239702,0,0,0,0
2026-07-14 18:00:00,9876,2949,73,67,5077,0,23,9876,6846,0,0,2552,478,203859215,71430921,71385588,2240702,0,0,0,0
2026-07-14 19:00:00,9876,2983,72,66,5084,0,11,9876,6813,0,0,2580,483,203946568,71873511,71828178,2171702,0,0,0,0
2026-07-14 20:00:00,9906,3012,71,65,5090,0,40,9906,6815,0,0,2608,483,204243345,71983565,71938232,2116802,0,0,0,0
2026-07-14 21:00:00,9904,3009,71,65,5083,0,17,9904,6816,0,0,2605,483,204395635,71888225,71842892,2127902,0,0,0,0
2026-07-14 22:00:00,9915,3023,71,65,5089,0,14,9915,6813,0,0,2619,483,204379269,71960494,71915161,2141782,0,0,0,0
2026-07-14 23:00:00,9920,3025,67,61,5085,0,72,9920,6820,0,0,2618,482,204254937,71831194,71785861,1961882,0,0,0,0
2026-07-15 00:00:00,9913,3030,66,60,5090,0,32,9913,6809,0,0,2623,481,203951275,71789205,71739072,1916782,0,0,0,0
2026-07-15 01:00:00,9924,3010,73,67,5091,0,15,9924,6833,0,0,2609,482,205142178,72004224,71950091,2237782,0,0,0,0
2026-07-15 02:00:00,9922,2998,73,67,5093,0,15,9922,6843,0,0,2597,482,204873249,71902466,71847333,2267692,0,0,0,0
2026-07-15 03:00:00,9960,3039,73,67,5096,0,20,9960,6840,0,0,2639,481,204833014,72083046,72027913,2267692,0,0,0,0
2026-07-15 04:00:00,9952,3040,73,67,5098,0,31,9952,6831,0,0,2639,482,204405307,72080185,72025052,2267292,0,0,0,0
2026-07-15 05:00:00,9721,2819,72,66,5053,0,12,9721,6822,0,0,2417,482,203356648,71234196,71179063,2263292,0,0,0,0
2026-07-15 06:00:00,9746,2823,73,67,5063,0,21,9746,6842,0,0,2423,481,203566536,71266395,71211262,2271992,0,0,0,0
2026-07-15 07:00:00,9743,2823,73,67,5054,0,18,9743,6839,0,0,2423,481,203179581,71375332,71320199,2280142,0,0,0,0
2026-07-15 08:00:00,9739,2820,73,67,5062,0,20,9739,6838,0,0,2419,482,203227578,71384623,71329490,2267142,0,0,0,0
2026-07-15 09:00:00,9751,2828,73,67,5053,0,17,9751,6842,0,0,2425,484,203836349,71645661,71585528,2261242,0,0,0,0
2026-07-15 10:00:00,9746,2829,73,67,5045,0,33,9746,6836,0,0,2426,484,203299227,71634240,71575107,2260242,0,0,0,0
2026-07-15 11:00:00,9773,2824,73,67,5064,0,23,9773,6868,0,0,2421,484,203637625,71660967,71601834,2258332,0,0,0,0
2026-07-15 12:00:00,9755,2817,73,67,5063,0,30,9755,6857,0,0,2413,485,203494120,71504319,71445186,2256622,0,0,0,0
2026-07-15 13:00:00,9760,2828,73,67,5077,0,12,9760,6851,0,0,2425,484,203461923,71554639,71495506,2255612,0,0,0,0
2026-07-15 14:00:00,9767,2827,72,66,5076,0,29,9767,6860,0,0,2423,484,203494796,71510959,71451826,2229622,0,0,0,0
2026-07-15 15:00:00,9743,2829,72,66,5062,0,21,9743,6834,0,0,2425,484,202866180,71415580,71356447,2227622,0,0,0,0
2026-07-15 16:00:00,9740,2827,72,66,5056,0,32,9740,6833,0,0,2423,484,202707018,71373249,71314116,2227622,0,0,0,0
2026-07-15 17:00:00,9712,2796,72,66,5037,0,14,9712,6837,0,0,2392,483,201894282,70717479,70655546,2224722,0,0,0,0
2026-07-15 18:00:00,9709,2802,72,66,5035,0,28,9709,6828,0,0,2398,483,201648315,70716496,70654563,2234742,0,0,0,0
2026-07-15 19:00:00,9707,2800,70,64,5043,0,19,9707,6829,0,0,2394,484,202174566,70809809,70747876,2172242,0,0,0,0
2026-07-15 20:00:00,9704,2799,71,65,5046,0,29,9704,6826,0,0,2394,484,202057392,70852005,70790072,2178042,0,0,0,0
2026-07-15 21:00:00,9708,2798,71,65,5039,0,16,9708,6831,0,0,2393,484,201683791,70811865,70749932,2175942,0,0,0,0
2026-07-15 22:00:00,9710,2796,71,65,5034,0,27,9710,6835,0,0,2391,484,201600365,70836374,70774441,2176142,0,0,0,0
2026-07-15 23:00:00,9732,2804,69,63,5043,0,17,9732,6851,0,0,2397,484,202170544,70919103,70856170,2083142,0,0,0,0
2026-07-16 00:00:00,9713,2801,67,61,5034,0,31,9713,6837,0,0,2392,484,201980764,70884795,70821862,1985142,0,0,0,0
2026-07-16 01:00:00,9738,2796,73,67,5042,0,30,9738,6861,0,0,2393,484,202882395,70944105,70881172,2251142,0,0,0,0
2026-07-16 02:00:00,9737,2798,73,67,5049,0,37,9737,6858,0,0,2395,484,202675498,70957484,70894551,2271142,0,0,0,0
2026-07-16 03:00:00,9746,2805,73,67,5056,0,20,9746,6860,0,0,2403,483,202345143,70896414,70833481,2262142,0,0,0,0
2026-07-16 04:00:00,9758,2802,73,67,5059,0,50,9758,6875,0,0,2400,483,202251575,70836704,70773771,2250142,0,0,0,0
2026-07-16 05:00:00,9816,2878,73,67,5049,0,6,9816,6857,0,0,2477,482,202393067,71318712,71255779,2262442,0,0,0,0
2026-07-16 06:00:00,9830,2876,73,67,5054,0,49,9830,6873,0,0,2475,482,202470376,71293192,71231259,2261442,0,0,0,0
2026-07-16 07:00:00,9846,2888,72,66,5064,0,14,9846,6878,0,0,2484,484,202498616,71404912,71342979,2258242,0,0,0,0
2026-07-16 08:00:00,9866,2913,73,67,5093,0,36,9866,6872,0,0,2510,484,202935097,72056342,71994409,2261632,0,0,0,0
2026-07-16 09:00:00,9874,2920,73,67,5102,0,22,9874,6873,0,0,2517,484,202904568,72209333,72147400,2251932,0,0,0,0
2026-07-16 10:00:00,9882,2923,73,67,5105,0,46,9882,6878,0,0,2520,484,203108133,72189117,72127184,2241832,0,0,0,0
2026-07-16 11:00:00,9876,2920,73,67,5107,0,21,9876,6875,0,0,2517,484,203124242,72068477,72006544,2242632,0,0,0,0
2026-07-16 12:00:00,9888,2925,73,67,5104,0,38,9888,6882,0,0,2521,485,202889626,72171448,72109515,2243642,0,0,0,0
2026-07-16 13:00:00,9884,2930,73,67,5105,0,10,9884,6873,0,0,2528,483,202152995,71891172,71823239,2170532,0,0,0,0
2026-07-16 14:00:00,9871,2929,73,67,5107,0,31,9871,6861,0,0,2527,483,202461444,71977231,71907098,2175752,0,0,0,0
2026-07-16 15:00:00,9874,2962,72,67,5088,0,11,9874,6831,0,0,2560,483,202195940,71919021,71873888,2151452,0,0,0,0
2026-07-16 16:00:00,9873,2959,72,67,5083,0,25,9873,6834,0,0,2557,482,180275168,61502582,61457452,2000057,0,0,0,0
2026-07-16 17:00:00,9881,2959,73,67,5090,0,17,9881,6842,0,0,2555,484,180396570,61585776,61516646,2041047,0,0,0,0
2026-07-16 18:00:00,9909,2965,73,67,5087,0,22,9909,6864,0,0,2561,484,180416866,61620506,61550376,2042037,0,0,0,0
2026-07-16 20:00:00,9911,2966,72,66,5084,0,23,9911,6866,0,0,2561,484,180253056,61428180,61358050,1987347,0,0,0,0
2026-07-16 21:00:00,9916,2967,72,66,5082,0,9,9916,6870,0,0,2562,484,180194553,61507090,61436960,1989517,0,0,0,0
2026-07-16 22:00:00,9904,2968,72,66,5082,0,21,9904,6857,0,0,2563,484,180201556,61539955,61469825,1989527,0,0,0,0
2026-07-16 23:00:00,9909,2972,72,66,5084,0,47,9909,6858,0,0,2567,484,180178345,61542526,61473396,1980627,0,0,0,0
2026-07-17 00:00:00,9902,2966,71,65,5089,0,20,9902,6858,0,0,2560,484,180339370,61508191,61439061,1942727,0,0,0,0
2026-07-17 01:00:00,9921,2962,73,67,5085,0,15,9921,6879,0,0,2558,484,180755408,61449476,61380346,2045727,0,0,0,0
2026-07-17 02:00:00,9919,2965,73,67,5087,0,33,9919,6874,0,0,2562,483,180979095,61495528,61426398,2046727,0,0,0,0
2026-07-17 03:00:00,9916,2967,73,67,5096,0,13,9916,6870,0,0,2563,483,180773576,61476944,61407814,2047827,0,0,0,0
2026-07-17 04:00:00,10036,3089,73,67,5100,0,26,10036,6868,0,0,2685,483,180910244,61854065,61783935,2044937,0,0,0,0
2026-07-17 05:00:00,10022,3086,73,67,5097,0,21,10022,6856,0,0,2683,483,181025467,61774576,61704445,2045038,0,0,0,0
2026-07-17 06:00:00,10016,3083,71,65,5110,0,27,10016,6855,0,0,2678,483,179942613,61568214,61497984,2023717,0,0,0,0
2026-07-17 07:00:00,10024,3086,71,65,5111,0,16,10024,6860,0,0,2681,483,179725321,61520644,61450414,2032317,0,0,0,0
2026-07-17 08:00:00,10014,3082,73,67,5103,0,24,10014,6852,0,0,2680,482,179538420,61460755,61390525,2041417,0,0,0,0
2026-07-17 09:00:00,10017,3081,73,67,5100,0,20,10017,6856,0,0,2679,482,179475565,61199656,61128426,2043417,0,0,0,0
2026-07-17 10:00:00,9999,3097,73,67,5105,0,99,9999,6822,0,0,2683,494,179157280,61222551,61151321,2042417,0,0,0,0
2026-07-17 11:00:00,10015,3102,73,67,5100,0,21,10015,6833,0,0,2687,495,179336014,61398075,61326845,2043427,0,0,0,0
2026-07-17 12:00:00,10017,3102,72,66,5101,0,37,10017,6836,0,0,2685,496,179094730,61379397,61307166,2009738,0,0,0,0
2026-07-17 13:00:00,9990,3100,72,66,5099,0,19,9990,6811,0,0,2684,495,179033365,61398842,61326611,2002738,0,0,0,0
2026-07-17 14:00:00,9915,3099,71,65,5102,0,27,9915,6738,0,0,2682,495,178905488,61476437,61404206,1976738,0,0,0,0
2026-07-17 15:00:00,9872,3083,71,65,5075,0,14,9872,6711,0,0,2664,497,178448504,61376932,61304701,1976938,0,0,0,0
2026-07-17 16:00:00,9895,3093,71,65,5082,0,33,9895,6724,0,0,2674,497,178151149,61482355,61410124,1969228,0,0,0,0
2026-07-17 17:00:00,9899,3099,71,65,5087,0,11,9899,6722,0,0,2679,498,178380051,61445186,61372954,1969239,0,0,0,0
2026-07-17 18:00:00,9906,3103,71,65,5086,0,22,9906,6725,0,0,2683,498,178426361,61515737,61443505,1969339,0,0,0,0
2026-07-17 19:00:00,9914,3103,71,65,5099,0,16,9914,6733,0,0,2687,494,178661104,61655748,61583516,1969439,0,0,0,0
2026-07-17 20:00:00,9902,3097,71,65,5100,0,36,9902,6727,0,0,2681,494,178484670,61662571,61590339,1969829,0,0,0,0
2026-07-17 21:00:00,9900,3099,65,60,5089,0,10,9900,6728,0,0,2675,497,199319537,72547781,72494448,1834191,0,0,0,0
2026-07-17 22:00:00,9811,3089,68,63,5048,0,19,9811,6646,0,0,2669,496,197971401,72270771,72217438,1941291,0,0,0,0
2026-07-17 23:00:00,9855,3086,68,62,5038,0,12,9855,6694,0,0,2666,495,198328113,72102600,72028267,1905291,0,0,0,0
2026-07-18 00:00:00,9834,3084,65,59,5027,0,17,9834,6678,0,0,2659,497,197505674,71741440,71667107,1780391,0,0,0,0
2026-07-18 01:00:00,9874,3090,72,66,5033,0,22,9874,6705,0,0,2672,497,198712087,71962111,71887778,2121501,0,0,0,0
2026-07-18 02:00:00,9873,3087,72,66,5037,0,18,9873,6707,0,0,2671,495,198670929,71934471,71860138,2111601,0,0,0,0
2026-07-18 03:00:00,9859,3084,72,66,5033,0,14,9859,6696,0,0,2671,492,198758956,71872686,71798353,2111701,0,0,0,0
2026-07-18 04:00:00,9863,3087,72,66,5034,0,26,9863,6697,0,0,2674,492,198240632,71935706,71861373,2114601,0,0,0,0
2026-07-18 05:00:00,9851,3080,72,66,5024,0,17,9851,6693,0,0,2667,491,198144693,71610325,71535992,2115601,0,0,0,0
2026-07-18 06:00:00,9917,3081,72,66,5032,0,19,9917,6758,0,0,2666,493,198024833,71836683,71762350,2115541,0,0,0,0
2026-07-18 07:00:00,9969,3083,72,66,5041,0,16,9969,6808,0,0,2671,490,197986388,71829914,71755581,2117621,0,0,0,0
2026-07-18 08:00:00,9977,3085,72,66,5044,0,17,9977,6814,0,0,2670,493,197794209,71908414,71834081,2116621,0,0,0,0
2026-07-18 09:00:00,10006,3093,72,66,5049,0,9,10006,6835,0,0,2675,496,197776563,72062165,71987832,2115521,0,0,0,0
2026-07-18 10:00:00,9966,3086,72,66,5049,0,35,9966,6802,0,0,2668,496,196814422,71888956,71814623,2116321,0,0,0,0
2026-07-18 11:00:00,9990,3082,72,66,5051,0,9,9990,6830,0,0,2668,492,196944873,71722145,71647812,2117321,0,0,0,0
2026-07-18 12:00:00,9987,3086,72,66,5054,0,28,9987,6823,0,0,2671,493,197008367,71807639,71730306,2120321,0,0,0,0
2026-07-18 13:00:00,9962,3087,71,65,5032,0,14,9962,6797,0,0,2671,494,196920280,71806574,71729241,2115321,0,0,0,0
2026-07-18 14:00:00,9976,3084,72,66,5042,0,31,9976,6814,0,0,2667,495,196587979,71634571,71557238,2120281,0,0,0,0
2026-07-18 15:00:00,9974,3085,71,65,5037,0,19,9974,6811,0,0,2668,495,196538145,71491872,71414539,2095281,0,0,0,0
2026-07-18 16:00:00,9978,3081,69,63,5029,0,33,9978,6821,0,0,2662,495,196197018,71596192,71519859,2013181,0,0,0,0
2026-07-18 17:00:00,9968,3082,70,64,5024,0,33,9968,6808,0,0,2667,493,196305424,71628222,71551889,2017981,0,0,0,0
2026-07-18 18:00:00,9977,3084,70,64,5023,0,28,9977,6815,0,0,2670,492,196602569,71597523,71521190,2018111,0,0,0,0
2026-07-18 19:00:00,9956,3078,69,63,4928,0,26,9956,6802,0,0,2660,494,175232739,60588512,60514780,1915809,0,0,0,0
2026-07-18 20:00:00,9959,3076,69,63,5020,0,15,9959,6807,0,0,2659,493,195797310,71283575,71207242,1949311,0,0,0,0
2026-07-18 21:00:00,9946,3066,68,62,5020,0,23,9946,6804,0,0,2652,490,195417995,71037685,70961352,1896211,0,0,0,0
2026-07-18 22:00:00,9932,3072,68,62,4993,0,24,9932,6784,0,0,2655,493,195130879,71284543,71208210,1896191,0,0,0,0
2026-07-18 23:00:00,9953,3083,67,61,5009,0,27,9953,6795,0,0,2664,494,196266841,71808233,71731900,1859191,0,0,0,0
2026-07-19 00:00:00,9965,3084,66,60,4997,0,58,9965,6807,0,0,2664,494,195546199,71822783,71746450,1810191,0,0,0,0
2026-07-19 01:00:00,10002,3087,72,66,5010,0,74,10002,6835,0,0,2669,498,196609298,71799793,71723460,2090201,0,0,0,0
2026-07-19 02:00:00,9967,3072,72,66,4997,0,23,9967,6815,0,0,2656,496,195842503,71539754,71463421,2114101,0,0,0,0
2026-07-19 03:00:00,9989,3077,72,66,4997,0,30,9989,6832,0,0,2660,497,196644675,71510634,71434301,2112101,0,0,0,0
2026-07-19 04:00:00,9971,3081,72,66,5002,0,23,9971,6810,0,0,2666,495,196293922,71558610,71488277,2109101,0,0,0,0
2026-07-19 05:00:00,9980,3082,72,66,5014,0,35,9980,6818,0,0,2669,493,196289331,71501139,71430806,2109201,0,0,0,0
2026-07-19 06:00:00,9985,3082,72,66,5006,0,24,9985,6823,0,0,2666,496,195930078,71402771,71332438,2109201,0,0,0,0
2026-07-19 07:00:00,9978,3073,72,66,4991,0,14,9978,6825,0,0,2656,497,195919058,71448050,71377717,2110201,0,0,0,0
2026-07-19 08:00:00,9976,3080,72,66,5008,0,13,9976,6816,0,0,2668,492,195590773,71324842,71254509,2110301,0,0,0,0
2026-07-19 09:00:00,9988,3078,72,66,5022,0,27,9988,6830,0,0,2668,490,195870849,71059023,70987690,2111301,0,0,0,0
2026-07-19 10:00:00,9961,3078,72,66,5022,0,30,9961,6803,0,0,2666,492,195208002,71053173,70981840,2110301,0,0,0,0
2026-07-19 11:00:00,9963,3077,71,65,5013,0,24,9963,6807,0,0,2663,493,195372404,71115114,71043781,2118501,0,0,0,0
2026-07-19 12:00:00,9972,3086,72,66,5016,0,20,9972,6807,0,0,2670,495,195115457,71142155,71070822,2121301,0,0,0,0
2026-07-19 13:00:00,9944,3079,72,66,4980,0,19,9944,6786,0,0,2664,494,194651260,70971023,70900490,2108501,0,0,0,0
2026-07-19 14:00:00,9952,3077,72,66,4987,0,22,9952,6796,0,0,2664,492,194122954,70787944,70717411,2107501,0,0,0,0
2026-07-19 15:00:00,9940,3069,71,65,4977,0,30,9940,6793,0,0,2656,491,193908151,70727418,70656885,2030601,0,0,0,0
2026-07-19 16:00:00,9935,3076,71,65,5002,0,25,9935,6781,0,0,2662,492,194296776,70968427,70897894,2032421,0,0,0,0
2026-07-19 17:00:00,9669,3005,71,65,4497,0,27,9669,6586,0,0,2595,488,188619855,69118195,69047662,2032021,0,0,0,0
2026-07-19 18:00:00,9814,3055,69,63,4901,0,21,9814,6683,0,0,2642,489,190658113,70162192,70091659,1922031,0,0,0,0
2026-07-19 19:00:00,9839,3052,67,61,4926,0,18,9839,6712,0,0,2639,488,191809897,69798150,69727617,1841231,0,0,0,0
2026-07-19 20:00:00,9849,3066,66,60,4939,0,22,9849,6710,0,0,2646,493,192398708,70729660,70659127,1800231,0,0,0,0
2026-07-19 21:00:00,9884,3075,64,58,4953,0,23,9884,6738,0,0,2653,493,193546316,70869260,70798727,1722231,0,0,0,0
2026-07-19 22:00:00,9864,3071,64,58,4944,0,20,9864,6722,0,0,2648,494,193267338,71159658,71089125,1719231,0,0,0,0
2026-07-19 23:00:00,9889,3073,62,56,4946,0,12,9889,6747,0,0,2645,497,194066241,71352428,71280895,1649831,0,0,0,0
2026-07-20 00:00:00,9894,3071,62,56,4946,0,13,9894,6754,0,0,2648,492,193724763,71117244,71045711,1660031,0,0,0,0
2026-07-20 01:00:00,9916,3072,71,65,4965,0,17,9916,6766,0,0,2655,495,194746483,71087614,71016081,2079131,0,0,0,0
2026-07-20 02:00:00,9911,3078,72,66,4972,0,12,9911,6754,0,0,2661,496,194582050,71311572,71240039,2134131,0,0,0,0
2026-07-20 03:00:00,9926,3074,72,66,4977,0,12,9926,6774,0,0,2657,495,195095107,71146231,71075698,2134231,0,0,0,0
2026-07-20 04:00:00,9898,3073,72,66,4979,0,14,9898,6747,0,0,2657,494,194257695,71201932,71131399,2137511,0,0,0,0
2026-07-20 05:00:00,9912,3076,71,65,4991,0,16,9912,6759,0,0,2655,498,194947263,71354861,71284328,2132621,0,0,0,0
2026-07-20 06:00:00,9922,3074,72,66,5005,0,20,9922,6770,0,0,2655,497,194654684,71163252,71092719,2134041,0,0,0,0
2026-07-20 07:00:00,9935,3071,72,66,5007,0,16,9935,6786,0,0,2652,497,195688972,71250706,71180173,2134641,0,0,0,0
2026-07-20 08:00:00,9934,3070,72,66,5015,0,21,9934,6786,0,0,2652,496,194819775,70930716,70860183,2135651,0,0,0,0
2026-07-20 09:00:00,9920,3059,72,66,5014,0,17,9920,6783,0,0,2650,487,194782489,70799296,70728763,2135551,0,0,0,0
2026-07-20 10:00:00,9905,3075,72,66,5002,0,34,9905,6752,0,0,2656,497,194705580,70978116,70907583,2132561,0,0,0,0
2026-07-20 11:00:00,9938,3074,72,66,5019,0,25,9938,6786,0,0,2656,496,195268912,71105457,71034924,2130561,0,0,0,0
2026-07-20 12:00:00,9912,3072,72,66,5011,0,29,9912,6762,0,0,2655,495,194558682,71103316,71032783,2128561,0,0,0,0
2026-07-20 13:00:00,9632,3002,72,66,4818,0,37,9632,6552,0,0,2591,489,188084850,69159646,69089113,2127571,0,0,0,0
2026-07-20 14:00:00,9771,3037,71,65,4925,0,33,9771,6656,0,0,2620,495,192064061,70424306,70353773,2046581,0,0,0,0
2026-07-20 15:00:00,9893,3058,70,64,4974,0,27,9893,6754,0,0,2644,495,193957904,70723166,70652633,1984831,0,0,0,0
2026-07-20 16:00:00,9892,3065,69,63,4978,0,21,9892,6747,0,0,2648,497,194060276,70920986,70850453,1932231,0,0,0,0
2026-07-20 17:00:00,9918,3066,66,60,4890,0,33,9918,6775,0,0,2646,497,174493288,61459308,61394675,1627831,0,0,0,0
2026-07-20 18:00:00,9900,3056,64,58,4877,0,19,9900,6769,0,0,2636,495,173800980,61294013,61229380,1538631,0,0,0,0
2026-07-20 19:00:00,9907,3066,64,58,4878,0,18,9907,6766,0,0,2649,492,174045692,61366209,61301576,1538731,0,0,0,0
2026-07-20 20:00:00,9894,3066,63,57,5097,0,17,9894,6754,0,0,2645,495,173385835,61257223,61192590,1532731,0,0,0,0
2026-07-20 21:00:00,9902,3072,63,57,5093,0,21,9902,6756,0,0,2649,497,183899056,63758524,63693889,1561834,0,0,0,0
2026-07-20 22:00:00,9902,3074,60,54,5117,0,10,9902,6757,0,0,2647,498,184070746,63888717,63824082,1475434,0,0,0,0
2026-07-20 23:00:00,9951,3091,61,55,5128,0,16,9951,6788,0,0,2666,497,185243364,64420683,64356048,1476234,0,0,0,0
2026-07-21 00:00:00,9963,3093,61,55,5142,0,20,9963,6798,0,0,2667,498,185472537,64376753,64319318,1470034,0,0,0,0
2026-07-21 01:00:00,9999,3094,72,66,5140,0,23,9999,6822,0,0,2679,498,186056650,64375723,64318288,1906064,0,0,0,0
2026-07-21 02:00:00,9993,3093,71,65,5138,0,14,9993,6818,0,0,2677,498,185972697,64263772,64206337,1953564,0,0,0,0
2026-07-21 03:00:00,9985,3093,71,65,5130,0,20,9985,6810,0,0,2677,498,185819493,64254365,64196930,1951164,0,0,0,0
2026-07-21 04:00:00,9981,3087,70,64,5132,0,12,9981,6813,0,0,2674,494,185537902,63915402,63857967,1957464,0,0,0,0
2026-07-21 05:00:00,9979,3076,71,65,5138,0,16,9979,6821,0,0,2661,497,185882444,64077843,64021008,1964263,0,0,0,0
2026-07-21 06:00:00,9978,3092,71,65,5030,0,14,9978,6804,0,0,2677,497,164147987,54324811,54275079,1751169,0,0,0,0
2026-07-21 07:00:00,9990,3088,71,65,5147,0,37,9990,6820,0,0,2672,498,185322647,64095782,64038947,1972243,0,0,0,0
2026-07-21 08:00:00,9970,3086,72,66,5151,0,53,9970,6801,0,0,2672,497,185208050,64066930,64010095,1976643,0,0,0,0
2026-07-21 09:00:00,9981,3089,72,66,5156,0,16,9981,6809,0,0,2675,497,185329174,64227732,64170897,1977733,0,0,0,0
2026-07-21 10:00:00,9983,3088,72,66,5149,0,11,9983,6812,0,0,2673,498,185271966,64219821,64162986,1979523,0,0,0,0
2026-07-21 11:00:00,9996,3097,72,66,5152,0,23,9996,6816,0,0,2682,498,185283538,64236423,64179588,1979513,0,0,0,0
2026-07-21 12:00:00,10009,3102,72,66,5160,0,23,10009,6824,0,0,2688,497,185510681,64167623,64110788,1982513,0,0,0,0
2026-07-21 13:00:00,9747,3039,72,66,4945,0,13,9747,6625,0,0,2630,492,179846394,62894637,62837802,1983523,0,0,0,0
2026-07-21 14:00:00,9831,3045,72,66,5031,0,18,9831,6703,0,0,2640,488,181652740,63038988,62982253,1988723,0,0,0,0
2026-07-21 15:00:00,9845,3013,72,66,5056,0,13,9845,6749,0,0,2612,484,182643121,63045170,62988435,1982823,0,0,0,0
2026-07-21 16:00:00,9864,3019,70,64,5042,0,30,9864,6764,0,0,2618,482,182054134,63063013,63005278,1873813,0,0,0,0
2026-07-21 17:00:00,9863,3018,67,61,5040,0,20,9863,6767,0,0,2614,482,181764614,62901963,62844228,1733133,0,0,0,0
2026-07-21 18:00:00,9880,3047,64,58,5059,0,15,9880,6758,0,0,2637,485,182027678,63200714,63142979,1593933,0,0,0,0
2026-07-21 19:00:00,9905,3056,64,58,5070,0,15,9905,6774,0,0,2646,485,182453173,63332105,63274370,1594933,0,0,0,0
2026-07-21 20:00:00,9864,3047,61,55,5071,0,13,9864,6745,0,0,2641,478,182500166,63358134,63300399,1480903,0,0,0,0
2026-07-21 21:00:00,9891,3049,61,55,5072,0,15,9891,6771,0,0,2636,484,183044615,63594884,63537149,1487013,0,0,0,0
2026-07-21 22:00:00,9866,3048,61,55,5072,0,16,9866,6746,0,0,2636,484,183114460,63517104,63459369,1487113,0,0,0,0
2026-07-21 23:00:00,9879,3050,61,55,5072,0,17,9879,6757,0,0,2640,482,183528771,63737203,63679468,1487133,0,0,0,0
2026-07-22 00:00:00,9890,3052,60,55,5077,0,20,9890,6766,0,0,2643,481,183591774,63731444,63680809,1490133,0,0,0,0
2026-07-22 01:00:00,9914,3048,72,66,5064,0,17,9914,6784,0,0,2651,479,184161166,63453245,63395510,1955233,0,0,0,0
2026-07-22 02:00:00,9913,3047,72,66,5065,0,20,9913,6784,0,0,2648,481,184125779,63575585,63517850,1999433,0,0,0,0
2026-07-22 03:00:00,9917,3055,72,66,5062,0,12,9917,6780,0,0,2656,481,184348990,63680135,63622400,1989343,0,0,0,0
2026-07-22 04:00:00,9894,3046,71,65,5065,0,11,9894,6767,0,0,2645,482,184179914,63698965,63641230,1995743,0,0,0,0
2026-07-22 05:00:00,9928,3058,71,65,5076,0,18,9928,6789,0,0,2657,482,185422805,64079907,64022172,2001313,0,0,0,0
2026-07-22 06:00:00,9916,3042,71,65,5087,0,14,9916,6793,0,0,2644,479,185507221,64018236,63960501,2001303,0,0,0,0
2026-07-22 07:00:00,9916,3053,71,65,4960,0,38,9916,6782,0,0,2656,478,177296566,60800236,60747503,1978771,0,0,0,0
2026-07-22 08:00:00,9884,3047,71,65,4944,0,19,9884,6757,0,0,2649,478,177130928,60740516,60687783,2030081,0,0,0,0
2026-07-22 09:00:00,9878,3044,71,65,4933,0,33,9878,6754,0,0,2655,469,176780334,60661664,60608931,2028561,0,0,0,0
2026-07-22 10:00:00,9862,3042,71,65,4937,0,37,9862,6740,0,0,2652,470,176453926,60560615,60507882,2028561,0,0,0,0
2026-07-22 11:00:00,9882,3041,71,65,4948,0,20,9882,6760,0,0,2643,479,176526077,60608955,60556222,1994361,0,0,0,0
2026-07-22 12:00:00,9943,3055,71,65,4991,0,22,9943,6807,0,0,2655,481,177431735,60659545,60606912,1977871,0,0,0,0
2026-07-22 13:00:00,9900,3037,71,65,4956,0,8,9900,6781,0,0,2642,477,176250636,59942556,59889023,1977491,0,0,0,0
2026-07-22 14:00:00,9953,3058,70,64,4997,0,11,9953,6814,0,0,2658,481,177259930,60523696,60470163,1915691,0,0,0,0
2026-07-22 15:00:00,9950,3058,70,64,4989,0,10,9950,6811,0,0,2655,484,176751769,60424775,60371242,1914921,0,0,0,0
2026-07-22 16:00:00,9943,3053,70,64,4997,0,10,9943,6809,0,0,2651,483,176690057,60410926,60357393,1917521,0,0,0,0
2026-07-22 17:00:00,9961,3060,69,63,5015,0,16,9961,6821,0,0,2656,484,176901646,60476406,60422873,1882621,0,0,0,0
2026-07-22 18:00:00,9954,3064,66,60,5011,0,17,9954,6813,0,0,2657,484,176291755,60392168,60338635,1740621,0,0,0,0
2026-07-22 19:00:00,9953,3065,62,56,5010,0,25,9953,6815,0,0,2655,483,175816327,60331377,60277844,1571621,0,0,0,0
2026-07-22 20:00:00,9943,3058,62,56,5018,0,26,9943,6812,0,0,2647,484,175255088,60056296,60002763,1572921,0,0,0,0
2026-07-22 21:00:00,9950,3060,61,55,5029,0,27,9950,6819,0,0,2647,484,175486303,60252390,60198857,1530921,0,0,0,0
2026-07-22 22:00:00,9941,3062,60,54,5023,0,25,9941,6808,0,0,2649,484,175161880,60295157,60241724,1480701,0,0,0,0
2026-07-22 23:00:00,9956,3066,60,54,5047,0,22,9956,6820,0,0,2654,482,190451741,67882557,67829023,1564391,0,0,0,0
2026-07-23 00:00:00,9954,3056,60,54,5039,0,20,9954,6827,0,0,2648,479,190166100,67696807,67643273,1565451,0,0,0,0
2026-07-23 01:00:00,9986,3061,71,65,5044,0,15,9986,6843,0,0,2663,480,191893168,67969526,67915992,2028251,0,0,0,0
2026-07-23 02:00:00,9952,3051,71,65,5043,0,21,9952,6819,0,0,2659,474,191529654,67805782,67752048,2081141,0,0,0,0
2026-07-23 03:00:00,9948,3048,71,65,5048,0,40,9948,6818,0,0,2659,471,191559840,67861073,67807339,2084741,0,0,0,0
2026-07-23 04:00:00,9953,3051,71,65,5054,0,39,9953,6820,0,0,2661,472,191668106,67955383,67901649,2086441,0,0,0,0
2026-07-23 05:00:00,9938,3031,71,65,5061,0,19,9938,6825,0,0,2653,460,191376367,67673871,67620037,2085041,0,0,0,0
2026-07-23 06:00:00,9955,3041,71,65,5066,0,17,9955,6832,0,0,2658,465,191671715,67923278,67869544,2084841,0,0,0,0
2026-07-23 07:00:00,9927,3043,71,65,5029,0,15,9927,6802,0,0,2652,473,191014478,67919389,67865755,2085841,0,0,0,0
2026-07-23 08:00:00,9928,3035,71,65,5050,0,11,9928,6811,0,0,2646,471,191937815,67994969,67941335,2115751,0,0,0,0
2026-07-23 09:00:00,9952,3047,71,65,5059,0,5,9952,6823,0,0,2651,478,192593316,68346031,68292397,2117751,0,0,0,0
2026-07-23 10:00:00,9940,3046,71,65,5064,0,11,9940,6812,0,0,2654,474,192693553,68369722,68316088,2117751,0,0,0,0
2026-07-23 11:00:00,9939,3044,71,65,5053,0,8,9939,6813,0,0,2653,473,192490686,68328283,68274649,2117641,0,0,0,0
2026-07-23 12:00:00,9961,3044,71,65,5073,0,10,9961,6835,0,0,2654,472,193303215,68547553,68493719,2112731,0,0,0,0
2026-07-23 13:00:00,9905,3025,71,65,5036,0,17,9905,6798,0,0,2638,469,192769970,68718800,68664966,2122731,0,0,0,0
2026-07-23 14:00:00,9957,3051,70,65,5077,0,5,9957,6824,0,0,2658,475,193817560,69112535,69076701,2115731,0,0,0,0
2026-07-23 15:00:00,9962,3053,70,64,5090,0,21,9962,6828,0,0,2657,477,194433868,69408727,69354893,2048741,0,0,0,0
2026-07-23 16:00:00,9913,3045,70,64,5063,0,14,9913,6787,0,0,2650,476,193736404,69374162,69320328,2047541,0,0,0,0
2026-07-23 17:00:00,9932,3045,70,64,5082,0,10,9932,6806,0,0,2650,476,194650381,69587182,69533348,2045891,0,0,0,0
2026-07-23 18:00:00,9945,3046,70,64,5089,0,12,9945,6818,0,0,2651,476,195225254,69688951,69635117,2034181,0,0,0,0
2026-07-23 19:00:00,9935,3042,69,63,5092,0,14,9935,6813,0,0,2644,478,195848550,69918352,69865719,1960230,0,0,0,0
2026-07-23 20:00:00,9922,3042,69,63,5102,0,15,9922,6800,0,0,2645,477,196087290,69965602,69912969,1959220,0,0,0,0
2026-07-23 21:00:00,9896,3037,68,62,5077,0,20,9896,6781,0,0,2639,476,195637488,70145532,70092899,1903490,0,0,0,0
2026-07-23 22:00:00,9909,3044,66,60,5090,0,16,9909,6789,0,0,2642,478,195700788,70250602,70197969,1789380,0,0,0,0
2026-07-23 23:00:00,9718,3018,66,60,4916,0,19,9718,6623,0,0,2621,474,191675631,69618092,69565459,1789150,0,0,0,0
2026-07-24 00:00:00,9706,3019,62,56,4928,0,16,9706,6614,0,0,2624,468,191098160,69488822,69436189,1589640,0,0,0,0
2026-07-24 01:00:00,9876,3036,70,64,5057,0,15,9876,6759,0,0,2640,477,196553097,70122042,70069409,2042640,0,0,0,0
2026-07-24 02:00:00,9863,3038,70,64,5054,0,23,9863,6744,0,0,2643,476,196925936,70440444,70387811,2048530,0,0,0,0
2026-07-24 03:00:00,9881,3039,70,64,5065,0,14,9881,6761,0,0,2641,479,196795260,70469525,70416892,2054530,0,0,0,0
2026-07-24 04:00:00,9879,3038,70,64,5076,0,11,9879,6760,0,0,2639,480,197484354,70540184,70487551,2054530,0,0,0,0
2026-07-24 05:00:00,9881,3041,70,64,5072,0,8,9881,6760,0,0,2642,479,197008226,70522141,70469507,2060121,0,0,0,0
2026-07-24 06:00:00,9868,3034,70,64,4882,0,17,9868,6753,0,0,2638,477,197682106,70766141,70713507,2042231,0,0,0,0
2026-07-24 07:00:00,9853,3027,70,64,4886,0,19,9853,6745,0,0,2633,475,197689710,70573659,70520025,2042131,0,0,0,0
2026-07-24 08:00:00,9891,3033,70,64,5083,0,13,9891,6777,0,0,2638,476,198256162,70965970,70912636,2074331,0,0,0,0
2026-07-24 09:00:00,9879,3035,70,64,5088,0,11,9879,6762,0,0,2639,478,198554861,71140672,71087338,2075431,0,0,0,0
2026-07-24 10:00:00,9881,3035,70,64,5084,0,7,9881,6764,0,0,2638,479,198207803,71165142,71111808,2075461,0,0,0,0
2026-07-24 11:00:00,9880,3032,70,64,5077,0,16,9880,6766,0,0,2637,477,198752809,71186322,71132988,2076261,0,0,0,0
2026-07-24 12:00:00,9874,3035,70,64,5082,0,11,9874,6757,0,0,2638,479,198777596,71307442,71254108,2071061,0,0,0,0
2026-07-24 13:00:00,9850,3031,70,64,5070,0,7,9850,6737,0,0,2636,477,198169874,71216747,71163413,2069261,0,0,0,0
2026-07-24 14:00:00,9880,3029,70,64,5077,0,18,9880,6769,0,0,2633,478,198782738,71222157,71168823,2070461,0,0,0,0
2026-07-24 15:00:00,9867,3037,68,62,5080,0,19,9867,6750,0,0,2638,479,199188650,71444577,71391243,1933561,0,0,0,0
2026-07-24 16:00:00,9878,3045,67,61,5071,0,22,9878,6755,0,0,2644,479,198979318,71590607,71537273,1874561,0,0,0,0
2026-07-24 17:00:00,9885,3040,66,60,5071,0,50,9885,6767,0,0,2640,478,199290567,71302508,71249175,1822550,0,0,0,0
2026-07-24 18:00:00,9860,3039,64,58,5085,0,34,9860,6745,0,0,2637,478,199610190,71693508,71640175,1713750,0,0,0,0
2026-07-24 19:00:00,9847,3041,62,56,5080,0,18,9847,6732,0,0,2638,477,199174579,71562966,71509633,1615760,0,0,0,0
2026-07-24 20:00:00,9866,3044,60,54,5107,0,22,9866,6750,0,0,2637,479,199519482,71754697,71701364,1526760,0,0,0,0
2026-07-24 21:00:00,9842,3039,59,53,5105,0,23,9842,6732,0,0,2632,478,199467467,71801636,71748303,1484760,0,0,0,0
2026-07-24 22:00:00,9845,3033,59,53,5105,0,21,9845,6741,0,0,2633,471,199150873,71225676,71172343,1484760,0,0,0,0
2026-07-24 23:00:00,9886,3054,59,53,5109,0,20,9886,6761,0,0,2646,479,200181478,71969727,71916394,1487620,0,0,0,0
2026-07-25 00:00:00,9891,3055,59,53,5114,0,9,9891,6765,0,0,2647,479,200983156,72133509,72080176,1488620,0,0,0,0
2026-07-25 01:00:00,9910,3053,70,64,5118,0,20,9910,6775,0,0,2656,479,201838499,72114031,72060698,2020810,0,0,0,0
2026-07-25 02:00:00,9922,3059,70,64,5125,0,24,9922,6781,0,0,2662,479,202260281,72302111,72248478,2086610,0,0,0,0
2026-07-25 03:00:00,9914,3064,70,64,5126,0,17,9914,6768,0,0,2667,479,202371949,72441702,72388069,2096440,0,0,0,0
2026-07-25 04:00:00,9919,3066,70,64,5126,0,16,9919,6771,0,0,2668,480,202589713,72680662,72627029,2097550,0,0,0,0
2026-07-25 05:00:00,9932,3064,70,64,5132,0,18,9932,6787,0,0,2665,480,202764541,72863290,72809657,2098670,0,0,0,0
2026-07-25 06:00:00,9930,3063,70,64,5142,0,23,9930,6786,0,0,2665,479,202812730,72862237,72808604,2096270,0,0,0,0
2026-07-25 07:00:00,9692,2831,70,64,5091,0,28,9692,6780,0,0,2433,479,201821348,72096575,72042942,2093660,0,0,0,0
2026-07-25 08:00:00,9686,2834,70,64,5105,0,17,9686,6771,0,0,2435,480,201965720,72159894,72106261,2077660,0,0,0,0
2026-07-25 09:00:00,9520,2664,70,64,5105,0,21,9520,6775,0,0,2265,480,201800079,71740007,71686374,2079660,0,0,0,0
2026-07-25 10:00:00,9508,2666,70,64,5119,0,23,9508,6761,0,0,2267,480,202634451,71958867,71907234,2069670,0,0,0,0
2026-07-25 11:00:00,9516,2668,70,64,5118,0,17,9516,6767,0,0,2267,482,202965514,72121196,72069563,2074070,0,0,0,0
2026-07-25 12:00:00,9520,2667,70,64,5120,0,25,9520,6772,0,0,2266,482,203434052,72296655,72245022,2084070,0,0,0,0
2026-07-25 13:00:00,9897,3045,70,64,5125,0,24,9897,6771,0,0,2644,482,205155293,73701185,73649552,2084060,0,0,0,0
2026-07-25 14:00:00,9890,3040,70,64,5128,0,13,9890,6769,0,0,2639,482,205369825,73813928,73762295,2083960,0,0,0,0
2026-07-25 15:00:00,9879,3043,70,64,5135,0,18,9879,6755,0,0,2642,482,205349320,73620118,73568485,2083160,0,0,0,0
2026-07-25 16:00:00,9893,3045,69,63,5145,0,12,9893,6768,0,0,2642,483,206012341,73805228,73753595,2010060,0,0,0,0
2026-07-25 17:00:00,9911,3051,67,61,5150,0,19,9911,6782,0,0,2644,485,206250267,73945308,73893675,1889960,0,0,0,0
2026-07-25 18:00:00,9898,3054,67,61,5148,0,8,9898,6766,0,0,2648,484,206746556,74389123,74337590,1890160,0,0,0,0
2026-07-25 19:00:00,9854,3042,66,60,4923,0,14,9854,6735,0,0,2638,481,206423303,74360060,74308527,1829100,0,0,0,0
2026-07-25 20:00:00,9860,3041,64,58,4928,0,16,9860,6744,0,0,2635,481,206322903,74443844,74392311,1719100,0,0,0,0
2026-07-25 21:00:00,9849,3038,63,57,4923,0,15,9849,6737,0,0,2631,481,206564159,74365747,74314214,1668050,0,0,0,0
2026-07-25 22:00:00,9887,3061,61,55,5139,0,15,9887,6754,0,0,2652,481,206712364,74548623,74497090,1571950,0,0,0,0
2026-07-25 23:00:00,9899,3063,61,55,5142,0,8,9899,6764,0,0,2656,479,207256105,74776285,74724752,1572640,0,0,0,0
2026-07-26 00:00:00,9893,3064,59,53,5139,0,7,9893,6759,0,0,2655,479,207432839,74880386,74828853,1533240,0,0,0,0
2026-07-26 01:00:00,9912,3057,70,64,5139,0,13,9912,6774,0,0,2663,475,209019312,75050495,74998962,2039640,0,0,0,0
2026-07-26 02:00:00,9909,3060,70,64,5142,0,6,9909,6768,0,0,2661,480,209156989,75185456,75133923,2096340,0,0,0,0
2026-07-26 03:00:00,9927,3060,70,64,5147,0,9,9927,6786,0,0,2660,481,210052440,75393235,75341702,2094340,0,0,0,0
2026-07-26 04:00:00,9901,3059,70,64,5148,0,7,9901,6761,0,0,2659,481,210135279,75559155,75508022,2093940,0,0,0,0
2026-07-26 05:00:00,9924,3062,70,64,5155,0,7,9924,6781,0,0,2662,481,210684405,75724800,75673667,2092870,0,0,0,0
2026-07-26 06:00:00,9910,3059,70,64,5151,0,347,9910,6770,0,0,2660,480,210694369,75777044,75725911,2085900,0,0,0,0
2026-07-26 07:00:00,9917,3059,70,64,5160,0,15,9917,6777,0,0,2660,480,211010586,75835823,75784690,2088900,0,0,0,0
2026-07-26 08:00:00,9898,3059,70,64,5159,0,14,9898,6758,0,0,2660,480,211078992,75893747,75842614,2088900,0,0,0,0
2026-07-26 09:00:00,9896,3056,70,64,5159,0,11,9896,6759,0,0,2657,480,211607757,75990736,75939603,2086900,0,0,0,0
2026-07-26 10:00:00,9895,3051,70,64,5169,0,11,9895,6763,0,0,2652,480,211861222,76085381,76034248,2094870,0,0,0,0
2026-07-26 11:00:00,9901,3054,70,64,5172,0,17,9901,6766,0,0,2656,479,212355493,76144706,76093573,2113870,0,0,0,0
2026-07-26 12:00:00,9909,3055,70,64,5175,0,20,9909,6773,0,0,2657,479,212466881,76218575,76167442,2103670,0,0,0,0
2026-07-26 13:00:00,9885,3053,70,64,5174,0,17,9885,6751,0,0,2654,480,212544932,76331984,76280851,2104770,0,0,0,0
2026-07-26 14:00:00,9899,3054,70,64,5180,0,24,9899,6764,0,0,2655,480,212771997,76397100,76345967,2108780,0,0,0,0
2026-07-26 15:00:00,9893,3051,70,64,5179,0,15,9893,6762,0,0,2653,478,212954611,76404439,76353306,2111780,0,0,0,0
2026-07-26 16:00:00,9894,3053,70,64,5185,0,29,9894,6761,0,0,2655,478,213391319,76571234,76520101,2111770,0,0,0,0
2026-07-26 17:00:00,9880,3054,69,63,5177,0,16,9880,6747,0,0,2654,479,213170129,76638834,76587701,2034470,0,0,0,0
2026-07-26 18:00:00,9883,3051,66,60,5180,0,9,9883,6756,0,0,2649,478,213251807,76701515,76650382,1846270,0,0,0,0
2026-07-26 19:00:00,9892,3057,66,60,5185,0,9,9892,6759,0,0,2655,478,197953297,69694180,69645348,1732529,0,0,0,0
2026-07-26 20:00:00,9875,3055,66,60,5186,0,14,9875,6744,0,0,2653,478,198117824,69924028,69875196,1727529,0,0,0,0
2026-07-26 21:00:00,9892,3054,64,58,5187,0,9,9892,6765,0,0,2650,477,198366416,69940908,69892076,1636929,0,0,0,0
2026-07-26 22:00:00,9881,3055,62,56,5188,0,16,9881,6755,0,0,2650,476,198367472,69915974,69867142,1565829,0,0,0,0
2026-07-26 23:00:00,9883,3055,60,54,5191,0,9,9883,6759,0,0,2647,477,198634998,70066315,70017483,1481479,0,0,0,0
2026-07-27 00:00:00,9888,3052,59,53,5191,0,9,9888,6768,0,0,2643,477,198822460,69988308,69939476,1445479,0,0,0,0
2026-07-27 01:00:00,9901,3050,70,64,5196,0,11,9901,6772,0,0,2652,477,199857704,70110237,70061405,1969979,0,0,0,0
2026-07-27 02:00:00,9906,3053,70,64,5198,0,13,9906,6774,0,0,2654,478,200149452,70244240,70197108,1968239,0,0,0,0
2026-07-27 03:00:00,9906,3054,70,64,5201,0,11,9906,6773,0,0,2655,478,200358525,70282320,70235188,1958119,0,0,0,0
2026-07-27 04:00:00,9893,3052,70,64,5202,0,12,9893,6762,0,0,2653,478,200554266,70365327,70318195,1957629,0,0,0,0
2026-07-27 05:00:00,9881,3048,70,64,5195,0,11,9881,6754,0,0,2649,478,200417776,70333177,70286045,1948129,0,0,0,0
2026-07-27 06:00:00,9901,3052,70,64,5198,0,23,9901,6770,0,0,2653,478,200594593,70443918,70396786,1946829,0,0,0,0
2026-07-27 07:00:00,9891,3052,70,64,5204,0,18,9891,6760,0,0,2652,479,200571727,70543138,70496006,1946029,0,0,0,0
2026-07-27 08:00:00,9889,3050,70,64,5197,0,13,9889,6760,0,0,2651,478,199968704,70619138,70573006,1945029,0,0,0,0
2026-07-27 09:00:00,9834,3042,70,64,5162,0,17,9834,6713,0,0,2645,476,199106089,70405558,70359426,1944929,0,0,0,0
2026-07-27 10:00:00,9839,3042,69,64,5164,0,17,9839,6718,0,0,2644,477,199141862,70633841,70589209,1942419,0,0,0,0
2026-07-27 11:00:00,9864,3052,70,64,5173,0,7,9864,6734,0,0,2651,479,199887254,70891376,70845244,1942919,0,0,0,0
2026-07-27 12:00:00,9859,3049,70,64,5165,0,18,9859,6731,0,0,2649,479,199503132,70777095,70730963,1943799,0,0,0,0
2026-07-27 13:00:00,9830,3047,70,64,5155,0,12,9830,6704,0,0,2647,479,199688364,70932453,70886321,1943799,0,0,0,0
2026-07-27 14:00:00,9837,3045,70,64,5152,0,8,9837,6713,0,0,2644,480,200022808,70939607,70893475,1945799,0,0,0,0
2026-07-27 15:00:00,9850,3049,70,64,5151,0,9,9850,6722,0,0,2649,479,200115399,70983130,70936998,1947799,0,0,0,0
2026-07-27 16:00:00,9852,3051,69,63,5155,0,9,9852,6723,0,0,2649,480,200161729,71080430,71034498,1885599,0,0,0,0
2026-07-27 17:00:00,9852,3042,67,61,5154,0,12,9852,6734,0,0,2639,479,200191528,71124045,71078113,1821699,0,0,0,0
2026-07-27 18:00:00,9839,3045,68,62,5155,0,10,9839,6717,0,0,2643,479,200202030,71202928,71156996,1826199,0,0,0,0
2026-07-27 19:00:00,9838,3046,67,61,5152,0,7,9838,6716,0,0,2642,480,200530393,71238658,71192726,1775299,0,0,0,0
2026-07-27 20:00:00,9845,3040,67,61,5149,0,11,9845,6729,0,0,2648,468,200979507,70866909,70821277,1775259,0,0,0,0
2026-07-27 21:00:00,9833,3035,64,58,5142,0,12,9833,6725,0,0,2641,467,200591737,71002301,70955669,1634129,0,0,0,0
2026-07-27 22:00:00,9838,3032,63,57,5146,0,8,9838,6734,0,0,2637,467,200916334,70931809,70885177,1590019,0,0,0,0
2026-07-27 23:00:00,9815,3031,60,54,5142,0,13,9815,6715,0,0,2633,467,200753123,71072575,71025943,1468009,0,0,0,0
2026-07-28 00:00:00,9839,3039,59,53,5148,0,6,9839,6736,0,0,2636,467,200941133,71122904,71076272,1428019,0,0,0,0
2026-07-28 01:00:00,9846,3037,70,64,5160,0,10,9846,6734,0,0,2645,467,202366307,71346646,71300014,1960019,0,0,0,0
2026-07-28 02:00:00,9852,3028,70,64,5156,0,15,9852,6749,0,0,2638,465,202678811,71243994,71197362,1960019,0,0,0,0
2026-07-28 03:00:00,9443,2634,69,63,5141,0,15,9443,6735,0,0,2241,467,201005910,69850961,69804329,1966219,0,0,0,0
2026-07-28 04:00:00,9446,2629,69,63,5146,0,18,9446,6743,0,0,2242,461,200956263,69687580,69640948,1964209,0,0,0,0
2026-07-28 05:00:00,9454,2633,69,63,5145,0,22,9454,6747,0,0,2242,465,200664571,69760172,69713540,1966409,0,0,0,0
2026-07-28 06:00:00,9463,2633,68,62,5147,0,16,9463,6757,0,0,2242,464,201064047,69839341,69792709,1963409,0,0,0,0
2026-07-28 07:00:00,9456,2632,68,62,5140,0,20,9456,6752,0,0,2239,465,200738368,69695154,69648522,1957009,0,0,0,0
2026-07-28 08:00:00,9453,2634,68,62,5135,0,19,9453,6746,0,0,2242,465,200507351,69752634,69706002,1928949,0,0,0,0
2026-07-28 09:00:00,9443,2637,68,62,5136,0,17,9443,6733,0,0,2244,466,200394035,69863692,69817060,1929969,0,0,0,0
2026-07-28 10:00:00,9445,2630,68,62,5129,0,7,9445,6742,0,0,2239,464,200163227,69719292,69672660,1929969,0,0,0,0
2026-07-28 11:00:00,9189,2555,67,62,4924,0,15,9189,6561,0,0,2167,461,194273614,67981025,67952393,1914169,0,0,0,0
2026-07-28 12:00:00,9248,2570,67,62,4959,0,13,9248,6606,0,0,2182,460,196423749,68761623,68732991,1915169,0,0,0,0
2026-07-28 13:00:00,9255,2677,67,62,4815,0,14,9255,6507,0,0,2293,455,192900545,67759592,67730960,1911949,0,0,0,0
2026-07-28 14:00:00,9410,2908,64,58,4749,0,18,9410,6433,0,0,2525,452,192347221,69008645,68962013,1697949,0,0,0,0
2026-07-28 15:00:00,9540,2955,57,52,4844,0,18,9540,6522,0,0,2566,452,195484485,70085406,70038774,1430649,0,0,0,0
2026-07-28 16:00:00,9554,2966,57,51,4852,0,12,9554,6526,0,0,2569,459,196845240,70581947,70535315,1395989,0,0,0,0
2026-07-28 17:00:00,9780,3005,57,51,5007,0,19,9780,6713,0,0,2602,465,202195830,71329244,71282612,1397199,0,0,0,0
2026-07-28 18:00:00,9809,3018,57,51,5017,0,15,9809,6729,0,0,2614,466,204020730,72106903,72060271,1398399,0,0,0,0
2026-07-28 19:00:00,9803,3018,57,51,5016,0,11,9803,6723,0,0,2614,466,203897620,72181562,72134930,1398399,0,0,0,0
2026-07-28 20:00:00,9763,3014,57,51,5002,0,26,9763,6687,0,0,2610,466,203134541,72183344,72136712,1398389,0,0,0,0
2026-07-28 21:00:00,9764,3009,56,50,5002,0,15,9764,6694,0,0,2605,465,203652744,72097134,72050502,1369779,0,0,0,0
2026-07-28 22:00:00,9775,3006,56,50,4994,0,8,9775,6708,0,0,2604,463,203892167,72063444,72016812,1369679,0,0,0,0
2026-07-28 23:00:00,9764,3000,56,50,4977,0,8,9764,6703,0,0,2600,461,203693482,71514009,71467377,1370339,0,0,0,0
2026-07-29 00:00:00,9764,3002,55,49,4989,0,14,9764,6702,0,0,2599,463,203669122,71491957,71445325,1365869,0,0,0,0
2026-07-29 01:00:00,9812,3010,68,62,4996,0,27,9812,6729,0,0,2622,461,205023000,71889922,71842590,1973569,0,0,0,0
2026-07-29 02:00:00,9823,3008,68,62,5003,0,12,9823,6742,0,0,2621,460,204723496,71678392,71630760,1970819,0,0,0,0
2026-07-29 03:00:00,9814,3007,68,62,5007,0,14,9814,6734,0,0,2620,460,204714483,71670898,71623266,1965909,0,0,0,0
2026-07-29 04:00:00,9804,3008,68,62,5007,0,20,9804,6723,0,0,2621,460,204073022,71524892,71477260,1946399,0,0,0,0
2026-07-29 05:00:00,9824,2995,68,62,5075,0,20,9824,6756,0,0,2616,452,204795723,71277274,71226642,1950579,0,0,0,0
2026-07-29 06:00:00,9821,2995,68,62,5084,0,48,9821,6753,0,0,2617,451,204781762,71281651,71230119,1950679,0,0,0,0
2026-07-29 07:00:00,9825,2998,68,62,5094,0,284,9825,6754,0,0,2620,451,204870736,71426403,71374872,1952688,0,0,0,0
2026-07-29 08:00:00,9823,2998,67,62,5095,0,149,9823,6752,0,0,2620,451,204929291,71534052,71483552,1952647,0,0,0,0
2026-07-29 09:00:00,9831,3000,67,62,5092,0,77,9831,6758,0,0,2622,451,205259041,71560727,71510227,1965757,0,0,0,0
2026-07-29 10:00:00,9835,3009,67,62,5098,0,38,9835,6753,0,0,2622,460,206235745,72458275,72407375,1954287,0,0,0,0
2026-07-29 11:00:00,9843,3015,66,61,5099,0,15,9843,6756,0,0,2626,461,206294758,72582710,72531910,1959677,0,0,0,0
2026-07-29 12:00:00,9838,3014,67,62,5107,0,12,9838,6751,0,0,2627,460,206652573,72531607,72480807,1968357,0,0,0,0
2026-07-29 13:00:00,9820,3010,67,62,5093,0,17,9820,6737,0,0,2623,460,206588061,72535185,72484385,1986607,0,0,0,0
2026-07-29 14:00:00,9831,3009,67,62,5099,0,19,9831,6749,0,0,2622,460,206950345,72553750,72502950,1991807,0,0,0,0
2026-07-29 15:00:00,9794,2998,67,62,5096,0,19,9794,6723,0,0,2611,460,207184368,72561283,72509883,1993997,0,0,0,0
2026-07-29 16:00:00,9832,3007,67,62,5109,0,13,9832,6752,0,0,2619,461,207348723,72696018,72644618,1997247,0,0,0,0
2026-07-29 17:00:00,9830,2997,67,62,5108,0,10,9830,6760,0,0,2609,461,207172716,72603223,72551823,1995347,0,0,0,0
2026-07-29 18:00:00,9828,2999,66,61,5113,0,21,9828,6757,0,0,2610,461,207878802,72932557,72881157,1932537,0,0,0,0
2026-07-29 19:00:00,9835,3002,66,61,5120,0,14,9835,6761,0,0,2612,462,208146473,72994556,72943156,1929557,0,0,0,0
2026-07-29 20:00:00,9827,2998,65,60,5125,0,18,9827,6758,0,0,2608,461,208207864,72882986,72831586,1872887,0,0,0,0
2026-07-29 21:00:00,9843,3019,62,57,5101,0,20,9843,6756,0,0,2625,462,208216951,73133393,73081993,1747787,0,0,0,0
2026-07-29 22:00:00,9872,3041,63,58,5101,0,19,9872,6762,0,0,2648,462,209087377,73373990,73322590,1753077,0,0,0,0
2026-07-29 23:00:00,9863,3038,62,57,5099,0,10,9863,6757,0,0,2644,462,209581232,73351681,73300281,1698177,0,0,0,0
2026-07-30 00:00:00,9867,3036,62,57,5094,0,14,9867,6763,0,0,2643,461,209715471,73166911,73115511,1698577,0,0,0,0
2026-07-30 01:00:00,9877,3041,67,62,5097,0,14,9877,6763,0,0,2653,461,209919871,73085931,73034531,2017677,0,0,0,0
2026-07-30 02:00:00,9863,3036,67,62,5104,0,10,9863,6754,0,0,2647,462,210255788,73236286,73184886,2016877,0,0,0,0
2026-07-30 03:00:00,9864,3040,67,62,5118,0,9,9864,6751,0,0,2651,462,210758586,73348818,73297418,2024707,0,0,0,0
2026-07-30 04:00:00,9866,3040,67,62,5129,0,16,9866,6753,0,0,2651,462,210443211,73319617,73270217,2042708,0,0,0,0
2026-07-30 05:00:00,9864,3039,66,62,5132,0,9,9864,6752,0,0,2650,462,210396709,73283438,73239838,2039008,0,0,0,0
2026-07-30 06:00:00,9875,3041,67,62,5137,0,9,9875,6761,0,0,2651,463,210576936,73286051,73236751,2034398,0,0,0,0
2026-07-30 07:00:00,9872,3041,67,62,5141,0,14,9872,6758,0,0,2651,463,210764071,73372749,73323449,2074388,0,0,0,0
2026-07-30 08:00:00,9877,3035,67,62,5149,0,15,9877,6769,0,0,2646,462,211098191,73312981,73263681,2069388,0,0,0,0
2026-07-30 09:00:00,9873,3039,67,62,5156,0,19,9873,6761,0,0,2649,463,210974368,73443295,73394195,2069088,0,0,0,0
2026-07-30 10:00:00,9489,2665,67,62,5161,0,18,9489,6751,0,0,2275,463,209608297,71960445,71911345,2078778,0,0,0,0
2026-07-30 11:00:00,9774,2934,67,62,5169,0,15,9774,6767,0,0,2543,464,211033475,72949314,72900214,2075178,0,0,0,0
2026-07-30 12:00:00,9776,2934,67,62,5178,0,15,9776,6770,0,0,2542,464,211223806,72914563,72865463,2089968,0,0,0,0
2026-07-30 13:00:00,9721,2928,67,62,5142,0,14,9721,6721,0,0,2539,461,210074591,72737548,72685648,2097008,0,0,0,0
2026-07-30 14:00:00,9735,2928,67,62,5150,0,7,9735,6734,0,0,2541,460,210165553,72612776,72560876,2098907,0,0,0,0
2026-07-30 15:00:00,9740,2935,66,61,5153,0,24,9740,6733,0,0,2544,463,210338838,73119475,73067575,1948887,0,0,0,0
2026-07-30 16:00:00,9728,2927,66,61,5160,0,15,9728,6729,0,0,2546,453,210432394,73075044,73023244,1951687,0,0,0,0
2026-07-30 17:00:00,9718,2930,65,60,5164,0,10,9718,6717,0,0,2548,453,210807746,73085359,73033559,1945287,0,0,0,0
2026-07-30 18:00:00,9743,2935,66,61,5175,0,8,9743,6736,0,0,2553,454,211146918,73236157,73184357,1952387,0,0,0,0
2026-07-30 19:00:00,9745,2929,65,60,5180,0,18,9745,6745,0,0,2548,452,233198980,77197884,77148984,2037318,0,0,0,0
2026-07-30 20:00:00,9752,2930,63,58,5184,0,16,9752,6753,0,0,2545,454,233169649,77299017,77250117,1897318,0,0,0,0
2026-07-30 21:00:00,9847,3025,60,55,5187,0,14,9847,6756,0,0,2639,452,233445578,77826585,77777685,1721678,0,0,0,0
2026-07-30 22:00:00,9836,3030,58,53,5192,0,14,9836,6742,0,0,2640,454,233034361,77864884,77815984,1594578,0,0,0,0
2026-07-30 23:00:00,9851,3029,56,51,5193,0,11,9851,6760,0,0,2636,455,232591727,77815494,77766594,1489578,0,0,0,0
2026-07-31 00:00:00,9873,3040,55,50,5198,0,19,9873,6772,0,0,2639,462,232674118,77860534,77811634,1423388,0,0,0,0
2026-07-31 01:00:00,9901,3045,66,61,5197,0,17,9901,6784,0,0,2654,463,233103440,77790880,77739980,2117988,0,0,0,0
2026-07-31 02:00:00,9906,3048,66,61,5209,0,13,9906,6786,0,0,2657,463,233602440,77852409,77801509,2116988,0,0,0,0
2026-07-31 03:00:00,9882,3044,66,61,5213,0,11,9882,6766,0,0,2654,462,233315548,77655459,77604259,2136288,0,0,0,0
2026-07-31 04:00:00,9875,3041,65,60,5219,0,11,9875,6763,0,0,2652,460,233221915,77577783,77526483,2142488,0,0,0,0
2026-07-31 05:00:00,9879,3041,66,61,5220,0,10,9879,6766,0,0,2652,461,233361287,77705569,77654269,2148878,0,0,0,0
2026-07-31 06:00:00,9880,3047,66,61,5226,0,10,9880,6761,0,0,2658,461,233472659,77783838,77732038,2148978,0,0,0,0
2026-07-31 07:00:00,9875,3050,66,61,5221,0,21,9875,6753,0,0,2660,462,232894299,77799107,77747307,2148948,0,0,0,0
2026-07-31 08:00:00,9866,3041,66,61,5221,0,32,9866,6753,0,0,2657,456,232578789,77365776,77313276,2155448,0,0,0,0
2026-07-31 09:00:00,9862,3039,66,61,5239,0,17,9862,6751,0,0,2654,457,210364968,73492609,73436209,2055628,0,0,0,0
2026-07-31 10:00:00,9881,3042,66,61,5258,0,23,9881,6767,0,0,2658,456,210736703,73567111,73511711,2054628,0,0,0,0
2026-07-31 11:00:00,9871,3044,66,61,5262,0,13,9871,6755,0,0,2659,457,210368062,73528671,73473271,2048528,0,0,0,0
2026-07-31 12:00:00,9877,3031,66,61,5263,0,10,9877,6774,0,0,2648,455,210697181,73577758,73522358,2060428,0,0,0,0
2026-07-31 13:00:00,9818,3028,65,60,5070,0,11,9818,6719,0,0,2643,456,209639251,73687037,73631737,2058488,0,0,0,0
2026-07-31 14:00:00,9838,3025,66,61,5243,0,111,9838,6741,0,0,2642,455,209729204,73473147,73417847,2058108,0,0,0,0
2026-07-31 15:00:00,9856,3032,66,61,5254,0,14,9856,6752,0,0,2645,459,210569144,74035847,73980547,2057608,0,0,0,0
2026-07-31 16:00:00,9796,3016,65,60,5246,0,10,9796,6709,0,0,2630,457,209641773,73941027,73885727,2044658,0,0,0,0
2026-07-31 17:00:00,9848,3041,66,61,5247,0,23,9848,6735,0,0,2653,460,210037730,74111007,74055707,2057458,0,0,0,0
2026-07-31 18:00:00,9849,3039,66,61,5254,0,6,9849,6738,0,0,2651,460,210168759,74051288,73995988,2056448,0,0,0,0
2026-07-31 19:00:00,9883,3043,66,61,5088,0,8,9883,6768,0,0,2654,461,210223900,74454527,74399227,2045438,0,0,0,0
2026-07-31 20:00:00,9886,3051,64,59,5244,0,14,9886,6765,0,0,2659,462,210241515,74486838,74431538,1898728,0,0,0,0
2026-07-31 21:00:00,9888,3045,59,54,5242,0,6,9888,6778,0,0,2648,462,209558204,74077160,74021860,1571728,0,0,0,0
2026-07-31 22:00:00,9877,3050,58,53,5256,0,5,9877,6763,0,0,2651,463,210389635,74708170,74652870,1510028,0,0,0,0
2026-07-31 23:00:00,9744,3035,56,51,5142,0,16,9744,6647,0,0,2642,455,206766746,74084520,74029220,1390028,0,0,0,0
2026-08-01 00:00:00,9714,3023,56,51,5115,0,26,9714,6628,0,0,2633,453,205241882,73491620,73436320,1391728,0,0,0,0
2026-08-01 01:00:00,9716,3015,66,61,5051,0,17,9716,6628,0,0,2633,455,204017218,73188930,73132630,2039728,0,0,0,0
2026-08-01 02:00:00,9736,3020,66,61,5063,0,14,9736,6643,0,0,2635,458,205015543,73133821,73077521,2041937,0,0,0,0
2026-08-01 03:00:00,9715,3015,66,61,5042,0,11,9715,6627,0,0,2630,458,204448667,72850221,72793921,2041937,0,0,0,0
2026-08-01 04:00:00,9774,3030,66,61,5064,0,12,9774,6671,0,0,2642,461,206134429,73508312,73452012,2041837,0,0,0,0
2026-08-01 05:00:00,9821,3038,66,61,5095,0,14,9821,6710,0,0,2649,462,207770882,73771632,73715332,2077857,0,0,0,0
2026-08-01 06:00:00,9821,3051,66,61,5093,0,18,9821,6697,0,0,2658,466,209077614,74509162,74452862,2078857,0,0,0,0
2026-08-01 07:00:00,9799,3039,66,61,5073,0,16,9799,6687,0,0,2650,462,207692604,73950038,73893738,2077857,0,0,0,0
2026-08-01 08:00:00,9737,3047,66,61,5012,0,16,9737,6617,0,0,2658,462,208374982,74167873,74111573,2075857,0,0,0,0
2026-08-01 09:00:00,9807,3043,66,61,5073,0,16,9807,6691,0,0,2656,460,208788818,74221043,74164743,2076717,0,0,0,0
2026-08-01 10:00:00,9765,3028,66,61,5054,0,16,9765,6664,0,0,2642,459,208724329,74045079,73988779,2079717,0,0,0,0
2026-08-01 11:00:00,9780,3039,66,61,5067,0,9,9780,6669,0,0,2651,460,208246205,74165128,74108828,2081707,0,0,0,0
2026-08-01 12:00:00,9800,3027,66,61,5048,0,9,9800,6702,0,0,2645,453,208039955,73997859,73941559,2078707,0,0,0,0
2026-08-01 13:00:00,9716,3028,65,61,4981,0,16,9716,6616,0,0,2641,459,206162542,73827409,73798109,2049717,0,0,0,0
2026-08-01 14:00:00,9684,3004,65,61,4934,0,11,9684,6608,0,0,2620,456,204589482,73337439,73308139,2054707,0,0,0,0
2026-08-01 15:00:00,9705,3023,65,61,4947,0,13,9705,6611,0,0,2634,460,205008786,73552151,73500151,2077407,0,0,0,0
2026-08-01 16:00:00,9717,3021,64,60,4928,0,13,9717,6626,0,0,2629,462,206285490,73778461,73749161,2055707,0,0,0,0
2026-08-01 17:00:00,9791,3028,66,61,4964,0,19,9791,6691,0,0,2639,461,208197393,74083731,74026431,2088707,0,0,0,0
2026-08-01 18:00:00,9767,3024,64,60,4923,0,18,9767,6672,0,0,2634,461,207332690,74015944,73985644,1987807,0,0,0,0
2026-08-01 19:00:00,9728,3023,61,58,4883,0,28,9728,6636,0,0,2627,465,205754582,73473204,73460904,1840807,0,0,0,0
2026-08-01 20:00:00,9729,3021,59,55,4889,0,44,9729,6643,0,0,2622,464,205797155,73646292,73615992,1650767,0,0,0,0
2026-08-01 21:00:00,9725,3024,56,52,4887,0,54,9725,6638,0,0,2623,464,205285484,73508205,73477905,1463767,0,0,0,0
2026-08-01 22:00:00,9816,3046,56,51,4918,0,62,9816,6708,0,0,2641,467,207078700,73630111,73572811,1430767,0,0,0,0
2026-08-01 23:00:00,9793,3055,55,50,4897,0,23,9793,6677,0,0,2648,468,205958532,73971447,73914147,1376987,0,0,0,0
2026-08-02 00:00:00,9795,3049,55,50,4865,0,25,9795,6686,0,0,2645,464,206253506,73826087,73768787,1380987,0,0,0,0
2026-08-02 01:00:00,9780,3043,66,61,4814,0,19,9780,6667,0,0,2644,469,204837049,73552755,73495455,2094057,0,0,0,0
2026-08-02 02:00:00,9879,3069,66,61,4864,0,74,9879,6739,0,0,2666,474,208982314,74828928,74771628,2094167,0,0,0,0
2026-08-02 03:00:00,9867,3066,66,61,4859,0,17,9867,6730,0,0,2664,473,208059197,74524768,74467668,2093197,0,0,0,0
2026-08-02 04:00:00,9878,3069,66,61,4856,0,22,9878,6738,0,0,2667,473,208035031,74349591,74292491,2095907,0,0,0,0
2026-08-02 05:00:00,9898,3068,66,61,4852,0,21,9898,6758,0,0,2671,469,208832714,74782559,74725459,2095107,0,0,0,0
2026-08-02 06:00:00,9901,3064,66,61,4844,0,22,9901,6765,0,0,2663,473,208844875,74668111,74611011,2092107,0,0,0,0
2026-08-02 07:00:00,9907,3066,66,61,4851,0,32,9907,6769,0,0,2664,474,208978855,74579689,74522589,2089107,0,0,0,0
2026-08-02 08:00:00,9902,3072,66,61,4833,0,64,9902,6758,0,0,2670,474,208833117,74809239,74752139,2091107,0,0,0,0
2026-08-02 09:00:00,9872,3060,66,61,4687,0,67,9872,6741,0,0,2661,470,209021010,74518519,74461419,2081147,0,0,0,0
2026-08-02 10:00:00,9944,3070,66,61,4849,0,53,9944,6802,0,0,2670,472,210139008,74476499,74419399,2081047,0,0,0,0
2026-08-02 11:00:00,9917,3067,66,61,4842,0,28,9917,6778,0,0,2665,474,209871978,74549688,74492588,2099947,0,0,0,0
2026-08-02 12:00:00,9987,3075,66,61,4864,0,15,9987,6840,0,0,2672,475,210564235,74772178,74715078,2099947,0,0,0,0
2026-08-02 13:00:00,9988,3078,66,61,4870,0,20,9988,6837,0,0,2676,475,210609080,74794197,74737097,2099947,0,0,0,0
2026-08-02 14:00:00,10003,3077,66,61,4881,0,29,10003,6853,0,0,2675,475,210714055,74787499,74730399,2091847,0,0,0,0
2026-08-02 15:00:00,9982,3080,66,61,4881,0,20,9982,6829,0,0,2678,475,210287213,74759158,74702158,2091747,0,0,0,0
2026-08-02 16:00:00,9920,3069,66,61,4848,0,27,9920,6778,0,0,2667,475,209168337,74556369,74499369,2090657,0,0,0,0
2026-08-02 17:00:00,9942,3076,66,61,4852,0,25,9942,6793,0,0,2674,475,209440088,74727650,74670650,2101757,0,0,0,0
2026-08-02 18:00:00,9948,3069,66,61,4868,0,31,9948,6806,0,0,2666,476,208904319,74587059,74530059,2102007,0,0,0,0
2026-08-02 19:00:00,10020,3078,66,61,4895,0,61,10020,6869,0,0,2676,475,210005280,74938428,74881428,2103957,0,0,0,0
2026-08-02 20:00:00,10015,3078,64,59,4909,0,29,10015,6866,0,0,2674,475,209763104,74902849,74845849,1963847,0,0,0,0
2026-08-02 21:00:00,10006,3079,61,56,4913,0,33,10006,6859,0,0,2672,475,209647165,74963719,74906719,1755907,0,0,0,0
2026-08-02 22:00:00,10002,3077,58,53,4925,0,22,10002,6860,0,0,2667,475,209355513,74957519,74900519,1616897,0,0,0,0
2026-08-02 23:00:00,10011,3077,56,51,4921,0,41,10011,6871,0,0,2665,475,209143035,74894645,74837645,1498267,0,0,0,0
2026-08-03 00:00:00,9996,3082,55,50,4923,0,39,9996,6852,0,0,2668,476,208707492,74860015,74803015,1439267,0,0,0,0
2026-08-03 01:00:00,10039,3079,66,61,4928,0,20,10039,6887,0,0,2676,476,208945729,74731732,74674732,2019267,0,0,0,0
2026-08-03 02:00:00,10031,3080,66,61,4932,0,26,10031,6878,0,0,2677,476,208837809,74760292,74703292,2025167,0,0,0,0
2026-08-03 03:00:00,10012,3077,66,61,4934,0,16,10012,6862,0,0,2674,476,208549569,74767502,74712602,2003067,0,0,0,0
2026-08-03 04:00:00,10016,3075,66,61,4939,0,20,10016,6868,0,0,2672,476,208015936,74758144,74703244,1992277,0,0,0,0
2026-08-03 05:00:00,10032,3076,66,61,4947,0,8,10032,6883,0,0,2673,476,207835042,74518517,74463617,1934786,0,0,0,0
2026-08-03 06:00:00,10030,3077,66,61,4954,0,6,10030,6880,0,0,2675,475,207433237,74522677,74467777,1951116,0,0,0,0
2026-08-03 07:00:00,10026,3076,66,61,4968,0,4,10026,6877,0,0,2674,475,207209178,74490326,74435426,1953196,0,0,0,0
2026-08-03 08:00:00,10039,3076,66,61,4974,0,16,10039,6890,0,0,2674,475,206848783,74525788,74470888,1948096,0,0,0,0
2026-08-03 09:00:00,10032,3077,66,61,4978,0,7,10032,6882,0,0,2674,476,206808211,74563763,74508863,1948987,0,0,0,0
2026-08-03 10:00:00,10039,3081,66,61,4984,0,27,10039,6885,0,0,2675,479,206753971,74696874,74641974,1949987,0,0,0,0
2026-08-03 11:00:00,10046,3080,66,61,4979,0,32,10046,6893,0,0,2674,479,206339790,74673822,74618922,1927377,0,0,0,0
2026-08-03 12:00:00,10047,3078,65,60,4980,0,31,10047,6897,0,0,2671,479,206100565,74719170,74665270,1915087,0,0,0,0
2026-08-03 13:00:00,10024,3076,66,61,4980,0,18,10024,6875,0,0,2671,478,205835403,74703600,74651700,1900277,0,0,0,0
2026-08-03 14:00:00,10008,3078,66,61,4985,0,16,10008,6857,0,0,2676,475,205090622,74670233,74618333,1899017,0,0,0,0
2026-08-03 15:00:00,10014,3079,66,61,4993,0,18,10014,6862,0,0,2677,475,205173759,74701644,74649844,1897917,0,0,0,0
2026-08-03 16:00:00,10010,3077,66,61,4991,0,14,10010,6860,0,0,2675,475,204982587,74752964,74701164,1898837,0,0,0,0
2026-08-03 17:00:00,10014,3074,65,60,4997,0,16,10014,6868,0,0,2671,475,204937604,74705444,74653644,1840737,0,0,0,0
2026-08-03 18:00:00,10031,3091,62,57,5006,0,11,10031,6871,0,0,2685,475,204180761,74629657,74577857,1687137,0,0,0,0
2026-08-03 19:00:00,10121,3175,60,55,5007,0,22,10121,6879,0,0,2767,475,203911371,74644286,74592486,1635957,0,0,0,0
2026-08-03 20:00:00,10122,3177,60,55,5011,0,16,10122,6878,0,0,2769,475,203585539,74745376,74693576,1574657,0,0,0,0
2026-08-03 21:00:00,10143,3178,59,54,5021,0,13,10143,6899,0,0,2770,474,203921569,74762738,74710938,1504357,0,0,0,0
2026-08-03 22:00:00,10153,3180,58,53,5025,0,11,10153,6908,0,0,2770,475,203853075,74784592,74732792,1454587,0,0,0,0
2026-08-03 23:00:00,10156,3176,57,52,5040,0,10,10156,6916,0,0,2765,475,203729378,74783823,74732023,1411347,0,0,0,0
2026-08-04 00:00:00,10137,3175,56,51,5040,0,11,10137,6899,0,0,2763,475,203253752,74766393,74714593,1376647,0,0,0,0
2026-08-04 01:00:00,10162,3177,66,61,5051,0,5,10162,6912,0,0,2775,475,204078537,74736374,74684574,1856687,0,0,0,0
2026-08-04 02:00:00,10176,3179,66,61,5050,0,9,10176,6924,0,0,2776,476,203910308,74701243,74649443,1897667,0,0,0,0
2026-08-04 03:00:00,10167,3183,66,61,5057,0,15,10167,6911,0,0,2779,477,203689048,74780548,74728748,1856467,0,0,0,0
2026-08-04 04:00:00,10156,3184,66,61,5057,0,8,10156,6899,0,0,2780,477,203151026,74775607,74723807,1860757,0,0,0,0
2026-08-04 05:00:00,10169,3182,66,61,5065,0,11,10169,6914,0,0,2778,477,203126026,74757322,74705622,1862567,0,0,0,0
2026-08-04 06:00:00,10147,3172,66,61,5076,0,16,10147,6902,0,0,2778,467,203013910,74697500,74645800,1860487,0,0,0,0
2026-08-04 07:00:00,10162,3172,66,61,5079,0,13,10162,6917,0,0,2778,467,203034601,74681663,74629963,1858487,0,0,0,0
2026-08-04 08:00:00,10144,3173,66,61,5085,0,14,10144,6898,0,0,2779,467,202933811,74606308,74554608,1859487,0,0,0,0
2026-08-04 09:00:00,10147,3169,66,61,5089,0,11,10147,6905,0,0,2775,467,203206402,74570408,74518708,1861367,0,0,0,0
2026-08-04 10:00:00,10133,3169,66,61,5091,0,12,10133,6891,0,0,2775,467,203097828,74591798,74540098,1868977,0,0,0,0
2026-08-04 11:00:00,10148,3172,65,60,5097,0,19,10148,6904,0,0,2777,467,203155925,74724339,74672639,1861067,0,0,0,0
2026-08-04 12:00:00,10146,3175,66,61,5101,0,17,10146,6899,0,0,2779,468,202920821,74711689,74659989,1844367,0,0,0,0
2026-08-04 13:00:00,10146,3172,66,61,5106,0,25,10146,6901,0,0,2778,467,203168213,74677663,74625963,1837857,0,0,0,0
2026-08-04 14:00:00,10129,3173,66,61,5104,0,19,10129,6883,0,0,2779,467,202884986,74716472,74664772,1836847,0,0,0,0
2026-08-04 15:00:00,10126,3166,66,61,5098,0,14,10126,6887,0,0,2773,466,202913531,74689132,74637432,1856647,0,0,0,0
2026-08-04 16:00:00,10133,3167,66,61,5098,0,11,10133,6893,0,0,2773,467,202900861,74713212,74661512,1853957,0,0,0,0
2026-08-04 17:00:00,10135,3167,65,60,5102,0,9,10135,6896,0,0,2772,467,202842397,74773832,74722132,1799357,0,0,0,0
2026-08-04 18:00:00,10101,3138,65,60,5075,0,10,10101,6891,0,0,2743,467,202703250,74444115,74392415,1805557,0,0,0,0
2026-08-04 19:00:00,10109,3138,63,58,5073,0,10,10109,6901,0,0,2740,468,202434982,74411780,74360080,1699787,0,0,0,0
2026-08-04 20:00:00,10094,3135,62,57,5081,0,10,10094,6890,0,0,2736,468,202234260,74443069,74391369,1646387,0,0,0,0
2026-08-04 21:00:00,10104,3134,62,57,5084,0,11,10104,6901,0,0,2735,468,202469061,74431698,74379998,1646387,0,0,0,0
2026-08-04 22:00:00,10116,3147,59,54,5097,0,14,10116,6903,0,0,2744,469,202425957,74545951,74494251,1527387,0,0,0,0
2026-08-04 23:00:00,10154,3166,57,52,5113,0,13,10154,6924,0,0,2761,469,202990491,74712963,74661263,1444387,0,0,0,0
2026-08-05 00:00:00,10143,3167,56,51,5120,0,15,10143,6913,0,0,2762,468,202908898,74707905,74656205,1403387,0,0,0,0
2026-08-05 01:00:00,10169,3164,66,61,5121,0,29,10169,6932,0,0,2771,466,203840731,74740687,74688987,1862287,0,0,0,0
2026-08-05 02:00:00,10155,3163,66,61,5130,0,22,10155,6919,0,0,2770,466,203603642,74679406,74627706,1864297,0,0,0,0
2026-08-05 03:00:00,10167,3163,65,60,5137,0,9,10167,6932,0,0,2769,466,203735937,74716496,74664796,1862197,0,0,0,0
2026-08-05 04:00:00,10151,3162,66,61,5144,0,15,10151,6916,0,0,2769,466,203571094,74777806,74726106,1875297,0,0,0,0
2026-08-05 05:00:00,10160,3161,66,61,5150,0,31,10160,6926,0,0,2768,466,203835326,74837906,74786206,1875297,0,0,0,0
2026-08-05 06:00:00,10151,3158,66,61,5160,0,45,10151,6921,0,0,2764,466,203898690,74837745,74786045,1905297,0,0,0,0
2026-08-05 07:00:00,10163,3159,66,61,5164,0,31,10163,6932,0,0,2765,466,203980383,74888241,74836541,1895277,0,0,0,0
2026-08-05 08:00:00,10172,3163,66,61,5173,0,40,10172,6937,0,0,2769,466,203963480,74944755,74893055,1895287,0,0,0,0
2026-08-05 09:00:00,10178,3165,66,61,5181,0,28,10178,6941,0,0,2771,466,204050216,75054858,75003158,1904697,0,0,0,0
2026-08-05 10:00:00,10162,3163,66,61,5183,0,23,10162,6927,0,0,2769,466,203983150,75019649,74967949,1903707,0,0,0,0
2026-08-05 11:00:00,10160,3159,66,61,5177,0,12,10160,6929,0,0,2771,460,204011454,75034751,74983051,1904307,0,0,0,0
2026-08-05 12:00:00,10173,3164,66,61,5194,0,10,10173,6937,0,0,2771,465,204213580,75107081,75055381,1905107,0,0,0,0
2026-08-05 13:00:00,10163,3166,66,61,5204,0,19,10163,6924,0,0,2773,466,204339185,75134358,75084658,1903097,0,0,0,0
2026-08-05 14:00:00,10150,3168,66,61,5197,0,11,10150,6909,0,0,2775,466,204353509,75205859,75156159,1902496,0,0,0,0
2026-08-05 15:00:00,10182,3168,66,61,5204,0,11,10182,6941,0,0,2775,466,204639745,75292669,75242969,1902496,0,0,0,0
2026-08-05 16:00:00,10186,3173,66,61,5205,0,15,10186,6940,0,0,2778,468,204764171,75272910,75223210,1901896,0,0,0,0
2026-08-05 17:00:00,10178,3171,66,61,5211,0,15,10178,6934,0,0,2776,468,204677355,75233810,75184110,1910896,0,0,0,0
2026-08-05 18:00:00,10189,3171,65,60,5212,0,11,10189,6946,0,0,2775,468,204580982,75179417,75131417,1853196,0,0,0,0
2026-08-05 19:00:00,10167,3165,64,59,5219,0,16,10167,6931,0,0,2771,465,204252414,74983096,74935096,1805196,0,0,0,0
2026-08-05 20:00:00,10161,3165,62,57,5225,0,16,10161,6927,0,0,2768,466,203888804,75026414,74978414,1702196,0,0,0,0
2026-08-05 21:00:00,10168,3163,62,57,5227,0,18,10168,6936,0,0,2766,466,203964949,74992258,74944258,1704196,0,0,0,0
2026-08-05 22:00:00,10144,3167,61,56,5230,0,12,10144,6909,0,0,2768,467,203624510,75020198,74972198,1663296,0,0,0,0
2026-08-05 23:00:00,10161,3168,57,52,5235,0,22,10161,6929,0,0,2765,467,203923493,75027907,74979907,1535296,0,0,0,0
2026-08-06 00:00:00,10154,3166,56,51,5239,0,14,10154,6925,0,0,2762,467,203953569,75022483,74977483,1495396,0,0,0,0
2026-08-06 01:00:00,10185,3159,66,61,5239,0,8,10185,6953,0,0,2773,459,205127247,74740443,74695443,1921396,0,0,0,0
2026-08-06 02:00:00,10210,3168,66,61,5248,0,8,10210,6969,0,0,2774,467,205757891,75059022,75013022,1985396,0,0,0,0
2026-08-06 03:00:00,10202,3166,66,61,5251,0,8,10202,6963,0,0,2773,466,205674975,75056480,75010480,1986296,0,0,0,0
2026-08-06 04:00:00,10194,3165,66,61,5254,0,8,10194,6956,0,0,2773,465,205364202,74972628,74926628,1993416,0,0,0,0
2026-08-06 05:00:00,10191,3162,66,61,5259,0,12,10191,6956,0,0,2770,465,205209130,75019823,74974423,1989716,0,0,0,0
2026-08-06 06:00:00,10182,3162,66,61,5262,0,8,10182,6947,0,0,2770,465,205147387,75041893,74996493,1990716,0,0,0,0
2026-08-06 07:00:00,10190,3157,66,61,5263,0,22,10190,6960,0,0,2765,465,205327255,75038098,74992698,1990616,0,0,0,0
2026-08-06 08:00:00,10175,3160,66,61,5271,0,16,10175,6942,0,0,2768,465,205198449,75073392,75027992,1990616,0,0,0,0
2026-08-06 09:00:00,10185,3167,66,61,5280,0,18,10185,6945,0,0,2775,465,205244545,75056762,75011362,1990616,0,0,0,0
2026-08-06 10:00:00,10193,3167,66,61,5290,0,12,10193,6953,0,0,2774,466,205097858,75104821,75059421,1935436,0,0,0,0
2026-08-06 11:00:00,10193,3163,66,61,5293,0,12,10193,6957,0,0,2772,464,205221038,75000992,74955592,1936436,0,0,0,0
2026-08-06 12:00:00,10230,3162,66,61,5298,0,12,10230,6995,0,0,2772,463,205264453,75027172,74981772,1932436,0,0,0,0
2026-08-06 13:00:00,10221,3166,66,61,5304,0,14,10221,6982,0,0,2775,464,205282684,75140844,75095444,1933356,0,0,0,0
2026-08-06 14:00:00,10203,3165,66,61,5303,0,10,10203,6965,0,0,2774,464,205339529,75137224,75091824,1934356,0,0,0,0
2026-08-06 15:00:00,10212,3167,66,61,5306,0,17,10212,6972,0,0,2775,465,205540595,75212634,75167234,1936356,0,0,0,0
2026-08-06 16:00:00,10209,3167,66,61,5307,0,12,10209,6969,0,0,2775,465,205661259,75167041,75121641,1935356,0,0,0,0
2026-08-06 17:00:00,10175,3169,66,61,5313,0,15,10175,6933,0,0,2777,465,205008866,75157945,75112545,1937056,0,0,0,0
2026-08-06 18:00:00,10171,3173,65,60,5317,0,15,10171,6926,0,0,2780,465,205004734,75283694,75238294,1882056,0,0,0,0
2026-08-06 19:00:00,10183,3173,64,60,5315,0,11,10183,6938,0,0,2780,465,205403900,75242982,75199482,1882056,0,0,0,0
2026-08-06 20:00:00,10165,3168,66,60,5312,0,19,10165,6925,0,0,2777,463,204936520,75115913,74984413,1971046,0,0,0,0
2026-08-06 21:00:00,10218,3218,66,60,5313,0,12,10218,6928,0,0,2825,465,204942837,75226302,75094802,1971036,0,0,0,0
2026-08-06 22:00:00,10234,3219,64,58,5315,0,17,10234,6945,0,0,2825,464,205066467,75183517,75052017,1873036,0,0,0,0
2026-08-06 23:00:00,10240,3222,63,57,5318,0,20,10240,6949,0,0,2827,464,205444153,75231832,75100332,1827636,0,0,0,0
2026-08-07 00:00:00,10239,3221,63,57,5314,0,18,10239,6949,0,0,2825,465,205466358,75247027,75115527,1827646,0,0,0,0
2026-08-07 01:00:00,10264,3221,67,61,5319,0,14,10264,6970,0,0,2829,465,206128699,75327484,75195984,2026746,0,0,0,0
2026-08-07 02:00:00,10221,3215,67,61,5156,0,10,10221,6933,0,0,2824,464,227924767,79532342,79404042,2149276,0,0,0,0
2026-08-07 03:00:00,10177,3176,66,60,5160,0,12,10177,6929,0,0,2785,463,225798318,77586957,77458657,2133076,0,0,0,0
2026-08-07 04:00:00,10189,3178,67,61,5371,0,13,10189,6938,0,0,2787,464,225931264,77514545,77385245,2138776,0,0,0,0
2026-08-07 05:00:00,10252,3224,66,60,5280,0,9,10252,6956,0,0,2832,464,228260558,79671830,79541530,2133566,0,0,0,0
2026-08-07 06:00:00,10247,3225,67,61,5276,0,12,10247,6949,0,0,2834,464,227866254,79693765,79563465,2130066,0,0,0,0
2026-08-07 07:00:00,10237,3212,67,61,5277,0,13,10237,6952,0,0,2822,463,227840674,79654430,79524130,2132036,0,0,0,0
2026-08-07 08:00:00,10234,3213,67,61,5277,0,22,10234,6948,0,0,2823,463,227573041,79656918,79526618,2133036,0,0,0,0
2026-08-07 09:00:00,10229,3204,67,61,5273,0,10,10229,6952,0,0,2814,463,227689457,79618527,79488227,2132026,0,0,0,0
2026-08-07 10:00:00,10227,3206,67,61,5278,0,12,10227,6948,0,0,2815,464,227700765,79735947,79603647,2156026,0,0,0,0
2026-08-07 11:00:00,10226,3205,67,63,5284,0,12,10226,6946,0,0,2816,464,227482391,79755307,79712007,2147026,0,0,0,0
2026-08-07 12:00:00,10233,3206,67,63,5285,0,12,10233,6952,0,0,2817,464,227834221,79839222,79795822,2148126,0,0,0,0
2026-08-07 13:00:00,10228,3207,67,63,5288,0,14,10228,6946,0,0,2818,464,227871576,79857322,79813922,2142136,0,0,0,0
2026-08-07 14:00:00,10218,3208,67,63,5285,0,20,10218,6936,0,0,2818,464,227598799,79812394,79768994,2141026,0,0,0,0
2026-08-07 15:00:00,10192,3207,67,63,5431,0,25,10192,6911,0,0,2817,464,227302755,79650473,79607073,2140026,0,0,0,0
2026-08-07 16:00:00,10210,3206,67,63,5297,0,18,10210,6930,0,0,2818,462,227547118,79623953,79580553,2140016,0,0,0,0
2026-08-07 17:00:00,10227,3207,67,63,5290,0,19,10227,6946,0,0,2817,464,227576079,79550133,79506733,2136976,0,0,0,0
2026-08-07 18:00:00,10207,3205,67,63,5294,0,19,10207,6928,0,0,2815,464,227493695,79575061,79531661,2134956,0,0,0,0
2026-08-07 19:00:00,10222,3207,66,62,5290,0,15,10222,6942,0,0,2816,464,227515583,79610131,79566731,2050556,0,0,0,0
2026-08-07 20:00:00,10186,3209,66,62,5261,0,16,10186,6904,0,0,2818,464,224864298,79583326,79539926,2052446,0,0,0,0
2026-08-07 21:00:00,10186,3206,66,62,5266,0,11,10186,6907,0,0,2816,463,224686202,79513633,79470133,2051846,0,0,0,0
2026-08-07 22:00:00,10220,3235,66,62,5266,0,48,10220,6912,0,0,2820,488,224710862,79517939,79474439,2051636,0,0,0,0
2026-08-07 23:00:00,10150,3222,66,62,5248,0,11,10150,6855,0,0,2807,488,225413764,79213257,79169757,2050616,0,0,0,0
2026-08-08 00:00:00,10159,3221,62,58,5247,0,12,10159,6869,0,0,2802,488,225060358,79356402,79312902,1860516,0,0,0,0
2026-08-08 01:00:00,10227,3223,67,63,5252,0,14,10227,6930,0,0,2808,489,226216696,79442764,79399264,2133416,0,0,0,0
2026-08-08 02:00:00,10179,3220,67,63,5236,0,19,10179,6885,0,0,2805,489,225609785,79359440,79315940,2133146,0,0,0,0
2026-08-08 03:00:00,10191,3216,67,63,5233,0,17,10191,6901,0,0,2802,488,225834541,79404334,79360834,2132946,0,0,0,0
2026-08-08 04:00:00,10191,3223,67,63,5223,0,18,10191,6894,0,0,2808,489,225468209,79446102,79402602,2129856,0,0,0,0
2026-08-08 05:00:00,10176,3217,67,63,5216,0,17,10176,6885,0,0,2802,489,225178707,79336903,79293403,2131946,0,0,0,0
2026-08-08 06:00:00,10165,3212,67,63,5211,0,11,10165,6879,0,0,2796,490,225248036,79370750,79327250,2141946,0,0,0,0
2026-08-08 07:00:00,10154,3204,67,63,5189,0,9,10154,6876,0,0,2788,490,203919182,74793124,74749624,2006076,0,0,0,0
2026-08-08 08:00:00,10171,3216,67,63,5192,0,19,10171,6881,0,0,2800,490,204635111,75126952,75083452,2015756,0,0,0,0
2026-08-08 09:00:00,10173,3214,67,63,5191,0,18,10173,6885,0,0,2797,491,204434728,75052753,75009253,2015756,0,0,0,0
2026-08-08 10:00:00,10173,3222,67,63,5190,0,13,10173,6877,0,0,2806,490,204465635,75120583,75077083,2015766,0,0,0,0
2026-08-08 11:00:00,10165,3215,66,62,5192,0,14,10165,6878,0,0,2799,488,204442612,75081964,75038464,2011666,0,0,0,0
2026-08-08 12:00:00,10159,3213,67,63,5179,0,15,10159,6872,0,0,2797,490,204170985,74986692,74943192,2013556,0,0,0,0
2026-08-08 13:00:00,10154,3213,67,63,5180,0,15,10154,6867,0,0,2797,490,204522855,75029092,74985592,2013546,0,0,0,0
2026-08-08 14:00:00,10144,3212,67,63,5174,0,9,10144,6858,0,0,2797,489,204454730,75127113,75083613,2013646,0,0,0,0
2026-08-08 15:00:00,10137,3206,67,63,5166,0,8,10137,6857,0,0,2792,488,204162312,74927129,74883629,2013496,0,0,0,0
2026-08-08 16:00:00,10153,3213,67,63,5175,0,14,10153,6866,0,0,2798,489,204638496,75223928,75180428,2016176,0,0,0,0
2026-08-08 17:00:00,10139,3212,67,63,5181,0,22,10139,6853,0,0,2799,487,204262425,75132097,75088597,2014276,0,0,0,0
2026-08-08 18:00:00,10138,3207,66,62,5175,0,14,10138,6858,0,0,2798,482,204431471,75068337,75025837,1983156,0,0,0,0
2026-08-08 19:00:00,10165,3210,66,62,5180,0,21,10165,6882,0,0,2799,484,205104385,75225675,75183175,1984166,0,0,0,0
2026-08-08 20:00:00,10148,3208,65,61,5178,0,22,10148,6868,0,0,2796,484,204718354,75231469,75188969,1930266,0,0,0,0
2026-08-08 21:00:00,10137,3211,64,60,5177,0,17,10137,6854,0,0,2799,484,204357709,75182878,75140378,1880966,0,0,0,0
2026-08-08 22:00:00,10154,3209,64,60,5174,0,27,10154,6874,0,0,2795,485,204649665,74976947,74930447,1886966,0,0,0,0
2026-08-08 23:00:00,10143,3209,62,58,5173,0,18,10143,6865,0,0,2795,483,204596998,75182856,75136356,1797876,0,0,0,0
2026-08-09 00:00:00,10153,3215,62,58,5172,0,13,10153,6869,0,0,2802,482,204834563,75277152,75230652,1798876,0,0,0,0
2026-08-09 01:00:00,10178,3208,67,63,5173,0,12,10178,6896,0,0,2798,484,205307265,75231784,75185284,2005556,0,0,0,0
2026-08-09 02:00:00,10170,3211,67,63,5188,0,18,10170,6885,0,0,2802,483,205190708,75187774,75141274,2005426,0,0,0,0
2026-08-09 03:00:00,10177,3213,67,63,5186,0,18,10177,6890,0,0,2804,483,205304970,75482384,75435884,2006426,0,0,0,0
2026-08-09 04:00:00,10166,3214,67,63,5180,0,21,10166,6878,0,0,2804,484,205202648,75484129,75437629,2006726,0,0,0,0
2026-08-09 05:00:00,10063,3214,67,63,5184,0,26,10063,6775,0,0,2804,484,205291457,75570837,75524337,2000426,0,0,0,0
2026-08-09 06:00:00,10053,3216,67,63,5180,0,21,10053,6763,0,0,2807,483,204861029,75339882,75293382,1998996,0,0,0,0
2026-08-09 07:00:00,10059,3206,67,63,5188,0,19,10059,6779,0,0,2795,485,204998781,75503477,75456977,1998996,0,0,0,0
2026-08-09 08:00:00,10063,3208,67,63,5185,0,19,10063,6781,0,0,2797,485,205406989,75288017,75241517,1999596,0,0,0,0
2026-08-09 09:00:00,10069,3215,67,63,5181,0,21,10069,6780,0,0,2803,486,205547648,75387457,75341357,2008686,0,0,0,0
2026-08-09 10:00:00,10049,3185,67,63,5159,0,16,10049,6790,0,0,2773,486,204781790,74537077,74490977,2006286,0,0,0,0
2026-08-09 11:00:00,10082,3233,67,63,5154,0,10,10082,6776,0,0,2820,486,204376704,74562947,74516847,2006176,0,0,0,0
2026-08-09 12:00:00,10095,3234,67,63,5157,0,11,10095,6788,0,0,2822,485,204890887,74585352,74539252,2014176,0,0,0,0
2026-08-09 13:00:00,10070,3230,67,63,5141,0,17,10070,6766,0,0,2818,486,204679757,74544952,74498852,2004576,0,0,0,0
2026-08-09 14:00:00,10055,3226,67,63,5136,0,13,10055,6755,0,0,2817,483,204563132,74423879,74377779,2006666,0,0,0,0
2026-08-09 15:00:00,10048,3232,67,63,5126,0,24,10048,6742,0,0,2820,486,204366042,74536627,74489827,2003366,0,0,0,0
2026-08-09 16:00:00,10051,3224,67,63,5128,0,10,10051,6753,0,0,2815,483,204443721,74386102,74339302,2007366,0,0,0,0
2026-08-09 17:00:00,10043,3225,67,63,5123,0,11,10043,6744,0,0,2819,480,204211896,74383251,74336451,2007366,0,0,0,0
2026-08-09 18:00:00,10160,3224,67,63,5117,0,15,10160,6862,0,0,2816,482,204492238,74121392,74074592,2007336,0,0,0,0
2026-08-09 19:00:00,10162,3218,67,63,5124,0,18,10162,6870,0,0,2812,480,204061142,73878971,73835171,2004236,0,0,0,0
2026-08-09 20:00:00,10142,3218,66,62,5120,0,18,10142,6851,0,0,2810,481,204221311,74160072,74116272,1942346,0,0,0,0
2026-08-09 21:00:00,10120,3194,66,62,5125,0,26,10120,6853,0,0,2813,454,204321807,74102070,74059270,1935346,0,0,0,0
2026-08-09 22:00:00,10123,3184,65,61,5127,0,32,10123,6867,0,0,2803,453,204587094,74005751,73962951,1884746,0,0,0,0
2026-08-09 23:00:00,10118,3180,65,61,5126,0,19,10118,6866,0,0,2798,454,205028868,73921678,73878878,1884526,0,0,0,0
2026-08-10 00:00:00,10118,3186,61,57,5127,0,11,10118,6865,0,0,2800,453,205114596,74105331,74062531,1726096,0,0,0,0
2026-08-10 01:00:00,10138,3183,67,63,5118,0,17,10138,6882,0,0,2802,454,205752874,74172271,74129471,1991126,0,0,0,0
2026-08-10 02:00:00,10176,3221,67,63,5111,0,13,10176,6882,0,0,2807,487,227345291,78337854,78296054,2122486,0,0,0,0
2026-08-10 03:00:00,10162,3208,67,63,5116,0,13,10162,6881,0,0,2805,476,227615179,77944642,77902442,2113886,0,0,0,0
2026-08-10 04:00:00,10171,3209,67,63,5125,0,14,10171,6889,0,0,2805,477,227893726,78253061,78209861,2116816,0,0,0,0
2026-08-10 05:00:00,10115,3177,67,63,5243,0,30,10115,6865,0,0,2798,452,227553821,78132616,78089416,2108916,0,0,0,0
2026-08-10 06:00:00,10139,3178,67,63,5252,0,13,10139,6888,0,0,2797,454,227699142,78074955,78031755,2108916,0,0,0,0
2026-08-10 07:00:00,10143,3178,67,63,5260,0,16,10143,6892,0,0,2795,456,227556895,77992161,77948961,2107216,0,0,0,0
2026-08-10 08:00:00,10128,3183,67,63,5250,0,22,10128,6873,0,0,2799,456,227258764,78144234,78101034,2106216,0,0,0,0
2026-08-10 09:00:00,10145,3178,67,63,5251,0,16,10145,6894,0,0,2798,453,227687624,77889270,77845070,2106516,0,0,0,0
2026-08-10 10:00:00,10137,3184,67,63,5242,0,10,10137,6880,0,0,2801,456,227568102,78239710,78195310,2106716,0,0,0,0
2026-08-10 11:00:00,10137,3182,67,63,5254,0,16,10137,6882,0,0,2799,456,228132954,78198670,78154270,2124116,0,0,0,0
2026-08-10 12:00:00,10152,3182,67,63,5252,0,101,10152,6897,0,0,2800,455,227945502,77901990,77857490,2125326,0,0,0,0
2026-08-10 13:00:00,10146,3206,67,63,5247,0,25,10146,6866,0,0,2823,457,229211101,79193729,79148229,2125126,0,0,0,0
2026-08-10 14:00:00,10145,3205,67,63,5247,0,34,10145,6866,0,0,2823,456,229396163,79299489,79253989,2125076,0,0,0,0
2026-08-10 15:00:00,10154,3213,67,63,5246,0,28,10154,6864,0,0,2834,456,229299507,79290743,79245243,2127056,0,0,0,0
2026-08-10 16:00:00,10139,3207,67,63,5247,0,11,10139,6854,0,0,2828,457,229269758,79174739,79129239,2127156,0,0,0,0
2026-08-10 17:00:00,10160,3211,67,63,5246,0,12,10160,6871,0,0,2831,458,229310416,79213901,79168401,2120966,0,0,0,0
2026-08-10 18:00:00,10163,3212,66,62,5245,0,14,10163,6874,0,0,2833,456,229007897,79285628,79241128,2042356,0,0,0,0
2026-08-10 19:00:00,10155,3212,65,61,5238,0,14,10155,6867,0,0,2833,455,229397504,79150585,79105685,1990756,0,0,0,0
2026-08-10 20:00:00,10146,3216,64,60,5252,0,15,10146,6856,0,0,2832,458,229170196,79208276,79163476,1984106,0,0,0,0
2026-08-10 21:00:00,10159,3218,65,61,5247,0,12,10159,6865,0,0,2837,457,229385076,79051007,79006207,1984896,0,0,0,0
2026-08-10 22:00:00,10148,3216,65,61,5246,0,16,10148,6856,0,0,2834,458,229703650,79166866,79122066,1985886,0,0,0,0
2026-08-10 23:00:00,10162,3213,64,60,5243,0,22,10162,6874,0,0,2831,457,229589247,78733676,78688876,1933676,0,0,0,0
2026-08-11 00:00:00,10165,3220,64,60,5248,0,24,10165,6870,0,0,2837,458,229957792,79098153,79053353,1934006,0,0,0,0
2026-08-11 01:00:00,10185,3211,67,63,5251,0,15,10185,6896,0,0,2832,457,230047038,78739792,78694992,2098906,0,0,0,0
2026-08-11 02:00:00,10175,3210,67,63,5252,0,16,10175,6887,0,0,2831,457,230180609,78759174,78714374,2099106,0,0,0,0
2026-08-11 03:00:00,10182,3217,67,63,5247,0,16,10182,6887,0,0,2837,458,230244115,78651015,78606215,2089496,0,0,0,0
2026-08-11 04:00:00,10165,3211,67,63,5248,0,17,10165,6876,0,0,2831,458,230162755,78587427,78542627,2091286,0,0,0,0
2026-08-11 05:00:00,10182,3211,67,63,5255,0,19,10182,6894,0,0,2830,458,230249851,78449133,78404333,2089386,0,0,0,0
2026-08-11 06:00:00,10170,3215,67,63,5258,0,12,10170,6877,0,0,2836,457,229940659,78129960,78085160,2088386,0,0,0,0
2026-08-11 07:00:00,10177,3208,67,63,5260,0,38,10177,6891,0,0,2829,457,229837123,77832765,77787965,2087346,0,0,0,0
2026-08-11 08:00:00,10162,3207,67,63,5263,0,29,10162,6877,0,0,2828,457,229350908,77965520,77920720,2087736,0,0,0,0
2026-08-11 09:00:00,10176,3212,67,63,5278,0,31,10176,6886,0,0,2833,457,229938615,78063143,78018343,2095736,0,0,0,0
2026-08-11 10:00:00,10160,3206,67,63,5277,0,26,10160,6876,0,0,2827,457,229543625,77907254,77862454,2095236,0,0,0,0
2026-08-11 11:00:00,10151,3203,66,62,5273,0,26,10151,6871,0,0,2824,456,229315800,77718680,77673880,2086686,0,0,0,0
2026-08-11 12:00:00,10155,3210,67,63,5277,0,24,10155,6867,0,0,2831,457,229277306,77884466,77839666,2095086,0,0,0,0
2026-08-11 13:00:00,10121,3200,67,63,5273,0,19,10121,6843,0,0,2823,455,228374978,77598451,77553751,2093176,0,0,0,0
2026-08-11 14:00:00,10139,3205,67,63,5272,0,20,10139,6856,0,0,2826,457,228856583,77738985,77694285,2093946,0,0,0,0
2026-08-11 15:00:00,10145,3215,67,63,5276,0,13,10145,6852,0,0,2836,457,222069302,75214137,75177937,2049510,0,0,0,0
2026-08-11 16:00:00,10156,3209,67,63,5279,0,17,10156,6869,0,0,2829,458,222151778,75251157,75214957,2062210,0,0,0,0
2026-08-11 17:00:00,10150,3207,67,63,5283,0,24,10150,6865,0,0,2828,457,222502355,75315579,75279379,2062110,0,0,0,0
2026-08-11 18:00:00,10142,3208,66,62,5280,0,13,10142,6857,0,0,2827,458,222597665,75266850,75230650,2050744,0,0,0,0
2026-08-11 19:00:00,10161,3201,66,62,5359,0,12,10161,6883,0,0,2820,458,222740326,75184929,75146729,1989044,0,0,0,0
2026-08-11 20:00:00,10139,3193,66,62,5352,0,16,10139,6869,0,0,2812,458,222609903,75024498,74986298,1989044,0,0,0,0
2026-08-11 21:00:00,10159,3205,66,62,5370,0,17,10159,6877,0,0,2825,457,222854228,75266328,75228128,1987404,0,0,0,0
2026-08-11 22:00:00,10162,3202,66,62,5371,0,10,10162,6883,0,0,2821,458,223182058,75323505,75285305,1968114,0,0,0,0
2026-08-11 23:00:00,10161,3201,66,62,5369,0,15,10161,6883,0,0,2821,457,223477198,75352063,75311863,1964114,0,0,0,0
2026-08-12 00:00:00,10174,3210,65,61,5377,0,7,10174,6888,0,0,2828,458,223764902,75444322,75404122,1912914,0,0,0,0
2026-08-12 01:00:00,9833,3203,67,63,5317,0,20,9833,6552,0,0,2825,456,219827604,75448506,75408306,2026814,0,0,0,0
2026-08-12 02:00:00,9843,3204,67,63,5338,0,14,9843,6561,0,0,2826,456,221035357,75476327,75436127,2024114,0,0,0,0
2026-08-12 03:00:00,9901,3210,67,63,5391,0,19,9901,6613,0,0,2832,456,224149791,75590066,75549866,2021914,0,0,0,0
2026-08-12 04:00:00,9864,3205,67,63,5368,0,24,9864,6581,0,0,2826,457,222405813,75506598,75466398,2021704,0,0,0,0
2026-08-12 05:00:00,10159,3204,67,63,5386,0,13,10159,6877,0,0,2823,459,223863918,75536338,75496138,2017403,0,0,0,0
2026-08-12 06:00:00,10172,3212,67,63,5389,0,17,10172,6882,0,0,2831,459,224336315,75616767,75576367,2021603,0,0,0,0
2026-08-12 07:00:00,10158,3202,67,63,5387,0,34,10158,6878,0,0,2821,459,223942242,75407073,75366673,2023603,0,0,0,0
2026-08-12 08:00:00,10147,3204,67,63,5394,0,22,10147,6865,0,0,2823,459,224159008,75517789,75477389,2022203,0,0,0,0
2026-08-12 09:00:00,10161,3209,67,63,5396,0,26,10161,6874,0,0,2828,459,224162617,75654377,75613977,2019503,0,0,0,0
2026-08-12 10:00:00,10171,3207,67,63,5404,0,17,10171,6886,0,0,2826,459,224659202,75728183,75687783,2018403,0,0,0,0
2026-08-12 11:00:00,10155,3204,67,63,5405,0,28,10155,6873,0,0,2823,459,224460860,75746276,75705876,2014303,0,0,0,0
2026-08-12 12:00:00,10197,3214,67,63,5407,0,24,10197,6905,0,0,2833,459,225098041,75721292,75680992,2024253,0,0,0,0
2026-08-12 13:00:00,10130,3201,67,63,5381,0,15,10130,6851,0,0,2823,456,224060178,75743056,75702756,2024253,0,0,0,0
2026-08-12 14:00:00,10131,3203,67,63,5378,0,15,10131,6850,0,0,2823,458,224578422,75795185,75754885,2024283,0,0,0,0
2026-08-12 15:00:00,10102,3186,67,63,5101,0,13,10102,6838,0,0,2806,458,224015635,75071665,75031365,2015583,0,0,0,0
2026-08-12 16:00:00,10122,3193,67,63,5369,0,15,10122,6851,0,0,2813,458,224291989,75534924,75494624,2015683,0,0,0,0
2026-08-12 17:00:00,10092,3192,66,62,5367,0,12,10092,6823,0,0,2813,456,224283775,75420442,75380142,2005733,0,0,0,0
2026-08-12 18:00:00,10143,3201,67,63,5381,0,14,10143,6864,0,0,2820,459,225036029,75623795,75583495,2011333,0,0,0,0
2026-08-12 19:00:00,10126,3193,67,63,5379,0,17,10126,6855,0,0,2812,459,225139417,75672913,75632613,2012323,0,0,0,0
2026-08-12 20:00:00,10120,3191,67,63,5378,0,66,10120,6851,0,0,2810,459,225194049,75637805,75597505,2009223,0,0,0,0
2026-08-12 21:00:00,10103,3192,67,63,5379,0,16,10103,6833,0,0,2813,457,224938462,75571346,75531046,2010223,0,0,0,0
2026-08-12 22:00:00,10127,3192,65,61,5389,0,132,10127,6859,0,0,2812,456,225004688,75501658,75461358,1897123,0,0,0,0
2026-08-12 23:00:00,10096,3194,64,60,5390,0,71,10096,6827,0,0,2811,458,225592317,75522449,75482149,1843833,0,0,0,0
2026-08-13 00:00:00,10111,3193,64,60,5387,0,50,10111,6843,0,0,2811,457,225582448,75383529,75343229,1844833,0,0,0,0
2026-08-13 01:00:00,10129,3192,67,63,5388,0,18,10129,6859,0,0,2812,458,226514919,75513596,75473296,2031953,0,0,0,0
2026-08-13 02:00:00,10113,3194,67,63,5390,0,15,10113,6841,0,0,2814,458,226565268,75532279,75491979,2031253,0,0,0,0
2026-08-13 03:00:00,10130,3198,67,63,5386,0,16,10130,6854,0,0,2819,457,226520638,75332916,75292616,2030273,0,0,0,0
2026-08-13 04:00:00,10103,3190,67,63,5384,0,15,10103,6835,0,0,2811,457,226530918,75149598,75109298,2028376,0,0,0,0
2026-08-13 05:00:00,10130,3187,67,63,5394,0,12,10130,6865,0,0,2807,458,227038709,75333526,75293226,2029376,0,0,0,0
2026-08-13 06:00:00,10119,3189,67,63,5408,0,17,10119,6852,0,0,2810,457,226927631,75054574,75014274,2029366,0,0,0,0
2026-08-13 07:00:00,10123,3189,67,63,5405,0,13,10123,6856,0,0,2809,458,226807345,75395871,75355571,2029666,0,0,0,0
2026-08-13 08:00:00,10122,3191,67,63,5406,0,13,10122,6853,0,0,2812,457,227326288,75622278,75581978,2030656,0,0,0,0
2026-08-13 09:00:00,10140,3198,67,63,5409,0,9,10140,6863,0,0,2820,457,227632759,75687148,75646848,2030696,0,0,0,0
2026-08-13 10:00:00,10118,3192,67,63,5400,0,23,10118,6847,0,0,2814,457,227724376,75773657,75733357,2030816,0,0,0,0
2026-08-13 11:00:00,10109,3190,67,63,5399,0,18,10109,6840,0,0,2812,457,227722668,75974175,75933875,2032316,0,0,0,0
2026-08-13 12:00:00,10111,3195,67,63,5393,0,11,10111,6838,0,0,2815,458,227891818,76020956,75980656,2033316,0,0,0,0
2026-08-13 13:00:00,10095,3189,67,63,5381,0,15,10095,6828,0,0,2811,456,227494821,75911035,75874735,2029316,0,0,0,0
2026-08-13 14:00:00,10076,3171,67,63,5368,0,19,10076,6827,0,0,2794,455,227613988,75354804,75318504,2029316,0,0,0,0
2026-08-13 15:00:00,10115,3197,66,63,5383,0,19,10115,6840,0,0,2819,456,228212739,75730494,75714194,2010505,0,0,0,0
2026-08-13 16:00:00,9942,3206,67,63,5411,0,12,9942,6658,0,0,2827,457,228404758,75917330,75881030,2030525,0,0,0,0
2026-08-13 17:00:00,9836,3205,67,64,5394,0,10,9836,6552,0,0,2825,459,227621475,75841639,75825339,2008525,0,0,0,0
2026-08-13 18:00:00,9847,3201,68,64,5391,0,15,9847,6567,0,0,2824,456,227037242,75515169,75478869,2029395,0,0,0,0
2026-08-13 19:00:00,9840,3203,68,64,5389,0,15,9840,6558,0,0,2826,456,227698699,75796352,75760052,2029205,0,0,0,0
2026-08-13 20:00:00,9831,3200,68,64,5400,0,18,9831,6552,0,0,2823,456,227266319,75600064,75563764,2022106,0,0,0,0
2026-08-13 21:00:00,9807,3195,67,63,5404,0,11,9807,6534,0,0,2818,455,226990983,75247642,75211342,1955106,0,0,0,0
2026-08-13 22:00:00,9842,3199,67,63,5406,0,19,9842,6565,0,0,2822,455,227552566,75364543,75328243,1956126,0,0,0,0
2026-08-13 23:00:00,9823,3201,67,63,5410,0,15,9823,6544,0,0,2824,455,227571722,75369352,75332952,1962616,0,0,0,0
2026-08-14 00:00:00,9838,3201,64,60,5409,0,10,9838,6562,0,0,2822,454,227187911,75271363,75234963,1821616,0,0,0,0
2026-08-14 01:00:00,9849,3200,68,64,5414,0,15,9849,6570,0,0,2824,455,228034664,75216622,75180222,2028606,0,0,0,0
2026-08-14 02:00:00,9843,3205,68,64,5415,0,14,9843,6559,0,0,2829,455,228216872,75275512,75239112,2031106,0,0,0,0
2026-08-14 03:00:00,9835,3206,68,64,5418,0,16,9835,6550,0,0,2831,454,228535665,75254082,75217682,2028206,0,0,0,0
2026-08-14 04:00:00,9856,3205,68,64,5417,0,12,9856,6572,0,0,2830,454,228453078,75275688,75239288,2030256,0,0,0,0
2026-08-14 05:00:00,9838,3200,68,64,5410,0,13,9838,6559,0,0,2826,453,227920541,75232206,75195806,2032356,0,0,0,0
2026-08-14 06:00:00,10115,3202,68,64,5404,0,11,10115,6834,0,0,2827,454,228651978,75277576,75241176,2032506,0,0,0,0
2026-08-14 07:00:00,10117,3193,68,64,5406,0,18,10117,6845,0,0,2818,454,228691243,75194945,75158645,2032396,0,0,0,0
2026-08-14 08:00:00,10126,3204,68,64,5409,0,22,10126,6843,0,0,2828,455,228854466,75260445,75224145,2031396,0,0,0,0
2026-08-14 09:00:00,10099,3192,68,64,5426,0,40,10099,6828,0,0,2816,455,228838359,75150014,75113714,2033396,0,0,0,0
2026-08-14 10:00:00,10101,3194,68,64,5658,0,31,10101,6828,0,0,2820,453,229047923,75121194,75084894,2034516,0,0,0,0
2026-08-14 11:00:00,9900,3197,68,64,5671,0,18,9900,6624,0,0,2821,455,229026831,75227869,75191569,2021516,0,0,0,0
2026-08-14 12:00:00,10038,3191,68,64,5673,0,19,10038,6768,0,0,2815,455,229301538,75158863,75122563,2024516,0,0,0,0
2026-08-14 13:00:00,10123,3221,68,64,5665,0,15,10123,6823,0,0,2845,455,228697173,75138091,75101991,2015316,0,0,0,0
2026-08-14 14:00:00,10110,3223,68,64,5664,0,15,10110,6808,0,0,2847,455,228375558,74984501,74948401,2016316,0,0,0,0
2026-08-14 15:00:00,10125,3220,68,64,5660,0,11,10125,6826,0,0,2844,455,227898813,74381186,74345086,2015316,0,0,0,0
2026-08-14 16:00:00,10128,3224,68,64,5684,0,9,10128,6825,0,0,2848,455,227996825,74638637,74602537,2019416,0,0,0,0
2026-08-14 17:00:00,10109,3222,68,64,5681,0,20,10109,6808,0,0,2846,455,228148978,74772937,74736837,2018416,0,0,0,0
2026-08-14 18:00:00,10142,3229,68,64,5700,0,15,10142,6834,0,0,2852,456,228965155,74933203,74897103,2018436,0,0,0,0
2026-08-14 19:00:00,10147,3233,68,64,5711,0,15,10147,6835,0,0,2856,456,229117531,74929573,74893473,2020536,0,0,0,0
2026-08-14 20:00:00,10122,3231,67,63,5720,0,14,10122,6813,0,0,2853,456,228434051,74956684,74920584,1954536,0,0,0,0
2026-08-14 21:00:00,10125,3230,66,62,5792,0,14,10125,6818,0,0,2851,456,228740041,75138971,75102871,1949866,0,0,0,0
2026-08-14 22:00:00,10103,3220,67,63,5795,0,10,10103,6805,0,0,2842,456,228330591,74951550,74914450,1957076,0,0,0,0
2026-08-14 23:00:00,10009,3196,65,61,5722,0,9,10009,6737,0,0,2818,454,226245088,74444340,74407240,1880576,0,0,0,0
2026-08-15 00:00:00,10072,3213,64,60,5792,0,115,10072,6784,0,0,2834,454,227767371,74627319,74590219,1834576,0,0,0,0
2026-08-15 01:00:00,10105,3220,68,64,5806,0,82,10105,6806,0,0,2845,454,228284205,74662370,74625270,2013766,0,0,0,0
2026-08-15 02:00:00,10103,3222,68,64,5816,0,11,10103,6802,0,0,2847,454,228367566,74517179,74480079,2014456,0,0,0,0
2026-08-15 03:00:00,10111,3231,68,64,5823,0,18,10111,6801,0,0,2855,455,227947629,74501943,74464843,1983606,0,0,0,0
2026-08-15 04:00:00,10095,3221,68,64,5831,0,27,10095,6795,0,0,2846,454,227739840,74388819,74351719,1980256,0,0,0,0
2026-08-15 05:00:00,10120,3227,68,64,5845,0,26,10120,6814,0,0,2853,453,227736855,74209106,74172006,1977696,0,0,0,0
2026-08-15 06:00:00,10108,3225,68,64,5845,0,44,10108,6804,0,0,2851,453,227494528,74071393,74034293,1977596,0,0,0,0
2026-08-15 07:00:00,10122,3227,68,64,5853,0,59,10122,6816,0,0,2853,453,227526711,74290654,74253554,1976706,0,0,0,0
2026-08-15 08:00:00,10109,3227,68,64,5851,0,26,10109,6803,0,0,2856,450,227325459,74103376,74066276,1988706,0,0,0,0
2026-08-15 09:00:00,10102,3228,68,64,5881,0,25,10102,6795,0,0,2854,453,226806692,74211007,74173907,1991606,0,0,0,0
2026-08-15 10:00:00,10115,3231,68,64,5896,0,16,10115,6805,0,0,2857,453,226781411,74291577,74254477,1991606,0,0,0,0
2026-08-15 11:00:00,10131,3224,68,64,5897,0,15,10131,6828,0,0,2850,453,227042966,74245603,74208503,1991626,0,0,0,0
2026-08-15 12:00:00,10137,3232,68,64,5899,0,15,10137,6826,0,0,2859,452,227145049,74339541,74302441,2008626,0,0,0,0
2026-08-15 13:00:00,10120,3230,68,64,5880,0,9,10120,6811,0,0,2855,454,226393370,74007431,73970331,2010746,0,0,0,0
2026-08-15 14:00:00,10109,3236,68,64,5883,0,8,10109,6795,0,0,2860,454,226602302,74208070,74170970,2021656,0,0,0,0
2026-08-15 15:00:00,10116,3237,68,64,5886,0,28,10116,6800,0,0,2863,453,226627534,74215821,74178721,2019856,0,0,0,0
2026-08-15 16:00:00,10112,3229,67,63,5895,0,20,10112,6805,0,0,2853,454,226695923,74092049,74054949,2015846,0,0,0,0
2026-08-15 17:00:00,10132,3245,68,64,5899,0,20,10132,6808,0,0,2870,454,226884587,74238225,74201125,2018736,0,0,0,0
2026-08-15 18:00:00,10084,3208,68,64,5898,0,20,10084,6797,0,0,2833,454,226972030,74223654,74186554,2019726,0,0,0,0
2026-08-15 19:00:00,10094,3206,68,64,5900,0,16,10094,6809,0,0,2831,454,227360411,74277125,74240025,2025726,0,0,0,0
2026-08-15 20:00:00,10076,3201,68,64,5903,0,59,10076,6796,0,0,2828,452,227167491,74108064,74070964,2033826,0,0,0,0
2026-08-15 21:00:00,10114,3224,67,63,5899,0,30,10114,6812,0,0,2849,453,227613522,74238003,74200903,1971326,0,0,0,0
2026-08-15 22:00:00,10101,3225,67,63,5906,0,21,10101,6798,0,0,2850,453,227216775,74229966,74192866,1969336,0,0,0,0
2026-08-15 23:00:00,10111,3227,66,62,5889,0,26,10111,6807,0,0,2851,453,226912324,74114274,74076174,1906436,0,0,0,0
2026-08-16 00:00:00,10141,3256,66,62,5896,0,15,10141,6808,0,0,2881,452,226213637,74123348,74085248,1902336,0,0,0,0
2026-08-16 01:00:00,10154,3247,68,64,5895,0,13,10154,6828,0,0,2876,450,226641512,74091633,74053533,2027436,0,0,0,0
2026-08-16 02:00:00,10199,3303,68,64,5895,0,15,10199,6817,0,0,2930,452,226271126,74044624,74006524,2029336,0,0,0,0
2026-08-16 03:00:00,10201,3305,68,64,5897,0,14,10201,6817,0,0,2933,451,226355119,74021429,73983329,2029236,0,0,0,0
2026-08-16 04:00:00,10190,3291,68,64,5882,0,12,10190,6820,0,0,2918,452,225352623,73316518,73278218,2020836,0,0,0,0
2026-08-16 05:00:00,10205,3295,68,64,5877,0,19,10205,6831,0,0,2922,452,225891489,73242077,73203777,2020926,0,0,0,0
2026-08-16 06:00:00,10204,3301,68,64,5895,0,15,10204,6824,0,0,2930,450,226605940,74054692,74016392,2017966,0,0,0,0
2026-08-16 07:00:00,10204,3302,68,64,5895,0,26,10204,6823,0,0,2929,452,226351404,73986804,73948504,2016966,0,0,0,0
2026-08-16 08:00:00,10198,3300,67,63,5897,0,14,10198,6819,0,0,2927,452,226584323,73931411,73893111,2012056,0,0,0,0
2026-08-16 09:00:00,10207,3300,68,64,5898,0,11,10207,6827,0,0,2927,453,226323115,73915375,73877075,2016056,0,0,0,0
2026-08-16 10:00:00,10208,3298,68,64,5908,0,16,10208,6830,0,0,2925,453,226355618,73899761,73862461,2015196,0,0,0,0
2026-08-16 11:00:00,10206,3301,68,64,5907,0,12,10206,6825,0,0,2927,454,226176156,73907955,73870655,2015196,0,0,0,0
2026-08-16 12:00:00,10163,3273,68,64,5888,0,15,10163,6810,0,0,2911,442,226009518,73737348,73700048,2015296,0,0,0,0
2026-08-16 13:00:00,10161,3274,68,64,5877,0,14,10161,6807,0,0,2911,443,225462512,73643002,73605702,2014136,0,0,0,0
2026-08-16 14:00:00,10125,3271,68,64,5879,0,9,10125,6774,0,0,2910,441,225117300,73425949,73388649,2013136,0,0,0,0
2026-08-16 15:00:00,10128,3276,68,64,5878,0,26,10128,6772,0,0,2910,446,226010025,73690282,73652982,2008036,0,0,0,0
2026-08-16 16:00:00,10144,3272,68,64,5881,0,11,10144,6792,0,0,2905,447,226115980,73558801,73521001,2008536,0,0,0,0
2026-08-16 17:00:00,10148,3273,68,64,5884,0,17,10148,6795,0,0,2904,449,225992889,73669214,73631914,2008136,0,0,0,0
2026-08-16 18:00:00,10135,3270,68,64,5892,0,40,10135,6785,0,0,2901,449,225634618,73635584,73598284,2008056,0,0,0,0
2026-08-16 19:00:00,10149,3272,68,64,5888,0,24,10149,6797,0,0,2901,451,226190966,73576252,73538952,2008456,0,0,0,0
2026-08-16 20:00:00,10161,3289,67,63,5886,0,37,10161,6793,0,0,2914,454,225870378,73772629,73735329,1944836,0,0,0,0
2026-08-16 21:00:00,10155,3293,67,63,5896,0,12,10155,6783,0,0,2918,454,226020392,73753483,73716183,1944716,0,0,0,0
2026-08-16 22:00:00,10192,3301,67,62,5910,0,12,10192,6813,0,0,2916,463,225683785,73735760,73698460,1883716,0,0,0,0
2026-08-16 23:00:00,10181,3297,66,61,5905,0,17,10181,6807,0,0,2913,461,225737125,73692322,73655022,1823716,0,0,0,0
2026-08-17 00:00:00,10205,3302,65,60,5899,0,9,10205,6827,0,0,2917,461,225448564,73544489,73507189,1776616,0,0,0,0
2026-08-17 01:00:00,10206,3304,69,64,5902,0,14,10206,6822,0,0,2922,462,225758271,73611223,73575922,1981617,0,0,0,0
2026-08-17 02:00:00,10215,3299,69,64,5907,0,11,10215,6836,0,0,2917,462,225780713,73438900,73403599,1980517,0,0,0,0
2026-08-17 03:00:00,10194,3302,69,64,5901,0,13,10194,6812,0,0,2921,461,225510880,73615824,73580523,1980997,0,0,0,0
2026-08-17 04:00:00,10194,3298,69,64,5901,0,14,10194,6816,0,0,2918,460,225480106,73570311,73535010,1983997,0,0,0,0
2026-08-17 05:00:00,10191,3300,69,64,5908,0,15,10191,6811,0,0,2919,461,225471064,73552182,73516881,1984097,0,0,0,0
2026-08-17 06:00:00,10179,3300,69,64,5920,0,11,10179,6799,0,0,2921,459,225368681,73500058,73464757,1985497,0,0,0,0
2026-08-17 07:00:00,10178,3304,68,63,5917,0,18,10178,6795,0,0,2924,459,225094349,73432071,73396770,1969477,0,0,0,0
2026-08-17 08:00:00,10185,3304,68,63,5924,0,18,10185,6802,0,0,2924,459,225057735,73413210,73377909,1969267,0,0,0,0
2026-08-17 09:00:00,10178,3293,68,63,5922,0,19,10178,6806,0,0,2912,460,225022941,73308096,73272795,1979157,0,0,0,0
2026-08-17 10:00:00,10150,3283,68,63,5416,0,16,10150,6788,0,0,2903,459,224456691,72977223,72941922,1993147,0,0,0,0
2026-08-17 11:00:00,10176,3299,68,63,5457,0,7,10176,6798,0,0,2918,460,224735306,73052095,73016794,1993947,0,0,0,0
2026-08-17 12:00:00,10165,3295,68,63,5476,0,8,10165,6791,0,0,2914,460,224739395,73082960,73047659,1998947,0,0,0,0
2026-08-17 13:00:00,10151,3301,68,63,5475,0,24,10151,6771,0,0,2920,460,224676277,73096637,73063336,2005047,0,0,0,0
2026-08-17 14:00:00,10131,3294,69,64,5461,0,17,10131,6757,0,0,2916,458,224171310,72999357,72966056,2022646,0,0,0,0
2026-08-17 15:00:00,10143,3294,69,64,5471,0,7,10143,6769,0,0,2915,459,224020578,72850864,72817563,2022546,0,0,0,0
2026-08-17 16:00:00,10154,3294,69,64,5811,0,26,10154,6780,0,0,2915,459,223973996,73150136,73116835,2021356,0,0,0,0
2026-08-17 17:00:00,9996,3150,81,64,5477,0,15,9996,6754,0,0,2783,459,222196359,71211077,71177776,2032855,0,0,0,0
2026-08-17 18:00:00,10007,3152,81,64,5816,0,11,10007,6775,0,0,2772,460,222400694,71180042,71135732,2028555,0,0,0,0
2026-08-17 19:00:00,10002,3147,81,76,5820,0,11,10002,6763,0,0,2780,459,222762321,71357393,71324092,2027455,0,0,0,0
2026-08-17 20:00:00,10010,3152,81,76,5831,0,10,10010,6766,0,0,2783,461,222570081,71171424,71138123,2027455,0,0,0,0
2026-08-17 21:00:00,10021,3180,80,75,5804,0,8,10021,6750,0,0,2812,459,223494724,72603478,72570177,1965475,0,0,0,0
2026-08-17 22:00:00,10053,3190,80,75,5815,0,33,10053,6772,0,0,2816,465,223801872,72502484,72469183,1965485,0,0,0,0
2026-08-17 23:00:00,10103,3249,79,74,5792,0,23,10103,6764,0,0,2873,466,224725739,73016664,72983363,1896455,0,0,0,0
2026-08-18 00:00:00,10150,3275,78,73,5813,0,19,10150,6786,0,0,2898,466,224368531,73004155,72970854,1848555,0,0,0,0
2026-08-18 01:00:00,10132,3262,81,76,5814,0,15,10132,6778,0,0,2888,466,224887294,72984669,72951368,2017555,0,0,0,0
2026-08-18 02:00:00,10151,3273,81,76,5829,0,18,10151,6786,0,0,2899,466,225092732,72941290,72906989,2017455,0,0,0,0
2026-08-18 03:00:00,10134,3269,81,76,5834,0,21,10134,6773,0,0,2896,465,224670469,72941961,72907660,2015955,0,0,0,0
2026-08-18 04:00:00,10144,3266,81,76,5841,0,11,10144,6786,0,0,2893,465,224770496,72903619,72869318,2014755,0,0,0,0
2026-08-18 05:00:00,10125,3264,81,76,5854,0,24,10125,6769,0,0,2890,466,224852087,73003503,72969202,2024636,0,0,0,0
2026-08-18 06:00:00,10134,3265,81,76,5857,0,11,10134,6777,0,0,2892,465,224722232,72921237,72886936,2032025,0,0,0,0
2026-08-18 07:00:00,10113,3262,81,76,5866,0,40,10113,6759,0,0,2888,466,224446158,72758651,72724350,2042623,0,0,0,0
2026-08-18 08:00:00,10142,3270,81,76,5871,0,32,10142,6780,0,0,2896,466,223988139,72753816,72719715,2043123,0,0,0,0
2026-08-18 09:00:00,10116,3266,81,76,5863,0,38,10116,6758,0,0,2894,464,223856325,72889830,72855729,2057111,0,0,0,0
2026-08-18 10:00:00,10148,3272,81,76,5870,0,33,10148,6784,0,0,2898,466,224068150,72963307,72929206,2057381,0,0,0,0
2026-08-18 11:00:00,9999,3147,81,76,5760,0,25,9999,6760,0,0,2774,465,223051199,71954781,71920680,2073178,0,0,0,0
2026-08-18 12:00:00,10106,3262,81,76,5886,0,25,10106,6752,0,0,2888,466,223167739,72715781,72681680,2072778,0,0,0,0
2026-08-18 13:00:00,10135,3263,81,76,5897,0,22,10135,6780,0,0,2890,465,223647005,72962153,72928052,2075258,0,0,0,0
2026-08-18 14:00:00,10069,3257,81,76,5866,0,18,10069,6720,0,0,2884,465,223068577,72793550,72759449,2079057,0,0,0,0
2026-08-18 15:00:00,10096,3268,80,75,5919,0,24,10096,6736,0,0,2893,467,222486065,72728329,72694228,2080556,0,0,0,0
2026-08-18 16:00:00,10075,3276,85,75,5929,0,23,10075,6707,0,0,2901,467,222283386,72736953,72702847,2084261,0,0,0,0
2026-08-18 17:00:00,10129,3301,85,75,5931,0,27,10129,6736,0,0,2927,466,222589842,72617376,72583270,2083061,0,0,0,0
2026-08-18 18:00:00,10158,3335,84,74,5931,0,15,10158,6732,0,0,2959,467,222072055,72485010,72450904,2056961,0,0,0,0
2026-08-18 19:00:00,10201,3340,84,74,5952,0,15,10201,6770,0,0,2964,467,222841941,72569340,72535234,2031961,0,0,0,0
2026-08-18 20:00:00,10157,3345,84,74,5941,0,25,10157,6721,0,0,2970,466,221973768,72513595,72479489,2031971,0,0,0,0
2026-08-18 21:00:00,10168,3349,83,73,5956,0,19,10168,6729,0,0,2975,464,221892758,72337492,72303386,1970971,0,0,0,0
2026-08-18 22:00:00,10153,3344,83,73,5964,0,24,10153,6719,0,0,2968,466,222099917,72492477,72458371,1972271,0,0,0,0
2026-08-18 23:00:00,10183,3345,82,72,5965,0,18,10183,6750,0,0,2973,460,222390505,72499122,72465016,1885952,0,0,0,0
2026-08-19 00:00:00,10142,3339,81,71,5961,0,7,10142,6716,0,0,2966,460,222143188,72518163,72484057,1843542,0,0,0,0
2026-08-19 01:00:00,10195,3351,86,76,5970,0,21,10195,6752,0,0,2981,462,223175077,72612810,72578704,2059732,0,0,0,0
2026-08-19 02:00:00,10160,3344,86,76,5967,0,28,10160,6724,0,0,2974,462,222624455,72445484,72411378,2050732,0,0,0,0
2026-08-19 03:00:00,10159,3355,86,76,5958,0,18,10159,6712,0,0,2985,462,222354169,72529374,72495268,2049422,0,0,0,0
2026-08-19 04:00:00,10143,3352,85,75,5949,0,15,10143,6700,0,0,2983,460,221455621,72264477,72230371,2044122,0,0,0,0
2026-08-19 05:00:00,10158,3365,86,76,5958,0,7,10158,6701,0,0,2996,461,221472031,72035432,72001326,2052512,0,0,0,0
2026-08-19 06:00:00,10173,3381,86,76,5963,0,19,10173,6700,0,0,3011,462,221249349,72369430,72335324,2052412,0,0,0,0
2026-08-19 07:00:00,10201,3380,86,76,5974,0,21,10201,6729,0,0,3012,460,221801887,72367892,72333786,2053312,0,0,0,0
2026-08-19 08:00:00,10186,3381,86,76,5958,0,27,10186,6713,0,0,3014,459,221091840,72002489,71968183,2055512,0,0,0,0
2026-08-19 09:00:00,10176,3367,85,81,5959,0,23,10176,6712,0,0,3006,458,221154466,72190619,72166318,2044512,0,0,0,0
2026-08-19 10:00:00,10156,3359,84,80,5965,0,22,10156,6701,0,0,3002,453,221073241,72145153,72120852,2050398,0,0,0,0
2026-08-19 11:00:00,10193,3362,85,80,5982,0,18,10193,6734,0,0,3006,453,221307170,72087011,72062710,2055427,0,0,0,0
2026-08-19 12:00:00,10190,3368,85,81,5996,0,33,10190,6725,0,0,3012,453,221184429,72103036,72078735,2043488,0,0,0,0
2026-08-19 13:00:00,10158,3358,83,77,5966,0,14,10158,6705,0,0,3004,449,220260670,71902940,71878639,2013228,0,0,0,0
2026-08-19 14:00:00,10165,3360,80,74,5974,0,21,10165,6709,0,0,3008,448,220640483,71764944,71740643,1996238,0,0,0,0
2026-08-19 15:00:00,10144,3349,80,74,5975,0,15,10144,6699,0,0,2994,451,220738705,71937078,71911777,2007138,0,0,0,0
2026-08-19 16:00:00,10144,3351,81,75,5976,0,20,10144,6696,0,0,2997,451,220293124,71838474,71813173,2012438,0,0,0,0
2026-08-19 17:00:00,10147,3348,81,75,5985,0,27,10147,6702,0,0,2994,451,220785329,71970763,71945462,2013448,0,0,0,0
2026-08-19 18:00:00,10146,3348,81,75,5980,0,15,10146,6701,0,0,2993,452,220551919,71929569,71904268,2012648,0,0,0,0
2026-08-19 19:00:00,10023,3236,80,74,5984,0,17,10023,6691,0,0,2880,452,220889507,72094043,72068742,2001577,0,0,0,0
2026-08-19 20:00:00,10062,3240,80,74,6002,0,22,10062,6726,0,0,2884,452,221158605,72050633,72025332,2002767,0,0,0,0
2026-08-19 21:00:00,9990,3222,79,73,5981,0,27,9990,6673,0,0,2866,451,220498500,71973217,71947916,1936767,0,0,0,0
2026-08-19 22:00:00,10051,3243,79,73,5992,0,33,10051,6713,0,0,2887,451,220604822,71974123,71948822,1936347,0,0,0,0
2026-08-19 23:00:00,10047,3238,79,73,5989,0,19,10047,6714,0,0,2881,452,220616687,71942159,71916858,1932147,0,0,0,0
2026-08-20 00:00:00,10061,3237,78,72,5984,0,18,10061,6730,0,0,2880,451,221060713,71893801,71868500,1886407,0,0,0,0
2026-08-20 01:00:00,10104,3240,81,75,5997,0,21,10104,6767,0,0,2886,451,221581313,71868063,71842762,2015127,0,0,0,0
2026-08-20 02:00:00,10120,3241,81,75,6014,0,15,10120,6782,0,0,2887,451,221757193,71821303,71796002,2033317,0,0,0,0
2026-08-20 03:00:00,10106,3240,81,75,6019,0,8,10106,6769,0,0,2886,451,221771238,71873212,71847911,2043717,0,0,0,0
2026-08-20 04:00:00,10111,3241,85,79,6019,0,15,10111,6773,0,0,2887,451,221597097,71893240,71867939,2067617,0,0,0,0
2026-08-20 05:00:00,10113,3240,85,79,6027,0,9,10113,6776,0,0,2886,451,221941765,71886769,71857468,2070217,0,0,0,0
2026-08-20 06:00:00,10105,3240,85,79,6024,0,14,10105,6769,0,0,2885,451,222092374,71868398,71838997,2065937,0,0,0,0
2026-08-20 07:00:00,10101,3241,85,81,6032,0,23,10101,6764,0,0,2886,451,222059832,71918128,71888727,2082107,0,0,0,0
2026-08-20 08:00:00,10080,3235,85,81,6026,0,26,10080,6749,0,0,2882,449,221763754,71840146,71810745,2098508,0,0,0,0
2026-08-20 09:00:00,10001,3222,85,81,6011,0,15,10001,6683,0,0,2876,442,220853542,71790779,71761378,2098608,0,0,0,0
2026-08-20 10:00:00,10066,3229,85,81,6012,0,17,10066,6741,0,0,2879,446,221365792,71852723,71823322,2098708,0,0,0,0
2026-08-20 11:00:00,10048,3232,85,81,6008,0,17,10048,6720,0,0,2881,447,221386643,71815389,71785988,2081708,0,0,0,0
2026-08-20 12:00:00,10061,3235,85,81,6008,0,22,10061,6731,0,0,2881,449,221426147,71924812,71895411,2083808,0,0,0,0
2026-08-20 13:00:00,10023,3228,85,81,5985,0,16,10023,6699,0,0,2877,447,220974916,71844008,71814607,2093878,0,0,0,0
2026-08-20 14:00:00,10101,3240,85,81,6018,0,16,10101,6765,0,0,2887,449,221991606,71956782,71927381,2093778,0,0,0,0
2026-08-20 15:00:00,10033,3225,85,81,5992,0,26,10033,6712,0,0,2872,449,220689680,71831046,71801645,2092278,0,0,0,0
2026-08-20 16:00:00,10081,3238,85,81,6015,0,19,10081,6747,0,0,2884,450,221756270,71950557,71921056,2095858,0,0,0,0
2026-08-20 17:00:00,10014,3229,85,81,5990,0,23,10014,6689,0,0,2876,449,220642921,71862353,71832852,2099058,0,0,0,0
2026-08-20 18:00:00,10050,3227,85,81,6002,0,18,10050,6727,0,0,2875,448,221904718,71864370,71834869,2105158,0,0,0,0
2026-08-20 19:00:00,10037,3232,86,81,6000,0,9,10037,6709,0,0,2878,450,221500447,71933487,71902996,2120347,0,0,0,0
2026-08-20 20:00:00,10059,3230,85,81,5995,0,14,10059,6733,0,0,2876,450,221638326,71879183,71849682,2114767,0,0,0,0
2026-08-20 21:00:00,10030,3236,86,81,5992,0,11,10030,6698,0,0,2882,450,221355230,71931956,71900756,2114686,0,0,0,0
2026-08-20 22:00:00,10041,3231,84,80,5989,0,16,10041,6715,0,0,2876,450,221067285,71822337,71792027,2052796,0,0,0,0
2026-08-20 23:00:00,10048,3233,83,79,5991,0,10,10048,6721,0,0,2874,453,221466236,71859221,71828911,1999806,0,0,0,0
2026-08-21 00:00:00,10054,3242,83,79,5984,0,12,10054,6718,0,0,2879,457,221521207,71942157,71911257,2000296,0,0,0,0
2026-08-21 01:00:00,10067,3246,86,81,5987,0,11,10067,6725,0,0,2884,458,221928148,71921610,71889720,2114796,0,0,0,0
2026-08-21 02:00:00,10070,3245,85,81,5978,0,15,10070,6729,0,0,2883,458,221786203,71921050,71890150,2118106,0,0,0,0
2026-08-21 03:00:00,10065,3249,86,81,5976,0,16,10065,6720,0,0,2887,458,221830487,71980676,71948786,2120896,0,0,0,0
2026-08-21 04:00:00,10080,3246,85,81,5975,0,15,10080,6738,0,0,2884,458,222106977,72017873,71986973,2148916,0,0,0,0
2026-08-21 05:00:00,10067,3246,86,81,5977,0,17,10067,6725,0,0,2883,459,222115211,71975627,71943737,2150676,0,0,0,0
2026-08-21 06:00:00,10067,3244,85,81,5984,0,22,10067,6727,0,0,2883,457,221841358,72021955,71991055,2158546,0,0,0,0
2026-08-21 07:00:00,10058,3247,86,81,5988,0,31,10058,6715,0,0,2884,459,221785560,72041548,72009658,2157336,0,0,0,0
2026-08-21 08:00:00,10058,3244,85,81,5991,0,25,10058,6718,0,0,2881,459,221740243,72028573,71997673,2154896,0,0,0,0
2026-08-21 09:00:00,10103,3251,86,81,6003,0,25,10103,6756,0,0,2889,458,222212022,72097922,72066032,2154986,0,0,0,0
2026-08-21 10:00:00,10113,3256,86,81,6005,0,15,10113,6761,0,0,2894,458,222096030,72152452,72120562,2154836,0,0,0,0
2026-08-21 11:00:00,10116,3252,86,81,6008,0,21,10116,6768,0,0,2890,458,222081105,72139623,72107733,2152246,0,0,0,0
2026-08-21 12:00:00,10113,3252,86,81,6013,0,11,10113,6765,0,0,2890,458,222126800,72151293,72119403,2155696,0,0,0,0
2026-08-21 13:00:00,10115,3255,86,81,6017,0,18,10115,6764,0,0,2893,458,222279991,72149403,72117513,2155696,0,0,0,0
2026-08-21 14:00:00,10080,3255,86,81,6005,0,10,10080,6729,0,0,2893,458,221461447,72099233,72067443,2158386,0,0,0,0
2026-08-21 15:00:00,10112,3253,86,81,6028,0,11,10112,6763,0,0,2891,458,221873642,72116082,72083292,2158186,0,0,0,0
2026-08-21 16:00:00,10130,3256,86,81,6037,0,7,10130,6778,0,0,2893,459,222023172,72072323,72039533,2159666,0,0,0,0
2026-08-21 17:00:00,10134,3257,86,81,6043,0,15,10134,6781,0,0,2894,459,222164487,72091432,72058642,2149556,0,0,0,0
2026-08-21 18:00:00,10135,3258,86,81,6045,0,13,10135,6781,0,0,2895,459,222085226,72033033,72000243,2151546,0,0,0,0
2026-08-21 19:00:00,10132,3257,86,81,6049,0,12,10132,6779,0,0,2894,459,221889833,72007573,71974783,2162106,0,0,0,0
2026-08-21 20:00:00,10128,3248,94,81,6045,0,21,10128,6784,0,0,2884,460,221747180,71867823,71835036,2162903,0,0,0,0
2026-08-21 21:00:00,10133,3247,94,81,6051,0,18,10133,6790,0,0,2884,459,222007607,71882603,71849816,2167773,0,0,0,0
2026-08-21 22:00:00,10132,3247,93,80,6053,0,24,10132,6790,0,0,2883,459,221505555,71875994,71843207,2114573,0,0,0,0
2026-08-21 23:00:00,10142,3249,92,79,6058,0,17,10142,6799,0,0,2884,459,222080720,71917316,71884509,2082963,0,0,0,0
2026-08-22 00:00:00,10138,3245,92,79,6067,0,23,10138,6799,0,0,2880,459,222315220,71907161,71874354,2082903,0,0,0,0
2026-08-22 01:00:00,10147,3245,94,81,6065,0,25,10147,6806,0,0,2882,459,222581996,71959371,71926564,2167903,0,0,0,0
2026-08-22 02:00:00,10145,3243,94,81,6071,0,23,10145,6806,0,0,2880,459,222649670,71974881,71942074,2166863,0,0,0,0
2026-08-22 03:00:00,10150,3246,94,81,6078,0,16,10150,6808,0,0,2883,459,222941687,71981071,71948264,2178793,0,0,0,0
2026-08-22 04:00:00,10165,3248,94,81,6081,0,12,10165,6821,0,0,2885,459,223177067,72046084,72013277,2184193,0,0,0,0
2026-08-22 05:00:00,10163,3247,94,81,6083,0,7,10163,6820,0,0,2884,459,223122938,72020571,71988764,2191193,0,0,0,0
2026-08-22 06:00:00,10159,3247,94,81,6096,0,8,10159,6816,0,0,2884,459,222991303,71987412,71953604,2192194,0,0,0,0
2026-08-22 07:00:00,10159,3246,94,81,6100,0,11,10159,6817,0,0,2883,459,223025895,71971146,71937338,2193554,0,0,0,0
2026-08-22 08:00:00,10154,3235,94,89,6110,0,18,10154,6815,0,0,2881,458,222809164,71825806,71792006,2193804,0,0,0,0
2026-08-22 09:00:00,10149,3235,94,89,6110,0,13,10149,6810,0,0,2881,458,222833744,71814705,71781005,2198504,0,0,0,0
2026-08-22 10:00:00,10151,3235,94,89,6111,0,6,10151,6812,0,0,2880,459,223003992,71968924,71935224,2201304,0,0,0,0
2026-08-22 11:00:00,10153,3238,94,89,6118,0,5,10153,6811,0,0,2883,459,223011134,72001354,71967654,2201404,0,0,0,0
2026-08-22 12:00:00,10148,3240,94,89,6117,0,5,10148,6804,0,0,2885,459,222936259,72128374,72094674,2201404,0,0,0,0
2026-08-22 13:00:00,10150,3241,93,88,6120,0,7,10150,6806,0,0,2885,459,223011811,72163737,72130037,2172774,0,0,0,0
2026-08-22 14:00:00,10153,3241,93,88,6122,0,11,10153,6809,0,0,2884,460,222993727,72188697,72154997,2177374,0,0,0,0
2026-08-22 15:00:00,10147,3240,93,88,6127,0,12,10147,6803,0,0,2884,460,222903725,72185967,72152267,2181774,0,0,0,0
2026-08-22 16:00:00,10000,3213,92,88,6079,0,9,10000,6683,0,0,2860,457,221257095,71987652,71954952,2178874,0,0,0,0
2026-08-22 17:00:00,10097,3235,93,88,6085,0,15,10097,6759,0,0,2878,460,222440070,72256897,72223197,2183574,0,0,0,0
2026-08-22 18:00:00,10074,3225,92,88,6082,0,10,10074,6746,0,0,2869,459,222353659,72087003,72054303,2181674,0,0,0,0
2026-08-22 19:00:00,10096,3230,93,88,6087,0,19,10096,6763,0,0,2875,458,222493670,72288477,72254777,2182754,0,0,0,0
2026-08-22 20:00:00,10047,3219,92,88,6085,0,18,10047,6725,0,0,2864,458,222118762,71691104,71658404,2181554,0,0,0,0
2026-08-22 21:00:00,10077,3233,93,88,6085,0,17,10077,6741,0,0,2878,458,222362196,72261889,72228189,2181574,0,0,0,0
2026-08-22 22:00:00,10067,3236,92,88,6097,0,12,10067,6728,0,0,2879,460,222931080,72456300,72423600,2177674,0,0,0,0
2026-08-22 23:00:00,10093,3241,90,85,6095,0,11,10093,6752,0,0,2882,459,223223640,72445285,72411285,2016974,0,0,0,0
2026-08-23 00:00:00,10095,3242,90,85,6113,0,16,10095,6753,0,0,2884,458,223138491,72452337,72418337,2021064,0,0,0,0
2026-08-23 01:00:00,10099,3239,93,89,6115,0,11,10099,6756,0,0,2884,459,223816940,72452568,72419668,2217964,0,0,0,0
2026-08-23 02:00:00,10108,3239,94,89,6114,0,10,10108,6765,0,0,2884,459,223883467,72483038,72449038,2219864,0,0,0,0
2026-08-23 03:00:00,10133,3244,94,89,6121,0,11,10133,6785,0,0,2889,459,223860741,72355025,72321025,2221124,0,0,0,0
2026-08-23 04:00:00,10124,3243,94,89,6130,0,6,10124,6777,0,0,2888,459,224072569,72457085,72423085,2221124,0,0,0,0
2026-08-23 05:00:00,10145,3245,94,89,6136,0,6,10145,6796,0,0,2889,460,224425336,72515365,72481365,2220124,0,0,0,0
2026-08-23 06:00:00,10135,3253,94,89,6138,0,9,10135,6777,0,0,2898,460,224292492,72646154,72612154,2212124,0,0,0,0
2026-08-23 07:00:00,10137,3251,94,89,6141,0,11,10137,6781,0,0,2896,460,224316708,72693654,72659654,2209914,0,0,0,0
2026-08-23 08:00:00,10140,3251,94,89,6148,0,12,10140,6784,0,0,2896,460,224348393,72728313,72694313,2209514,0,0,0,0
2026-08-23 09:00:00,10132,3250,92,88,6156,0,19,10132,6778,0,0,2894,460,223984858,72740143,72707243,1828414,0,0,0,0
2026-08-23 10:00:00,10047,3246,93,89,5896,0,13,10047,6696,0,0,2888,463,223107588,72404748,72371848,2211434,0,0,0,0
2026-08-23 11:00:00,10123,3252,94,89,5905,0,20,10123,6766,0,0,2893,464,223846058,72515749,72481749,2212454,0,0,0,0
2026-08-23 12:00:00,10148,3254,94,89,5913,0,19,10148,6789,0,0,2895,464,224249463,72582789,72548789,2223264,0,0,0,0
2026-08-23 13:00:00,10180,3262,94,89,6172,0,13,10180,6813,0,0,2903,464,224958906,72965864,72931864,2227774,0,0,0,0
2026-08-23 14:00:00,10167,3259,94,89,6169,0,12,10167,6803,0,0,2901,463,224828169,72993226,72959226,2223154,0,0,0,0
2026-08-23 15:00:00,10175,3269,94,89,6171,0,19,10175,6801,0,0,2912,462,224794983,73032866,72998866,2226474,0,0,0,0
2026-08-23 16:00:00,10178,3279,93,88,6175,0,14,10178,6795,0,0,2921,462,224953988,73098743,73064743,2194684,0,0,0,0
2026-08-23 17:00:00,10188,3282,93,88,6177,0,12,10188,6802,0,0,2924,462,225123747,73158663,73124663,2192694,0,0,0,0
2026-08-23 18:00:00,10166,3278,92,88,6182,0,7,10166,6784,0,0,2920,462,224817446,73174073,73141173,2192594,0,0,0,0
2026-08-23 19:00:00,10157,3280,93,88,6188,0,175,10157,6773,0,0,2922,462,224499935,73206783,73172783,2193684,0,0,0,0
2026-08-23 20:00:00,10164,3277,92,88,6188,0,118,10164,6783,0,0,2918,463,224923971,73225975,73193075,2192584,0,0,0,0
2026-08-23 21:00:00,10169,3280,91,86,6194,0,33,10169,6787,0,0,2919,463,224876037,73258268,73224268,2101894,0,0,0,0
2026-08-23 22:00:00,10156,3277,91,86,6200,0,19,10156,6777,0,0,2916,463,225147052,73340387,73306387,2098984,0,0,0,0
2026-08-23 23:00:00,10148,3280,90,85,6200,0,11,10148,6767,0,0,2917,464,225038251,73334197,73300197,2050584,0,0,0,0
2026-08-24 00:00:00,10170,3282,88,83,6206,0,11,10170,6789,0,0,2917,464,225382303,73416820,73382820,1960584,0,0,0,0
2026-08-24 01:00:00,10189,3276,94,89,6201,0,9,10189,6808,0,0,2917,464,225985958,73406366,73372366,2226534,0,0,0,0
2026-08-24 02:00:00,10145,3270,92,88,6202,0,6,10145,6771,0,0,2910,464,225694054,73387940,73355040,2218484,0,0,0,0
2026-08-24 03:00:00,10160,3276,93,88,6205,0,11,10160,6780,0,0,2916,464,225837680,73460454,73426454,2222584,0,0,0,0
2026-08-24 04:00:00,10149,3271,93,89,6208,0,13,10149,6773,0,0,2912,464,226154822,73528489,73495589,2245384,0,0,0,0
2026-08-24 05:00:00,10182,3275,94,89,6208,0,25,10182,6802,0,0,2917,463,226540156,73624024,73590024,2246474,0,0,0,0
2026-08-24 06:00:00,10159,3271,93,89,6215,0,20,10159,6783,0,0,2913,463,226298796,73684836,73650936,2234384,0,0,0,0
2026-08-24 07:00:00,10158,3274,93,88,6217,0,17,10158,6780,0,0,2915,463,226379975,73775078,73740078,2230584,0,0,0,0
2026-08-24 08:00:00,10159,3274,93,89,6214,0,11,10159,6780,0,0,2916,463,226617925,73883802,73849902,2234404,0,0,0,0
2026-08-24 09:00:00,10179,3275,94,89,6214,0,15,10179,6799,0,0,2917,463,226887945,73874078,73839078,2236494,0,0,0,0
2026-08-24 10:00:00,10157,3273,93,89,6220,0,11,10157,6779,0,0,2915,463,226841356,73973811,73940011,2237674,0,0,0,0
2026-08-24 11:00:00,10155,3276,94,89,6216,0,15,10155,6774,0,0,2918,463,226816254,74059071,74024171,2238774,0,0,0,0
2026-08-24 12:00:00,10164,3274,93,89,6221,0,7,10164,6785,0,0,2915,464,227096591,74128251,74094451,2239364,0,0,0,0
2026-08-24 13:00:00,10182,3278,94,89,6226,0,5,10182,6799,0,0,2918,465,227229423,74155833,74121933,2239364,0,0,0,0
2026-08-24 14:00:00,10170,3277,92,88,6231,0,13,10170,6789,0,0,2916,465,227065624,74208692,74175892,2206434,0,0,0,0
2026-08-24 15:00:00,10160,3277,93,88,6229,0,19,10160,6779,0,0,2916,465,227205207,74235502,74201602,2213213,0,0,0,0
2026-08-24 16:00:00,10165,3276,92,88,6234,0,21,10165,6785,0,0,2915,465,227291927,74265203,74232403,2291280,0,0,0,0
2026-08-24 17:00:00,10174,3280,91,86,6238,0,13,10174,6792,0,0,2917,465,227399248,74288696,74254496,2297078,0,0,0,0
2026-08-24 18:00:00,10160,3275,91,87,6231,0,15,10160,6782,0,0,2913,465,227329609,74267872,74234672,2300878,0,0,0,0
2026-08-24 19:00:00,10166,3280,92,87,6237,0,14,10166,6783,0,0,2918,465,227438532,74291961,74257561,2301868,0,0,0,0
2026-08-24 20:00:00,10160,3273,91,87,6246,0,9,10160,6784,0,0,2912,464,227680719,74300264,74266964,2315008,0,0,0,0
2026-08-24 21:00:00,10158,3277,90,85,6252,0,9,10158,6780,0,0,2914,464,227613697,74387123,74352623,2253418,0,0,0,0
2026-08-24 22:00:00,10149,3276,90,86,6253,0,11,10149,6771,0,0,2914,464,227619239,74383332,74349832,2258608,0,0,0,0
2026-08-24 23:00:00,10164,3276,90,85,6254,0,16,10164,6787,0,0,2913,464,227988283,74376315,74341715,2203708,0,0,0,0
2026-08-25 00:00:00,10152,3273,88,84,6252,0,10,10152,6779,0,0,2909,464,227927455,74378710,74345210,2174018,0,0,0,0
2026-08-25 01:00:00,10166,3275,93,88,6251,0,27,10166,6787,0,0,2917,462,228035389,74256518,74221918,2368918,0,0,0,0
2026-08-25 02:00:00,10159,3268,92,88,6247,0,19,10159,6787,0,0,2910,462,228139760,74246038,74212538,2367518,0,0,0,0
2026-08-25 03:00:00,10164,3270,93,88,6253,0,8,10164,6790,0,0,2912,462,228218258,74312058,74277458,2384618,0,0,0,0
2026-08-25 04:00:00,10134,3268,92,88,6249,0,11,10134,6762,0,0,2910,462,228283970,74340697,74307197,2382418,0,0,0,0
2026-08-25 05:00:00,10172,3278,93,88,6245,0,10,10172,6790,0,0,2920,462,228598352,74480107,74445507,2399937,0,0,0,0
2026-08-25 06:00:00,10158,3273,92,88,6251,0,9,10158,6781,0,0,2915,462,228469856,74439907,74406407,2390837,0,0,0,0
2026-08-25 07:00:00,10146,3277,93,88,6252,0,9,10146,6765,0,0,2918,463,228153390,74476183,74441583,2400647,0,0,0,0
2026-08-25 08:00:00,10149,3275,92,88,6252,0,11,10149,6770,0,0,2916,463,228051288,74469034,74435534,2408547,0,0,0,0
2026-08-25 09:00:00,10171,3279,93,88,6254,0,17,10171,6788,0,0,2920,463,228360010,74513907,74479307,2407547,0,0,0,0
2026-08-25 10:00:00,10160,3276,92,88,6259,0,20,10160,6780,0,0,2917,463,228388430,74508877,74475377,2403337,0,0,0,0
2026-08-25 11:00:00,10161,3281,93,88,6264,0,20,10161,6776,0,0,2922,463,228080033,74506145,74471545,2409127,0,0,0,0
2026-08-25 12:00:00,10142,3277,92,88,6251,0,12,10142,6761,0,0,2918,463,236308248,77156251,77119551,2086027,0,0,0,0
2026-08-25 13:00:00,10169,3278,93,88,6249,0,11,10169,6787,0,0,2920,462,236502934,77156497,77118697,2088137,0,0,0,0
2026-08-25 14:00:00,10141,3276,93,88,6251,0,13,10141,6761,0,0,2914,466,236273319,77174687,77136987,2087037,0,0,0,0
2026-08-25 15:00:00,10129,3274,94,89,6253,0,13,10129,6750,0,0,2912,467,235865233,77160984,77122284,2094927,0,0,0,0
2026-08-25 16:00:00,10092,3276,94,90,6195,0,13,10092,6710,0,0,2912,470,233812033,77146929,77109329,2096027,0,0,0,0
2026-08-25 17:00:00,10100,3283,95,90,6200,0,11,10100,6711,0,0,2919,470,233938495,77178440,77139740,2096347,0,0,0,0
2026-08-25 18:00:00,10103,3278,94,90,6207,0,12,10103,6719,0,0,2914,470,233978533,77156308,77118708,2104747,0,0,0,0
2026-08-25 19:00:00,10100,3282,95,90,6215,0,14,10100,6712,0,0,2919,469,233896108,77151509,77112809,2105147,0,0,0,0
2026-08-25 20:00:00,10158,3278,94,90,6267,0,13,10158,6774,0,0,2915,469,236909694,77384019,77346419,2113047,0,0,0,0
2026-08-25 21:00:00,10176,3285,94,89,6268,0,17,10176,6786,0,0,2920,470,236947735,77428200,77389500,2053257,0,0,0,0
2026-08-25 22:00:00,10150,3280,93,89,6266,0,12,10150,6765,0,0,2916,469,236746593,77628035,77590435,2050427,0,0,0,0
2026-08-25 23:00:00,10171,3281,93,88,6263,0,20,10171,6786,0,0,2916,469,237179843,77637744,77599044,1993517,0,0,0,0
2026-08-26 00:00:00,10139,3276,90,86,6259,0,10,10139,6762,0,0,2906,471,236767294,77681882,77644282,1893517,0,0,0,0
2026-08-26 01:00:00,10183,3283,95,90,6248,0,6,10183,6795,0,0,2918,470,237404075,77692773,77654073,2119627,0,0,0,0
2026-08-26 02:00:00,10149,3281,94,90,6246,0,3,10149,6763,0,0,2916,470,236837096,77632557,77594957,2123497,0,0,0,0
2026-08-26 03:00:00,10170,3285,95,90,6246,0,26,10170,6780,0,0,2919,471,237009819,77694935,77656235,2142797,0,0,0,0
2026-08-26 04:00:00,10163,3280,94,90,6246,0,7,10163,6778,0,0,2915,470,237074785,77537892,77500192,2140797,0,0,0,0
2026-08-26 05:00:00,10177,3284,94,89,6244,0,12,10177,6789,0,0,2918,470,236979107,77545970,77507270,2136997,0,0,0,0
2026-08-26 06:00:00,10157,3280,94,90,6240,0,26,10157,6772,0,0,2915,470,236922164,77556027,77516427,2143697,0,0,0,0
2026-08-26 07:00:00,10180,3285,95,90,6238,0,15,10180,6790,0,0,2919,471,237050058,77574079,77533279,2145797,0,0,0,0
2026-08-26 08:00:00,10160,3281,94,90,6257,0,12,10160,6774,0,0,2916,470,228562420,74528230,74493630,2384088,0,0,0,0
2026-08-26 09:00:00,10168,3283,95,90,6255,0,7,10168,6780,0,0,2918,470,228506459,74462880,74427180,2383288,0,0,0,0
2026-08-26 10:00:00,10122,3258,94,90,6251,0,41,10122,6759,0,0,2896,467,227970035,74492599,74457999,2382188,0,0,0,0
2026-08-26 11:00:00,10151,3262,95,90,6253,0,12,10151,6784,0,0,2900,467,228092696,74445339,74409639,2410288,0,0,0,0
2026-08-26 12:00:00,10129,3258,95,91,6250,0,5,10129,6765,0,0,2897,467,227559622,74464109,74429509,2421178,0,0,0,0
2026-08-26 13:00:00,10140,3265,96,91,6251,0,11,10140,6768,0,0,2905,467,227465373,74561226,74525526,2427777,0,0,0,0
2026-08-26 14:00:00,10135,3265,95,91,6258,0,25,10135,6763,0,0,2904,468,227760078,74613785,74579185,2425197,0,0,0,0
2026-08-26 15:00:00,10137,3269,96,91,6260,0,13,10137,6761,0,0,2907,469,227724805,74597657,74561957,2485698,0,0,0,0
2026-08-26 16:00:00,10121,3265,94,90,6264,0,15,10121,6750,0,0,2903,468,227219884,74584153,74549453,2479988,0,0,0,0
2026-08-26 17:00:00,10124,3267,96,91,6263,0,10,10124,6750,0,0,2906,468,227467414,74578218,74542518,2483669,0,0,0,0
2026-08-26 18:00:00,10135,3266,95,91,6265,0,7,10135,6762,0,0,2904,469,227533556,74583339,74545239,2485279,0,0,0,0
2026-08-26 19:00:00,10141,3269,96,91,6266,0,13,10141,6765,0,0,2907,469,227679046,74567728,74528528,2487279,0,0,0,0
2026-08-26 20:00:00,10113,3268,95,91,6266,0,16,10113,6741,0,0,2904,468,227143457,74549329,74511629,2487769,0,0,0,0
2026-08-26 21:00:00,10088,3264,94,89,6265,0,15,10088,6723,0,0,2897,468,226227992,74230047,74191247,2379169,0,0,0,0
2026-08-26 22:00:00,10146,3273,92,88,6271,0,15,10146,6773,0,0,2905,468,227257098,74557803,74520703,2329479,0,0,0,0
2026-08-26 23:00:00,10146,3274,92,87,6269,0,15,10146,6773,0,0,2906,467,227365061,74541844,74503644,2279549,0,0,0,0
2026-08-27 00:00:00,10140,3272,91,87,6262,0,15,10140,6769,0,0,2903,468,227302561,74595353,74558253,2279349,0,0,0,0
2026-08-27 01:00:00,10168,3273,96,91,6264,0,21,10168,6792,0,0,2908,468,227915372,74601915,74563715,2501049,0,0,0,0
2026-08-27 02:00:00,10143,3270,95,91,6264,0,20,10143,6770,0,0,2905,468,227639795,74639012,74601912,2500249,0,0,0,0
2026-08-27 03:00:00,10150,3271,96,91,6265,0,13,10150,6776,0,0,2907,467,227857870,74627032,74588832,2499739,0,0,0,0
2026-08-27 04:00:00,10138,3270,95,91,6259,0,13,10138,6765,0,0,2906,467,227506349,74632413,74595313,2496639,0,0,0,0
2026-08-27 05:00:00,10186,3272,96,91,6266,0,12,10186,6811,0,0,2907,468,227699051,74638422,74600222,2497849,0,0,0,0
2026-08-27 06:00:00,10166,3269,95,91,6266,0,8,10166,6794,0,0,2905,467,227668416,74655647,74618547,2508559,0,0,0,0
2026-08-27 07:00:00,10187,3277,95,90,6267,0,17,10187,6809,0,0,2911,467,227629000,74668214,74629914,2515059,0,0,0,0
2026-08-27 08:00:00,10180,3273,95,91,6258,0,23,10180,6805,0,0,2908,467,227320315,74599094,74561994,2510049,0,0,0,0
2026-08-27 09:00:00,10222,3278,96,91,6263,0,13,10222,6842,0,0,2912,468,227297337,74581067,74542867,2541159,0,0,0,0
2026-08-27 10:00:00,10198,3272,95,91,6264,0,15,10198,6824,0,0,2906,468,227176032,74599289,74562189,2541059,0,0,0,0
2026-08-27 11:00:00,10209,3275,96,91,6265,0,7,10209,6832,0,0,2910,467,226871686,74554458,74516258,2540159,0,0,0,0
2026-08-27 12:00:00,10193,3283,95,91,6269,0,12,10193,6808,0,0,2909,476,226613046,74491244,74454144,2535549,0,0,0,0
2026-08-27 13:00:00,10191,3280,96,91,6251,0,6,10191,6809,0,0,2907,475,226061299,74432506,74394306,2535649,0,0,0,0
2026-08-27 14:00:00,10181,3279,95,91,6262,0,4,10181,6800,0,0,2904,477,226285411,74457907,74420807,2535639,0,0,0,0
2026-08-27 15:00:00,10187,3277,95,91,6265,0,7,10187,6808,0,0,2903,476,226240013,74448435,74411335,2539449,0,0,0,0
2026-08-27 16:00:00,10223,3282,96,91,6271,0,13,10223,6839,0,0,2907,477,226571906,74461051,74422851,2542269,0,0,0,0
2026-08-27 17:00:00,10128,3264,95,91,6218,0,13,10128,6762,0,0,2893,473,224736929,74101731,74064631,2541249,0,0,0,0
2026-08-27 18:00:00,10132,3266,95,91,6220,0,9,10132,6764,0,0,2897,471,225188262,74163092,74125992,2544259,0,0,0,0
2026-08-27 19:00:00,10181,3272,96,91,6239,0,13,10181,6807,0,0,2901,473,225661587,74145672,74107372,2545559,0,0,0,0
2026-08-27 20:00:00,10120,3268,95,91,6204,0,16,10120,6750,0,0,2897,473,223279638,73976622,73937522,2556159,0,0,0,0
2026-08-27 21:00:00,10128,3267,94,90,6203,0,10,10128,6760,0,0,2894,474,223025129,74226540,74187440,2495019,0,0,0,0
2026-08-27 22:00:00,10131,3267,94,89,6219,0,17,10131,6764,0,0,2895,472,225418229,74206565,74166165,2429979,0,0,0,0
2026-08-27 23:00:00,10155,3266,93,89,6227,0,15,10155,6789,0,0,2892,474,225557284,74247403,74208203,2428879,0,0,0,0
2026-08-28 00:00:00,10142,3262,88,84,6225,0,12,10142,6785,0,0,2883,474,224845087,73782742,73743542,2225569,0,0,0,0
2026-08-28 01:00:00,10163,3268,96,91,6225,0,14,10163,6793,0,0,2897,473,225526481,74108942,74068542,2548269,0,0,0,0
2026-08-28 02:00:00,10152,3269,96,91,6219,0,20,10152,6781,0,0,2899,472,225043717,74131773,74091373,2549169,0,0,0,0
2026-08-28 03:00:00,10146,3269,95,91,6228,0,28,10146,6775,0,0,2897,474,225371373,74247463,74208263,2540939,0,0,0,0
2026-08-28 04:00:00,10136,3270,95,91,6214,0,14,10136,6764,0,0,2899,473,225158040,74168643,74129343,2551049,0,0,0,0
2026-08-28 05:00:00,10139,3261,95,91,6210,0,16,10139,6776,0,0,2889,474,225243835,74157069,74117769,2551149,0,0,0,0
2026-08-28 06:00:00,10166,3272,96,91,6212,0,13,10166,6792,0,0,2900,474,225203668,74220348,74179848,2553459,0,0,0,0
2026-08-28 07:00:00,10144,3275,96,91,6220,0,6,10144,6767,0,0,2902,475,225281574,74225099,74183599,2553459,0,0,0,0
2026-08-28 08:00:00,10138,3265,95,91,6214,0,12,10138,6771,0,0,2892,475,225038277,74260851,74220551,2546959,0,0,0,0
2026-08-28 09:00:00,10136,3263,96,91,6219,0,15,10136,6771,0,0,2892,473,225055587,74173311,74131811,2547609,0,0,0,0
2026-08-28 10:00:00,10131,3262,95,91,6208,0,15,10131,6767,0,0,2892,472,224838449,74044662,74004362,2557509,0,0,0,0
2026-08-28 11:00:00,10140,3269,95,91,6213,0,11,10140,6769,0,0,2898,473,224954396,74230084,74189784,2556509,0,0,0,0
2026-08-28 12:00:00,10096,3250,96,91,6210,0,22,10096,6744,0,0,2878,474,223952886,73342223,73300723,2557309,0,0,0,0
2026-08-28 13:00:00,10121,3269,95,91,6204,0,23,10121,6750,0,0,2893,478,224514835,74049233,74008933,2556309,0,0,0,0
2026-08-28 14:00:00,10128,3271,95,91,6204,0,23,10128,6755,0,0,2895,478,224374791,74158437,74118137,2568529,0,0,0,0
2026-08-28 15:00:00,10138,3266,96,91,6206,0,16,10138,6770,0,0,2889,479,225028939,74054951,74013451,2652729,0,0,0,0
2026-08-28 16:00:00,10126,3269,94,90,6216,0,35,10126,6756,0,0,2891,479,225162842,74069739,74029439,2689719,0,0,0,0
2026-08-28 17:00:00,10112,3268,95,91,6213,0,17,10112,6742,0,0,2891,479,224162272,73939908,73899608,2705009,0,0,0,0
2026-08-28 18:00:00,10125,3266,96,91,6209,0,17,10125,6757,0,0,2890,478,224567115,74054011,74012711,2715009,0,0,0,0
2026-08-28 19:00:00,10110,3260,95,91,6214,0,19,10110,6748,0,0,2882,480,224577362,73835925,73795825,2712919,0,0,0,0
2026-08-28 20:00:00,10121,3266,95,91,6212,0,28,10121,6753,0,0,2886,482,224739554,74027247,73987147,2715919,0,0,0,0
2026-08-28 21:00:00,10085,3261,96,91,6200,0,20,10085,6722,0,0,2883,480,223437788,73571931,73530631,2710059,0,0,0,0
2026-08-28 22:00:00,10098,3267,91,87,6210,0,27,10098,6733,0,0,2884,481,223580865,73763862,73723762,2581659,0,0,0,0
2026-08-28 23:00:00,10107,3268,91,87,6214,0,25,10107,6741,0,0,2884,482,223899228,73688633,73648633,2545259,0,0,0,0
2026-08-29 00:00:00,10096,3271,89,84,6209,0,20,10096,6730,0,0,2884,482,223386829,73690324,73648124,2420679,0,0,0,0
2026-08-29 01:00:00,10139,3273,93,88,6224,0,19,10139,6767,0,0,2891,481,224229480,73580784,73538584,2582779,0,0,0,0
2026-08-29 02:00:00,10090,3267,92,88,6200,0,19,10090,6724,0,0,2888,478,223610524,73538655,73497655,2581379,0,0,0,0
2026-08-29 03:00:00,10148,3273,92,88,6231,0,23,10148,6776,0,0,2890,482,224447614,73661122,73620122,2579979,0,0,0,0
2026-08-29 04:00:00,10080,3254,94,88,6209,0,10,10080,6726,0,0,2876,478,223004636,73300659,73258439,2574089,0,0,0,0
2026-08-29 05:00:00,10071,3256,91,86,6200,0,10,10071,6717,0,0,2874,480,222367118,73339492,73298472,2501889,0,0,0,0
2026-08-29 06:00:00,10109,3264,91,86,6220,0,13,10109,6747,0,0,2883,479,223061058,73449820,73408800,2505768,0,0,0,0
2026-08-29 07:00:00,10098,3273,92,86,6219,0,33,10098,6727,0,0,2890,481,223090518,73409597,73367390,2511034,0,0,0,0
2026-08-29 08:00:00,10069,3266,91,86,6205,0,17,10069,6705,0,0,2881,483,222879084,73451165,73410158,2508134,0,0,0,0
2026-08-29 09:00:00,10104,3265,91,86,6214,0,17,10104,6741,0,0,2881,482,222782582,73419381,73378374,2504134,0,0,0,0
2026-08-29 10:00:00,10079,3266,89,83,6214,0,13,10079,6718,0,0,2879,482,222272603,73326422,73284215,2423534,0,0,0,0
2026-08-29 11:00:00,10069,3265,88,83,6214,0,17,10069,6709,0,0,2877,483,222340186,73277363,73236356,2474234,0,0,0,0
2026-08-29 12:00:00,10088,3266,88,82,6211,0,16,10088,6728,0,0,2877,483,222333577,73236470,73194263,2434384,0,0,0,0
2026-08-29 13:00:00,10114,3273,88,82,6210,0,19,10114,6747,0,0,2884,483,222574027,73129965,73087758,2435294,0,0,0,0
2026-08-29 14:00:00,10073,3269,85,80,6205,0,11,10073,6712,0,0,2874,487,221984048,73128955,73087948,2312164,0,0,0,0
2026-08-29 15:00:00,10076,3268,85,80,6211,0,15,10076,6716,0,0,2875,485,222034007,73062704,73021697,2312424,0,0,0,0
2026-08-29 16:00:00,10083,3262,85,80,6207,0,13,10083,6729,0,0,2867,487,221471833,72722786,72681779,2313824,0,0,0,0
2026-08-29 17:00:00,10067,3265,84,78,6223,0,12,10067,6712,0,0,2868,487,221403768,72444276,72402069,2243024,0,0,0,0
2026-08-29 18:00:00,10074,3278,83,78,6211,0,12,10074,6706,0,0,2881,487,221764436,73102583,73061576,2242944,0,0,0,0
2026-08-29 19:00:00,10061,3279,83,78,6207,0,11,10061,6692,0,0,2882,487,221370859,73032071,72991064,2244214,0,0,0,0
2026-08-29 20:00:00,10078,3283,84,78,6210,0,15,10078,6705,0,0,2884,489,220760929,72677239,72635032,2249734,0,0,0,0
2026-08-29 21:00:00,10074,3280,79,74,6212,0,18,10074,6708,0,0,2877,489,221314206,72753804,72712797,2137224,0,0,0,0
2026-08-29 22:00:00,10071,3269,78,73,6215,0,19,10071,6717,0,0,2877,477,220801535,72657891,72616884,2082334,0,0,0,0
2026-08-29 23:00:00,10056,3271,78,72,6202,0,19,10056,6701,0,0,2879,476,220750962,72555161,72511754,2031934,0,0,0,0
2026-08-30 00:00:00,10069,3263,76,71,6205,0,26,10069,6722,0,0,2872,475,221212936,72558164,72515957,1995924,0,0,0,0
2026-08-30 01:00:00,10063,3268,82,76,6190,0,15,10063,6707,0,0,2879,477,221398503,72692620,72649213,2238744,0,0,0,0
2026-08-30 02:00:00,10066,3266,81,76,6192,0,29,10066,6712,0,0,2877,477,221058645,72661963,72620756,2237044,0,0,0,0
2026-08-30 03:00:00,10080,3272,81,76,6210,0,16,10080,6720,0,0,2882,478,221376099,72597004,72555797,2243034,0,0,0,0
2026-08-30 04:00:00,10050,3266,81,76,6192,0,21,10050,6696,0,0,2877,477,220839039,72507507,72466300,2240934,0,0,0,0
2026-08-30 05:00:00,10078,3277,79,73,6200,0,17,10078,6716,0,0,2882,480,221071442,72523647,72481240,2186493,0,0,0,0
2026-08-30 06:00:00,10102,3270,78,73,6201,0,24,10102,6748,0,0,2873,481,221220254,72480257,72439050,2205893,0,0,0,0
2026-08-30 07:00:00,10082,3281,78,73,6180,0,25,10082,6716,0,0,2886,480,220858331,72535537,72494330,2204793,0,0,0,0
2026-08-30 08:00:00,10073,3285,79,73,6174,0,20,10073,6703,0,0,2890,480,220536887,72618689,72576282,2208093,0,0,0,0
2026-08-30 09:00:00,10060,3279,74,69,6172,0,12,10060,6701,0,0,2876,483,220683659,72498368,72457161,2173603,0,0,0,0
2026-08-30 10:00:00,10081,3277,74,69,6167,0,24,10081,6723,0,0,2873,485,220690568,72498328,72457121,2170623,0,0,0,0
2026-08-30 11:00:00,10089,3286,75,69,6179,0,17,10089,6722,0,0,2882,485,220689976,72480848,72438430,2171924,0,0,0,0
2026-08-30 12:00:00,10062,3283,74,69,6170,0,18,10062,6698,0,0,2880,484,219845244,72229923,72188705,2171924,0,0,0,0
2026-08-30 13:00:00,10067,3280,74,69,6171,0,9,10067,6706,0,0,2883,478,220461191,72419594,72378376,2152024,0,0,0,0
2026-08-30 14:00:00,10084,3284,75,69,6167,0,11,10084,6719,0,0,2884,481,220273821,72495121,72452703,2155124,0,0,0,0
2026-08-30 15:00:00,10066,3285,74,69,6174,0,18,10066,6700,0,0,2885,481,220194013,72469260,72427042,2155914,0,0,0,0
2026-08-30 16:00:00,10058,3281,74,69,6164,0,13,10058,6697,0,0,2882,479,219457569,72226843,72184625,2156094,0,0,0,0
2026-08-30 17:00:00,10067,3286,75,69,6164,0,22,10067,6700,0,0,2887,480,220255115,72393651,72350233,2158494,0,0,0,0
2026-08-30 18:00:00,10065,3280,74,69,6155,0,16,10065,6704,0,0,2882,479,220386919,72311570,72269352,2156984,0,0,0,0
2026-08-30 19:00:00,10054,3278,74,69,6153,0,19,10054,6695,0,0,2876,483,219854140,72274799,72232581,2159084,0,0,0,0
2026-08-30 20:00:00,10000,3257,74,69,6155,0,24,10000,6662,0,0,2855,483,217815903,71378268,71336050,2160004,0,0,0,0
2026-08-30 21:00:00,10050,3281,75,69,6167,0,18,10050,6688,0,0,2880,482,218990104,72107514,72063696,2151614,0,0,0,0
2026-08-30 22:00:00,10072,3286,73,68,6179,0,27,10072,6706,0,0,2884,482,219032444,72106441,72063823,2092414,0,0,0,0
2026-08-30 23:00:00,10098,3282,73,68,6180,0,18,10098,6736,0,0,2880,482,219945364,72176153,72135635,2091444,0,0,0,0
2026-08-31 00:00:00,10071,3290,71,65,6171,0,14,10071,6704,0,0,2884,483,219073390,72150010,72108392,1951934,0,0,0,0
2026-08-31 01:00:00,10086,3272,74,69,6157,0,27,10086,6733,0,0,2874,479,219446930,71700517,71660399,2149344,0,0,0,0
2026-08-31 02:00:00,10087,3279,74,69,6158,0,19,10087,6727,0,0,2876,484,219880984,71961866,71921748,2161844,0,0,0,0
2026-08-31 03:00:00,10085,3283,75,69,6172,0,25,10085,6721,0,0,2881,483,220115158,72097752,72056434,2185964,0,0,0,0
2026-08-31 04:00:00,10065,3280,74,69,6154,0,14,10065,6704,0,0,2879,482,219486102,71959342,71919224,2184614,0,0,0,0
2026-08-31 05:00:00,10058,3283,74,69,6147,0,12,10058,6694,0,0,2879,485,219623873,72091705,72051587,2180414,0,0,0,0
2026-08-31 06:00:00,10068,3285,74,69,6145,0,21,10068,6702,0,0,2881,485,219443643,71785020,71746202,2179914,0,0,0,0
2026-08-31 07:00:00,10091,3284,74,69,6161,0,19,10091,6726,0,0,2879,486,219961980,72052890,72012772,2175294,0,0,0,0
2026-08-31 08:00:00,10069,3280,74,69,6156,0,14,10069,6708,0,0,2880,481,219839003,71731775,71691657,2175394,0,0,0,0
2026-08-31 09:00:00,10075,3285,75,69,6159,0,20,10075,6710,0,0,2881,484,219838816,71933471,71892153,2175994,0,0,0,0
2026-08-31 10:00:00,10077,3287,74,69,6157,0,24,10077,6710,0,0,2878,489,219209724,71887471,71847353,2165944,0,0,0,0
2026-08-31 11:00:00,10089,3290,74,69,6159,0,29,10089,6719,0,0,2880,490,219655496,72009952,71969834,2175944,0,0,0,0
2026-08-31 12:00:00,10067,3293,75,69,6158,0,24,10067,6694,0,0,2885,488,219917034,71963972,71922654,2174944,0,0,0,0
2026-08-31 13:00:00,10082,3290,74,69,6162,0,23,10082,6711,0,0,2883,488,219821275,71964845,71924727,2174744,0,0,0,0
2026-08-31 14:00:00,10075,3290,74,69,6171,0,19,10075,6704,0,0,2881,490,219368281,71804178,71764060,2174744,0,0,0,0
2026-08-31 15:00:00,10041,3290,75,69,6168,0,19,10041,6670,0,0,2883,488,218979478,71836931,71795613,2173344,0,0,0,0
2026-08-31 16:00:00,10049,3282,74,69,6171,0,16,10049,6686,0,0,2875,488,218958655,71770901,71730783,2171944,0,0,0,0
2026-08-31 17:00:00,10055,3286,74,69,6174,0,22,10055,6688,0,0,2878,489,219113075,71709668,71669550,2171894,0,0,0,0
2026-08-31 18:00:00,10016,3270,75,69,6174,0,17,10016,6665,0,0,2881,470,219015311,71702978,71661660,2173094,0,0,0,0
2026-08-31 19:00:00,10035,3262,74,69,6172,0,24,10035,6692,0,0,2873,470,218522839,71668136,71628018,2171794,0,0,0,0
2026-08-31 20:00:00,10024,3261,73,68,6164,0,20,10024,6683,0,0,2872,469,218675897,71604237,71564119,2116894,0,0,0,0
2026-08-31 21:00:00,10053,3263,74,68,6177,0,13,10053,6710,0,0,2876,467,218765236,71563957,71522639,2114134,0,0,0,0
2026-08-31 22:00:00,10010,3265,73,68,6164,0,19,10010,6665,0,0,2876,469,218008584,71487543,71447425,2110734,0,0,0,0
2026-08-31 23:00:00,10084,3279,72,67,6171,0,21,10084,6727,0,0,2874,483,218728183,71481442,71441324,2062734,0,0,0,0
2026-09-01 00:00:00,10070,3283,71,65,6163,0,21,10070,6711,0,0,2876,483,218601401,71459495,71418277,1962834,0,0,0,0
2026-09-01 01:00:00,10098,3262,74,69,6101,0,14,10098,6756,0,0,2872,470,226911281,74312855,74270237,1723224,0,0,0,0
2026-09-01 02:00:00,10171,3287,74,69,6167,0,20,10171,6804,0,0,2882,485,219455410,71506206,71468088,2167234,0,0,0,0
2026-09-01 03:00:00,10161,3268,75,69,6175,0,15,10161,6813,0,0,2878,470,219654964,71355676,71316458,2168734,0,0,0,0
2026-09-01 04:00:00,10131,3277,74,69,6153,0,15,10131,6774,0,0,2886,471,218369388,71316026,71277908,2162134,0,0,0,0
2026-09-01 05:00:00,10161,3280,74,69,6164,0,12,10161,6801,0,0,2889,471,218844059,71269956,71231838,2164134,0,0,0,0
2026-09-01 06:00:00,10133,3280,75,69,6159,0,15,10133,6772,0,0,2889,472,217754543,71196167,71156949,2166234,0,0,0,0
2026-09-01 07:00:00,10157,3273,74,69,6160,0,15,10157,6803,0,0,2883,471,218475521,70953655,70914337,2167634,0,0,0,0
2026-09-01 08:00:00,10143,3267,74,69,6173,0,16,10143,6795,0,0,2880,468,218110831,70868203,70828885,2176734,0,0,0,0
2026-09-01 09:00:00,10129,3273,75,69,5964,0,18,10129,6775,0,0,2883,471,219675993,71051184,71010766,2270044,0,0,0,0
2026-09-01 10:00:00,10171,3272,74,69,6177,0,20,10171,6818,0,0,2883,470,219657596,71064305,71024987,2259144,0,0,0,0
2026-09-01 11:00:00,10161,3270,74,69,6179,0,15,10161,6810,0,0,2882,469,219605560,70964432,70925114,2269244,0,0,0,0
2026-09-01 12:00:00,10125,3270,75,69,6180,0,20,10125,6774,0,0,2882,469,219540080,70966842,70926424,2281354,0,0,0,0
2026-09-01 13:00:00,10164,3272,73,67,6194,0,16,10164,6813,0,0,2881,470,219289353,70996003,70955585,2222254,0,0,0,0
2026-09-01 14:00:00,10146,3265,73,68,6181,0,25,10146,6801,0,0,2877,468,219493875,70866211,70826893,2268954,0,0,0,0
2026-09-01 15:00:00,10166,3273,74,68,6199,0,23,10166,6813,0,0,2884,469,219481234,70928353,70887935,2270064,0,0,0,0
2026-09-01 16:00:00,10142,3270,73,68,6199,0,17,10142,6792,0,0,2881,469,219005592,70975270,70935952,2270764,0,0,0,0
2026-09-01 17:00:00,10102,3217,73,68,6136,0,23,10102,6805,0,0,2827,470,219129527,70735783,70696465,2284764,0,0,0,0
2026-09-01 18:00:00,10153,3271,74,68,6170,0,15,10153,6802,0,0,2881,470,219537198,70853208,70812790,2285874,0,0,0,0
2026-09-01 19:00:00,10136,3270,73,68,6164,0,23,10136,6786,0,0,2881,469,219011982,70716813,70677495,2285874,0,0,0,0
2026-09-01 20:00:00,10138,3272,70,67,6165,0,54,10138,6786,0,0,2882,470,204781918,69440578,69406560,1568644,0,0,0,0
2026-09-01 21:00:00,10181,3274,71,67,6180,0,20,10181,6827,0,0,2883,471,204812134,69387809,69352491,1569944,0,0,0,0
2026-09-01 22:00:00,10090,3260,69,66,6128,0,20,10090,6750,0,0,2872,468,204464036,69308246,69274228,1570824,0,0,0,0
2026-09-01 23:00:00,10131,3266,69,66,6130,0,25,10131,6785,0,0,2879,467,204512586,69263687,69229669,1570824,0,0,0,0
2026-09-02 00:00:00,10106,3264,65,61,6126,0,25,10106,6767,0,0,2875,464,204231962,69311458,69276140,1580024,0,0,0,0
2026-09-02 01:00:00,10087,3255,65,62,6102,0,35,10087,6757,0,0,2867,463,203663655,69152359,69118341,1577744,0,0,0,0
2026-09-02 02:00:00,10128,3261,69,66,6102,0,13,10128,6787,0,0,2873,468,203514228,69079849,69046831,1575824,0,0,0,0
2026-09-02 03:00:00,10107,3264,70,66,6107,0,17,10107,6763,0,0,2877,467,203571264,69009450,68975132,1577124,0,0,0,0
2026-09-02 04:00:00,10113,3265,70,66,6122,0,13,10113,6768,0,0,2877,468,203351178,69001801,68967483,1562124,0,0,0,0
2026-09-02 05:00:00,10120,3257,69,66,6110,0,17,10120,6782,0,0,2873,465,202559979,68615181,68582163,1550824,0,0,0,0
2026-09-02 06:00:00,10085,3249,69,66,6104,0,17,10085,6755,0,0,2868,462,201305971,68531448,68498430,1553824,0,0,0,0
2026-09-02 07:00:00,10079,3253,70,66,6101,0,20,10079,6745,0,0,2873,461,201776166,68644537,68610219,1555124,0,0,0,0
2026-09-02 08:00:00,10084,3254,69,66,6103,0,19,10084,6749,0,0,2875,460,201484521,68544418,68511400,1553824,0,0,0,0
2026-09-02 09:00:00,10079,3254,69,66,6107,0,14,10079,6744,0,0,2872,463,201131125,68598017,68564999,1554824,0,0,0,0
2026-09-02 10:00:00,10095,3259,70,66,6116,0,14,10095,6755,0,0,2878,462,201458989,68584528,68550210,1556124,0,0,0,0
2026-09-02 11:00:00,10126,3264,69,66,6120,0,14,10126,6781,0,0,2883,462,199142234,67196972,67163954,1530824,0,0,0,0
2026-09-02 12:00:00,10109,3261,69,66,6116,0,15,10109,6767,0,0,2881,461,198956370,67096856,67063838,1531824,0,0,0,0
2026-09-02 13:00:00,9566,3205,30,26,5895,0,16,9566,6323,0,0,2798,445,198620415,66999216,66964898,1522324,0,0,0,0
2026-09-02 14:00:00,9581,3202,29,26,5910,0,17,9581,6341,0,0,2796,444,198710349,66942604,66909586,1521024,0,0,0,0
2026-09-02 15:00:00,9611,3209,30,26,5912,0,23,9611,6364,0,0,2803,444,198847200,66867453,66833135,1522324,0,0,0,0
2026-09-02 16:00:00,9612,3210,30,26,5911,0,15,9612,6364,0,0,2802,446,198818326,66858482,66824164,1522324,0,0,0,0
2026-09-02 17:00:00,9607,3211,30,26,5918,0,17,9607,6358,0,0,2804,445,198495924,66766173,66731855,1521324,0,0,0,0
2026-09-02 18:00:00,9603,3210,30,26,5923,0,19,9603,6355,0,0,2804,444,198288877,66679303,66644985,1533324,0,0,0,0
2026-09-02 19:00:00,9603,3213,29,26,5929,0,15,9603,6352,0,0,2806,445,198080295,66747769,66714751,1529024,0,0,0,0
2026-09-02 20:00:00,9600,3209,29,26,5926,0,17,9600,6353,0,0,2803,444,198252702,66626169,66593151,1529024,0,0,0,0
2026-09-02 21:00:00,9594,3209,28,25,5929,0,18,9594,6348,0,0,2802,444,198126464,66627069,66594051,1524324,0,0,0,0
2026-09-02 22:00:00,9601,3208,30,26,5934,0,16,9601,6355,0,0,2801,445,198021605,66492459,66458141,1531324,0,0,0,0
2026-09-02 23:00:00,9612,3205,29,26,5932,0,14,9612,6369,0,0,2797,446,198126730,66461755,66428737,1530024,0,0,0,0
2026-09-03 00:00:00,9616,3208,30,26,5932,0,17,9616,6370,0,0,2800,446,198029540,66462726,66428408,1525324,0,0,0,0
2026-09-03 01:00:00,9619,3206,29,26,5934,0,22,9619,6375,0,0,2798,446,198293847,66462996,66429978,1534024,0,0,0,0
2026-09-03 02:00:00,9600,3206,29,26,5924,0,16,9600,6356,0,0,2799,445,197492505,66398496,66365478,1534024,0,0,0,0
2026-09-03 03:00:00,9598,3207,30,26,5931,0,11,9598,6353,0,0,2800,445,197701495,66273316,66239998,1527224,0,0,0,0
2026-09-03 04:00:00,9610,3208,30,26,5936,0,19,9610,6364,0,0,2801,445,198064426,66376357,66343039,1530224,0,0,0,0
2026-09-03 05:00:00,9616,3209,30,26,5939,0,23,9616,6369,0,0,2802,445,197966924,66376965,66343647,1530224,0,0,0,0
2026-09-03 06:00:00,9621,3206,29,26,5948,0,21,9621,6377,0,0,2799,445,197785058,66323995,66291977,1528424,0,0,0,0
2026-09-03 07:00:00,9608,3207,29,26,5949,0,24,9608,6363,0,0,2800,445,197270090,66176854,66144836,1528424,0,0,0,0
2026-09-03 08:00:00,9624,3215,30,26,5955,0,31,9624,6371,0,0,2808,445,197490701,66191004,66157686,1529724,0,0,0,0
2026-09-03 09:00:00,9621,3215,30,26,5962,0,24,9621,6368,0,0,2808,445,197157387,66133836,66100518,1530724,0,0,0,0
2026-09-03 10:00:00,9596,3211,29,26,5965,0,18,9596,6347,0,0,2804,445,196996475,66144716,66112698,1528424,0,0,0,0
2026-09-03 11:00:00,9594,3209,28,25,5966,0,18,9594,6348,0,0,2802,444,197217458,66071666,66039648,1523724,0,0,0,0
2026-09-03 12:00:00,9621,3212,30,26,5965,0,22,9621,6371,0,0,2804,446,197368096,66109552,66076234,1530124,0,0,0,0
2026-09-03 13:00:00,9607,3211,30,26,5963,0,18,9607,6358,0,0,2804,445,197209901,66071833,66038515,1530124,0,0,0,0
2026-09-03 14:00:00,9620,3216,30,26,5955,0,13,9620,6366,0,0,2808,446,197347405,66144781,66111463,1530123,0,0,0,0
2026-09-03 15:00:00,9607,3213,29,26,5941,0,16,9607,6356,0,0,2805,446,196964804,66027430,65995412,1528823,0,0,0,0
2026-09-03 16:00:00,9604,3211,29,26,5946,0,16,9604,6356,0,0,2803,445,196813978,65987530,65955512,1528823,0,0,0,0
2026-09-03 17:00:00,9473,3213,30,26,5840,0,7,9473,6223,0,0,2806,444,196289541,65990888,65957570,1530123,0,0,0,0
2026-09-03 18:00:00,9444,3209,29,26,5840,0,8,9444,6198,0,0,2803,443,195983526,65864738,65832720,1529823,0,0,0,0
2026-09-03 19:00:00,9472,3218,30,26,5844,0,8,9472,6217,0,0,2811,444,196275629,65958969,65925651,1531123,0,0,0,0
2026-09-03 20:00:00,9450,3197,29,26,5830,0,15,9450,6216,0,0,2789,445,195493369,65435220,65403205,1529820,0,0,0,0
2026-09-03 21:00:00,9469,3219,30,26,5848,0,13,9469,6213,0,0,2811,445,196436179,65984802,65951486,1531221,0,0,0,0
2026-09-03 22:00:00,9463,3217,29,26,5845,0,12,9463,6209,0,0,2809,445,195923063,65619069,65587053,1529921,0,0,0,0
2026-09-03 23:00:00,9480,3219,30,26,5839,0,15,9480,6224,0,0,2811,445,196174199,65575818,65542502,1528221,0,0,0,0
2026-09-04 00:00:00,9417,3208,28,25,5807,0,7,9417,6173,0,0,2801,443,195274163,65354478,65322462,1522121,0,0,0,0
2026-09-04 01:00:00,9432,3211,29,26,5809,0,12,9432,6183,0,0,2805,444,195526507,65356359,65324343,1526821,0,0,0,0
2026-09-04 02:00:00,9449,3211,30,26,5797,0,16,9449,6200,0,0,2811,438,195447607,65324899,65290583,1530321,0,0,0,0
2026-09-04 03:00:00,9434,3210,29,26,5794,0,10,9434,6186,0,0,2805,443,195433748,65308422,65276406,1526021,0,0,0,0
2026-09-04 04:00:00,9423,3206,29,26,5786,0,11,9423,6179,0,0,2800,444,195576104,65157667,65125651,1527021,0,0,0,0
2026-09-04 05:00:00,9421,3216,29,26,5815,0,13,9421,6167,0,0,2808,446,195492416,65294411,65262395,1528021,0,0,0,0
2026-09-04 06:00:00,9456,3216,30,26,5814,0,13,9456,6202,0,0,2810,444,195502982,65169201,65135885,1529321,0,0,0,0
2026-09-04 07:00:00,9472,3214,30,26,5827,0,11,9472,6220,0,0,2809,443,195721886,65215306,65181990,1528321,0,0,0,0
2026-09-04 08:00:00,9447,3212,29,26,5837,0,7,9447,6197,0,0,2805,445,195785006,65276039,65244023,1528021,0,0,0,0
2026-09-04 09:00:00,9424,3210,29,26,5833,0,9,9424,6176,0,0,2804,444,194633336,64835001,64802985,1526021,0,0,0,0
2026-09-04 10:00:00,9475,3221,29,26,5845,0,10,9475,6216,0,0,2814,445,195333539,65124602,65092586,1526021,0,0,0,0
2026-09-04 11:00:00,9460,3219,29,26,5840,0,6,9460,6203,0,0,2811,446,195360957,65310312,65278296,1525721,0,0,0,0
2026-09-04 12:00:00,9443,3218,29,26,5843,0,9,9443,6188,0,0,2809,446,195493081,65287612,65255596,1525721,0,0,0,0
2026-09-04 13:00:00,9467,3220,30,26,5844,0,14,9467,6210,0,0,2812,445,195855291,65258812,65225496,1528021,0,0,0,0
2026-09-04 14:00:00,9439,3210,29,26,5837,0,11,9439,6192,0,0,2801,446,195573646,65190993,65157977,1529821,0,0,0,0
2026-09-04 15:00:00,9448,3216,29,26,5842,0,10,9448,6195,0,0,2809,444,195567408,65164273,65131257,1519821,0,0,0,0
2026-09-04 16:00:00,9446,3215,29,26,5851,0,10,9446,6194,0,0,2808,444,195603924,65181263,65148247,1519821,0,0,0,0
2026-09-04 17:00:00,9459,3227,29,26,5859,0,10,9459,6195,0,0,2818,446,195707353,65322664,65289648,1460821,0,0,0,0
2026-09-04 18:00:00,9462,3220,29,26,5856,0,17,9462,6205,0,0,2812,445,196078370,65223605,65190589,1460921,0,0,0,0
2026-09-04 19:00:00,9453,3219,29,26,5852,0,21,9453,6197,0,0,2811,445,195448276,65205433,65172417,1460921,0,0,0,0
2026-09-04 20:00:00,9421,3218,28,25,5841,0,21,9421,6167,0,0,2809,445,194845813,65224303,65191287,1456121,0,0,0,0
2026-09-04 21:00:00,9428,3223,28,25,5851,0,13,9428,6169,0,0,2815,444,195471285,65537845,65504829,1456121,0,0,0,0
2026-09-04 22:00:00,9437,3218,29,26,5852,0,24,9437,6182,0,0,2813,442,195176411,65161544,65128528,1460921,0,0,0,0
2026-09-04 23:00:00,9490,3225,29,26,5872,0,11,9490,6229,0,0,2818,443,196670827,65512424,65479408,1451921,0,0,0,0
2026-09-05 00:00:00,9417,3219,29,26,5830,0,20,9417,6161,0,0,2813,443,195136920,65403716,65370700,1450921,0,0,0,0
2026-09-05 01:00:00,9433,3220,29,26,5820,0,24,9433,6177,0,0,2813,443,194902647,65471676,65438660,1450921,0,0,0,0
2026-09-05 02:00:00,9440,3219,30,26,5832,0,13,9440,6185,0,0,2814,441,195985852,65436316,65403000,1451221,0,0,0,0
2026-09-05 03:00:00,9441,3214,29,26,5849,0,22,9441,6191,0,0,2809,441,196376160,65335788,65303772,1449921,0,0,0,0
2026-09-05 04:00:00,9442,3207,29,26,5848,0,20,9442,6199,0,0,2803,440,195993091,65200794,65168778,1449921,0,0,0,0
2026-09-05 05:00:00,9461,3215,30,26,5855,0,12,9461,6210,0,0,2809,442,195866334,65213074,65179758,1450221,0,0,0,0
2026-09-05 06:00:00,9434,3190,29,26,5867,0,21,9434,6208,0,0,2788,438,196034463,64860036,64828020,1447921,0,0,0,0
2026-09-05 07:00:00,9473,3220,29,26,5873,0,11,9473,6217,0,0,2813,443,196665024,65240537,65208521,1448921,0,0,0,0
2026-09-05 08:00:00,9460,3220,30,26,5867,0,7,9460,6204,0,0,2811,445,196259995,65194238,65160922,1450221,0,0,0,0
2026-09-05 09:00:00,9477,3225,29,26,5875,0,21,9477,6216,0,0,2815,446,196737032,65238338,65206322,1448921,0,0,0,0
2026-09-05 10:00:00,9467,3228,28,25,5880,0,16,9467,6203,0,0,2818,446,197066873,65393039,65361023,1446121,0,0,0,0
2026-09-05 11:00:00,9457,3225,29,26,5877,0,12,9457,6196,0,0,2816,445,197022950,65336152,65304136,1450921,0,0,0,0
2026-09-05 12:00:00,9464,3225,30,26,5870,0,11,9464,6204,0,0,2814,446,196853134,65338352,65305036,1452721,0,0,0,0
2026-09-05 13:00:00,9434,3219,29,26,5853,0,25,9434,6179,0,0,2810,445,195681406,65116072,65084056,1451421,0,0,0,0
2026-09-05 14:00:00,9408,3215,29,26,5830,0,21,9408,6158,0,0,2806,444,195138580,65094042,65062026,1450421,0,0,0,0
2026-09-05 15:00:00,9407,3217,30,26,5829,0,13,9407,6156,0,0,2808,443,195131516,65109922,65076606,1451721,0,0,0,0
2026-09-05 16:00:00,9430,3216,29,26,5853,0,11,9430,6177,0,0,2809,444,195777485,65021783,64989767,1451821,0,0,0,0
2026-09-05 17:00:00,9416,3213,29,26,5852,0,19,9416,6166,0,0,2808,442,195502475,64868703,64836687,1451821,0,0,0,0
2026-09-05 18:00:00,9433,3223,30,26,5864,0,13,9433,6173,0,0,2818,442,196097483,65050204,65016888,1453121,0,0,0,0
2026-09-05 19:00:00,9431,3219,28,26,5869,0,38,9431,6175,0,0,2813,443,196335336,65122614,65090598,1450521,0,0,0,0
2026-09-05 20:00:00,9416,3212,28,26,5863,0,33,9416,6167,0,0,2806,443,196464712,65113704,65081688,1449521,0,0,0,0
2026-09-05 21:00:00,9407,3200,29,26,5850,0,23,9407,6170,0,0,2793,444,196313139,65015434,64983418,1452821,0,0,0,0
2026-09-05 22:00:00,9405,3197,29,26,5864,0,21,9405,6171,0,0,2789,445,196444022,64909964,64877948,1451821,0,0,0,0
2026-09-05 23:00:00,9430,3196,29,26,5867,0,15,9430,6197,0,0,2788,445,197158811,64859254,64827238,1451921,0,0,0,0
2026-09-06 00:00:00,9421,3192,29,26,5868,0,16,9421,6192,0,0,2783,446,196864907,64894521,64862505,1451921,0,0,0,0
2026-09-06 01:00:00,9449,3202,30,26,5878,0,25,9449,6210,0,0,2793,446,197261592,64927281,64893965,1453221,0,0,0,0
2026-09-06 02:00:00,9458,3209,29,26,5885,0,15,9458,6212,0,0,2799,447,197297045,64902274,64870258,1451921,0,0,0,0
2026-09-06 03:00:00,9465,3214,29,26,5889,0,12,9465,6214,0,0,2805,446,197562884,64937395,64905379,1458021,0,0,0,0
2026-09-06 04:00:00,9468,3215,30,26,5888,0,9,9468,6216,0,0,2807,445,197419963,64813379,64780063,1467321,0,0,0,0
2026-09-06 05:00:00,9470,3208,29,26,5889,0,8,9470,6225,0,0,2800,445,197678540,64738099,64706083,1467021,0,0,0,0
2026-09-06 06:00:00,9457,3215,28,25,5896,0,11,9457,6206,0,0,2805,446,197400812,64910169,64878153,1459721,0,0,0,0
2026-09-06 07:00:00,9450,3211,29,26,5898,0,19,9450,6202,0,0,2802,446,197113040,64806831,64774815,1466021,0,0,0,0
2026-09-06 08:00:00,9463,3216,30,26,5896,0,33,9463,6210,0,0,2806,447,196913865,64723241,64689925,1466321,0,0,0,0
2026-09-06 09:00:00,9468,3209,29,26,5890,0,35,9468,6222,0,0,2802,444,196921044,64519570,64487554,1475021,0,0,0,0
2026-09-06 10:00:00,9468,3208,29,26,5903,0,23,9468,6223,0,0,2803,442,197301691,64645590,64613574,1474921,0,0,0,0
2026-09-06 11:00:00,9466,3213,29,26,5911,0,26,9466,6216,0,0,2807,443,197265176,64835906,64803890,1464921,0,0,0,0
2026-09-06 12:00:00,9480,3217,30,26,5914,0,19,9480,6226,0,0,2810,444,197140674,64842634,64809318,1466221,0,0,0,0
2026-09-06 13:00:00,9448,3203,29,26,5889,0,22,9448,6208,0,0,2796,444,196773779,64807164,64775148,1463921,0,0,0,0
2026-09-06 14:00:00,9418,3195,29,26,5869,0,25,9418,6186,0,0,2790,442,196566729,64683694,64651678,1464921,0,0,0,0
2026-09-06 15:00:00,9436,3206,30,26,5887,0,18,9436,6193,0,0,2800,443,196993534,64695152,64661836,1465221,0,0,0,0
2026-09-06 16:00:00,9443,3205,29,26,5893,0,21,9443,6201,0,0,2796,446,196972396,64696132,64664116,1433921,0,0,0,0
2026-09-06 17:00:00,9441,3210,29,26,5894,0,21,9441,6194,0,0,2801,446,196616288,64678442,64646426,1434921,0,0,0,0
2026-09-06 18:00:00,9438,3218,30,26,5899,0,25,9438,6183,0,0,2809,446,196663368,64748152,64714836,1436221,0,0,0,0
2026-09-06 19:00:00,9408,3188,28,25,5890,0,33,9408,6184,0,0,2777,447,196115047,63944784,63912768,1428621,0,0,0,0
2026-09-06 20:00:00,9443,3214,29,26,5887,0,32,9443,6192,0,0,2805,446,196831793,64650474,64618458,1436921,0,0,0,0
2026-09-06 21:00:00,9443,3216,30,26,5900,0,22,9443,6190,0,0,2807,446,196732158,64447716,64414400,1438221,0,0,0,0
2026-09-06 22:00:00,9447,3211,29,26,5904,0,23,9447,6199,0,0,2808,440,196755953,64354617,64322601,1428821,0,0,0,0
2026-09-06 23:00:00,9470,3209,29,26,5906,0,18,9470,6224,0,0,2806,440,196886459,64560258,64528242,1428821,0,0,0,0
2026-09-07 00:00:00,9455,3208,29,26,5895,0,22,9455,6210,0,0,2806,439,196667125,64524148,64492132,1428821,0,0,0,0
2026-09-07 01:00:00,9487,3216,30,26,5905,0,15,9487,6234,0,0,2815,438,197264606,64497968,64465652,1428821,0,0,0,0
2026-09-07 02:00:00,9480,3212,29,26,5908,0,13,9480,6231,0,0,2811,438,196992463,64450979,64419963,1428521,0,0,0,0
2026-09-07 03:00:00,9461,3210,29,26,5904,0,32,9461,6214,0,0,2808,439,196530500,64351401,64320385,1430521,0,0,0,0
2026-09-07 04:00:00,9462,3217,30,26,5907,0,19,9462,6208,0,0,2815,439,196293193,64316676,64284360,1432821,0,0,0,0
2026-09-07 05:00:00,9478,3218,29,26,5910,0,9,9478,6223,0,0,2815,440,196440512,64283036,64252020,1390721,0,0,0,0
2026-09-07 06:00:00,9458,3213,29,26,5910,0,8,9458,6208,0,0,2810,440,196143177,64119916,64088900,1386721,0,0,0,0
2026-09-07 07:00:00,9467,3216,30,26,5918,0,12,9467,6213,0,0,2814,440,196023121,64114436,64082120,1388021,0,0,0,0
2026-09-07 08:00:00,9464,3212,29,26,5916,0,43,9464,6214,0,0,2810,440,195464619,64118669,64087653,1391721,0,0,0,0
2026-09-07 09:00:00,9458,3209,29,26,5912,0,28,9458,6211,0,0,2807,440,195306119,64056267,64025251,1391721,0,0,0,0
2026-09-07 10:00:00,9466,3212,30,26,5918,0,20,9466,6216,0,0,2812,438,195461623,63953500,63921184,1394021,0,0,0,0
2026-09-07 11:00:00,9468,3202,29,26,5919,0,32,9468,6228,0,0,2802,438,195442888,63975486,63944470,1398721,0,0,0,0
2026-09-07 12:00:00,9458,3201,29,26,5915,0,21,9458,6219,0,0,2800,439,194934538,63962156,63931140,1398721,0,0,0,0
2026-09-07 13:00:00,9427,3199,30,26,5893,0,42,9427,6190,0,0,2800,437,194295563,63807285,63774969,1389021,0,0,0,0
2026-09-07 14:00:00,9396,3197,29,26,5870,0,30,9396,6161,0,0,2796,439,194128921,63915935,63884919,1398720,0,0,0,0
2026-09-07 15:00:00,9395,3191,29,26,5869,0,26,9395,6166,0,0,2792,437,193704289,63790507,63759491,1390720,0,0,0,0
2026-09-07 16:00:00,9411,3196,30,26,5880,0,18,9411,6177,0,0,2800,434,194134827,63752947,63720631,1402020,0,0,0,0
2026-09-07 17:00:00,9401,3199,29,26,5884,0,15,9401,6164,0,0,2801,436,193880504,63743005,63711989,1390720,0,0,0,0
2026-09-07 18:00:00,9411,3197,29,26,5898,0,20,9411,6176,0,0,2801,434,193757618,63561099,63530083,1380720,0,0,0,0
2026-09-07 19:00:00,9430,3207,30,26,5901,0,16,9430,6185,0,0,2809,436,193906017,63627907,63595591,1392020,0,0,0,0
2026-09-07 20:00:00,9430,3200,36,33,5916,0,13,9430,6184,0,0,2808,438,193812013,63521830,63491814,1474220,0,0,0,0
2026-09-07 21:00:00,9420,3201,36,33,5916,0,18,9420,6173,0,0,2810,437,194191371,63614650,63584634,1474220,0,0,0,0
2026-09-07 22:00:00,9441,3207,37,33,5925,0,27,9441,6188,0,0,2816,437,194378734,63793933,63762617,1463520,0,0,0,0
2026-09-07 23:00:00,9452,3201,36,33,5922,0,21,9452,6205,0,0,2810,437,194415830,63715894,63685878,1471220,0,0,0,0
2026-09-08 00:00:00,9395,3187,36,33,5876,0,16,9395,6162,0,0,2797,436,193224062,63283605,63253589,1462220,0,0,0,0
2026-09-08 01:00:00,9394,3185,37,33,5850,0,16,9394,6163,0,0,2794,437,192996611,63043174,63011858,1462420,0,0,0,0
2026-09-08 02:00:00,9419,3183,36,33,5856,0,21,9419,6191,0,0,2790,438,192992800,62938234,62908218,1456120,0,0,0,0
2026-09-08 03:00:00,9405,3185,36,33,5866,0,24,9405,6175,0,0,2790,440,192979799,63107874,63077858,1465720,0,0,0,0
2026-09-08 04:00:00,9399,3184,37,33,5869,0,23,9399,6169,0,0,2788,442,192789056,63091717,63060401,1466120,0,0,0,0
2026-09-08 05:00:00,9439,3200,35,32,5890,0,15,9439,6194,0,0,2801,444,193165143,63374197,63344181,1457020,0,0,0,0
2026-09-08 06:00:00,9412,3202,29,26,5876,0,21,9412,6171,0,0,2802,439,192447272,63271679,63241663,1371820,0,0,0,0
2026-09-08 07:00:00,9417,3200,29,26,5872,0,26,9417,6178,0,0,2799,440,192915811,63188879,63158863,1362820,0,0,0,0
2026-09-08 08:00:00,9411,3203,30,26,5884,0,41,9411,6170,0,0,2801,440,192596731,63158439,63128403,1362840,0,0,0,0
2026-09-08 09:00:00,9384,3198,29,26,5876,0,31,9384,6148,0,0,2796,440,192312839,63183424,63153408,1362820,0,0,0,0
2026-09-08 10:00:00,9392,3198,29,26,5877,0,26,9392,6156,0,0,2798,438,192458594,63197324,63167308,1363820,0,0,0,0
2026-09-08 11:00:00,9426,3205,29,25,5889,0,29,9426,6185,0,0,2805,436,192490646,63241025,63210989,1357540,0,0,0,0
2026-09-08 12:00:00,9409,3201,29,26,5889,0,25,9409,6171,0,0,2802,436,192092584,62760625,62730609,1363820,0,0,0,0
2026-09-08 13:00:00,9370,3190,29,26,5842,0,28,9370,6143,0,0,2788,439,190978331,62713805,62683789,1364120,0,0,0,0
2026-09-08 14:00:00,9346,3194,30,26,5797,0,17,9346,6115,0,0,2790,441,189962401,62984617,62954581,1364140,0,0,0,0
2026-09-08 15:00:00,9299,3180,29,26,5764,0,16,9299,6081,0,0,2781,437,189602340,62841604,62811588,1364120,0,0,0,0
2026-09-08 16:00:00,9334,3193,29,26,5827,0,10,9334,6103,0,0,2793,438,190945468,62949625,62919609,1362120,0,0,0,0
2026-09-08 17:00:00,9158,2989,30,26,5642,0,12,9158,6131,0,0,2589,438,190625759,62272435,62242399,1372140,0,0,0,0
2026-09-08 18:00:00,9161,2986,29,26,5640,0,12,9161,6137,0,0,2587,437,190208137,62000098,61970082,1362120,0,0,0,0
2026-09-08 19:00:00,9149,2987,29,26,5646,0,38,9149,6124,0,0,2589,436,189908484,61959008,61928992,1372120,0,0,0,0
2026-09-08 20:00:00,9167,2997,30,26,5659,0,31,9167,6132,0,0,2595,440,190372247,62426797,62396761,1362140,0,0,0,0
2026-09-08 21:00:00,9160,2995,29,26,5664,0,25,9160,6127,0,0,2593,440,190326541,62368497,62338481,1360020,0,0,0,0
2026-09-08 22:00:00,9130,2973,29,26,5662,0,29,9130,6119,0,0,2571,440,189210331,61586937,61556921,1350020,0,0,0,0
2026-09-08 23:00:00,9388,3191,30,26,5846,0,23,9388,6159,0,0,2789,440,190335247,62358483,62328447,1348040,0,0,0,0
2026-09-09 00:00:00,9357,3185,29,26,5838,0,22,9357,6134,0,0,2783,440,189686707,62310030,62280014,1348020,0,0,0,0
2026-09-09 01:00:00,9391,3186,28,25,5855,0,36,9391,6168,0,0,2783,440,189960010,62307581,62277565,1341420,0,0,0,0
2026-09-09 02:00:00,9408,3187,30,26,5859,0,25,9408,6183,0,0,2785,440,190010106,62206532,62176496,1348040,0,0,0,0
2026-09-09 03:00:00,9385,3185,29,26,5855,0,26,9385,6162,0,0,2783,440,189271735,62114441,62084425,1338020,0,0,0,0
2026-09-09 04:00:00,9368,3183,29,26,5853,0,24,9368,6147,0,0,2785,436,188938832,62098158,62068142,1338020,0,0,0,0
2026-09-09 05:00:00,9392,3184,30,26,5850,0,23,9392,6170,0,0,2786,436,189363516,62018408,61988372,1337040,0,0,0,0
2026-09-09 06:00:00,9406,3186,28,25,5863,0,26,9406,6183,0,0,2786,437,189413483,62021189,61990173,1331420,0,0,0,0
2026-09-09 07:00:00,9349,3185,29,26,5845,0,21,9349,6126,0,0,2786,437,187471671,62051654,62020638,1338020,0,0,0,0
2026-09-09 08:00:00,9392,3212,30,26,5840,0,50,9392,6143,0,0,2813,436,187793138,62728640,62697604,1340040,0,0,0,0
2026-09-09 09:00:00,9392,3183,29,26,5868,0,47,9392,6172,0,0,2784,436,188041496,61869803,61838787,1330120,0,0,0,0
2026-09-09 10:00:00,9407,3182,29,26,5876,0,46,9407,6188,0,0,2782,437,188956418,61861109,61830093,1328120,0,0,0,0
2026-09-09 11:00:00,9366,3178,29,26,5873,0,30,9366,6151,0,0,2779,436,188601838,61830214,61799198,1328120,0,0,0,0
2026-09-09 12:00:00,9332,3188,30,26,5848,0,23,9332,6108,0,0,2786,438,186955396,61807468,61776432,1328140,0,0,0,0
2026-09-09 13:00:00,9295,3177,29,26,5794,0,27,9295,6082,0,0,2778,435,185533696,61525958,61494942,1328220,0,0,0,0
2026-09-09 14:00:00,9298,3173,29,26,5775,0,18,9298,6088,0,0,2777,433,186230396,61478578,61447562,1328220,0,0,0,0
2026-09-09 15:00:00,9257,3170,29,26,5742,0,22,9257,6049,0,0,2778,430,184986227,61235148,61204112,1327940,0,0,0,0
2026-09-09 16:00:00,9278,3172,28,26,5769,0,21,9278,6069,0,0,2776,433,185274069,61090158,61090142,1297220,0,0,0,0
2026-09-09 17:00:00,9287,3182,28,26,5751,0,24,9287,6068,0,0,2786,433,185089423,61357688,61357672,1299220,0,0,0,0
2026-09-09 18:00:00,9293,3172,30,26,5746,0,24,9293,6084,0,0,2779,430,184857434,60901808,60870772,1330240,0,0,0,0
2026-09-09 19:00:00,9286,3168,27,26,5757,0,75,9286,6080,0,0,2774,432,185280502,60944695,60944679,1296920,0,0,0,0
2026-09-09 20:00:00,9287,3168,27,26,5762,0,22,9287,6082,0,0,2773,432,185613227,60821635,60821619,1296920,0,0,0,0
2026-09-09 21:00:00,9337,3200,29,26,5748,0,23,9337,6100,0,0,2803,434,185831943,61669262,61669226,1300240,0,0,0,0
2026-09-09 22:00:00,9342,3200,29,26,5763,0,21,9342,6104,0,0,2803,435,185848674,61858371,61827355,1331220,0,0,0,0
2026-09-09 23:00:00,9338,3199,27,26,5753,0,125,9338,6102,0,0,2801,435,185853596,61746256,61746240,1296920,0,0,0,0
2026-09-10 00:00:00,9367,3207,28,26,5765,0,16,9367,6123,0,0,2808,436,186243909,61614916,61614880,1296940,0,0,0,0
2026-09-10 01:00:00,9397,3206,28,26,5763,0,30,9397,6152,0,0,2807,438,186585515,61629647,61629631,1299220,0,0,0,0
2026-09-10 02:00:00,9385,3202,29,26,5769,0,33,9385,6143,0,0,2804,438,186538582,61789497,61758481,1330220,0,0,0,0
2026-09-10 03:00:00,9397,3206,28,26,5768,0,24,9397,6151,0,0,2808,438,186530376,61787630,61787614,1286220,0,0,0,0
2026-09-10 04:00:00,9377,3207,29,26,5754,0,22,9377,6130,0,0,2810,437,185995212,61628170,61628134,1287240,0,0,0,0
2026-09-10 05:00:00,9393,3211,29,26,5762,0,23,9393,6143,0,0,2813,437,186504702,61578090,61547074,1314220,0,0,0,0
2026-09-10 06:00:00,9383,3208,29,26,5762,0,23,9383,6136,0,0,2811,436,186236858,61609130,61578114,1315220,0,0,0,0
2026-09-10 07:00:00,9377,3214,30,26,5761,0,100,9377,6124,0,0,2815,438,185720993,61694870,61663834,1315240,0,0,0,0
2026-09-10 08:00:00,9344,3185,29,26,5763,0,28,9344,6120,0,0,2785,439,184926090,60910110,60879094,1315220,0,0,0,0
2026-09-10 09:00:00,9387,3208,29,26,5770,0,29,9387,6140,0,0,2809,438,185982220,61645780,61614764,1313220,0,0,0,0
2026-09-10 10:00:00,9370,3206,30,26,5764,0,24,9370,6125,0,0,2807,438,185460292,61562350,61531314,1314240,0,0,0,0
2026-09-10 11:00:00,9396,3209,29,26,5775,0,21,9396,6148,0,0,2809,439,185949750,61747570,61716554,1312220,0,0,0,0
2026-09-10 12:00:00,9386,3207,29,26,5726,0,36,9386,6141,0,0,2805,440,185820742,61648561,61617545,1322220,0,0,0,0
2026-09-10 13:00:00,9340,3206,30,26,5671,0,29,9340,6095,0,0,2807,438,183857098,61352501,61321465,1322240,0,0,0,0
2026-09-10 14:00:00,9323,3208,29,26,5643,0,26,9323,6075,0,0,2809,439,184033997,61626051,61595035,1322220,0,0,0,0
2026-09-10 15:00:00,9338,3206,29,26,5652,0,58,9338,6092,0,0,2807,439,184908261,61756491,61725475,1322220,0,0,0,0
2026-09-10 16:00:00,9337,3202,30,26,5653,0,23,9337,6095,0,0,2806,436,185060415,61669820,61638784,1322240,0,0,0,0
2026-09-10 17:00:00,9345,3196,30,26,5663,0,12,9345,6109,0,0,2800,436,184496199,61426240,61395204,1332240,0,0,0,0
2026-09-10 18:00:00,9314,3192,29,26,5651,0,16,9314,6082,0,0,2797,435,183758455,61440081,61409065,1332620,0,0,0,0
2026-09-10 19:00:00,9338,3197,29,26,5673,0,27,9338,6101,0,0,2801,436,184094130,61645519,61614503,1332720,0,0,0,0
2026-09-10 20:00:00,9340,3192,30,26,5671,0,21,9340,6108,0,0,2803,429,184426841,61587479,61556443,1321740,0,0,0,0
2026-09-10 21:00:00,9331,3191,29,26,5671,0,14,9331,6100,0,0,2803,428,184314985,61579049,61548033,1320720,0,0,0,0
2026-09-10 22:00:00,9344,3196,29,26,5683,0,19,9344,6108,0,0,2807,429,184236038,61631549,61600533,1320620,0,0,0,0
2026-09-10 23:00:00,9368,3199,30,26,5691,0,31,9368,6129,0,0,2809,430,185234800,61633399,61602363,1318640,0,0,0,0
2026-09-11 00:00:00,9361,3194,29,26,5679,0,20,9361,6127,0,0,2805,429,184983010,61575959,61544943,1318620,0,0,0,0
2026-09-11 01:00:00,9396,3194,29,26,5684,0,29,9396,6162,0,0,2806,428,185494873,61592269,61561253,1318620,0,0,0,0
2026-09-11 02:00:00,9374,3197,30,26,5679,0,26,9374,6137,0,0,2810,427,185067524,61519309,61488273,1318640,0,0,0,0
2026-09-11 03:00:00,9366,3192,29,26,5665,0,20,9366,6134,0,0,2802,430,184802901,61436909,61405893,1320620,0,0,0,0
2026-09-11 04:00:00,9381,3195,29,26,5673,0,19,9381,6146,0,0,2805,430,185289764,61556479,61525463,1318620,0,0,0,0
2026-09-11 05:00:00,9400,3203,30,26,5677,0,26,9400,6158,0,0,2813,429,185409503,61582879,61551843,1314340,0,0,0,0
2026-09-11 06:00:00,9379,3200,29,26,5675,0,17,9379,6140,0,0,2809,430,184905673,61601319,61570303,1314320,0,0,0,0
2026-09-11 07:00:00,9395,3200,29,26,5681,0,25,9395,6156,0,0,2810,429,184726287,61568898,61537882,1283320,0,0,0,0
2026-09-11 08:00:00,9394,3202,30,26,5675,0,26,9394,6153,0,0,2813,428,184824526,61617668,61586632,1283340,0,0,0,0
2026-09-11 09:00:00,9365,3194,29,26,5661,0,25,9365,6132,0,0,2805,428,184804287,61547738,61516722,1274220,0,0,0,0
2026-09-11 10:00:00,9445,3203,29,26,5697,0,30,9445,6203,0,0,2812,430,186026745,61638909,61607893,1273220,0,0,0,0
2026-09-11 11:00:00,9387,3197,30,26,5638,0,23,9387,6151,0,0,2806,430,184113222,61515969,61484933,1274240,0,0,0,0
2026-09-11 12:00:00,9333,3193,28,25,5606,0,30,9333,6102,0,0,2801,430,183277105,61482310,61451294,1266320,0,0,0,0
2026-09-11 13:00:00,9301,3186,29,26,5574,0,25,9301,6075,0,0,2797,429,182719638,61365780,61334764,1273220,0,0,0,0
2026-09-11 14:00:00,9305,3190,30,26,5566,0,14,9305,6075,0,0,2801,429,183018635,61426663,61395627,1273240,0,0,0,0
2026-09-11 15:00:00,9295,3176,29,26,5562,0,22,9295,6080,0,0,2783,432,183598331,61265950,61234934,1271220,0,0,0,0
2026-09-11 16:00:00,9309,3167,29,26,5568,0,18,9309,6103,0,0,2773,433,183959346,61227499,61196483,1271220,0,0,0,0
2026-09-11 17:00:00,9284,3166,30,26,5542,0,20,9284,6079,0,0,2773,432,183271431,61226029,61194993,1274240,0,0,0,0
2026-09-11 18:00:00,9293,3168,29,26,5549,0,20,9293,6085,0,0,2776,432,183639027,61454431,61425415,1272220,0,0,0,0
2026-09-11 19:00:00,9212,3088,29,26,5487,0,18,9212,6084,0,0,2713,415,183261592,60837568,60808552,1272220,0,0,0,0
2026-09-11 20:00:00,9224,3080,30,26,5479,0,14,9224,6104,0,0,2712,408,183215849,60794030,60764994,1271240,0,0,0,0
2026-09-11 21:00:00,9216,3073,29,26,5258,0,12,9216,6103,0,0,2709,404,183323016,60871791,60842775,1268220,0,0,0,0
2026-09-11 22:00:00,9218,3071,28,25,5473,0,14,9218,6108,0,0,2705,405,183371619,60777411,60748395,1260320,0,0,0,0
2026-09-11 23:00:00,9239,3091,30,26,5453,0,14,9239,6108,0,0,2725,406,183302263,60841340,60812304,1264240,0,0,0,0
2026-09-12 00:00:00,9301,3153,29,26,5521,0,14,9301,6108,0,0,2770,423,184076575,61436751,61407735,1264220,0,0,0,0
2026-09-12 01:00:00,9329,3149,29,26,5507,0,22,9329,6140,0,0,2767,422,184158641,61344311,61315295,1265420,0,0,0,0
2026-09-12 02:00:00,9347,3153,30,26,5502,0,15,9347,6154,0,0,2770,423,184752380,61376741,61347705,1266440,0,0,0,0
2026-09-12 03:00:00,9344,3151,29,26,5502,0,24,9344,6154,0,0,2768,422,185152481,61434101,61405085,1284420,0,0,0,0
2026-09-12 04:00:00,9339,3153,29,26,5501,0,22,9339,6147,0,0,2771,421,185591501,61464581,61435565,1294420,0,0,0,0
2026-09-12 05:00:00,9367,3155,30,26,5509,0,19,9367,6173,0,0,2771,423,185377413,61443624,61414588,1294440,0,0,0,0
2026-09-12 06:00:00,9361,3145,30,26,5506,0,55,9361,6177,0,0,2760,424,185101707,61321309,61292273,1294440,0,0,0,0
2026-09-12 07:00:00,9356,3145,29,26,5513,0,44,9356,6172,0,0,2761,423,184969524,61300719,61271703,1294420,0,0,0,0
2026-09-12 08:00:00,9333,3145,29,26,5510,0,22,9333,6149,0,0,2762,422,184380653,61340499,61310483,1295520,0,0,0,0
2026-09-12 09:00:00,9362,3149,30,26,5505,0,23,9362,6174,0,0,2766,422,185126533,61355752,61325716,1293940,0,0,0,0
2026-09-12 10:00:00,9354,3146,29,26,5510,0,15,9354,6169,0,0,2762,423,185309788,61369311,61339295,1293920,0,0,0,0
2026-09-12 11:00:00,9353,3126,29,26,5513,0,24,9353,6188,0,0,2741,424,185661162,61163551,61133535,1296920,0,0,0,0
2026-09-12 12:00:00,9324,3126,30,26,5502,0,19,9324,6159,0,0,2743,422,184655924,61018368,60988332,1296940,0,0,0,0
2026-09-12 13:00:00,9288,3122,29,26,5466,0,22,9288,6126,0,0,2740,422,183225436,60844788,60814772,1296920,0,0,0,0
2026-09-12 14:00:00,9155,3006,30,26,5326,0,26,9155,6109,0,0,2622,424,182533178,60385649,60355613,1275940,0,0,0,0
2026-09-12 15:00:00,9158,2995,30,26,5329,0,20,9158,6123,0,0,2612,423,183413110,60382348,60352312,1275940,0,0,0,0
2026-09-12 16:00:00,9158,2990,29,26,5329,0,15,9158,6128,0,0,2605,425,183155995,60391919,60361903,1275920,0,0,0,0
2026-09-12 17:00:00,9143,2990,29,26,5325,0,46,9143,6113,0,0,2605,425,183378023,60501209,60471193,1274920,0,0,0,0
2026-09-12 18:00:00,9146,2988,30,26,5342,0,50,9146,6118,0,0,2605,423,183551455,60277635,60247599,1274940,0,0,0,0
2026-09-12 19:00:00,9164,2987,29,26,5344,0,26,9164,6137,0,0,2603,424,183874873,60281678,60251662,1274920,0,0,0,0
2026-09-12 20:00:00,9140,2992,30,26,5336,0,20,9140,6108,0,0,2609,423,183619674,60511127,60481091,1275140,0,0,0,0
2026-09-12 21:00:00,9164,3011,29,26,5359,0,14,9164,6113,0,0,2628,423,184243718,60580187,60550171,1273020,0,0,0,0
2026-09-12 22:00:00,9184,3011,29,26,5362,0,25,9184,6133,0,0,2628,423,184231373,60547997,60517981,1272020,0,0,0,0
2026-09-12 23:00:00,9196,3012,29,26,5351,0,23,9196,6144,0,0,2629,423,184432062,60540943,60510927,1274020,0,0,0,0
2026-09-13 00:00:00,9195,3014,30,26,5339,0,27,9195,6141,0,0,2631,423,184669830,60540583,60510547,1274040,0,0,0,0
2026-09-13 01:00:00,9238,3010,30,26,5353,0,24,9238,6188,0,0,2627,423,185365062,60526533,60496497,1274140,0,0,0,0
2026-09-13 02:00:00,9199,2993,29,26,5334,0,17,9199,6166,0,0,2610,423,184205857,60187493,60157477,1274120,0,0,0,0
2026-09-13 03:00:00,9195,2988,29,26,5337,0,21,9195,6168,0,0,2604,423,184624144,60196663,60166647,1274120,0,0,0,0
2026-09-13 04:00:00,9197,2997,30,26,5331,0,24,9197,6161,0,0,2613,423,184634589,60340543,60310507,1276140,0,0,0,0
2026-09-13 05:00:00,9183,2997,30,26,5338,0,18,9183,6147,0,0,2614,422,184360154,60305135,60275099,1279740,0,0,0,0
2026-09-13 06:00:00,9192,2993,29,26,5343,0,24,9192,6160,0,0,2611,421,184670143,60288694,60258678,1280720,0,0,0,0
2026-09-13 07:00:00,9199,2996,30,26,5346,0,23,9199,6164,0,0,2614,421,184854405,60428734,60398698,1280740,0,0,0,0
2026-09-13 08:00:00,9195,2987,29,26,5356,0,24,9195,6169,0,0,2606,420,185039575,60307634,60277618,1280720,0,0,0,0
2026-09-13 09:00:00,9195,2988,29,26,5352,0,27,9195,6168,0,0,2607,420,184576459,60318924,60288908,1279720,0,0,0,0
2026-09-13 10:00:00,9227,3012,30,26,5353,0,23,9227,6176,0,0,2631,420,184935596,60554066,60524030,1279740,0,0,0,0
2026-09-13 11:00:00,9201,3002,29,26,5340,0,25,9201,6160,0,0,2621,420,185104662,60468578,60438562,1281720,0,0,0,0
2026-09-13 12:00:00,9204,3002,29,26,5346,0,15,9204,6163,0,0,2622,419,185006714,60471729,60441713,1281720,0,0,0,0
2026-09-13 13:00:00,9202,3028,30,26,5326,0,20,9202,6135,0,0,2646,421,183727009,60460099,60430063,1280540,0,0,0,0
2026-09-13 14:00:00,9170,3027,29,26,5296,0,17,9170,6104,0,0,2645,421,183292421,60524360,60494344,1280520,0,0,0,0
2026-09-13 15:00:00,9171,3017,29,26,5292,0,21,9171,6114,0,0,2638,419,183625958,60543249,60513233,1281520,0,0,0,0
2026-09-13 16:00:00,9169,3024,30,26,5287,0,21,9169,6105,0,0,2644,420,183855433,60588930,60558894,1282540,0,0,0,0
2026-09-13 17:00:00,9198,3021,29,26,5316,0,21,9198,6137,0,0,2638,423,184300347,60526090,60496074,1281920,0,0,0,0
2026-09-13 18:00:00,9159,3004,30,26,5285,0,20,9159,6115,0,0,2623,421,183274788,60275170,60246134,1280940,0,0,0,0
2026-09-13 19:00:00,9149,3003,29,26,5294,0,30,9149,6106,0,0,2623,420,183323507,60474887,60445871,1280920,0,0,0,0
2026-09-13 20:00:00,9152,3012,29,26,5291,0,19,9152,6100,0,0,2631,421,183675288,60670057,60641041,1280920,0,0,0,0
2026-09-13 21:00:00,9184,3019,30,26,5300,0,22,9184,6125,0,0,2636,423,183991917,60634987,60605951,1281940,0,0,0,0
2026-09-13 22:00:00,9182,3011,29,26,5295,0,22,9182,6131,0,0,2629,422,184301352,60507893,60478877,1284920,0,0,0,0
2026-09-13 23:00:00,9208,3016,29,26,5299,0,26,9208,6152,0,0,2634,422,185082610,60645920,60616904,1284920,0,0,0,0
2026-09-14 00:00:00,9215,3016,30,26,5307,0,24,9215,6159,0,0,2634,422,184903796,60678059,60649023,1284940,0,0,0,0
2026-09-14 01:00:00,9251,3016,29,26,5323,0,27,9251,6195,0,0,2633,423,185693013,60761859,60732843,1286920,0,0,0,0
2026-09-14 02:00:00,9249,3021,29,26,5326,0,21,9249,6188,0,0,2638,423,185765846,60818129,60789113,1287920,0,0,0,0
2026-09-14 03:00:00,9246,3024,30,26,5344,0,22,9246,6182,0,0,2641,423,185814020,60788270,60759234,1288940,0,0,0,0
2026-09-14 04:00:00,9250,3027,29,26,5345,0,37,9250,6184,0,0,2642,424,185727885,60816839,60787823,1288920,0,0,0,0
2026-09-14 05:00:00,9238,3027,29,26,5348,0,26,9238,6172,0,0,2639,427,185712122,60809910,60780894,1287520,0,0,0,0
2026-09-14 06:00:00,9244,3025,30,26,5346,0,34,9244,6179,0,0,2637,428,185863795,60669520,60640484,1287540,0,0,0,0
2026-09-14 07:00:00,9232,3026,30,26,5361,0,26,9232,6166,0,0,2640,426,185895288,60682460,60653424,1287540,0,0,0,0
2026-09-14 08:00:00,9240,3038,29,26,5372,0,36,9240,6162,0,0,2647,431,185665436,60814179,60785163,1287720,0,0,0,0
2026-09-14 09:00:00,9273,3038,30,26,5370,0,31,9273,6195,0,0,2649,429,186294306,60715289,60686253,1287740,0,0,0,0
2026-09-14 10:00:00,9223,3031,29,26,5362,0,28,9223,6152,0,0,2642,429,185702384,60649680,60620664,1287720,0,0,0,0
2026-09-14 11:00:00,9198,3028,29,26,5325,0,27,9198,6130,0,0,2638,430,184398657,60488532,60459516,1287720,0,0,0,0
2026-09-14 12:00:00,9199,3027,30,26,5305,0,26,9199,6132,0,0,2638,429,183537336,60389463,60360427,1294740,0,0,0,0
2026-09-14 13:00:00,9152,3008,29,26,5263,0,36,9152,6103,0,0,2619,430,183558861,60325353,60296337,1303720,0,0,0,0
2026-09-14 14:00:00,9161,3018,29,26,5255,0,28,9161,6102,0,0,2620,439,183881149,60362004,60332988,1302720,0,0,0,0
2026-09-14 15:00:00,9173,3021,29,26,5261,0,28,9173,6111,0,0,2625,437,182914309,59966452,59937436,1297420,0,0,0,0
2026-09-14 16:00:00,9179,3019,29,26,5263,0,14,9179,6120,0,0,2621,438,183752259,60054783,60025767,1297420,0,0,0,0
2026-09-14 17:00:00,9203,3028,29,26,5275,0,22,9203,6135,0,0,2627,441,184109864,60320247,60291231,1297420,0,0,0,0
2026-09-14 18:00:00,9203,3029,30,26,5271,0,19,9203,6133,0,0,2629,441,184202590,60261547,60232511,1297440,0,0,0,0
2026-09-14 19:00:00,9211,3032,30,26,5230,0,10,9211,6138,0,0,2633,440,194122960,63234631,63200313,1006142,0,0,0,0
2026-09-14 20:00:00,9209,3027,30,26,5238,0,19,9209,6141,0,0,2629,439,193920446,63110520,63076202,997142,0,0,0,0
2026-09-14 21:00:00,9307,3143,31,26,5223,0,16,9307,6123,0,0,2744,440,194158633,63745200,63710862,1002162,0,0,0,0
2026-09-14 22:00:00,9304,3141,31,26,5273,0,18,9304,6122,0,0,2741,441,184131173,60774162,60739826,1298740,0,0,0,0
2026-09-14 23:00:00,9348,3149,30,26,5287,0,14,9348,6158,0,0,2748,442,185416071,61014411,60980095,1302820,0,0,0,0
2026-09-15 00:00:00,9325,3145,31,26,5118,0,17,9325,6139,0,0,2745,441,203516808,69155709,69118092,1388521,0,0,0,0
2026-09-15 01:00:00,9378,3146,30,26,5114,0,21,9378,6191,0,0,2746,441,204059634,69105210,69069293,1388821,0,0,0,0
2026-09-15 02:00:00,9378,3148,30,26,5111,0,20,9378,6189,0,0,2748,441,204473555,69286930,69251013,1388821,0,0,0,0
2026-09-15 03:00:00,9383,3155,31,26,5114,0,13,9383,6187,0,0,2752,444,204968578,69309569,69271952,1390521,0,0,0,0
2026-09-15 04:00:00,9371,3153,30,26,5100,0,13,9371,6178,0,0,2750,443,204133249,69133039,69097122,1388821,0,0,0,0
2026-09-15 05:00:00,9372,3149,30,26,5103,0,23,9372,6183,0,0,2747,442,204090973,69080210,69044293,1378821,0,0,0,0
2026-09-15 06:00:00,9380,3156,31,26,5104,0,58,9380,6184,0,0,2753,443,203890151,69220577,69182960,1380521,0,0,0,0
2026-09-15 07:00:00,9391,3150,30,26,5103,0,43,9391,6201,0,0,2749,441,204235084,69216281,69180364,1378821,0,0,0,0
2026-09-15 08:00:00,9389,3145,30,26,5110,0,29,9389,6204,0,0,2744,441,204303310,69101301,69065384,1382821,0,0,0,0
2026-09-15 09:00:00,9388,3152,31,26,5108,0,23,9388,6196,0,0,2753,439,203979870,69061691,69024074,1384521,0,0,0,0
2026-09-15 10:00:00,9384,3147,30,26,5119,0,29,9384,6197,0,0,2748,439,203957660,68925161,68889244,1382821,0,0,0,0
2026-09-15 11:00:00,9388,3152,30,26,5112,0,27,9388,6196,0,0,2751,441,204306774,69229450,69193533,1380821,0,0,0,0
2026-09-15 12:00:00,9374,3140,31,26,5097,0,16,9374,6194,0,0,2742,438,203872857,68892189,68854572,1382521,0,0,0,0
2026-09-15 13:00:00,9333,3137,30,26,5064,0,27,9333,6155,0,0,2741,437,202687355,68836729,68800812,1390821,0,0,0,0
2026-09-15 14:00:00,9301,3141,30,26,5048,0,26,9301,6119,0,0,2740,442,202308209,69075405,69039488,1390821,0,0,0,0
2026-09-15 15:00:00,9299,3142,30,26,5046,0,18,9299,6116,0,0,2742,441,202372150,69006003,68970086,1390821,0,0,0,0
2026-09-15 16:00:00,9348,3149,30,26,5063,0,18,9348,6158,0,0,2748,442,203744780,69204934,69169017,1390921,0,0,0,0
2026-09-15 17:00:00,9344,3150,30,26,5059,0,20,9344,6153,0,0,2749,442,203497531,69118544,69082627,1389921,0,0,0,0
2026-09-15 18:00:00,9262,3067,30,26,5003,0,16,9262,6154,0,0,2683,425,202640414,68412429,68376512,1391221,0,0,0,0
2026-09-15 19:00:00,9284,3094,30,26,5025,0,28,9284,6149,0,0,2703,432,203008183,68676698,68640781,1391221,0,0,0,0
2026-09-15 20:00:00,9328,3138,30,26,5040,0,21,9328,6149,0,0,2737,442,203186170,68776878,68740961,1382221,0,0,0,0
2026-09-15 21:00:00,9351,3137,31,26,5031,0,10,9351,6173,0,0,2737,441,203701059,68721549,68683932,1383921,0,0,0,0
2026-09-15 22:00:00,9330,3129,30,26,5026,0,20,9330,6160,0,0,2730,440,203515216,68874838,68838921,1382221,0,0,0,0
2026-09-15 23:00:00,9358,3136,30,26,5038,0,12,9358,6181,0,0,2738,439,204298980,68975710,68939793,1382221,0,0,0,0
2026-09-16 00:00:00,9355,3138,30,26,5039,0,23,9355,6176,0,0,2739,440,204402234,68972030,68936113,1384121,0,0,0,0
2026-09-16 01:00:00,9383,3134,31,26,5053,0,27,9383,6207,0,0,2734,442,204757538,68957720,68920103,1385821,0,0,0,0
2026-09-16 02:00:00,9381,3135,30,26,5057,0,15,9381,6204,0,0,2738,439,204691753,68816840,68780923,1389921,0,0,0,0
2026-09-16 03:00:00,9360,3131,29,26,5051,0,13,9360,6187,0,0,2736,437,204720394,68765305,68761388,1357921,0,0,0,0
2026-09-16 04:00:00,9360,3144,30,26,5060,0,17,9360,6175,0,0,2745,440,204621806,68889775,68884158,1369621,0,0,0,0
2026-09-16 05:00:00,9373,3147,30,26,5064,0,19,9373,6185,0,0,2749,439,204618704,68831536,68795619,1399921,0,0,0,0
2026-09-16 06:00:00,9366,3140,30,26,5077,0,11,9366,6185,0,0,2742,439,204681182,68780506,68744589,1398921,0,0,0,0
2026-09-16 07:00:00,9366,3145,31,26,5078,0,24,9366,6180,0,0,2745,441,204472106,68784166,68746549,1401621,0,0,0,0
2026-09-16 08:00:00,9370,3143,30,26,5092,0,33,9370,6186,0,0,2742,442,204649313,68893217,68857300,1399921,0,0,0,0
2026-09-16 09:00:00,9383,3148,30,26,5111,0,35,9383,6194,0,0,2746,443,205260363,69122707,69086790,1409921,0,0,0,0
2026-09-16 10:00:00,9375,3153,31,26,5124,0,19,9375,6181,0,0,2750,444,205067087,69160937,69123320,1401621,0,0,0,0
2026-09-16 11:00:00,9381,3151,30,26,5127,0,19,9381,6189,0,0,2748,444,205522309,69291519,69255602,1396921,0,0,0,0
2026-09-16 12:00:00,9377,3148,30,26,5125,0,22,9377,6188,0,0,2745,444,205531918,69214734,69178817,1396921,0,0,0,0
2026-09-16 13:00:00,9325,3145,31,26,5093,0,27,9325,6138,0,0,2745,442,204087287,69132382,69094765,1399621,0,0,0,0
2026-09-16 14:00:00,9296,3143,30,26,5070,0,24,9296,6111,0,0,2743,442,202841266,68960454,68924537,1397921,0,0,0,0
2026-09-16 15:00:00,9295,3128,30,26,5057,0,13,9295,6125,0,0,2730,440,203192926,68617473,68580656,1398921,0,0,0,0
2026-09-16 16:00:00,9315,3136,31,26,5044,0,23,9315,6137,0,0,2734,444,203351906,68537474,68498957,1400621,0,0,0,0
2026-09-16 17:00:00,9345,3145,30,26,5092,0,11,9345,6158,0,0,2745,442,204281190,68861053,68824236,1398921,0,0,0,0
2026-09-16 18:00:00,9335,3143,30,26,5109,0,15,9335,6150,0,0,2744,441,204578476,68804832,68768015,1404921,0,0,0,0
2026-09-16 19:00:00,9346,3145,33,26,5115,0,14,9346,6159,0,0,2744,443,204920328,69116962,69062962,1422504,0,0,0,0
2026-09-16 20:00:00,9352,3142,33,26,5123,0,17,9352,6168,0,0,2741,443,204893486,69185044,69132727,1421821,0,0,0,0
2026-09-16 21:00:00,9366,3144,32,26,5140,0,10,9366,6180,0,0,2745,441,205451681,69145305,69097788,1417021,0,0,0,0
2026-09-16 22:00:00,9361,3147,33,26,5144,0,12,9361,6172,0,0,2749,440,205151405,69089176,69039959,1418721,0,0,0,0
2026-09-16 23:00:00,9306,3129,32,26,5102,0,17,9306,6135,0,0,2730,441,204582608,69019346,68971829,1417021,0,0,0,0
2026-09-17 00:00:00,9293,3128,32,26,5099,0,20,9293,6123,0,0,2727,443,203737782,68972546,68925029,1417021,0,0,0,0
2026-09-17 01:00:00,9327,3127,33,26,4939,0,23,9327,6158,0,0,2730,439,194100624,64535127,64488909,1378622,0,0,0,0
2026-09-17 02:00:00,9356,3129,32,26,4964,0,28,9356,6185,0,0,2732,439,195118586,64670327,64625809,1376922,0,0,0,0
2026-09-17 03:00:00,9315,3128,32,26,4947,0,22,9315,6145,0,0,2731,439,193962059,64404495,64359977,1376922,0,0,0,0
2026-09-17 04:00:00,9329,3136,33,26,4940,0,26,9329,6151,0,0,2736,442,193397739,64514196,64467978,1378622,0,0,0,0
2026-09-17 05:00:00,9339,3129,32,26,4948,0,16,9339,6169,0,0,2729,441,193529304,64317017,64272499,1376922,0,0,0,0
2026-09-17 06:00:00,9317,3119,31,25,4943,0,16,9317,6158,0,0,2722,437,193678177,64199506,64154988,1375922,0,0,0,0
2026-09-17 07:00:00,9328,3129,32,25,4951,0,21,9328,6159,0,0,2730,439,193576594,64235055,64188837,1377622,0,0,0,0
2026-09-17 08:00:00,9332,3124,31,25,4960,0,17,9332,6168,0,0,2725,439,193743262,64221010,64176492,1374922,0,0,0,0
2026-09-17 09:00:00,9326,3128,31,25,4968,0,26,9326,6158,0,0,2728,440,193561289,64171010,64126792,1374622,0,0,0,0
2026-09-17 10:00:00,9343,3135,32,25,4980,0,44,9343,6168,0,0,2736,439,193759050,64155371,64109453,1376322,0,0,0,0
2026-09-17 11:00:00,9357,3135,32,26,4990,0,33,9357,6181,0,0,2736,440,193608613,64236990,64191372,1387022,0,0,0,0
2026-09-17 12:00:00,9316,3116,32,26,4980,0,23,9316,6159,0,0,2721,436,193123857,64012470,63966852,1387022,0,0,0,0
2026-09-17 13:00:00,9279,3107,32,29,4953,0,20,9279,6127,0,0,2715,437,191633935,63920440,63891423,1387122,0,0,0,0
2026-09-17 14:00:00,9256,3115,32,28,4927,0,16,9256,6097,0,0,2722,437,191039435,63894192,63863475,1382722,0,0,0,0
2026-09-17 15:00:00,9267,3111,31,28,4929,0,15,9267,6112,0,0,2718,437,191743830,63778432,63751415,1374022,0,0,0,0
2026-09-17 16:00:00,9292,3111,32,29,4953,0,10,9292,6136,0,0,2719,437,191555958,62832734,62805717,1379422,0,0,0,0
2026-09-17 17:00:00,9294,3106,33,29,4986,0,13,9294,6143,0,0,2714,437,193296824,62984891,62956174,1386122,0,0,0,0
2026-09-17 18:00:00,9259,3101,33,29,4977,0,24,9259,6113,0,0,2710,436,192791826,63046359,63017642,1387122,0,0,0,0
2026-09-17 19:00:00,9266,3105,32,29,4973,0,20,9266,6116,0,0,2713,437,192759147,63063329,63036312,1385222,0,0,0,0
2026-09-17 20:00:00,9301,3115,33,29,4995,0,23,9301,6141,0,0,2723,437,193463859,63051249,63022532,1386922,0,0,0,0
2026-09-17 21:00:00,9293,3115,32,29,4991,0,13,9293,6133,0,0,2723,437,193374480,63078740,63051723,1386222,0,0,0,0
2026-09-17 22:00:00,9285,3119,32,29,4995,0,32,9285,6121,0,0,2727,437,193367500,63311299,63284282,1386222,0,0,0,0
2026-09-17 23:00:00,9313,3123,33,29,4999,0,17,9313,6145,0,0,2732,436,194057664,63305029,63276312,1387922,0,0,0,0
2026-09-18 00:00:00,9325,3119,32,29,5003,0,21,9325,6161,0,0,2729,435,196134735,62129368,62102348,1378225,0,0,0,0
2026-09-18 01:00:00,9363,3117,32,29,5005,0,16,9363,6201,0,0,2727,435,196617592,62103131,62076111,1378225,0,0,0,0
2026-09-18 02:00:00,9353,3112,33,29,5005,0,19,9353,6196,0,0,2722,435,196436718,62160607,62131787,1382025,0,0,0,0
2026-09-18 03:00:00,9340,3117,32,29,5009,0,19,9340,6178,0,0,2727,435,196733318,62303388,62276368,1380225,0,0,0,0
2026-09-18 04:00:00,9340,3121,32,29,5002,0,30,9340,6174,0,0,2727,439,197462419,62766928,62739908,1360225,0,0,0,0
2026-09-18 05:00:00,9356,3128,33,29,5018,0,17,9356,6183,0,0,2728,445,197578433,62853809,62824989,1362025,0,0,0,0
2026-09-18 06:00:00,9328,3125,32,29,5017,0,22,9328,6159,0,0,2724,445,197347157,63120549,63093529,1359225,0,0,0,0
2026-09-18 07:00:00,9335,3126,32,29,5024,0,31,9335,6165,0,0,2726,444,197076324,62951727,62924707,1359225,0,0,0,0
2026-09-18 08:00:00,9352,3136,33,29,5035,0,17,9352,6172,0,0,2735,445,197290880,63136591,63107771,1369125,0,0,0,0
2026-09-18 09:00:00,9340,3130,32,29,5044,0,31,9340,6166,0,0,2728,446,197691912,63225472,63198452,1367325,0,0,0,0
2026-09-18 10:00:00,9334,3130,32,29,5051,0,32,9334,6160,0,0,2727,447,197616428,63311772,63284752,1378325,0,0,0,0
2026-09-18 11:00:00,9349,3133,33,29,5049,0,20,9349,6172,0,0,2731,446,197518010,63359561,63330741,1380125,0,0,0,0
2026-09-18 12:00:00,9346,3131,32,29,5043,0,28,9346,6171,0,0,2728,447,197441783,63228941,63201921,1378325,0,0,0,0
2026-09-18 13:00:00,9305,3124,32,29,5001,0,23,9305,6136,0,0,2723,446,196115766,63130602,63103582,1378325,0,0,0,0
2026-09-18 14:00:00,9271,3119,33,29,4982,0,36,9271,6107,0,0,2718,446,195706831,62969704,62940884,1380225,0,0,0,0
2026-09-18 15:00:00,9256,3113,32,29,4978,0,16,9256,6098,0,0,2711,447,195517816,62974783,62947763,1378425,0,0,0,0
2026-09-18 16:00:00,9343,3177,32,29,4996,0,26,9343,6121,0,0,2771,451,196259189,63433424,63406404,1368425,0,0,0,0
2026-09-18 17:00:00,9371,3204,32,28,4989,0,23,9371,6123,0,0,2801,447,196596997,63504735,63475915,1358225,0,0,0,0
2026-09-18 18:00:00,9363,3200,32,29,4987,0,19,9363,6118,0,0,2795,450,196275341,63438418,63411398,1369425,0,0,0,0
2026-09-18 19:00:00,9367,3203,32,29,4985,0,20,9367,6119,0,0,2798,450,196842164,63618463,63591443,1419425,0,0,0,0
2026-09-18 20:00:00,9385,3213,33,29,4993,0,23,9385,6127,0,0,2808,450,197218869,63690675,63661855,1422225,0,0,0,0
2026-09-18 21:00:00,9386,3212,32,29,5004,0,17,9386,6129,0,0,2807,450,198000897,63810296,63783276,1420425,0,0,0,0
2026-09-18 22:00:00,9387,3215,32,29,5004,0,20,9387,6127,0,0,2810,450,197765334,63855835,63828814,1420426,0,0,0,0
2026-09-18 23:00:00,9430,3221,32,28,5015,0,26,9430,6165,0,0,2814,451,198456754,63870909,63842088,1417826,0,0,0,0
2026-09-19 00:00:00,9424,3223,32,29,5022,0,14,9424,6156,0,0,2817,451,199083631,64062059,64035038,1420426,0,0,0,0
2026-09-19 01:00:00,9450,3210,32,29,5047,0,19,9450,6195,0,0,2805,450,199868205,64025121,63998100,1417426,0,0,0,0
2026-09-19 02:00:00,9449,3210,33,29,5048,0,19,9449,6194,0,0,2805,450,199307294,64085299,64056478,1417226,0,0,0,0
2026-09-19 03:00:00,9451,3217,32,29,5047,0,15,9451,6189,0,0,2811,451,199631719,64048876,64021855,1406426,0,0,0,0
2026-09-19 04:00:00,9452,3214,32,29,5048,0,16,9452,6193,0,0,2807,452,199864383,63953327,63926306,1405326,0,0,0,0
2026-09-19 05:00:00,9465,3223,33,29,5051,0,20,9465,6198,0,0,2814,453,200112837,63968818,63941777,1404045,0,0,0,0
2026-09-19 06:00:00,9453,3219,32,29,5063,0,13,9453,6190,0,0,2810,453,199736662,64085428,64058407,1389225,0,0,0,0
2026-09-19 07:00:00,9465,3221,32,29,5083,0,18,9465,6200,0,0,2812,453,200269834,64114649,64087628,1389526,0,0,0,0
2026-09-19 08:00:00,9456,3225,32,29,5094,0,33,9456,6187,0,0,2816,453,200068149,64151002,64123981,1390526,0,0,0,0
2026-09-19 09:00:00,9464,3227,33,29,5108,0,31,9464,6193,0,0,2819,452,200588154,64186949,64159908,1390646,0,0,0,0
2026-09-19 10:00:00,9463,3225,32,29,5132,0,68,9463,6194,0,0,2816,453,200319561,64248351,64221330,1391626,0,0,0,0
2026-09-19 11:00:00,9467,3224,32,29,5126,0,34,9467,6199,0,0,2816,452,200083988,64235251,64208230,1391326,0,0,0,0
2026-09-19 12:00:00,9469,3222,33,29,5127,0,34,9469,6203,0,0,2815,451,200347722,64225653,64197612,1406346,0,0,0,0
2026-09-19 13:00:00,9408,3211,33,29,5093,0,41,9408,6153,0,0,2807,448,198667381,63875853,63847812,1404146,0,0,0,0
2026-09-19 14:00:00,9383,3207,32,29,5077,0,22,9383,6132,0,0,2802,449,197795721,63879365,63854344,1403126,0,0,0,0
2026-09-19 15:00:00,9412,3216,33,29,5096,0,25,9412,6152,0,0,2810,450,199040026,64022624,63997583,1443146,0,0,0,0
2026-09-19 16:00:00,9404,3203,32,29,5105,0,32,9404,6157,0,0,2801,446,198916441,63731447,63706425,1443227,0,0,0,0
2026-09-19 17:00:00,9386,3170,31,28,5087,0,20,9386,6173,0,0,2768,445,197893987,62371918,62346896,1412227,0,0,0,0
2026-09-19 18:00:00,9412,3207,33,29,5120,0,20,9412,6161,0,0,2800,451,199385574,64121548,64096506,1442247,0,0,0,0
2026-09-19 19:00:00,9396,3201,32,29,5130,0,15,9396,6151,0,0,2796,449,198539926,64118055,64093033,1441127,0,0,0,0
2026-09-19 20:00:00,9405,3204,31,29,5150,0,24,9405,6157,0,0,2799,449,198935748,64184954,64159954,1441105,0,0,0,0
2026-09-19 21:00:00,9415,3206,32,29,5156,0,13,9415,6165,0,0,2801,449,199459353,64205723,64180703,1441125,0,0,0,0
2026-09-19 22:00:00,9406,3202,31,29,5167,0,21,9406,6160,0,0,2798,448,199357500,64216573,64191573,1444105,0,0,0,0
2026-09-19 23:00:00,9416,3203,32,29,5163,0,18,9416,6169,0,0,2799,448,200159484,64285515,64260493,1443127,0,0,0,0
2026-09-20 00:00:00,9421,3212,33,29,5177,0,16,9421,6165,0,0,2807,449,200082428,64333291,64306249,1445147,0,0,0,0
2026-09-20 01:00:00,9443,3209,32,29,5184,0,12,9443,6191,0,0,2803,449,200845700,64562451,64535429,1445127,0,0,0,0
2026-09-20 02:00:00,9439,3211,32,28,5178,0,17,9439,6186,0,0,2804,449,200410809,64478791,64451749,1437647,0,0,0,0
2026-09-20 03:00:00,9443,3214,33,29,5180,0,19,9443,6185,0,0,2809,449,200591625,64578441,64551399,1443147,0,0,0,0
2026-09-20 04:00:00,9428,3209,32,29,5184,0,15,9428,6175,0,0,2804,449,200692855,64615619,64588597,1433127,0,0,0,0
2026-09-20 05:00:00,9438,3209,32,29,5182,0,15,9438,6186,0,0,2802,450,201073262,64650073,64623051,1382127,0,0,0,0
2026-09-20 06:00:00,9437,3217,33,29,5195,0,20,9437,6177,0,0,2810,450,200931298,64721733,64694691,1385147,0,0,0,0
2026-09-20 07:00:00,9436,3214,32,29,5200,0,23,9436,6179,0,0,2808,449,200949615,64763369,64736347,1395127,0,0,0,0
2026-09-20 08:00:00,9406,3193,32,29,5196,0,66,9406,6170,0,0,2797,439,200520136,64553590,64526568,1393127,0,0,0,0
2026-09-20 09:00:00,9440,3208,33,29,5204,0,44,9440,6189,0,0,2804,447,201147025,64732649,64705607,1392147,0,0,0,0
2026-09-20 10:00:00,9440,3208,32,29,5209,0,23,9440,6189,0,0,2803,448,201043398,64780319,64753297,1393127,0,0,0,0
2026-09-20 11:00:00,9452,3218,32,29,5212,0,23,9452,6191,0,0,2811,450,201230316,64903109,64876087,1394227,0,0,0,0
2026-09-20 12:00:00,9462,3225,33,29,5224,0,28,9462,6194,0,0,2817,451,201744310,64882510,64855468,1395247,0,0,0,0
2026-09-20 13:00:00,9410,3204,32,29,5198,0,25,9410,6162,0,0,2807,441,201049209,64738692,64711670,1395627,0,0,0,0
2026-09-20 14:00:00,9374,3198,32,29,5174,0,22,9374,6132,0,0,2800,442,199974738,64715810,64688788,1395727,0,0,0,0
2026-09-20 15:00:00,9384,3203,31,29,5189,0,17,9384,6137,0,0,2806,441,200473315,64730360,64730318,1367647,0,0,0,0
2026-09-20 16:00:00,9376,3201,32,29,5178,0,15,9376,6131,0,0,2803,442,200402814,64578395,64578353,1370447,0,0,0,0
2026-09-20 17:00:00,9384,3200,32,29,5187,0,17,9384,6140,0,0,2803,441,200464252,64580125,64553103,1381427,0,0,0,0
2026-09-20 18:00:00,9390,3204,31,28,5195,0,12,9390,6143,0,0,2810,437,200477503,64709091,64682069,1376027,0,0,0,0
2026-09-20 19:00:00,9386,3206,33,29,5215,0,26,9386,6136,0,0,2812,438,200574706,64875812,64848770,1382247,0,0,0,0
2026-09-20 20:00:00,9392,3206,32,28,5228,0,20,9392,6143,0,0,2809,440,201013962,64924072,64897030,1376747,0,0,0,0
2026-09-20 21:00:00,9414,3201,32,29,5242,0,16,9414,6169,0,0,2806,439,201623070,64799233,64772211,1399327,0,0,0,0
2026-09-20 22:00:00,9406,3206,32,29,5247,0,15,9406,6156,0,0,2810,440,201515094,64923683,64896661,1399127,0,0,0,0
2026-09-20 23:00:00,9407,3207,33,29,5239,0,18,9407,6156,0,0,2811,440,201965380,64886719,64859677,1419147,0,0,0,0
2026-09-21 00:00:00,9417,3209,31,28,5250,0,15,9417,6165,0,0,2812,440,202104343,64973579,64946557,1413827,0,0,0,0
2026-09-21 01:00:00,9443,3210,32,29,5259,0,23,9443,6189,0,0,2814,440,202466492,64986400,64959378,1414527,0,0,0,0
2026-09-21 02:00:00,9437,3213,33,29,5261,0,22,9437,6180,0,0,2817,440,201946695,65003951,64976909,1413547,0,0,0,0
2026-09-21 03:00:00,9438,3212,32,29,5258,0,13,9438,6182,0,0,2816,440,201978159,64961595,64934573,1412527,0,0,0,0
2026-09-21 04:00:00,9446,3210,32,29,5253,0,36,9446,6192,0,0,2814,440,202322428,65070876,65043854,1412527,0,0,0,0
2026-09-21 05:00:00,9458,3203,33,29,5258,0,30,9458,6211,0,0,2813,434,202850015,64964131,64937089,1405247,0,0,0,0
2026-09-21 06:00:00,9453,3208,33,29,5273,0,17,9453,6202,0,0,2817,434,202695119,65058652,65031610,1406247,0,0,0,0
2026-09-21 07:00:00,9438,3207,32,29,5278,0,22,9438,6188,0,0,2817,433,202814253,65129879,65102857,1406227,0,0,0,0
2026-09-21 08:00:00,9435,3207,32,29,5273,0,48,9435,6185,0,0,2817,433,202263510,65186732,65160710,1396227,0,0,0,0
2026-09-21 09:00:00,9436,3203,33,29,5270,0,38,9436,6190,0,0,2813,433,202544247,65159673,65133631,1396147,0,0,0,0
2026-09-21 10:00:00,9438,3202,32,29,5284,0,20,9438,6193,0,0,2811,434,202609801,65034299,65008277,1396127,0,0,0,0
2026-09-21 11:00:00,9441,3203,32,29,5298,0,32,9441,6195,0,0,2813,433,202921943,65115054,65089032,1394127,0,0,0,0
2026-09-21 12:00:00,9454,3199,33,29,5298,0,18,9454,6212,0,0,2811,431,202902319,65027313,64998271,1397147,0,0,0,0
2026-09-21 13:00:00,9425,3193,33,29,5271,0,51,9425,6188,0,0,2807,430,201638959,64897933,64868891,1398147,0,0,0,0
2026-09-21 14:00:00,9364,3178,32,29,5243,0,34,9364,6142,0,0,2795,427,200482786,64592960,64566938,1395327,0,0,0,0
2026-09-21 15:00:00,9359,3179,33,29,5246,0,17,9359,6137,0,0,2794,428,200832572,64516677,64490635,1395447,0,0,0,0
2026-09-21 16:00:00,9375,3190,33,29,5249,0,15,9375,6143,0,0,2799,433,201619308,65085914,65059871,1395448,0,0,0,0
2026-09-21 17:00:00,9384,3185,32,29,5263,0,63,9384,6156,0,0,2795,433,202315111,65220609,65194586,1395028,0,0,0,0
2026-09-21 18:00:00,9385,3192,32,29,5280,0,19,9385,6149,0,0,2804,432,202171144,65297729,65271706,1394028,0,0,0,0
2026-09-21 19:00:00,9383,3192,33,29,5276,0,14,9383,6147,0,0,2804,432,201478635,65318531,65292488,1393048,0,0,0,0
2026-09-21 20:00:00,9411,3196,32,29,5277,0,10,9411,6172,0,0,2807,432,202234271,65346141,65320118,1393028,0,0,0,0
2026-09-21 21:00:00,9411,3189,32,29,5278,0,13,9411,6179,0,0,2798,434,201785659,65142442,65116419,1393128,0,0,0,0
2026-09-21 22:00:00,9420,3196,33,29,5289,0,23,9420,6180,0,0,2807,433,201834910,65209233,65183190,1390048,0,0,0,0
2026-09-21 23:00:00,9437,3195,32,29,5285,0,15,9437,6198,0,0,2806,433,202462743,65116375,65090352,1392028,0,0,0,0
2026-09-22 00:00:00,9427,3192,32,29,5289,0,16,9427,6191,0,0,2803,433,202512024,65194555,65168532,1390128,0,0,0,0
2026-09-22 01:00:00,9458,3198,33,29,5291,0,14,9458,6216,0,0,2809,433,202678225,65266317,65240274,1390148,0,0,0,0
2026-09-22 02:00:00,9440,3197,32,29,5302,0,12,9440,6199,0,0,2807,434,202593658,65483525,65457502,1390128,0,0,0,0
2026-09-22 03:00:00,9449,3202,32,29,5310,0,22,9449,6203,0,0,2811,435,202808897,65575507,65549484,1390128,0,0,0,0
2026-09-22 04:00:00,9455,3206,32,29,5314,0,18,9455,6205,0,0,2815,435,203015395,65652068,65626045,1390228,0,0,0,0
2026-09-22 05:00:00,9471,3211,32,29,5319,0,15,9471,6216,0,0,2813,442,202511037,65536439,65510416,1390228,0,0,0,0
2026-09-22 06:00:00,9456,3205,32,29,5323,0,12,9456,6208,0,0,2807,441,202454787,65393358,65367335,1390228,0,0,0,0
2026-09-22 07:00:00,9469,3215,33,29,5328,0,31,9469,6211,0,0,2812,446,202470528,65509020,65482977,1372248,0,0,0,0
2026-09-22 08:00:00,9462,3207,32,29,5320,0,110,9462,6212,0,0,2807,443,201954276,65507690,65481667,1376228,0,0,0,0
2026-09-22 09:00:00,9444,3201,32,29,5325,0,86,9444,6200,0,0,2801,443,202091947,65603918,65577895,1379228,0,0,0,0
2026-09-22 10:00:00,9460,3208,33,29,5341,0,78,9460,6209,0,0,2807,444,202165481,65602891,65576848,1380248,0,0,0,0
2026-09-22 11:00:00,9459,3207,33,29,5338,0,95,9459,6209,0,0,2805,445,202048847,65374490,65348447,1371448,0,0,0,0
2026-09-22 12:00:00,9442,3202,32,29,5345,0,29,9442,6197,0,0,2800,445,202005701,65565680,65539657,1372428,0,0,0,0
2026-09-22 13:00:00,9423,3197,32,29,5311,0,30,9423,6182,0,0,2797,444,201533872,65428120,65402097,1370428,0,0,0,0
2026-09-22 14:00:00,9405,3197,33,29,5295,0,20,9405,6164,0,0,2803,438,199932561,64928482,64902439,1373548,0,0,0,0
2026-09-22 15:00:00,9351,3171,33,29,5089,0,27,9351,6136,0,0,2786,429,198731775,64405771,64379728,1362248,0,0,0,0
2026-09-22 16:00:00,9388,3178,32,29,5101,0,29,9388,6166,0,0,2779,443,200204663,65110941,65084918,1350428,0,0,0,0
2026-09-22 17:00:00,9433,3193,33,29,5324,0,19,9433,6196,0,0,2794,443,200671039,65355652,65329609,1349448,0,0,0,0
2026-09-22 18:00:00,9427,3196,32,29,5338,0,13,9427,6187,0,0,2797,443,200760464,65472493,65445470,1351428,0,0,0,0
2026-09-22 19:00:00,9430,3196,32,29,5352,0,20,9430,6190,0,0,2795,445,201104430,65395075,65368052,1350428,0,0,0,0
2026-09-22 20:00:00,9449,3205,33,29,5355,0,25,9449,6200,0,0,2804,445,201232971,65648215,65622172,1347448,0,0,0,0
2026-09-22 21:00:00,9462,3204,32,29,5342,0,15,9462,6214,0,0,2805,443,201283754,65758207,65732184,1348428,0,0,0,0
2026-09-22 22:00:00,9453,3202,33,29,5335,0,14,9453,6207,0,0,2808,438,201011394,65392017,65365974,1348448,0,0,0,0
2026-09-22 23:00:00,9445,3195,32,29,5341,0,11,9445,6206,0,0,2803,436,201285842,65425183,65399160,1348428,0,0,0,0
2026-09-23 00:00:00,9453,3199,32,29,5340,0,13,9453,6210,0,0,2806,437,201320855,65620903,65594880,1347427,0,0,0,0
2026-09-23 01:00:00,9498,3212,33,29,5346,0,17,9498,6242,0,0,2811,445,202149771,65927265,65901222,1342447,0,0,0,0
2026-09-23 02:00:00,9505,3210,33,29,5346,0,19,9505,6251,0,0,2808,446,202267879,66004215,65978172,1338447,0,0,0,0
2026-09-23 03:00:00,9483,3205,32,29,5355,0,30,9483,6234,0,0,2803,446,202410804,66054320,66028297,1318427,0,0,0,0
2026-09-23 04:00:00,9478,3208,32,29,5358,0,12,9478,6226,0,0,2805,447,202204854,66136110,66110087,1316427,0,0,0,0
2026-09-23 05:00:00,9501,3215,33,29,5360,0,10,9501,6243,0,0,2812,446,202163086,66241960,66215917,1313647,0,0,0,0
2026-09-23 06:00:00,9496,3211,33,29,5375,0,21,9496,6242,0,0,2809,445,202427279,66270161,66244118,1311647,0,0,0,0
2026-09-23 07:00:00,9487,3207,32,29,5385,0,31,9487,6237,0,0,2805,445,202408077,66292795,66266772,1311727,0,0,0,0
2026-09-23 08:00:00,9493,3210,33,29,5391,0,51,9493,6240,0,0,2809,444,202113768,66244627,66218584,1315647,0,0,0,0
2026-09-23 09:00:00,9484,3207,32,29,5382,0,53,9484,6234,0,0,2808,442,201977970,66151449,66125426,1316727,0,0,0,0
2026-09-23 10:00:00,9481,3210,31,28,5397,0,42,9481,6229,0,0,2810,442,202153861,66297318,66271295,1315227,0,0,0,0
2026-09-23 11:00:00,9484,3206,32,28,5391,0,37,9484,6236,0,0,2807,441,202240961,66322791,66296748,1315247,0,0,0,0
2026-09-23 12:00:00,9479,3203,31,28,5398,0,30,9479,6234,0,0,2805,440,202047476,66300531,66274508,1306227,0,0,0,0
2026-09-23 13:00:00,9429,3196,31,28,5348,0,33,9429,6190,0,0,2800,439,200241056,65999212,65972189,1307227,0,0,0,0
2026-09-23 14:00:00,9393,3189,32,28,5325,0,23,9393,6161,0,0,2793,439,199373113,65908304,65882261,1307347,0,0,0,0
2026-09-23 15:00:00,9358,3177,32,28,5306,0,21,9358,6138,0,0,2780,440,198927900,65850234,65824191,1304348,0,0,0,0
2026-09-23 16:00:00,9401,3176,31,28,5331,0,24,9401,6182,0,0,2789,430,199952713,65857859,65831835,1304429,0,0,0,0
2026-09-23 17:00:00,9407,3185,32,28,5347,0,21,9407,6179,0,0,2798,430,200225908,65999950,65973906,1304549,0,0,0,0
2026-09-23 18:00:00,9391,3182,31,28,5342,0,19,9391,6166,0,0,2796,429,199985859,65969750,65943726,1304529,0,0,0,0
2026-09-23 19:00:00,9404,3181,31,28,5343,0,21,9404,6180,0,0,2794,430,200429441,65949931,65923907,1311529,0,0,0,0
2026-09-23 20:00:00,9409,3180,32,28,5350,0,18,9409,6186,0,0,2794,429,200712727,66081212,66055168,1309649,0,0,0,0
2026-09-23 21:00:00,9413,3184,32,28,5341,0,18,9413,6186,0,0,2796,431,200771111,66274665,66248621,1309349,0,0,0,0
2026-09-23 22:00:00,9420,3186,31,28,5349,0,26,9420,6191,0,0,2797,432,200773209,66356824,66330800,1306229,0,0,0,0
2026-09-23 23:00:00,9418,3189,31,28,5348,0,12,9418,6186,0,0,2800,432,200834806,66364363,66338339,1304229,0,0,0,0
2026-09-24 00:00:00,9405,3187,32,28,5343,0,8,9405,6175,0,0,2798,432,200620256,66361802,66335758,1304249,0,0,0,0
2026-09-24 01:00:00,9442,3191,31,28,5352,0,17,9442,6208,0,0,2803,431,200983581,66486812,66460788,1300329,0,0,0,0
2026-09-24 02:00:00,9446,3197,32,28,5367,0,19,9446,6206,0,0,2809,431,201132828,66558813,66531769,1309349,0,0,0,0
2026-09-24 03:00:00,9441,3196,31,28,5372,0,15,9441,6202,0,0,2807,432,201135373,66680023,66652999,1309329,0,0,0,0
2026-09-24 04:00:00,9442,3198,31,28,5372,0,14,9442,6201,0,0,2810,431,200964901,66716643,66689619,1310429,0,0,0,0
2026-09-24 05:00:00,9462,3203,32,28,5385,0,14,9462,6217,0,0,2811,434,200911062,66724545,66697501,1310649,0,0,0,0
2026-09-24 06:00:00,9459,3197,31,28,5381,0,30,9459,6220,0,0,2800,439,200659369,66602804,66575780,1310729,0,0,0,0
2026-09-24 07:00:00,9445,3192,31,28,5374,0,44,9445,6211,0,0,2795,439,200559829,66687266,66660242,1310729,0,0,0,0
2026-09-24 08:00:00,9443,3198,32,28,5384,0,79,9443,6203,0,0,2802,438,200171196,66666987,66639943,1301749,0,0,0,0
2026-09-24 09:00:00,9458,3197,31,28,5380,0,79,9458,6220,0,0,2800,438,200078187,66756548,66729524,1260529,0,0,0,0
2026-09-24 10:00:00,9460,3199,31,28,5383,0,80,9460,6220,0,0,2800,440,200423310,66904247,66877223,1259629,0,0,0,0
2026-09-24 11:00:00,9459,3198,32,28,5381,0,55,9459,6220,0,0,2799,440,200044363,66738137,66711093,1258649,0,0,0,0
2026-09-24 12:00:00,9466,3201,32,28,5386,0,51,9466,6223,0,0,2803,440,200240752,66815178,66788134,1256749,0,0,0,0
2026-09-24 13:00:00,9376,3180,31,28,5309,0,36,9376,6153,0,0,2786,437,197768184,66421768,66394744,1256729,0,0,0,0
2026-09-24 14:00:00,9351,3176,32,28,5284,0,27,9351,6132,0,0,2783,436,197251969,66353979,66326935,1253849,0,0,0,0
2026-09-24 15:00:00,9380,3197,32,28,5288,0,29,9380,6140,0,0,2799,441,197439340,66639973,66612929,1245949,0,0,0,0
2026-09-24 16:00:00,9412,3201,31,28,5319,0,29,9412,6168,0,0,2800,444,198630251,66838653,66811629,1246929,0,0,0,0
2026-09-24 17:00:00,9417,3199,31,28,5331,0,37,9417,6175,0,0,2798,444,198852033,66823489,66796465,1247929,0,0,0,0
2026-09-24 18:00:00,9416,3199,32,28,5331,0,41,9416,6174,0,0,2798,444,198522189,66836363,66809319,1246949,0,0,0,0
2026-09-24 19:00:00,9422,3195,32,28,5306,0,63,9422,6184,0,0,2802,436,198835352,67010235,66983210,1246930,0,0,0,0
2026-09-24 20:00:00,9417,3195,32,28,5304,0,51,9417,6179,0,0,2802,436,198571016,67061607,67034582,1249030,0,0,0,0
2026-09-24 21:00:00,9423,3191,33,28,5311,0,66,9423,6189,0,0,2798,436,198342923,66901336,66874291,1248050,0,0,0,0
2026-09-24 22:00:00,9417,3191,32,28,5307,0,49,9417,6183,0,0,2798,436,198077850,66948626,66921601,1249030,0,0,0,0
2026-09-24 23:00:00,9431,3197,32,28,5316,0,57,9431,6191,0,0,2804,436,198574734,67102786,67075761,1248930,0,0,0,0
2026-09-25 00:00:00,9428,3197,33,28,5314,0,32,9428,6188,0,0,2804,436,198457232,67055206,67028161,1247950,0,0,0,0
2026-09-25 01:00:00,9466,3197,32,28,5330,0,22,9466,6226,0,0,2804,436,198685596,67250185,67223160,1248930,0,0,0,0
2026-09-25 02:00:00,9453,3196,32,28,5336,0,25,9453,6214,0,0,2803,436,198996969,67310608,67283583,1247930,0,0,0,0
2026-09-25 03:00:00,9466,3202,33,28,5336,0,26,9466,6221,0,0,2810,435,199003908,67288068,67261023,1246950,0,0,0,0
2026-09-25 04:00:00,9446,3198,31,28,5265,0,12,9446,6205,0,0,2806,435,198742307,67273268,67246244,1238029,0,0,0,0
2026-09-25 05:00:00,9475,3201,31,28,5279,0,19,9475,6231,0,0,2802,442,199053645,67251378,67224354,1235029,0,0,0,0
2026-09-25 06:00:00,9487,3213,33,28,5342,0,19,9487,6231,0,0,2810,446,198939761,67180379,67153334,1234950,0,0,0,0
2026-09-25 07:00:00,9460,3182,33,28,5317,0,21,9460,6235,0,0,2778,447,197558737,65716440,65689395,1235050,0,0,0,0
2026-09-25 08:00:00,9442,3170,32,28,5320,0,40,9442,6230,0,0,2765,447,197842514,65700659,65673633,1232131,0,0,0,0
2026-09-25 09:00:00,9449,3179,32,28,5331,0,40,9449,6228,0,0,2773,448,197865074,65852459,65825433,1232131,0,0,0,0
2026-09-25 10:00:00,9470,3191,33,28,5333,0,23,9470,6237,0,0,2785,448,197388206,65891483,65864437,1233151,0,0,0,0
2026-09-25 11:00:00,9466,3188,32,28,5331,0,19,9466,6236,0,0,2782,448,197534592,65939623,65912597,1233031,0,0,0,0
2026-09-25 12:00:00,9457,3182,32,28,5334,0,23,9457,6233,0,0,2776,448,197179995,65766003,65738977,1220831,0,0,0,0
2026-09-25 13:00:00,9416,3180,33,28,5292,0,18,9416,6193,0,0,2777,446,195913015,65735442,65708396,1219851,0,0,0,0
2026-09-25 14:00:00,9371,3161,33,28,5264,0,17,9371,6167,0,0,2765,439,194386753,65594233,65567187,1218851,0,0,0,0
2026-09-25 15:00:00,9374,3160,32,28,5287,0,15,9374,6172,0,0,2763,439,195188317,65698332,65671306,1218831,0,0,0,0
2026-09-25 16:00:00,9399,3161,33,28,5290,0,18,9399,6195,0,0,2765,439,195953020,65787879,65662853,1317931,0,0,0,0
2026-09-25 17:00:00,9389,3157,34,28,5286,0,21,9389,6189,0,0,2760,440,195990902,65676931,65551885,1314751,0,0,0,0
2026-09-25 18:00:00,9370,3140,33,29,5288,0,22,9370,6186,0,0,2754,430,196039162,65587910,65560884,1316731,0,0,0,0
2026-09-25 19:00:00,9401,3151,33,29,5297,0,20,9401,6206,0,0,2763,432,196183781,65810261,65783235,1315731,0,0,0,0
2026-09-25 20:00:00,9410,3159,34,29,5306,0,14,9410,6208,0,0,2769,433,196345739,65902579,65875533,1315851,0,0,0,0
2026-09-25 21:00:00,9399,3154,33,29,5304,0,11,9399,6201,0,0,2766,432,196078357,65898181,65871155,1317931,0,0,0,0
2026-09-25 22:00:00,9417,3158,33,29,5317,0,68,9417,6215,0,0,2770,432,196385977,65934379,65907353,1317931,0,0,0,0
2026-09-25 23:00:00,9418,3153,34,29,5316,0,6,9418,6221,0,0,2765,432,196635755,65874445,65847399,1313851,0,0,0,0
2026-09-26 00:00:00,9412,3152,33,29,5311,0,16,9412,6217,0,0,2761,434,196168069,65890364,65863338,1313831,0,0,0,0
2026-09-26 01:00:00,9415,3150,33,29,5297,0,10,9415,6222,0,0,2760,433,196224438,65796555,65769529,1307831,0,0,0,0
2026-09-26 02:00:00,9443,3159,34,29,5315,0,17,9443,6242,0,0,2769,432,196521483,65785684,65758638,1305851,0,0,0,0
2026-09-26 03:00:00,9439,3152,33,29,5309,0,14,9439,6244,0,0,2764,431,196529961,65648324,65621298,1305831,0,0,0,0
2026-09-26 04:00:00,9431,3154,33,29,5308,0,13,9431,6234,0,0,2765,432,196028749,65807329,65776104,1311030,0,0,0,0
2026-09-26 05:00:00,9427,3159,34,29,5320,0,17,9427,6226,0,0,2769,432,196291720,65863630,65830085,1313350,0,0,0,0
2026-09-26 06:00:00,9431,3164,33,29,5347,0,8,9431,6224,0,0,2774,433,196273602,66081420,66047895,1313330,0,0,0,0
2026-09-26 07:00:00,9449,3168,33,29,5358,0,16,9449,6236,0,0,2768,445,196016662,66041289,66007764,1313330,0,0,0,0
2026-09-26 08:00:00,9450,3174,34,29,5366,0,48,9450,6231,0,0,2774,445,196094298,66110441,66076896,1313450,0,0,0,0
2026-09-26 09:00:00,9447,3172,34,29,5370,0,33,9447,6229,0,0,2773,445,196198933,66102641,66069096,1314450,0,0,0,0
2026-09-26 10:00:00,9443,3170,33,29,5367,0,35,9443,6227,0,0,2770,446,196053965,66020649,65987124,1301130,0,0,0,0
2026-09-26 11:00:00,9452,3168,33,29,5372,0,36,9452,6238,0,0,2768,446,196148381,66023745,65990220,1301130,0,0,0,0
2026-09-26 12:00:00,9446,3169,34,29,5372,0,20,9446,6231,0,0,2768,447,195930395,65935187,65899362,1303430,0,0,0,0
2026-09-26 13:00:00,9410,3163,33,29,5348,0,26,9410,6200,0,0,2765,445,194672646,65730120,65696595,1298030,0,0,0,0
2026-09-26 14:00:00,9363,3150,33,29,5319,0,20,9363,6167,0,0,2751,445,193323089,65403249,65369724,1298030,0,0,0,0
2026-09-26 15:00:00,9368,3155,34,29,5328,0,24,9368,6167,0,0,2756,445,194048957,65518965,65483140,1291330,0,0,0,0
2026-09-26 16:00:00,9379,3163,34,29,5331,0,19,9379,6170,0,0,2764,445,193944021,65835135,65799310,1291330,0,0,0,0
2026-09-26 17:00:00,9363,3161,33,29,5320,0,13,9363,6156,0,0,2761,446,194127553,65876414,65842889,1288830,0,0,0,0
2026-09-26 18:00:00,9384,3159,33,29,5338,0,9,9384,6179,0,0,2760,445,194160400,65806958,65773433,1289130,0,0,0,0
2026-09-26 19:00:00,9396,3190,34,29,5112,0,23,9396,6160,0,0,2791,445,195321832,67445179,67409354,1291530,0,0,0,0
2026-09-26 20:00:00,9404,3186,33,29,5127,0,13,9404,6172,0,0,2785,447,195644481,67434957,67401432,1288230,0,0,0,0
2026-09-26 21:00:00,9437,3185,33,29,5348,0,19,9437,6206,0,0,2782,449,196199999,67500805,67467280,1290230,0,0,0,0
2026-09-26 22:00:00,9399,3176,33,29,5309,0,20,9399,6178,0,0,2775,446,194303904,67148247,67118922,1286130,0,0,0,0
2026-09-26 23:00:00,9377,3180,33,29,5282,0,16,9377,6151,0,0,2782,444,193938097,67161237,67131912,1287130,0,0,0,0
2026-09-27 00:00:00,9412,3186,32,29,5289,0,10,9412,6180,0,0,2785,447,195268662,67533648,67506623,1284830,0,0,0,0
2026-09-27 01:00:00,9445,3188,33,29,5292,0,12,9445,6212,0,0,2786,447,195562874,67499959,67470634,1286130,0,0,0,0
2026-09-27 02:00:00,9430,3186,32,29,5292,0,9,9430,6198,0,0,2786,446,195344191,67491939,67464914,1283830,0,0,0,0
2026-09-27 03:00:00,9424,3182,32,29,5278,0,8,9424,6197,0,0,2782,445,195069539,67339031,67312006,1282630,0,0,0,0
2026-09-27 04:00:00,9443,3191,33,29,5273,0,10,9443,6207,0,0,2792,444,195384824,67425825,67396500,1286930,0,0,0,0
2026-09-27 05:00:00,9456,3190,32,29,5274,0,12,9456,6221,0,0,2789,446,195425931,67497726,67470701,1284630,0,0,0,0
2026-09-27 06:00:00,9442,3191,32,29,5266,0,17,9442,6206,0,0,2791,445,194914003,67353794,67326769,1262630,0,0,0,0
2026-09-27 07:00:00,9465,3198,33,29,5274,0,23,9465,6222,0,0,2799,444,195150191,67478844,67449519,1248630,0,0,0,0
2026-09-27 08:00:00,9465,3195,33,29,5275,0,25,9465,6225,0,0,2795,445,194997690,67554029,67523704,1255630,0,0,0,0
2026-09-27 09:00:00,9469,3193,32,29,5285,0,28,9469,6231,0,0,2792,446,195350623,67732329,67704304,1254330,0,0,0,0
2026-09-27 10:00:00,9457,3193,32,29,5267,0,18,9457,6219,0,0,2792,446,195101455,67611821,67583796,1254230,0,0,0,0
2026-09-27 11:00:00,9467,3197,33,29,5266,0,24,9467,6225,0,0,2795,447,195037152,67668462,67638135,1249532,0,0,0,0
2026-09-27 12:00:00,9458,3187,32,29,5264,0,20,9458,6226,0,0,2786,446,194806998,67673520,67645493,1244232,0,0,0,0
2026-09-27 13:00:00,9408,3177,32,29,5213,0,34,9408,6185,0,0,2778,445,193010048,67441933,67413906,1243232,0,0,0,0
2026-09-27 14:00:00,9378,3175,33,29,5187,0,19,9378,6157,0,0,2776,445,192138599,67418385,67388058,1231532,0,0,0,0
2026-09-27 15:00:00,9386,3182,32,29,5199,0,20,9386,6158,0,0,2784,444,193108550,67635449,67607422,1230232,0,0,0,0
2026-09-27 16:00:00,9394,3175,32,29,5194,0,22,9394,6173,0,0,2780,441,193525201,67510488,67482461,1226232,0,0,0,0
2026-09-27 17:00:00,9412,3184,33,29,5185,0,42,9412,6182,0,0,2788,442,193301507,67331429,67301102,1228532,0,0,0,0
2026-09-27 18:00:00,9364,3172,32,29,5165,0,32,9364,6146,0,0,2776,442,192212995,67175075,67147048,1226332,0,0,0,0
2026-09-27 19:00:00,9402,3186,32,29,5193,0,18,9402,6170,0,0,2789,443,193088825,67494224,67466197,1225332,0,0,0,0
2026-09-27 20:00:00,9401,3184,33,29,5191,0,22,9401,6171,0,0,2786,444,193007484,67350560,67320233,1227532,0,0,0,0
2026-09-27 21:00:00,9406,3182,32,29,5188,0,21,9406,6178,0,0,2782,446,193187874,67469171,67441144,1219532,0,0,0,0
2026-09-27 22:00:00,9413,3183,32,29,5182,0,25,9413,6184,0,0,2784,445,192995258,67435116,67407089,1217532,0,0,0,0
2026-09-27 23:00:00,9438,3190,33,29,5178,0,19,9438,6202,0,0,2793,443,193766829,67543148,67512821,1210832,0,0,0,0
2026-09-28 00:00:00,9438,3192,32,29,5176,0,22,9438,6200,0,0,2794,444,193845658,67719398,67691371,1210032,0,0,0,0
2026-09-28 01:00:00,9466,3190,32,29,5179,0,12,9466,6230,0,0,2793,443,194192772,67645067,67617040,1203032,0,0,0,0
2026-09-28 02:00:00,9451,3182,33,29,5168,0,12,9451,6223,0,0,2784,444,194320723,67554527,67524200,1206332,0,0,0,0
2026-09-28 03:00:00,9440,3173,32,29,5165,0,12,9440,6222,0,0,2773,445,194194793,67573127,67545100,1199232,0,0,0,0
2026-09-28 04:00:00,9449,3189,32,29,5166,0,19,9449,6215,0,0,2788,446,193452954,67546857,67518830,1199132,0,0,0,0
2026-09-28 05:00:00,9472,3194,33,29,5181,0,27,9472,6233,0,0,2795,444,193760232,67573288,67542961,1201432,0,0,0,0
2026-09-28 06:00:00,9450,3182,32,29,5170,0,22,9450,6223,0,0,2782,445,193803546,67448584,67420557,1199132,0,0,0,0
2026-09-28 07:00:00,9449,3187,32,29,5163,0,21,9449,6218,0,0,2788,443,193484918,67439775,67411748,1200132,0,0,0,0
2026-09-28 08:00:00,9473,3197,32,29,5170,0,40,9473,6232,0,0,2798,443,193869068,67327595,67297268,1210732,0,0,0,0
2026-09-28 09:00:00,9472,3203,31,29,5172,0,27,9472,6224,0,0,2794,454,194026006,67444415,67416388,1209432,0,0,0,0
2026-09-28 10:00:00,9488,3207,32,29,5162,0,37,9488,6236,0,0,2797,455,193852746,67784106,67756079,1199132,0,0,0,0
2026-09-28 11:00:00,9499,3208,33,29,5169,0,31,9499,6246,0,0,2797,456,193845627,67738822,67708495,1177432,0,0,0,0
2026-09-28 12:00:00,9480,3202,31,29,5158,0,21,9480,6234,0,0,2792,454,192742934,67387609,67359582,1174632,0,0,0,0
2026-09-28 13:00:00,9433,3187,32,29,5121,0,27,9433,6201,0,0,2780,452,191982502,67101443,67070316,1170832,0,0,0,0
2026-09-28 14:00:00,9410,3171,32,28,5097,0,21,9410,6194,0,0,2774,442,191656634,67165568,67134441,1167832,0,0,0,0
2026-09-28 15:00:00,9388,3165,33,29,5093,0,19,9388,6177,0,0,2773,438,191324229,67208017,67176890,1171532,0,0,0,0
2026-09-28 16:00:00,9407,3182,33,29,5091,0,20,9407,6182,0,0,2783,442,191699278,67456198,67423871,1172732,0,0,0,0
2026-09-28 17:00:00,9424,3187,33,29,5105,0,19,9424,6194,0,0,2787,443,192254005,67594058,67561731,1171732,0,0,0,0
2026-09-28 18:00:00,9465,3205,33,29,5130,0,22,9465,6217,0,0,2803,445,192928897,67654087,67621760,1172732,0,0,0,0
2026-09-28 19:00:00,9439,3204,33,29,5135,0,26,9439,6192,0,0,2797,450,192572529,67607029,67574702,1172732,0,0,0,0
2026-09-28 20:00:00,9460,3209,33,29,5136,0,22,9460,6208,0,0,2802,450,192668286,67701343,67669016,1173732,0,0,0,0
2026-09-28 21:00:00,9489,3216,33,29,5141,0,17,9489,6230,0,0,2807,452,192883324,67806256,67773929,1170132,0,0,0,0
2026-09-28 22:00:00,9464,3217,34,29,5133,0,21,9464,6204,0,0,2808,452,192794213,67744577,67709950,1172432,0,0,0,0
2026-09-28 23:00:00,9491,3216,34,29,5161,0,19,9491,6232,0,0,2807,452,192802698,67670301,67635674,1172432,0,0,0,0
2026-09-29 00:00:00,9499,3212,33,29,5158,0,16,9499,6244,0,0,2804,451,192258222,67657600,67625273,1170132,0,0,0,0
2026-09-29 01:00:00,9519,3214,34,29,5156,0,21,9519,6262,0,0,2805,452,192702034,67728319,67693592,1172632,0,0,0,0
2026-09-29 02:00:00,9518,3218,33,29,5158,0,20,9518,6257,0,0,2802,459,192861718,67761229,67728902,1170232,0,0,0,0
2026-09-29 03:00:00,9516,3215,33,29,5161,0,20,9516,6258,0,0,2800,458,192312705,67713965,67681638,1170132,0,0,0,0
2026-09-29 04:00:00,9517,3216,34,29,5169,0,14,9517,6259,0,0,2801,457,192524434,67714017,67679290,1172132,0,0,0,0
2026-09-29 05:00:00,9545,3214,33,29,5166,0,20,9545,6290,0,0,2799,456,192618134,67601120,67568793,1169732,0,0,0,0
2026-09-29 06:00:00,9523,3214,34,29,5156,0,25,9523,6268,0,0,2800,455,192340782,67672833,67640506,1169732,0,0,0,0
2026-09-29 07:00:00,9523,3215,34,28,5157,0,31,9523,6267,0,0,2800,456,192252088,67804565,67769838,1169432,0,0,0,0
2026-09-29 08:00:00,9512,3207,34,29,5084,0,38,9512,6263,0,0,2803,446,192291683,67897441,67865114,1165733,0,0,0,0
2026-09-29 09:00:00,9523,3215,34,29,5096,0,42,9523,6266,0,0,2810,447,192423683,67905129,67872801,1163834,0,0,0,0
2026-09-29 10:00:00,9421,3098,35,29,5184,0,36,9421,6281,0,0,2813,327,188095293,63545690,63510962,1048234,0,0,0,0
2026-09-29 11:00:00,9423,3096,34,29,5188,0,47,9423,6285,0,0,2810,328,187983954,63578916,63546588,1045835,0,0,0,0
2026-09-29 12:00:00,9413,3095,34,29,5181,0,36,9413,6276,0,0,2809,328,187789947,63602016,63569688,1028835,0,0,0,0
2026-09-29 13:00:00,9334,3079,35,29,5128,0,35,9334,6212,0,0,2797,325,186570759,63273908,63239180,1032535,0,0,0,0
2026-09-29 14:00:00,9316,3067,35,29,5107,0,29,9316,6206,0,0,2786,324,186185904,63064614,63029886,1032535,0,0,0,0
2026-09-29 15:00:00,9301,3052,34,29,5116,0,29,9301,6206,0,0,2770,325,186566848,62865795,62834467,1029135,0,0,0,0
2026-09-29 16:00:00,9345,3070,34,29,5132,0,19,9345,6232,0,0,2789,324,186987161,63122775,63091447,1027135,0,0,0,0
2026-09-29 17:00:00,9457,3110,35,29,5188,0,22,9457,6304,0,0,2824,329,188468491,63789974,63754646,1038135,0,0,0,0
2026-09-29 18:00:00,9465,3110,35,29,5200,0,15,9465,6312,0,0,2824,329,188570961,63757914,63722586,1038134,0,0,0,0
2026-09-29 19:00:00,9451,3112,35,29,5193,0,13,9451,6296,0,0,2821,334,188189439,63637811,63602483,1038134,0,0,0,0
2026-09-29 20:00:00,9424,3097,41,35,5200,0,20,9424,6278,0,0,2821,325,188283014,63497768,63462440,1289134,0,0,0,0
2026-09-29 21:00:00,9415,3087,41,35,5187,0,17,9415,6279,0,0,2814,322,187861214,63223602,63188274,1289134,0,0,0,0
2026-09-29 22:00:00,9421,3095,41,35,5208,0,13,9421,6277,0,0,2819,325,187830861,63426492,63391164,1318034,0,0,0,0
2026-09-29 23:00:00,9426,3098,41,35,5205,0,26,9426,6279,0,0,2821,326,188197429,63486922,63451594,1318035,0,0,0,0
2026-09-30 00:00:00,9421,3091,41,35,5205,0,27,9421,6281,0,0,2817,323,187909906,63191003,63155675,1318035,0,0,0,0
2026-09-30 01:00:00,9454,3098,41,35,5205,0,38,9454,6307,0,0,2820,327,188554247,63369212,63333884,1319035,0,0,0,0
2026-09-30 02:00:00,9458,3097,41,35,5212,0,15,9458,6312,0,0,2819,327,188544011,63308190,63272862,1317034,0,0,0,0
2026-09-30 03:00:00,9443,3098,41,35,5211,0,14,9443,6296,0,0,2820,327,188317669,63371959,63336631,1320034,0,0,0,0
2026-09-30 04:00:00,9438,3100,41,35,5215,0,11,9438,6289,0,0,2822,327,187458432,63050519,63015191,1320035,0,0,0,0
2026-09-30 05:00:00,9447,3097,41,35,5217,0,18,9447,6301,0,0,2819,327,187712611,63020441,62985113,1323035,0,0,0,0
2026-09-30 06:00:00,9436,3093,41,35,5219,0,11,9436,6295,0,0,2814,327,187562020,62848392,62813064,1321035,0,0,0,0
2026-09-30 07:00:00,9443,3095,41,35,5227,0,25,9443,6300,0,0,2816,327,187560294,62824560,62789232,1320035,0,0,0,0
2026-09-30 08:00:00,9421,3082,41,35,5232,0,48,9421,6291,0,0,2803,327,186966428,62294745,62259417,1320035,0,0,0,0
2026-09-30 09:00:00,9438,3089,41,35,5228,0,33,9438,6301,0,0,2809,328,187649946,62784112,62748784,1348035,0,0,0,0
2026-09-30 10:00:00,9425,3092,41,35,5225,0,37,9425,6285,0,0,2811,329,187338391,62801034,62765706,1336035,0,0,0,0
2026-09-30 11:00:00,9412,3090,41,35,5217,0,14,9412,6274,0,0,2809,329,190573842,64000522,63965194,1369235,0,0,0,0
2026-09-30 12:00:00,9336,3070,40,35,5192,0,10,9336,6218,0,0,2793,325,189404683,63460744,63427416,1362235,0,0,0,0
2026-09-30 13:00:00,9304,3062,40,35,5167,0,9,9304,6193,0,0,2784,327,188660838,63027597,62994269,1362235,0,0,0,0
2026-09-30 14:00:00,9307,3061,41,35,5148,0,15,9307,6197,0,0,2780,330,189120951,63431176,63395848,1395135,0,0,0,0
2026-09-30 15:00:00,9425,3100,41,35,5225,0,6,9425,6276,0,0,2814,335,191537250,64221524,64186196,1399135,0,0,0,0
2026-09-30 16:00:00,9437,3101,39,33,5238,0,5,9437,6289,0,0,2813,335,192082253,64329343,64294015,1285235,0,0,0,0
2026-09-30 17:00:00,9421,3099,39,33,5235,0,3,9421,6275,0,0,2812,334,191847770,64290653,64255325,1294335,0,0,0,0
2026-09-30 18:00:00,9413,3094,38,33,5227,0,6,9413,6272,0,0,2807,334,191352700,64196506,64163178,1286335,0,0,0,0
2026-09-30 19:00:00,9440,3097,38,33,5246,0,7,9440,6296,0,0,2808,336,191903906,64281671,64248343,1285335,0,0,0,0
2026-09-30 20:00:00,9450,3100,38,33,5254,0,9,9450,6303,0,0,2811,336,192309004,64320476,64287148,1285235,0,0,0,0
2026-09-30 21:00:00,9447,3099,38,33,5255,0,9,9447,6301,0,0,2810,336,192362179,64352811,64319483,1284235,0,0,0,0
2026-09-30 22:00:00,9439,3088,38,33,5259,0,41,9439,6304,0,0,2809,326,192486119,64334191,64300863,1287135,0,0,0,0
2026-09-30 23:00:00,9433,3083,38,33,5253,0,30,9433,6302,0,0,2807,324,192456590,64259133,64225905,1288814,0,0,0,0
2026-10-01 00:00:00,9351,3069,38,33,5229,0,15,9351,6233,0,0,2796,322,191297713,64050592,64017364,1285814,0,0,0,0
2026-10-01 01:00:00,9500,3084,38,33,5264,0,29,9500,6367,0,0,2810,323,193730993,64233932,64200704,1276814,0,0,0,0
2026-10-01 02:00:00,9459,3071,38,33,5236,0,22,9459,6339,0,0,2799,321,192849571,63922182,63888954,1276814,0,0,0,0
2026-10-01 03:00:00,9407,3059,38,33,5220,0,18,9407,6299,0,0,2788,320,191879799,63704792,63671564,1276814,0,0,0,0
2026-10-01 04:00:00,9442,3069,38,33,5221,0,18,9442,6324,0,0,2797,321,191601982,63569013,63535785,1275814,0,0,0,0
2026-10-01 05:00:00,9478,3073,38,33,5231,0,16,9478,6356,0,0,2800,322,192140454,63652609,63619381,1286814,0,0,0,0
2026-10-01 06:00:00,9465,3074,38,33,5235,0,27,9465,6343,0,0,2800,322,192302501,63785069,63751841,1283914,0,0,0,0
2026-10-01 07:00:00,9473,3073,38,33,5241,0,42,9473,6352,0,0,2799,322,192501966,64055298,64022070,1252914,0,0,0,0
2026-10-01 08:00:00,9497,3080,38,33,5244,0,64,9497,6369,0,0,2804,324,193020300,64236112,64202884,1263914,0,0,0,0
2026-10-01 09:00:00,9500,3083,38,33,5262,0,12,9500,6369,0,0,2806,325,193042661,64321501,64288273,1266914,0,0,0,0
2026-10-01 10:00:00,9464,3059,38,33,5269,0,10,9464,6357,0,0,2783,324,192256883,63607901,63574673,1257914,0,0,0,0
2026-10-01 11:00:00,9504,3074,38,33,5277,0,18,9504,6382,0,0,2798,324,193320992,64287669,64254441,1257914,0,0,0,0
2026-10-01 12:00:00,9497,3075,38,33,5287,0,11,9497,6374,0,0,2800,323,193314305,64317008,64283780,1262614,0,0,0,0
2026-10-01 13:00:00,9438,3043,38,33,5226,0,15,9438,6346,0,0,2770,322,192162981,63892094,63857866,1266614,0,0,0,0
2026-10-01 14:00:00,9428,3052,38,33,5224,0,7,9428,6327,0,0,2778,323,191531801,63966635,63932407,1266714,0,0,0,0
2026-10-01 15:00:00,9487,3071,38,33,5267,0,6,9487,6367,0,3,2795,322,193134948,64368804,64334576,1266414,139800,3,3,139800
2026-10-01 16:00:00,9452,3062,38,33,5245,0,11,9452,6341,0,43,2755,313,192522435,64118253,64084025,1265414,1305601,43,43,1305601
2026-10-01 17:00:00,9440,3064,38,33,5244,0,11,9440,6327,0,43,2756,314,192646201,64295471,64261243,1264414,1305601,43,43,1305601
2026-10-01 18:00:00,9463,3077,37,32,5249,0,19,9463,6338,0,43,2765,317,193248562,64541008,64506780,1259714,1305601,43,43,1305601
2026-10-01 20:00:00,9457,3070,38,33,5245,0,10,9457,6338,0,43,2758,318,192717431,64392850,64358622,1266114,1305601,43,43,1305601
2026-10-01 21:00:00,9447,3066,38,33,5224,0,33,9447,6332,0,43,2754,318,192568043,64506850,64472622,1272114,1312601,43,43,1312601
2026-10-01 22:00:00,9451,3062,38,33,5224,0,29,9451,6340,0,43,2759,309,192898870,64647497,64613269,1272914,1314601,43,43,1314601
2026-10-01 23:00:00,9463,3071,38,33,5229,0,31,9463,6343,0,43,2766,311,193321008,64654100,64618872,1273914,1314601,43,43,1314601
2026-10-02 00:00:00,9482,3068,38,33,5226,0,17,9482,6365,0,43,2762,312,193331437,64670190,64634962,1270914,1314601,43,43,1314601
2026-10-02 01:00:00,9516,3070,38,33,5220,0,17,9516,6397,0,43,2763,313,193781573,64790343,64755115,1269914,1313301,43,43,1313301
2026-10-02 02:00:00,9525,3074,38,33,5231,0,20,9525,6402,0,43,2766,314,193955249,64830581,64795353,1274914,1339301,43,43,1339301
2026-10-02 03:00:00,9515,3075,38,33,5226,0,16,9515,6391,0,43,2767,314,193824111,64725525,64690297,1292914,1332301,43,43,1332301
2026-10-02 04:00:00,9517,3079,38,33,5212,0,16,9517,6389,0,43,2769,316,194215482,64853903,64818675,1290904,1330301,43,43,1330301
2026-10-02 05:00:00,9540,3077,38,33,5211,0,19,9540,6414,0,43,2766,317,194679319,64947355,64912127,1287804,1327001,43,43,1327001
2026-10-02 06:00:00,9530,3076,37,32,5219,0,24,9530,6406,0,43,2763,318,194563000,64832961,64797733,1282304,1327001,43,43,1327001
2026-10-02 07:00:00,9539,3077,38,33,5221,0,20,9539,6414,0,43,2764,318,194284819,64777751,64742523,1297604,1325001,43,43,1325001
2026-10-02 08:00:00,9513,3061,38,33,5216,0,39,9513,6404,0,43,2747,319,193586494,64153780,64118552,1279604,1325001,43,43,1325001
2026-10-02 09:00:00,9537,3077,38,33,5220,0,18,9537,6412,0,43,2764,318,194925591,65010761,64975533,1279604,1323101,43,43,1323101
2026-10-02 10:00:00,9506,3081,38,33,5210,0,17,9506,6377,306,19,2490,314,194663296,64988157,64952929,1279604,4608812,325,325,4608812
2026-10-02 11:00:00,9533,3093,38,33,5209,0,30,9533,6392,312,19,2495,315,194734361,65232017,65196789,1277604,4725672,330,330,4721372
2026-10-02 12:00:00,9539,3090,38,33,5196,0,27,9539,6401,312,19,2490,317,194801833,65245115,65209887,1288604,4728912,330,330,4724612
2026-10-02 13:00:00,9489,3081,37,32,5178,0,29,9489,6360,312,19,2484,314,194353274,65207885,65172657,1283204,4729222,330,330,4724922
2026-10-02 14:00:00,9461,3081,38,33,5155,0,23,9461,6333,312,19,2483,314,193577663,65169675,65134447,1288704,4730292,330,330,4725992
2026-10-02 15:00:00,9500,3097,38,33,5157,0,22,9500,6355,313,19,2497,316,194087635,65399898,65364670,1289904,4694032,331,331,4689332
2026-10-02 16:00:00,9483,3091,37,33,5159,0,26,9483,6343,314,19,2503,304,194628442,65655088,65624060,1286744,4746102,332,332,4741402
2026-10-02 17:00:00,9488,3093,37,33,5141,0,30,9488,6347,314,19,2495,313,194461948,65626182,65595154,1285044,4746082,332,332,4741482
2026-10-02 18:00:00,9516,3092,38,33,5170,0,15,9516,6376,314,19,2493,314,194809886,65629546,65594318,1290244,4727062,332,332,4722462
2026-10-02 19:00:00,9508,3094,38,33,5163,0,15,9508,6365,314,19,2503,307,195165962,65897391,65862163,1291534,4727722,332,332,4723122
2026-10-02 20:00:00,9491,3087,38,33,5156,0,13,9491,6355,313,19,2500,304,195083058,65740812,65705584,1290534,4704232,331,331,4699632
2026-10-02 21:00:00,9498,3082,38,33,5152,0,14,9498,6367,314,19,2494,304,195083402,65821741,65786513,1291534,4703362,332,332,4698762
2026-10-02 22:00:00,9487,3079,38,33,5145,0,21,9487,6359,313,19,2497,299,194340597,65035431,65000203,1291534,4693162,331,331,4688562
2026-10-02 23:00:00,9487,3085,38,33,5131,0,15,9487,6353,313,19,2503,299,194587228,64997050,64961822,1292534,4691962,331,331,4687362
2026-10-03 00:00:00,9505,3087,37,32,5126,0,17,9505,6370,313,19,2504,299,195120408,65232652,65197424,1281534,4688592,331,331,4683992
2026-10-03 01:00:00,9548,3090,37,32,5130,0,17,9548,6410,313,19,2505,301,195759469,65198355,65163127,1284534,4685452,331,331,4680852
2026-10-03 02:00:00,9540,3086,37,32,5128,0,21,9540,6406,313,19,2500,302,195837063,65188859,65153631,1284634,4680062,331,331,4675362
2026-10-03 03:00:00,9519,3086,37,32,5118,0,18,9519,6385,313,19,2500,302,195315223,65203540,65168312,1293534,4673662,331,331,4669062
2026-10-03 04:00:00,9521,3086,37,32,5122,0,16,9521,6387,313,19,2499,303,195681404,65262368,65227140,1293634,4665862,331,331,4661162
2026-10-03 05:00:00,9545,3088,37,32,5141,0,22,9545,6409,313,19,2502,302,195969321,65221772,65186544,1292534,4661992,331,331,4657392
2026-10-03 06:00:00,9535,3092,37,32,5127,0,32,9535,6395,313,19,2505,303,195600413,65417088,65381860,1292534,4655692,331,331,4651092
2026-10-03 07:00:00,9516,3084,37,32,5126,0,25,9516,6385,313,19,2493,306,195594165,65447092,65411864,1292534,4652712,331,331,4648112
2026-10-03 08:00:00,9527,3086,37,32,5134,0,20,9527,6394,313,19,2494,307,195963024,65350763,65315535,1291534,4634682,331,331,4630082
2026-10-03 09:00:00,9544,3095,37,32,5133,0,16,9544,6402,313,19,2502,308,196288513,65525543,65490315,1298534,4631822,331,331,4627222
2026-10-03 10:00:00,9525,3091,37,32,5123,0,13,9525,6386,313,19,2500,307,196081893,65668625,65633397,1296534,4619962,331,331,4615362
2026-10-03 11:00:00,9524,3108,37,32,5123,0,23,9524,6368,332,19,2498,307,196139384,65877465,65842237,1297534,4778702,350,350,4774102
2026-10-03 12:00:00,9538,3108,37,32,5119,0,25,9538,6382,329,19,2500,308,196735385,65963582,65928354,1297534,4776699,347,347,4772099
2026-10-03 13:00:00,9499,3101,37,32,5085,0,20,9499,6349,329,19,2496,306,195740582,65603017,65567789,1294534,4779991,347,347,4775391
2026-10-03 14:00:00,9458,3100,37,32,5041,0,14,9458,6309,328,19,2496,306,194417980,65411257,65376029,1294534,4700251,346,346,4695651
2026-10-03 15:00:00,9437,3096,37,32,5033,0,20,9437,6292,328,19,2501,297,194952005,65880595,65845367,1294534,4704479,346,346,4699879
2026-10-03 16:00:00,9435,3060,37,32,5032,0,18,9435,6326,328,16,2468,297,193828618,64233713,64198485,1294534,4636709,343,343,4632109
2026-10-03 17:00:00,9450,3063,37,32,5029,0,19,9450,6338,330,16,2467,299,193937929,64153813,64118585,1304534,4610869,345,345,4606269
2026-10-03 18:00:00,9430,3064,36,31,5009,0,17,9430,6318,330,17,2467,298,193779303,63964002,63928775,1298133,4637579,346,346,4632979
2026-10-03 19:00:00,9439,3073,36,31,5013,0,20,9439,6318,330,19,2472,300,194525673,64331775,64296548,1302533,4682569,348,348,4677969
2026-10-03 20:00:00,9442,3069,35,30,5011,0,13,9442,6326,330,19,2465,302,194882180,64333214,64297987,1298033,4679869,348,348,4675269
2026-10-03 21:00:00,9453,3062,36,31,4997,0,15,9453,6343,329,18,2463,300,195161673,64182344,64147117,1303533,4635269,346,346,4630669
2026-10-03 22:00:00,9454,3070,36,31,4991,0,18,9454,6336,330,18,2469,301,194951292,64149428,64113199,1304535,4664088,347,347,4659488
2026-10-03 23:00:00,9467,3073,36,31,4991,0,16,9467,6346,330,18,2468,305,195559738,64463520,64427291,1306435,4657938,347,347,4653338
2026-10-04 00:00:00,9483,3072,36,31,4990,0,12,9483,6363,333,19,2463,305,196243656,64796184,64759955,1313435,4832748,351,351,4828148
2026-10-04 01:00:00,9498,3071,36,31,4994,0,17,9498,6379,334,18,2465,302,196263398,64705994,64669765,1312435,4830818,351,351,4826218
2026-10-04 02:00:00,9504,3078,36,31,4995,0,12,9504,6378,334,18,2472,302,196589602,64659866,64623637,1331435,4818218,351,351,4813618
2026-10-04 03:00:00,9493,3081,36,31,4989,0,14,9493,6364,334,18,2474,303,196876485,64665726,64629497,1331435,4805998,351,351,4801398
2026-10-04 04:00:00,9508,3083,36,31,4995,0,12,9508,6377,334,19,2473,305,197305900,64945975,64909746,1325835,4826188,352,352,4821588
2026-10-04 05:00:00,9509,3078,36,31,4985,0,29,9509,6383,331,19,2471,305,197278848,64960317,64924088,1319835,4806568,349,349,4801968
2026-10-04 06:00:00,9499,3085,36,31,4987,0,20,9499,6366,333,19,2477,304,197105377,64912115,64875886,1318835,4821988,351,351,4817388
2026-10-04 07:00:00,9506,3081,36,31,4998,0,15,9506,6378,326,19,2477,306,197665131,64899113,64862884,1318835,4783628,344,344,4779028
2026-10-04 08:00:00,9503,3080,36,31,4995,0,26,9503,6376,331,18,2471,307,197594333,65046122,65009893,1318835,4780128,348,348,4775528
2026-10-04 09:00:00,9499,3084,36,31,4985,0,30,9499,6368,331,20,2473,307,197395766,65090993,65054765,1318834,4804578,350,350,4799978
2026-10-04 10:00:00,9489,3083,36,31,4996,0,25,9489,6359,331,19,2475,305,197520875,64921704,64885476,1358834,4773618,349,349,4769018
2026-10-04 11:00:00,9501,3080,36,31,5003,0,21,9501,6374,331,19,2473,304,197681242,64938322,64901894,1365034,4769779,349,349,4765179
2026-10-04 12:00:00,9509,3079,36,31,5002,0,31,9509,6383,330,19,2471,306,198125460,65156291,65119863,1363934,4767248,348,348,4762648
2026-10-04 13:00:00,9464,3076,35,31,4962,0,34,9464,6339,330,19,2469,307,196683236,64860681,64856253,1330934,4769138,348,348,4764538
2026-10-04 14:00:00,9437,3063,35,31,4935,0,19,9437,6326,330,19,2459,303,196474259,64548097,64543669,1330934,4771368,348,348,4766768
2026-10-04 15:00:00,9461,3064,36,31,4946,0,23,9461,6349,325,19,2464,304,196843078,64609098,64572670,1362934,4574558,343,343,4569958
2026-10-04 16:00:00,9437,3044,36,31,4924,0,17,9437,6345,300,19,2466,307,196148012,64010026,63973598,1362034,3837437,318,318,3832837
2026-10-04 17:00:00,9427,3032,35,31,4886,0,18,9427,6348,283,19,2471,306,195991856,63613976,63609548,1329034,3350797,301,301,3346197
2026-10-04 18:00:00,9380,3005,35,31,4822,0,25,9380,6328,263,19,2463,307,195223354,62777831,62773403,1331034,2672247,281,281,2667647
2026-10-04 19:00:00,9370,2956,36,31,4801,0,27,9370,6367,210,20,2467,306,195605034,62561621,62525193,1363034,2509737,229,229,2505137
2026-10-04 20:00:00,9222,2825,36,31,4740,0,21,9222,6350,88,20,2459,305,194597155,61670635,61634207,1361034,1685737,107,107,1681137
2026-10-04 21:00:00,9195,2744,98,79,4706,0,11,9195,6354,57,20,2462,302,194184616,60907038,60511610,2432330,1548797,26,12,466401
2026-10-04 22:00:00,9210,2745,98,79,4718,0,11,9210,6368,57,20,2465,300,194479796,60958077,60562649,2432730,1548297,26,12,465501
2026-10-04 23:00:00,9205,2745,93,75,4717,0,14,9205,6375,31,29,2466,304,194564164,60949807,60588379,2316730,1239197,26,13,465501
2026-10-05 00:00:00,9202,2746,83,67,4735,0,16,9202,6379,24,26,2464,309,194146209,60533235,60218807,2176429,1102796,24,13,471401
2026-10-05 01:00:00,9223,2743,83,67,4742,0,16,9223,6403,24,26,2463,307,194402104,60481214,60166786,2177429,1102796,24,13,471401
2026-10-05 02:00:00,9216,2743,79,63,4743,0,15,9216,6400,20,26,2465,305,194391704,60450203,60135775,2143729,1066097,24,13,466402
2026-10-05 03:00:00,9205,2735,79,63,4740,0,19,9205,6397,20,26,2458,304,194303645,60358903,60044475,2142729,1065097,24,13,466402
2026-10-05 04:00:00,9198,2730,79,63,4743,0,25,9198,6395,20,26,2451,306,194495315,60424093,60109665,2142829,1065997,24,13,467302
2026-10-05 05:00:00,9207,2733,79,63,4747,0,21,9207,6402,20,26,2453,306,194543841,60421603,60107175,2142829,1065997,24,13,467302
2026-10-05 06:00:00,9192,2738,79,63,4747,0,25,9192,6382,20,26,2460,304,194019708,60367593,60053165,2144629,1064997,24,13,466302
2026-10-05 07:00:00,9202,2732,79,63,4748,0,29,9202,6398,20,26,2452,306,194318590,60398283,60083855,2193629,1064997,24,13,466302
2026-10-05 08:00:00,9204,2723,79,74,4755,0,26,9204,6399,20,25,2451,309,194539489,60231573,60195145,2194629,1043997,13,13,469302
2026-10-05 09:00:00,9220,2732,78,73,4772,0,34,9220,6407,20,24,2459,310,194821288,60337023,60300595,2189629,1018497,13,13,466802
2026-10-05 10:00:00,9293,2733,159,154,4769,0,38,9293,6397,102,24,2459,311,196567669,60368476,60332048,3947229,2823097,13,13,466802
2026-10-05 11:00:00,9443,2730,243,238,4781,0,23,9443,6414,238,24,2457,310,198076618,60379296,60342868,4720299,3839727,13,13,466802
2026-10-05 12:00:00,9427,2726,35,30,4780,0,29,9427,6412,229,24,2453,309,198549810,60871474,60835046,1432334,3558127,13,13,466802
2026-10-05 13:00:00,9296,2723,36,31,4754,0,37,9296,6379,132,24,2451,310,195841548,60733823,60697395,1436734,1627637,13,13,466802
2026-10-05 14:00:00,9156,2718,36,31,4745,0,23,9156,6358,20,21,2449,308,193934703,60348413,60309885,1436834,978896,12,12,466801
2026-10-05 15:00:00,9159,2717,36,31,4734,0,26,9159,6363,20,20,2449,307,194213036,60384442,60345314,1435434,954896,12,12,465801
2026-10-05 16:00:00,9156,2709,36,31,4738,0,7,9156,6376,13,7,2453,307,194818123,60280536,60241408,1435234,237519,0,0,0
2026-10-05 17:00:00,9115,2683,36,31,4757,0,12,9115,6385,0,0,2444,286,195000765,60271808,60232680,1436634,0,0,0,0
2026-10-05 18:00:00,9094,2682,36,31,4768,0,11,9094,6365,0,0,2443,286,194641344,60243754,60204626,1436634,0,0,0,0
2026-10-05 19:00:00,9089,2681,36,31,4747,0,12,9089,6361,0,0,2443,285,194148443,60216744,60177616,1437634,0,0,0,0
2026-10-05 20:00:00,9038,2642,36,31,4751,0,18,9038,6349,0,0,2402,287,192109114,58345204,58305076,1438734,0,0,0,0
2026-10-05 21:00:00,9113,2691,36,31,4759,0,17,9113,6375,0,0,2449,289,194632744,60384854,60343726,1440834,0,0,0,0
2026-10-05 22:00:00,9124,2692,36,31,4777,0,20,9124,6387,0,0,2448,289,195138211,60305684,60264556,1441934,0,0,0,0
2026-10-05 23:00:00,9117,2685,36,31,4767,0,17,9117,6387,0,0,2447,283,195269421,59950955,59909827,1445934,0,0,0,0
2026-10-06 00:00:00,9127,2689,36,31,4773,0,19,9127,6392,0,0,2450,285,195152848,60102056,60060928,1449934,0,0,0,0
2026-10-06 01:00:00,9165,2693,36,31,4787,0,25,9165,6426,0,0,2451,288,196109673,60352677,60311549,1449934,0,0,0,0
2026-10-06 02:00:00,9156,2690,36,31,4795,0,15,9156,6420,0,0,2447,289,196061978,60269258,60228130,1450934,0,0,0,0
2026-10-06 03:00:00,9168,2693,36,31,4812,0,20,9168,6429,0,0,2449,290,196722651,60260150,60219022,1447734,0,0,0,0
2026-10-06 04:00:00,9160,2689,36,31,4809,0,20,9160,6425,0,0,2444,291,196446749,60195303,60154175,1447734,0,0,0,0
2026-10-06 05:00:00,9163,2691,36,31,4817,0,19,9163,6426,0,0,2447,290,196579169,60192163,60152035,1445734,0,0,0,0
2026-10-06 06:00:00,9167,2691,36,31,4826,0,15,9167,6430,0,0,2447,290,196444482,60225864,60185736,1442734,0,0,0,0
2026-10-06 07:00:00,9176,2698,36,31,4832,0,25,9176,6432,0,0,2452,292,196436441,60335663,60295635,1440634,0,0,0,0
2026-10-06 08:00:00,9185,2699,36,31,4837,0,29,9185,6441,0,0,2450,294,196605879,60386079,60346051,1440734,0,0,0,0
2026-10-06 09:00:00,9166,2700,36,31,4839,0,24,9166,6421,0,0,2449,296,196676042,60430286,60390258,1439434,0,0,0,0
2026-10-06 10:00:00,9165,2694,36,31,4840,0,31,9165,6426,0,0,2458,281,196618687,60212887,60172859,1440434,0,0,0,0
2026-10-06 11:00:00,9215,2728,36,31,4852,0,26,9215,6442,0,0,2493,280,198115101,61499651,61459623,1439434,0,0,0,0
2026-10-06 12:00:00,9208,2724,36,31,4867,0,19,9208,6439,0,0,2489,280,198300127,61473850,61433822,1439634,0,0,0,0
2026-10-06 13:00:00,9172,2722,36,31,4855,0,28,9172,6404,0,0,2487,281,198100297,61732170,61692142,1439634,0,0,0,0
2026-10-06 14:00:00,9160,2714,36,31,4832,0,51,9160,6400,0,0,2482,278,197557628,61452042,61412014,1439634,0,0,0,0
2026-10-06 15:00:00,9153,2716,35,30,4837,0,30,9153,6392,0,0,2483,278,197779502,61583393,61543365,1434834,0,0,0,0
2026-10-06 16:00:00,9156,2727,36,31,4834,0,23,9156,6383,0,0,2494,279,197908868,61823391,61783363,1440134,0,0,0,0
2026-10-06 17:00:00,9165,2732,36,31,4851,0,14,9165,6387,0,0,2498,280,197848661,61713402,61673374,1440134,0,0,0,0
2026-10-06 18:00:00,9092,2675,36,31,4791,0,21,9092,6371,0,0,2442,279,197590432,61367910,61327882,1440134,0,0,0,0
2026-10-06 19:00:00,9054,2666,36,31,4769,0,21,9054,6342,0,0,2433,279,196724851,61292457,61252429,1442234,0,0,0,0
2026-10-06 20:00:00,9105,2694,35,30,4805,0,17,9105,6366,0,0,2462,277,197205104,61564160,61524132,1436934,0,0,0,0
2026-10-06 21:00:00,9108,2695,36,31,4802,0,11,9108,6367,0,0,2465,276,197418508,61640401,61600373,1442334,0,0,0,0
2026-10-06 22:00:00,9111,2698,36,31,4811,0,15,9111,6367,0,0,2466,278,197112588,61683922,61643894,1442334,0,0,0,0
2026-10-06 23:00:00,9124,2698,36,31,4809,0,14,9124,6380,0,0,2468,276,197359746,61557073,61517045,1445334,0,0,0,0
2026-10-07 00:00:00,9146,2711,35,30,4824,0,14,9146,6390,0,0,2479,277,197937064,61738254,61698226,1440934,0,0,0,0
2026-10-07 01:00:00,9170,2716,38,33,4851,0,22,9170,6406,0,0,2485,279,198920954,62039026,61998998,1557335,0,0,0,0
2026-10-07 02:00:00,9155,2713,38,33,4846,0,17,9155,6394,0,0,2482,279,198306851,61902607,61862579,1556335,0,0,0,0
