start,end,operators,hosts,victim_hosts,operator_bursts
2026-04-26 13:17:56,2026-04-26 15:20:12,3,24,7,"email:Quetzalcoatl_relays[]proton.me url:https://quetzalcoatl-relays.o [17 hosts, inv_str 63/136] || anonymous@torproject.org [4 hosts, inv_str 3/6] || email:admin[]prsv.ch url:https://prsv.ch/ proof:uri-rsa ciissversion:2 [3 hosts, inv_str 1/3]"
2026-04-26 15:44:39,2026-04-26 17:27:44,3,25,5,"email:Quetzalcoatl_relays[]proton.me url:https://quetzalcoatl-relays.o [19 hosts, inv_str 72/171] || Maintained by TheMC [3 hosts, inv_str 1/3] || anonymous@torproject.org [3 hosts, inv_str 1/3]"
2026-04-26 19:43:01,2026-04-26 20:48:08,3,20,1,"Foundation for Applied Privacy email:tor[]appliedprivacy.net donationu [13 hosts, inv_str 32/78] || email:Quetzalcoatl_relays[]proton.me url:https://quetzalcoatl-relays.o [3 hosts, inv_str 2/3] || tor@kllx.eu [4 hosts, inv_str 5/6]"
2026-04-27 03:05:19,2026-04-27 03:26:36,2,8,1,"email:admin[]prsv.ch url:https://prsv.ch/ proof:uri-rsa ciissversion:2 [4 hosts, inv_str 4/6] || email:Quetzalcoatl_relays[]proton.me url:https://quetzalcoatl-relays.o [4 hosts, inv_str 3/6]"
2026-04-27 04:29:06,2026-04-27 04:46:38,2,126,0,"email:Quetzalcoatl_relays[]proton.me url:https://quetzalcoatl-relays.o [3 hosts, inv_str 1/3] || email:admin[@]unredacted.org url:unredacted.org proof:uri-rsa ciissver [123 hosts, inv_str 2802/7503]"
2026-04-27 05:43:02,2026-04-27 07:41:18,3,63,5,"email:Quetzalcoatl_relays[]proton.me url:https://quetzalcoatl-relays.o [15 hosts, inv_str 59/105] || email:admin[]fluffypancakes.dev url:fluffypancakes.dev proof:uri-rsa c [22 hosts, inv_str 104/231] || email:mail[]nothingtohide.nl url:nothingtohide.nl proof:uri-rsa abuse: [26 hosts, inv_str 38/325]"
2026-04-27 19:05:49,2026-04-27 20:29:28,3,16,2,"printerexpert@mail2tor.com [5 hosts, inv_str 8/10] || email:Quetzalcoatl_relays[]proton.me url:https://quetzalcoatl-relays.o [7 hosts, inv_str 8/21] || email:toralf.foerster[]gmx.de gpg:1A376F994A9D026F13E24DCFC4EACDDE0076 [4 hosts, inv_str 6/6]"
2026-04-27 23:58:58,2026-04-28 00:18:55,3,10,0,"email:forest-relay-contact[]cryptolab.net pgp:BCBAE3E9CB8E2FE23F29DC58 [3 hosts, inv_str 1/3] || RandomPerson <skynet@academyforinternetresearch.org> [4 hosts, inv_str 0/6] || anonymous@torproject.org [3 hosts, inv_str 2/3]"
2026-04-28 01:10:12,2026-04-28 01:34:26,2,7,0,"anonymous@torproject.org [4 hosts, inv_str 5/6] || email:Quetzalcoatl_relays[]proton.me url:https://quetzalcoatl-relays.o [3 hosts, inv_str 2/3]"
2026-04-28 04:57:34,2026-04-28 05:40:46,4,44,3,"email:Quetzalcoatl_relays[]proton.me url:https://quetzalcoatl-relays.o [5 hosts, inv_str 7/10] || email:admin@for-privacy.net url:for-privacy.net proof:dns-rsa abuse:ab [32 hosts, inv_str 153/496] || anonymous@torproject.org [3 hosts, inv_str 3/3] || email:admin[]prsv.ch url:https://prsv.ch/ proof:uri-rsa ciissversion:2 [4 hosts, inv_str 4/6]"
2026-04-28 05:59:19,2026-04-28 14:02:38,5,132,10,"email:admin[]prsv.ch url:https://prsv.ch/ proof:uri-rsa ciissversion:2 [4 hosts, inv_str 2/6] || anonymous@torproject.org [4 hosts, inv_str 1/6] || email:Quetzalcoatl_relays[]proton.me url:https://quetzalcoatl-relays.o [9 hosts, inv_str 26/36] || email:admin[]prsv.ch url:https://prsv.ch/ proof:uri-rsa ciissversion:2 [6 hosts, inv_str 8/15] || c99058397@gmail.com [3 hosts, inv_str 0/3] || anonymous@torproject.org [13 hosts, inv_str 33/78] || email:admin[]prsv.ch url:https://prsv.ch/ proof:uri-rsa ciissversion:2 [15 hosts, inv_str 54/105] || email:Quetzalcoatl_relays[]proton.me url:https://quetzalcoatl-relays.o [4 hosts, inv_str 6/6] || printerexpert@mail2tor.com [3 hosts, inv_str 2/3] || email:Quetzalcoatl_relays[]proton.me url:https://quetzalcoatl-relays.o [3 hosts, inv_str 0/3] || anonymous@torproject.org [9 hosts, inv_str 18/36] || anonymous@torproject.org [10 hosts, inv_str 23/45] || email:Quetzalcoatl_relays[]proton.me url:https://quetzalcoatl-relays.o [9 hosts, inv_str 15/36] || printerexpert@mail2tor.com [3 hosts, inv_str 1/3] || anonymous@torproject.org [23 hosts, inv_str 126/253] || printerexpert@mail2tor.com [5 hosts, inv_str 7/10] || email:Quetzalcoatl_relays[]proton.me url:https://quetzalcoatl-relays.o [9 hosts, inv_str 19/36]"
2026-04-28 14:11:14,2026-04-28 20:38:30,8,165,10,"email:admin[]prsv.ch url:https://prsv.ch/ proof:uri-rsa ciissversion:2 [13 hosts, inv_str 43/78] || This Relay is operated as part of a research effort to measure how Oni [25 hosts, inv_str 87/300] || printerexpert@mail2tor.com [3 hosts, inv_str 1/3] || anonymous@torproject.org [18 hosts, inv_str 54/153] || email:Quetzalcoatl_relays[]proton.me url:https://quetzalcoatl-relays.o [7 hosts, inv_str 13/21] || This Relay is operated as part of a research effort to measure how Oni [25 hosts, inv_str 107/300] || printerexpert@mail2tor.com [3 hosts, inv_str 1/3] || email:Quetzalcoatl_relays[]proton.me url:https://quetzalcoatl-relays.o [10 hosts, inv_str 14/45] || Maintained by TheMC [3 hosts, inv_str 0/3] || anonymous@torproject.org [24 hosts, inv_str 135/276] || email:Quetzalcoatl_relays[]proton.me url:https://quetzalcoatl-relays.o [4 hosts, inv_str 3/6] || email:admin[]prsv.ch url:https://prsv.ch/ proof:uri-rsa ciissversion:2 [10 hosts, inv_str 32/45] || 0xBDB1B7B8C83C82B739B42E74E8519CFBD01E1F2C João Fraga joao@fraguinha.c [3 hosts, inv_str 0/3] || printerexpert@mail2tor.com [10 hosts, inv_str 31/45] || email:Quetzalcoatl_relays[]proton.me url:https://quetzalcoatl-relays.o [4 hosts, inv_str 2/6] || sinradio [3 hosts, inv_str 2/3]"
2026-04-28 20:42:29,2026-04-29 07:40:18,12,287,12,"email:Quetzalcoatl_relays[]proton.me url:https://quetzalcoatl-relays.o [5 hosts, inv_str 7/10] || anonymous@torproject.org [14 hosts, inv_str 46/91] || email:admin[]prsv.ch url:https://prsv.ch/ proof:uri-rsa ciissversion:2 [5 hosts, inv_str 6/10] || email:admin[]prsv.ch url:https://prsv.ch/ proof:uri-rsa ciissversion:2 [4 hosts, inv_str 3/6] || email:Quetzalcoatl_relays[]proton.me url:https://quetzalcoatl-relays.o [4 hosts, inv_str 4/6] || email:admin[]prsv.ch url:https://prsv.ch/ proof:uri-rsa ciissversion:2 [13 hosts, inv_str 50/78] || NN <relay-ops AT noonion dot de> [3 hosts, inv_str 1/3] || anonymous@torproject.org [20 hosts, inv_str 80/190] || email:Quetzalcoatl_relays[]proton.me url:https://quetzalcoatl-relays.o [6 hosts, inv_str 7/15] || Artikel10 url:artikel10.org email:info[]artikel10.org abuse:abuse[]art [32 hosts, inv_str 224/496] || printerexpert@mail2tor.com [3 hosts, inv_str 2/3] || RandomPerson <skynet@academyforinternetresearch.org> [5 hosts, inv_str 4/10] || email:Quetzalcoatl_relays[]proton.me url:https://quetzalcoatl-relays.o [5 hosts, inv_str 7/10] || email:forest-relay-contact[]cryptolab.net pgp:BCBAE3E9CB8E2FE23F29DC58 [3 hosts, inv_str 2/3] || printerexpert@mail2tor.com [4 hosts, inv_str 3/6] || email:admin[]prsv.ch url:https://prsv.ch/ proof:uri-rsa ciissversion:2 [8 hosts, inv_str 18/28] || email:Quetzalcoatl_relays[]proton.me url:https://quetzalcoatl-relays.o [6 hosts, inv_str 11/15] || anonymous@torproject.org [7 hosts, inv_str 11/21] || email:Quetzalcoatl_relays[]proton.me url:https://quetzalcoatl-relays.o [3 hosts, inv_str 0/3] || email:admin[]prsv.ch url:https://prsv.ch/ proof:uri-rsa ciissversion:2 [6 hosts, inv_str 10/15] || notsahil@duck.com [3 hosts, inv_str 1/3] || anonymous@torproject.org [18 hosts, inv_str 66/153] || hello@relaymagic.org (relaymagic.org/contact) [3 hosts, inv_str 2/3] || email:Quetzalcoatl_relays[]proton.me url:https://quetzalcoatl-relays.o [6 hosts, inv_str 11/15] || email:admin[]prsv.ch url:https://prsv.ch/ proof:uri-rsa ciissversion:2 [15 hosts, inv_str 65/105] || email:Quetzalcoatl_relays[]proton.me url:https://quetzalcoatl-relays.o [4 hosts, inv_str 2/6] || printerexpert@mail2tor.com [4 hosts, inv_str 4/6] || email:admin@for-privacy.net url:for-privacy.net proof:dns-rsa abuse:ab [32 hosts, inv_str 0/496] || printerexpert@mail2tor.com [3 hosts, inv_str 0/3] || anonymous@torproject.org [8 hosts, inv_str 16/28] || hiwi  <hiwi AT nurfuerspam dot de> [3 hosts, inv_str 1/3] || email:Quetzalcoatl_relays[]proton.me url:https://quetzalcoatl-relays.o [6 hosts, inv_str 12/15] || anonymous@torproject.org [5 hosts, inv_str 7/10] || email:Quetzalcoatl_relays[]proton.me url:https://quetzalcoatl-relays.o [9 hosts, inv_str 13/36] || NN <relay-ops AT noonion dot de> [3 hosts, inv_str 3/3] || anonymous@torproject.org [9 hosts, inv_str 18/36]"
2026-04-29 07:53:14,2026-04-29 08:46:19,3,20,5,"email:Quetzalcoatl_relays[]proton.me url:https://quetzalcoatl-relays.o [5 hosts, inv_str 4/10] || anonymous@torproject.org [4 hosts, inv_str 3/6] || email:admin[]prsv.ch url:https://prsv.ch/ proof:uri-rsa ciissversion:2 [8 hosts, inv_str 13/28] || email:Quetzalcoatl_relays[]proton.me url:https://quetzalcoatl-relays.o [3 hosts, inv_str 1/3]"
2026-04-29 09:05:17,2026-04-29 10:38:18,5,33,3,"anonymous@torproject.org [13 hosts, inv_str 30/78] || email:admin[]prsv.ch url:https://prsv.ch/ proof:uri-rsa ciissversion:2 [7 hosts, inv_str 10/21] || printerexpert@mail2tor.com [3 hosts, inv_str 2/3] || admin@gmail.com [3 hosts, inv_str 1/3] || email:Quetzalcoatl_relays[]proton.me url:https://quetzalcoatl-relays.o [7 hosts, inv_str 6/21]"
2026-04-29 10:42:43,2026-04-29 15:42:08,8,179,21,"anonymous@torproject.org [34 hosts, inv_str 222/561] || email:admin[]prsv.ch url:https://prsv.ch/ proof:uri-rsa ciissversion:2 [12 hosts, inv_str 34/66] || email:Quetzalcoatl_relays[]proton.me url:https://quetzalcoatl-relays.o [15 hosts, inv_str 54/105] || email:Quetzalcoatl_relays[]proton.me url:https://quetzalcoatl-relays.o [12 hosts, inv_str 32/66] || email:admin[]prsv.ch url:https://prsv.ch/ proof:uri-rsa ciissversion:2 [21 hosts, inv_str 106/210] || email:torix[]protonmail.com url:https://torix-relays.org proof:uri-rsa [4 hosts, inv_str 2/6] || printerexpert@mail2tor.com [3 hosts, inv_str 1/3] || email:Quetzalcoatl_relays[]proton.me url:https://quetzalcoatl-relays.o [64 hosts, inv_str 1157/2016] || ContactInfo email:knight AT germancraft dot net url:germancraft.net pr [3 hosts, inv_str 2/3] || anonymous@torproject.org [4 hosts, inv_str 2/6] || Steve <tor@digital-world.dev> [4 hosts, inv_str 2/6] || <trly1 AT proton dot me> [3 hosts, inv_str 1/3]"
2026-04-29 15:59:29,2026-04-29 22:17:06,8,114,4,"email:admin[]prsv.ch url:https://prsv.ch/ proof:uri-rsa ciissversion:2 [9 hosts, inv_str 17/36] || printerexpert@mail2tor.com [8 hosts, inv_str 12/28] || anonymous@torproject.org [13 hosts, inv_str 32/78] || Maintained by TheMC [3 hosts, inv_str 0/3] || anonymous@torproject.org [24 hosts, inv_str 157/276] || printerexpert@mail2tor.com [3 hosts, inv_str 3/3] || ContactInfo email:knight AT germancraft dot net url:germancraft.net pr [3 hosts, inv_str 2/3] || printerexpert@mail2tor.com [4 hosts, inv_str 3/6] || printerexpert@mail2tor.com [8 hosts, inv_str 19/28] || anonymous@torproject.org [3 hosts, inv_str 1/3] || email:Quetzalcoatl_relays[]proton.me url:https://quetzalcoatl-relays.o [3 hosts, inv_str 1/3] || NN <relay-ops AT noonion dot de> [3 hosts, inv_str 2/3] || anonymous@torproject.org [8 hosts, inv_str 11/28] || email:Quetzalcoatl_relays[]proton.me url:https://quetzalcoatl-relays.o [9 hosts, inv_str 28/36] || printerexpert@mail2tor.com [3 hosts, inv_str 2/3] || email:zwiebelrouter[]protonmail[]com url:zwiebelrouter.net proof:dns-r [10 hosts, inv_str 15/45]"
2026-04-29 22:18:03,2026-04-29 22:53:33,3,9,2,"anonymous@torproject.org [3 hosts, inv_str 1/3] || email:Quetzalcoatl_relays[]proton.me url:https://quetzalcoatl-relays.o [3 hosts, inv_str 2/3] || email:admin[]prsv.ch url:https://prsv.ch/ proof:uri-rsa ciissversion:2 [3 hosts, inv_str 2/3]"
2026-04-29 22:56:01,2026-04-30 04:41:25,8,163,6,"email:forest-relay-contact[]cryptolab.net pgp:BCBAE3E9CB8E2FE23F29DC58 [5 hosts, inv_str 8/10] || anonymous@torproject.org [7 hosts, inv_str 12/21] || email:admin[]prsv.ch url:https://prsv.ch/ proof:uri-rsa ciissversion:2 [7 hosts, inv_str 11/21] || Artikel10 url:artikel10.org email:info[]artikel10.org abuse:abuse[]art [32 hosts, inv_str 190/496] || email:forest-relay-contact[]cryptolab.net pgp:BCBAE3E9CB8E2FE23F29DC58 [34 hosts, inv_str 267/561] || RandomPerson <skynet@academyforinternetresearch.org> [5 hosts, inv_str 3/10] || ContactInfo email:knight AT germancraft dot net url:germancraft.net pr [4 hosts, inv_str 0/6] || anonymous@torproject.org [11 hosts, inv_str 33/55] || email:admin[]prsv.ch url:https://prsv.ch/ proof:uri-rsa ciissversion:2 [8 hosts, inv_str 14/28] || printerexpert@mail2tor.com [4 hosts, inv_str 4/6] || email:Quetzalcoatl_relays[]proton.me url:https://quetzalcoatl-relays.o [12 hosts, inv_str 47/66] || anonymous@torproject.org [9 hosts, inv_str 17/36] || Artikel10 url:artikel10.org email:info[]artikel10.org abuse:abuse[]art [4 hosts, inv_str 0/6] || printerexpert@mail2tor.com [3 hosts, inv_str 3/3] || anonymous@torproject.org [4 hosts, inv_str 4/6] || anonymous@torproject.org [14 hosts, inv_str 42/91]"
2026-04-30 04:46:24,2026-04-30 09:45:56,6,62,0,"email:admin[]prsv.ch url:https://prsv.ch/ proof:uri-rsa ciissversion:2 [10 hosts, inv_str 18/45] || anonymous@torproject.org [12 hosts, inv_str 33/66] || email:admin[]prsv.ch url:https://prsv.ch/ proof:uri-rsa ciissversion:2 [8 hosts, inv_str 17/28] || NN <relay-ops AT noonion dot de> [3 hosts, inv_str 1/3] || anonymous@torproject.org [12 hosts, inv_str 47/66] || c99058397@gmail.com [3 hosts, inv_str 1/3] || email:denny.obreham[]a-n-o-n-y-m-e.net url:https://a-n-o-n-y-m-e.net p [3 hosts, inv_str 1/3] || printerexpert@mail2tor.com [3 hosts, inv_str 2/3] || NN <relay-ops AT noonion dot de> [3 hosts, inv_str 1/3] || anonymous@torproject.org [5 hosts, inv_str 6/10]"
2026-04-30 09:52:40,2026-04-30 17:49:30,9,351,16,"email:Quetzalcoatl_relays[]proton.me url:https://quetzalcoatl-relays.o [6 hosts, inv_str 8/15] || Foundation for Applied Privacy email:tor[]appliedprivacy.net donationu [13 hosts, inv_str 32/78] || email:admin[]prsv.ch url:https://prsv.ch/ proof:uri-rsa ciissversion:2 [17 hosts, inv_str 71/136] || anonymous@torproject.org [35 hosts, inv_str 311/595] || printerexpert@mail2tor.com [11 hosts, inv_str 23/55] || email:Quetzalcoatl_relays[]proton.me url:https://quetzalcoatl-relays.o [58 hosts, inv_str 919/1653] || hello@relaymagic.org (relaymagic.org/contact) [3 hosts, inv_str 3/3] || email:Quetzalcoatl_relays[]proton.me url:https://quetzalcoatl-relays.o [7 hosts, inv_str 14/21] || anonymous@torproject.org [27 hosts, inv_str 164/351] || printerexpert@mail2tor.com [3 hosts, inv_str 3/3] || email:mail[]nothingtohide.nl url:nothingtohide.nl proof:uri-rsa abuse: [154 hosts, inv_str 6022/11781] || email:admin[]prsv.ch url:https://prsv.ch/ proof:uri-rsa ciissversion:2 [8 hosts, inv_str 11/28] || printerexpert@mail2tor.com [3 hosts, inv_str 2/3] || s(dot)aint667[at]proton(dot)me [3 hosts, inv_str 1/3] || Maintained by TheMC [3 hosts, inv_str 1/3]"
2026-04-30 18:11:08,2026-05-01 12:43:03,26,549,62,"email:admin[]prsv.ch url:https://prsv.ch/ proof:uri-rsa ciissversion:2 [9 hosts, inv_str 18/36] || anonymous@torproject.org [16 hosts, inv_str 84/120] || printerexpert@mail2tor.com [3 hosts, inv_str 1/3] || tor (at) nadeko (dot) net [3 hosts, inv_str 2/3] || anonymous@torproject.org [4 hosts, inv_str 4/6] || email:Quetzalcoatl_relays[]proton.me url:https://quetzalcoatl-relays.o [8 hosts, inv_str 13/28] || email:mail[]nothingtohide.nl url:nothingtohide.nl proof:uri-rsa abuse: [26 hosts, inv_str 47/325] || anonymous@torproject.org [13 hosts, inv_str 58/78] || tor@wurzelmann.at [8 hosts, inv_str 8/28] || printerexpert@mail2tor.com [5 hosts, inv_str 4/10] || 0xBDB1B7B8C83C82B739B42E74E8519CFBD01E1F2C João Fraga joao@fraguinha.c [3 hosts, inv_str 3/3] || email:Quetzalcoatl_relays[]proton.me url:https://quetzalcoatl-relays.o [7 hosts, inv_str 16/21] || tor@0lt.de [5 hosts, inv_str 3/10] || anonymous@torproject.org [22 hosts, inv_str 118/231] || printerexpert@mail2tor.com [3 hosts, inv_str 1/3] || email:admin[]prsv.ch url:https://prsv.ch/ proof:uri-rsa ciissversion:2 [3 hosts, inv_str 2/3] || tor-operator@theu.li [13 hosts, inv_str 49/78] || your@e-mail [3 hosts, inv_str 3/3] || email:denny.obreham[]a-n-o-n-y-m-e.net url:https://a-n-o-n-y-m-e.net p [10 hosts, inv_str 24/45] || email:admin[]prsv.ch url:https://prsv.ch/ proof:uri-rsa ciissversion:2 [9 hosts, inv_str 24/36] || RandomPerson <skynet@academyforinternetresearch.org> [7 hosts, inv_str 6/21] || short.nut4738@forum21.co [4 hosts, inv_str 2/6] || torcontactemail AT proton.me [8 hosts, inv_str 11/28] || tor@zgato.ru [3 hosts, inv_str 2/3] || printerexpert@mail2tor.com [4 hosts, inv_str 1/6] || abuse@doggett.tech [3 hosts, inv_str 2/3] || anonymous@torproject.org [10 hosts, inv_str 36/45] || email:Quetzalcoatl_relays[]proton.me url:https://quetzalcoatl-relays.o [92 hosts, inv_str 1756/4186] || email:denny.obreham[]a-n-o-n-y-m-e.net url:https://a-n-o-n-y-m-e.net p [4 hosts, inv_str 3/6] || printerexpert@mail2tor.com [5 hosts, inv_str 7/10] || Artikel10 url:artikel10.org email:info[]artikel10.org abuse:abuse[]art [4 hosts, inv_str 0/6] || 0xBDB1B7B8C83C82B739B42E74E8519CFBD01E1F2C João Fraga joao@fraguinha.c [3 hosts, inv_str 3/3] || anonymous@torproject.org [15 hosts, inv_str 57/105] || email:admin[]prsv.ch url:https://prsv.ch/ proof:uri-rsa ciissversion:2 [8 hosts, inv_str 17/28] || email:torix[]protonmail.com url:https://torix-relays.org proof:uri-rsa [4 hosts, inv_str 4/6] || Artikel10 url:artikel10.org email:info[]artikel10.org abuse:abuse[]art [4 hosts, inv_str 0/6] || printerexpert@mail2tor.com [3 hosts, inv_str 3/3] || anonymous@torproject.org [13 hosts, inv_str 43/78] || email:admin[]prsv.ch url:https://prsv.ch/ proof:uri-rsa ciissversion:2 [10 hosts, inv_str 27/45] || email:abuse[]tuxli.org pgp:32A1621FC5290921D720940187AC9FC1F2BCCB30 ur [12 hosts, inv_str 36/66] || anonymous@torproject.org [13 hosts, inv_str 28/78] || email:tor[]r0cket.net url:https://tor.r0cket.net/ proof:uri-rsa abuse: [6 hosts, inv_str 1/15] || c99058397@gmail.com [4 hosts, inv_str 3/6] || StarApps GmbH, Switzerland url:starapps-ltd.com proof:uri-rsa ciissver [3 hosts, inv_str 2/3] || anonymous@torproject.org [21 hosts, inv_str 95/210] || email:admin[]prsv.ch url:https://prsv.ch/ proof:uri-rsa ciissversion:2 [8 hosts, inv_str 12/28] || email:abuse-ripe[]digitale-gesellschaft.ch url:https://www.digitale-ge [3 hosts, inv_str 2/3] || printerexpert@mail2tor.com [3 hosts, inv_str 3/3] || anonymous@torproject.org [22 hosts, inv_str 105/231] || email:admin[]prsv.ch url:https://prsv.ch/ proof:uri-rsa ciissversion:2 [7 hosts, inv_str 15/21] || email:Quetzalcoatl_relays[]proton.me url:https://quetzalcoatl-relays.o [35 hosts, inv_str 264/595] || email:admin[]prsv.ch url:https://prsv.ch/ proof:uri-rsa ciissversion:2 [9 hosts, inv_str 21/36] || email:Quetzalcoatl_relays[]proton.me url:https://quetzalcoatl-relays.o [4 hosts, inv_str 5/6] || s(dot)aint667[at]proton(dot)me [3 hosts, inv_str 0/3] || Digitalcourage e.V. email:tor-abuse[]digitalcourage.de abuse:tor-abuse [15 hosts, inv_str 49/105] || printerexpert@mail2tor.com [4 hosts, inv_str 4/6]"
2026-05-01 12:58:30,2026-05-01 15:47:04,7,75,0,"anonymous@torproject.org [19 hosts, inv_str 70/171] || email:admin[]prsv.ch url:https://prsv.ch/ proof:uri-rsa ciissversion:2 [8 hosts, inv_str 14/28] || your@e-mail [3 hosts, inv_str 1/3] || email:admin[]fluffypancakes.dev url:fluffypancakes.dev proof:uri-rsa c [22 hosts, inv_str 128/231] || printerexpert@mail2tor.com [3 hosts, inv_str 1/3] || torrelay@brave.com [3 hosts, inv_str 3/3] || email:admin[]prsv.ch url:https://prsv.ch/ proof:uri-rsa ciissversion:2 [8 hosts, inv_str 13/28] || anonymous@torproject.org [5 hosts, inv_str 5/10] || 0xa1@mailbox.org [4 hosts, inv_str 3/6]"
2026-05-01 16:00:42,2026-05-01 17:14:18,4,35,0,"email:admin[]prsv.ch url:https://prsv.ch/ proof:uri-rsa ciissversion:2 [8 hosts, inv_str 12/28] || anonymous@torproject.org [11 hosts, inv_str 36/55] || Maintained by TheMC [3 hosts, inv_str 2/3] || Foundation for Applied Privacy email:tor[]appliedprivacy.net donationu [13 hosts, inv_str 33/78]"
2026-05-01 17:15:26,2026-05-01 17:43:15,2,12,0,"anonymous@torproject.org [9 hosts, inv_str 16/36] || haku19-@-mail.com [3 hosts, inv_str 1/3]"
2026-05-01 17:47:16,2026-05-02 05:55:07,21,382,56,"email:admin[]prsv.ch url:https://prsv.ch/ proof:uri-rsa ciissversion:2 [8 hosts, inv_str 17/28] || anonymous@torproject.org [4 hosts, inv_str 3/6] || DFRI email:tor[]dfri.se url:https://dfri.se proof:dns-familyid-ed25519 [19 hosts, inv_str 84/171] || anonymous@torproject.org [29 hosts, inv_str 202/406] || FlashTor at e.mail DOT de [4 hosts, inv_str 3/6] || Chaos Computer Club Wien (C3W) email:anonymity[]c3w.at url:https://c3w [5 hosts, inv_str 7/10] || printerexpert@mail2tor.com [5 hosts, inv_str 6/10] || vollborn@quantentunnel.de [4 hosts, inv_str 4/6] || Canadian Amateur Radio Operator c/s VA1DER < nameofthisrelay symbol ca [3 hosts, inv_str 3/3] || vollborn@quantentunnel.de [4 hosts, inv_str 5/6] || email:admin[]prsv.ch url:https://prsv.ch/ proof:uri-rsa ciissversion:2 [11 hosts, inv_str 28/55] || short.nut4738@forum21.co [4 hosts, inv_str 2/6] || contact2988@cock.li [4 hosts, inv_str 3/6] || anonymous@torproject.org [27 hosts, inv_str 179/351] || printerexpert@mail2tor.com [3 hosts, inv_str 2/3] || john_rt291141(at)proton(dot)me [8 hosts, inv_str 14/28] || email:admin[]prsv.ch url:https://prsv.ch/ proof:uri-rsa ciissversion:2 [7 hosts, inv_str 12/21] || RandomPerson <skynet@academyforinternetresearch.org> [3 hosts, inv_str 2/3] || email:Quetzalcoatl_relays[]proton.me url:https://quetzalcoatl-relays.o [88 hosts, inv_str 1586/3828] || anonymous@torproject.org [21 hosts, inv_str 130/210] || printerexpert@mail2tor.com [3 hosts, inv_str 2/3] || Digitalcourage e.V. email:tor-abuse[]digitalcourage.de abuse:tor-abuse [15 hosts, inv_str 31/105] || email:admin[]prsv.ch url:https://prsv.ch/ proof:uri-rsa ciissversion:2 [13 hosts, inv_str 41/78] || Artikel10 url:artikel10.org email:info[]artikel10.org abuse:abuse[]art [4 hosts, inv_str 3/6] || email:forest-relay-contact[]cryptolab.net pgp:BCBAE3E9CB8E2FE23F29DC58 [3 hosts, inv_str 3/3] || hello@relaymagic.org (relaymagic.org/contact) [3 hosts, inv_str 1/3] || Artikel10 url:artikel10.org email:info[]artikel10.org abuse:abuse[]art [4 hosts, inv_str 0/6] || email:torix[]protonmail.com url:https://torix-relays.org proof:uri-rsa [3 hosts, inv_str 2/3] || Artikel10 url:artikel10.org email:info[]artikel10.org abuse:abuse[]art [32 hosts, inv_str 273/496] || anonymous@torproject.org [10 hosts, inv_str 11/45] || relay // at // pommespanzer // dot // cc [9 hosts, inv_str 23/36] || printerexpert@mail2tor.com [3 hosts, inv_str 3/3] || your@e-mail [3 hosts, inv_str 2/3] || anonymous@torproject.org [8 hosts, inv_str 20/28] || Dave Null <dave@null.net> [8 hosts, inv_str 21/28]"
2026-05-02 05:57:16,2026-05-02 21:45:42,12,274,8,"email:admin[]prsv.ch url:https://prsv.ch/ proof:uri-rsa ciissversion:2 [11 hosts, inv_str 27/55] || email:tor[]r0cket.net url:https://tor.r0cket.net/ proof:uri-rsa abuse: [7 hosts, inv_str 16/21] || fumonion [] protonmail (dot) com [4 hosts, inv_str 3/6] || anonymous@torproject.org [14 hosts, inv_str 42/91] || email:Quetzalcoatl_relays[]proton.me url:https://quetzalcoatl-relays.o [38 hosts, inv_str 298/703] || anonymous@torproject.org [13 hosts, inv_str 42/78] || email:admin[]prsv.ch url:https://prsv.ch/ proof:uri-rsa ciissversion:2 [10 hosts, inv_str 25/45] || tor@kllx.eu [10 hosts, inv_str 20/45] || anonymous@torproject.org [22 hosts, inv_str 98/231] || printerexpert@mail2tor.com [4 hosts, inv_str 2/6] || email:admin[]prsv.ch url:https://prsv.ch/ proof:uri-rsa ciissversion:2 [15 hosts, inv_str 48/105] || anonymous@torproject.org [33 hosts, inv_str 228/528] || printerexpert@mail2tor.com [4 hosts, inv_str 4/6] || FlashTor at e.mail DOT de [4 hosts, inv_str 3/6] || olokerunningtor aT protonmail dot com [7 hosts, inv_str 16/21] || email:Quetzalcoatl_relays[]proton.me url:https://quetzalcoatl-relays.o [3 hosts, inv_str 0/3] || Maintained by TheMC [3 hosts, inv_str 0/3] || email:admin[]prsv.ch url:https://prsv.ch/ proof:uri-rsa ciissversion:2 [8 hosts, inv_str 14/28] || email:admin@for-privacy.net url:for-privacy.net proof:dns-rsa abuse:ab [32 hosts, inv_str 176/496] || FlashTor at e.mail DOT de [3 hosts, inv_str 2/3] || printerexpert@mail2tor.com [4 hosts, inv_str 6/6] || anonymous@torproject.org [10 hosts, inv_str 21/45] || anonymous@torproject.org [6 hosts, inv_str 5/15] || NN <relay-ops AT noonion dot de> [3 hosts, inv_str 1/3] || anonymous@torproject.org [6 hosts, inv_str 9/15]"
2026-05-02 21:49:46,2026-05-03 00:10:40,6,39,0,"printerexpert@mail2tor.com [3 hosts, inv_str 2/3] || email:admin[]prsv.ch url:https://prsv.ch/ proof:uri-rsa ciissversion:2 [7 hosts, inv_str 7/21] || anonymous@torproject.org [11 hosts, inv_str 26/55] || Joshua Moon <moon@usips.org> - United States Internet Preservation Soc [6 hosts, inv_str 8/15] || Bastiaan Brink <b@stiaanbr.ink> | AS215248 NOC +31 85 369 5034 [9 hosts, inv_str 22/36] || RandomPerson <skynet@academyforinternetresearch.org> [3 hosts, inv_str 0/3]"
2026-05-03 00:33:21,2026-05-04 04:42:34,20,899,19,"anonymous@torproject.org [24 hosts, inv_str 131/276] || email:admin[]prsv.ch url:https://prsv.ch/ proof:uri-rsa ciissversion:2 [73 hosts, inv_str 1243/2628] || printerexpert@mail2tor.com [3 hosts, inv_str 2/3] || email:Quetzalcoatl_relays[]proton.me url:https://quetzalcoatl-relays.o [3 hosts, inv_str 1/3] || hello@relaymagic.org (relaymagic.org/contact) [3 hosts, inv_str 0/3] || anonymous@torproject.org [18 hosts, inv_str 88/153] || relay // at // pommespanzer // dot // cc [8 hosts, inv_str 17/28] || anonymous@torproject.org [14 hosts, inv_str 41/91] || email:Quetzalcoatl_relays[]proton.me url:https://quetzalcoatl-relays.o [3 hosts, inv_str 1/3] || anonymous@torproject.org [3 hosts, inv_str 1/3] || anonymous@torproject.org [13 hosts, inv_str 49/78] || Random Person [4 hosts, inv_str 2/6] || 0xFFFFFFFF Random Person [3 hosts, inv_str 1/3] || email:admin[]prsv.ch url:https://prsv.ch/ proof:uri-rsa ciissversion:2 [7 hosts, inv_str 12/21] || anonymous@torproject.org [26 hosts, inv_str 161/325] || 0xFFFFFFFF Random Person [3 hosts, inv_str 1/3] || 0xBDB1B7B8C83C82B739B42E74E8519CFBD01E1F2C João Fraga joao@fraguinha.c [3 hosts, inv_str 1/3] || printerexpert@mail2tor.com [6 hosts, inv_str 12/15] || email:admin[]prsv.ch url:https://prsv.ch/ proof:uri-rsa ciissversion:2 [7 hosts, inv_str 15/21] || printerexpert@mail2tor.com [5 hosts, inv_str 4/10] || NN <relay-ops AT noonion dot de> [3 hosts, inv_str 2/3] || email:Quetzalcoatl_relays[]proton.me url:https://quetzalcoatl-relays.o [3 hosts, inv_str 2/3] || Artikel10 url:artikel10.org email:info[]artikel10.org abuse:abuse[]art [32 hosts, inv_str 58/496] || email:admin@for-privacy.net url:for-privacy.net proof:dns-rsa abuse:ab [32 hosts, inv_str 0/496] || printerexpert@mail2tor.com [3 hosts, inv_str 2/3] || anonymous@torproject.org [27 hosts, inv_str 227/351] || email:tech[]emeraldonion.org url:https://emeraldonion.org proof:uri-rs [91 hosts, inv_str 2247/4095] || email:admin@for-privacy.net url:for-privacy.net proof:dns-rsa abuse:ab [32 hosts, inv_str 0/496] || printerexpert@mail2tor.com [3 hosts, inv_str 0/3] || NN <relay-ops AT noonion dot de> [3 hosts, inv_str 0/3] || email:admin[]prsv.ch url:https://prsv.ch/ proof:uri-rsa ciissversion:2 [7 hosts, inv_str 13/21] || themadhacker@themadhacker.net <themadhacker AT themadhacker dot net> [3 hosts, inv_str 1/3] || email:Quetzalcoatl_relays[]proton.me url:https://quetzalcoatl-relays.o [12 hosts, inv_str 39/66] || anonymous@torproject.org [29 hosts, inv_str 211/406] || admin@juchatz.com [3 hosts, inv_str 3/3] || printerexpert@mail2tor.com [3 hosts, inv_str 1/3] || 0xBDB1B7B8C83C82B739B42E74E8519CFBD01E1F2C João Fraga joao@fraguinha.c [3 hosts, inv_str 1/3] || themadhacker <themadhacker AT themadhacker dot net> [4 hosts, inv_str 2/6] || email:admin[]prsv.ch url:https://prsv.ch/ proof:uri-rsa ciissversion:2 [11 hosts, inv_str 24/55] || FlashTor at e.mail DOT de [3 hosts, inv_str 2/3] || email:admin@for-privacy.net url:for-privacy.net proof:dns-rsa abuse:ab [33 hosts, inv_str 0/528] || email:Quetzalcoatl_relays[]proton.me url:https://quetzalcoatl-relays.o [6 hosts, inv_str 6/15] || printerexpert@mail2tor.com [3 hosts, inv_str 1/3] || Artikel10 url:artikel10.org email:info[]artikel10.org abuse:abuse[]art [32 hosts, inv_str 235/496] || email:admin@for-privacy.net url:for-privacy.net proof:dns-rsa abuse:ab [52 hosts, inv_str 246/1326] || Steve <tor@digital-world.dev> [3 hosts, inv_str 2/3] || email:Quetzalcoatl_relays[]proton.me url:https://quetzalcoatl-relays.o [8 hosts, inv_str 9/28] || email:admin@for-privacy.net url:for-privacy.net proof:dns-rsa abuse:ab [32 hosts, inv_str 64/496] || email:admin[]prsv.ch url:https://prsv.ch/ proof:uri-rsa ciissversion:2 [16 hosts, inv_str 65/120] || printerexpert@mail2tor.com [9 hosts, inv_str 11/36] || anonymous@torproject.org [3 hosts, inv_str 0/3] || This Relay is operated as part of a research effort to measure how Oni [25 hosts, inv_str 8/300] || email:Quetzalcoatl_relays[]proton.me url:https://quetzalcoatl-relays.o [12 hosts, inv_str 33/66] || email:admin@for-privacy.net url:for-privacy.net proof:dns-rsa abuse:ab [32 hosts, inv_str 181/496] || anonymous@torproject.org [14 hosts, inv_str 44/91] || email:admin@for-privacy.net url:for-privacy.net proof:dns-rsa abuse:ab [20 hosts, inv_str 55/190] || Steve <tor@digital-world.dev> [3 hosts, inv_str 2/3] || email:Quetzalcoatl_relays[]proton.me url:https://quetzalcoatl-relays.o [3 hosts, inv_str 2/3] || printerexpert@mail2tor.com [5 hosts, inv_str 6/10] || anonymous@torproject.org [15 hosts, inv_str 52/105] || admin@juchatz.com [4 hosts, inv_str 6/6] || email:Quetzalcoatl_relays[]proton.me url:https://quetzalcoatl-relays.o [16 hosts, inv_str 55/120] || RandomPerson <skynet@academyforinternetresearch.org> [5 hosts, inv_str 1/10] || Artikel10 url:artikel10.org email:info[]artikel10.org abuse:abuse[]art [4 hosts, inv_str 0/6] || email:tech[]emeraldonion.org url:https://emeraldonion.org proof:uri-rs [5 hosts, inv_str 6/10] || hello@relaymagic.org (relaymagic.org/contact) [3 hosts, inv_str 0/3]"
2026-05-04 05:03:44,2026-05-04 06:52:19,2,10,3,"email:admin[]prsv.ch url:https://prsv.ch/ proof:uri-rsa ciissversion:2 [7 hosts, inv_str 8/21] || email:Quetzalcoatl_relays[]proton.me url:https://quetzalcoatl-relays.o [3 hosts, inv_str 3/3]"
2026-05-04 07:13:22,2026-05-04 09:14:49,3,14,0,"email:admin[]prsv.ch url:https://prsv.ch/ proof:uri-rsa ciissversion:2 [8 hosts, inv_str 14/28] || 4096R/701269C611CA9526 OpenNetworX Tor Operator <tor(at)onwx.org> [3 hosts, inv_str 3/3] || anonymous@torproject.org [3 hosts, inv_str 1/3]"
2026-05-04 10:52:09,2026-05-04 15:28:00,6,109,5,"email:admin[]prsv.ch url:https://prsv.ch/ proof:uri-rsa ciissversion:2 [9 hosts, inv_str 20/36] || anonymous@torproject.org [31 hosts, inv_str 241/465] || relay@theispco.com [4 hosts, inv_str 3/6] || email:admin[]prsv.ch url:https://prsv.ch/ proof:uri-rsa ciissversion:2 [10 hosts, inv_str 19/45] || Artikel10 url:artikel10.org email:info[]artikel10.org abuse:abuse[]art [32 hosts, inv_str 0/496] || email:Quetzalcoatl_relays[]proton.me url:https://quetzalcoatl-relays.o [9 hosts, inv_str 18/36] || email:admin@for-privacy.net url:for-privacy.net proof:dns-rsa abuse:ab [10 hosts, inv_str 4/45] || email:Quetzalcoatl_relays[]proton.me url:https://quetzalcoatl-relays.o [4 hosts, inv_str 1/6]"
2026-05-04 15:48:38,2026-05-05 00:27:06,11,170,10,"email:admin[]prsv.ch url:https://prsv.ch/ proof:uri-rsa ciissversion:2 [12 hosts, inv_str 40/66] || anonymous@torproject.org [3 hosts, inv_str 1/3] || email:admin@for-privacy.net url:for-privacy.net proof:dns-rsa abuse:ab [32 hosts, inv_str 106/496] || Maintained by TheMC [3 hosts, inv_str 0/3] || email:Quetzalcoatl_relays[]proton.me url:https://quetzalcoatl-relays.o [8 hosts, inv_str 13/28] || Artikel10 url:artikel10.org email:info[]artikel10.org abuse:abuse[]art [32 hosts, inv_str 160/496] || Random Person nobody@tor.org [5 hosts, inv_str 6/10] || printerexpert@mail2tor.com [5 hosts, inv_str 4/10] || email:Quetzalcoatl_relays[]proton.me url:https://quetzalcoatl-relays.o [5 hosts, inv_str 4/10] || anonymous@torproject.org [3 hosts, inv_str 2/3] || FatsTor <tor AT stafverhaegen dot be> [3 hosts, inv_str 2/3] || email:admin@for-privacy.net url:for-privacy.net proof:dns-rsa abuse:ab [32 hosts, inv_str 14/496] || printerexpert@mail2tor.com [5 hosts, inv_str 6/10] || email:Quetzalcoatl_relays[]proton.me url:https://quetzalcoatl-relays.o [6 hosts, inv_str 6/15] || admin@tor.zombidev.me [4 hosts, inv_str 2/6] || email:Quetzalcoatl_relays[]proton.me url:https://quetzalcoatl-relays.o [5 hosts, inv_str 3/10] || email:Quetzalcoatl_relays[]proton.me url:https://quetzalcoatl-relays.o [3 hosts, inv_str 2/3] || RandomPerson <skynet@academyforinternetresearch.org> [4 hosts, inv_str 3/6]"
2026-05-05 00:52:05,2026-05-05 02:32:33,4,26,0,"email:admin[]prsv.ch url:https://prsv.ch/ proof:uri-rsa ciissversion:2 [7 hosts, inv_str 13/21] || anonymous@torproject.org [7 hosts, inv_str 9/21] || Artikel10 url:artikel10.org email:info[]artikel10.org abuse:abuse[]art [4 hosts, inv_str 0/6] || printerexpert@mail2tor.com [4 hosts, inv_str 4/6] || Artikel10 url:artikel10.org email:info[]artikel10.org abuse:abuse[]art [4 hosts, inv_str 0/6]"
2026-05-05 03:22:27,2026-05-05 12:19:22,11,952,7,"email:Quetzalcoatl_relays[]proton.me url:https://quetzalcoatl-relays.o [3 hosts, inv_str 3/3] || email:admin[]prsv.ch url:https://prsv.ch/ proof:uri-rsa ciissversion:2 [15 hosts, inv_str 62/105] || NN <relay-ops AT noonion dot de> [3 hosts, inv_str 2/3] || email:admin@for-privacy.net url:for-privacy.net proof:dns-rsa abuse:ab [32 hosts, inv_str 206/496] || printerexpert@mail2tor.com [3 hosts, inv_str 2/3] || anonymous@torproject.org [3 hosts, inv_str 2/3] || email:tor[]1aeo.com url:https://www.1aeo.com proof:uri-familyid-ed2551 [358 hosts, inv_str 26443/63903] || email:Quetzalcoatl_relays[]proton.me url:https://quetzalcoatl-relays.o [3 hosts, inv_str 1/3] || xiaoqic at cs dot princeton dot edu url:cxqn.info proof:uri-rsa ciissv [3 hosts, inv_str 1/3] || mRtjR4JX6pgJ@protonmail.ch [3 hosts, inv_str 0/3] || email:Quetzalcoatl_relays[]proton.me url:https://quetzalcoatl-relays.o [7 hosts, inv_str 11/21] || printerexpert@mail2tor.com [3 hosts, inv_str 1/3] || email:tor[]1aeo.com url:https://www.1aeo.com proof:uri-familyid-ed2551 [474 hosts, inv_str 84593/112101] || anonymous@torproject.org [17 hosts, inv_str 52/136] || email:Quetzalcoatl_relays[]proton.me url:https://quetzalcoatl-relays.o [13 hosts, inv_str 29/78] || pczer@hushmail.com [3 hosts, inv_str 2/3] || email:Quetzalcoatl_relays[]proton.me url:https://quetzalcoatl-relays.o [3 hosts, inv_str 1/3] || anonymous@torproject.org [3 hosts, inv_str 3/3] || email:BMTY90VKYRQPUJZOTH[]Safe-mail.net url:https://assange0-family.gi [3 hosts, inv_str 2/3]"
2026-05-05 12:51:10,2026-05-05 17:28:47,7,80,6,"email:admin[]prsv.ch url:https://prsv.ch/ proof:uri-rsa ciissversion:2 [13 hosts, inv_str 42/78] || printerexpert@mail2tor.com [3 hosts, inv_str 2/3] || email:Quetzalcoatl_relays[]proton.me url:https://quetzalcoatl-relays.o [3 hosts, inv_str 2/3] || anonymous@torproject.org [3 hosts, inv_str 2/3] || email:Quetzalcoatl_relays[]proton.me url:https://quetzalcoatl-relays.o [3 hosts, inv_str 1/3] || email:Quetzalcoatl_relays[]proton.me url:https://quetzalcoatl-relays.o [10 hosts, inv_str 35/45] || printerexpert@mail2tor.com [3 hosts, inv_str 2/3] || email:torix[]protonmail.com url:https://torix-relays.org proof:uri-rsa [3 hosts, inv_str 1/3] || email:admin@for-privacy.net url:for-privacy.net proof:dns-rsa abuse:ab [32 hosts, inv_str 0/496] || Maintained by TheMC [3 hosts, inv_str 0/3] || email:Quetzalcoatl_relays[]proton.me url:https://quetzalcoatl-relays.o [4 hosts, inv_str 2/6]"
2026-05-05 17:45:19,2026-05-05 18:50:46,4,52,1,"email:Quetzalcoatl_relays[]proton.me url:https://quetzalcoatl-relays.o [3 hosts, inv_str 3/3] || Artikel10 url:artikel10.org email:info[]artikel10.org abuse:abuse[]art [32 hosts, inv_str 0/496] || email:admin[]prsv.ch url:https://prsv.ch/ proof:uri-rsa ciissversion:2 [8 hosts, inv_str 13/28] || printerexpert@mail2tor.com [9 hosts, inv_str 20/36]"
2026-05-05 19:11:25,2026-05-05 19:46:30,2,10,0,"printerexpert@mail2tor.com [3 hosts, inv_str 2/3] || email:admin[]prsv.ch url:https://prsv.ch/ proof:uri-rsa ciissversion:2 [7 hosts, inv_str 16/21]"
2026-05-05 19:56:20,2026-05-05 20:43:07,3,14,2,"email:admin[]prsv.ch url:https://prsv.ch/ proof:uri-rsa ciissversion:2 [8 hosts, inv_str 13/28] || email:Quetzalcoatl_relays[]proton.me url:https://quetzalcoatl-relays.o [3 hosts, inv_str 0/3] || your@e-mail [3 hosts, inv_str 1/3]"
2026-05-05 21:53:58,2026-05-06 06:51:00,10,486,5,"anonymous@torproject.org [3 hosts, inv_str 3/3] || email:admin[]prsv.ch url:https://prsv.ch/ proof:uri-rsa ciissversion:2 [13 hosts, inv_str 49/78] || NN <relay-ops AT noonion dot de> [3 hosts, inv_str 3/3] || printerexpert@mail2tor.com [6 hosts, inv_str 8/15] || email:Quetzalcoatl_relays[]proton.me url:https://quetzalcoatl-relays.o [7 hosts, inv_str 7/21] || anonymous@torproject.org [4 hosts, inv_str 3/6] || RandomPerson <skynet@academyforinternetresearch.org> [4 hosts, inv_str 3/6] || anonymous@torproject.org [4 hosts, inv_str 3/6] || printerexpert@mail2tor.com [3 hosts, inv_str 3/3] || Artikel10 url:artikel10.org email:info[]artikel10.org abuse:abuse[]art [4 hosts, inv_str 0/6] || arieti009@proton.me [5 hosts, inv_str 4/10] || anonymous@torproject.org [7 hosts, inv_str 16/21] || hello@relaymagic.org (relaymagic.org/contact) [3 hosts, inv_str 0/3] || anonymous@torproject.org [15 hosts, inv_str 52/105] || email:tor[]1aeo.com url:https://www.1aeo.com proof:uri-familyid-ed2551 [392 hosts, inv_str 51344/76636] || anonymous@torproject.org [5 hosts, inv_str 9/10] || arieti009@proton.me [5 hosts, inv_str 8/10] || email:Quetzalcoatl_relays[]proton.me url:https://quetzalcoatl-relays.o [3 hosts, inv_str 2/3]"
2026-05-06 07:01:00,2026-05-06 08:26:10,3,18,3,"email:admin[]prsv.ch url:https://prsv.ch/ proof:uri-rsa ciissversion:2 [10 hosts, inv_str 21/45] || email:Quetzalcoatl_relays[]proton.me url:https://quetzalcoatl-relays.o [5 hosts, inv_str 6/10] || printerexpert@mail2tor.com [3 hosts, inv_str 3/3]"
2026-05-06 11:00:35,2026-05-06 20:48:40,8,105,13,"email:admin[]prsv.ch url:https://prsv.ch/ proof:uri-rsa ciissversion:2 [14 hosts, inv_str 47/91] || email:Quetzalcoatl_relays[]proton.me url:https://quetzalcoatl-relays.o [8 hosts, inv_str 6/28] || printerexpert@mail2tor.com [3 hosts, inv_str 1/3] || anonymous@torproject.org [3 hosts, inv_str 1/3] || email:Quetzalcoatl_relays[]proton.me url:https://quetzalcoatl-relays.o [3 hosts, inv_str 2/3] || email:Quetzalcoatl_relays[]proton.me url:https://quetzalcoatl-relays.o [5 hosts, inv_str 4/10] || relay@theispco.com [3 hosts, inv_str 2/3] || Henrik Kramselund <hlk AT zencurity dot com> [3 hosts, inv_str 1/3] || email:Quetzalcoatl_relays[]proton.me url:https://quetzalcoatl-relays.o [36 hosts, inv_str 404/630] || anonymous@torproject.org [3 hosts, inv_str 0/3] || anonymous@torproject.org [4 hosts, inv_str 5/6] || email:toralf.foerster[]gmx.de gpg:1A376F994A9D026F13E24DCFC4EACDDE0076 [4 hosts, inv_str 4/6] || email:admin[]prsv.ch url:https://prsv.ch/ proof:uri-rsa ciissversion:2 [10 hosts, inv_str 28/45] || printerexpert@mail2tor.com [3 hosts, inv_str 0/3] || admin@tor.zombidev.me [3 hosts, inv_str 1/3]"
2026-05-06 20:56:47,2026-05-07 02:41:43,11,97,8,"email:admin[]prsv.ch url:https://prsv.ch/ proof:uri-rsa ciissversion:2 [14 hosts, inv_str 54/91] || email:Quetzalcoatl_relays[]proton.me url:https://quetzalcoatl-relays.o [4 hosts, inv_str 4/6] || anonymous@torproject.org [3 hosts, inv_str 3/3] || email:Quetzalcoatl_relays[]proton.me url:https://quetzalcoatl-relays.o [3 hosts, inv_str 3/3] || printerexpert@mail2tor.com [4 hosts, inv_str 4/6] || email:Quetzalcoatl_relays[]proton.me url:https://quetzalcoatl-relays.o [7 hosts, inv_str 15/21] || wxw at safe-mail dot net [14 hosts, inv_str 54/91] || anonymous@torproject.org [3 hosts, inv_str 1/3] || 0xFFFFFFFF <tormaster AT kkb-clan dot de> [7 hosts, inv_str 16/21] || email:Quetzalcoatl_relays[]proton.me url:https://quetzalcoatl-relays.o [5 hosts, inv_str 6/10] || printerexpert@mail2tor.com [3 hosts, inv_str 2/3] || email:Quetzalcoatl_relays[]proton.me url:https://quetzalcoatl-relays.o [7 hosts, inv_str 9/21] || abuse@netz-zensur.de PGP:BB5FD346A1D7C6FDBBA85564D1857EEBFF3B4B42 [3 hosts, inv_str 3/3] || ms192@gmx.de [3 hosts, inv_str 1/3] || anonymous@torproject.org [7 hosts, inv_str 9/21] || NN <relay-ops AT noonion dot de> [3 hosts, inv_str 0/3] || Artikel10 url:artikel10.org email:info[]artikel10.org abuse:abuse[]art [4 hosts, inv_str 5/6] || FlashTor at e.mail DOT de [3 hosts, inv_str 2/3]"
2026-05-07 02:53:47,2026-05-07 18:34:57,44,1676,60,"email:Quetzalcoatl_relays[]proton.me url:https://quetzalcoatl-relays.o [4 hosts, inv_str 3/6] || hello@relaymagic.org (relaymagic.org/contact) [3 hosts, inv_str 0/3] || anonymous@torproject.org [8 hosts, inv_str 10/28] || Artikel10 url:artikel10.org email:info[]artikel10.org abuse:abuse[]art [32 hosts, inv_str 248/496] || email:admin[]prsv.ch url:https://prsv.ch/ proof:uri-rsa ciissversion:2 [11 hosts, inv_str 30/55] || tor@wurzelmann.at [3 hosts, inv_str 2/3] || email:Quetzalcoatl_relays[]proton.me url:https://quetzalcoatl-relays.o [17 hosts, inv_str 94/136] || DFRI email:tor[]dfri.se url:https://dfri.se proof:dns-familyid-ed25519 [3 hosts, inv_str 2/3] || anonymous@torproject.org [75 hosts, inv_str 1621/2775] || Contact (at)SilSte on chaos.social [tor-relay.co] [4 hosts, inv_str 2/6] || 0xFFFFFFFF Hjelm Enterprises <info ( AT ) hjelmenterprises ( DOT ) com [4 hosts, inv_str 3/6] || email:admin@for-privacy.net url:for-privacy.net proof:dns-rsa abuse:ab [32 hosts, inv_str 213/496] || tor@zgato.ru [5 hosts, inv_str 2/10] || ContactInfo email:knight AT germancraft dot net url:germancraft.net pr [7 hosts, inv_str 7/21] || Digitalcourage e.V. email:tor-abuse[]digitalcourage.de abuse:tor-abuse [15 hosts, inv_str 25/105] || F3 Netze <abuse@f3netze.de> email:abuse[]f3netze.de abuse:abuse[]f3net [4 hosts, inv_str 1/6] || email:tor [] middelstaedt dot com url:https://middelstaedt.com proof:u [3 hosts, inv_str 1/3] || NN <relay-ops AT noonion dot de> [3 hosts, inv_str 2/3] || tor@wurzelmann.at [5 hosts, inv_str 7/10] || DFRI email:tor[]dfri.se url:https://dfri.se proof:dns-familyid-ed25519 [7 hosts, inv_str 11/21] || 0xFFFFFFFF Playstar Network <info ( AT ) playstar ( DOT ) se> [3 hosts, inv_str 3/3] || freiraum_TK AT protonmail DOT ch [3 hosts, inv_str 3/3] || tested43@proton.me [3 hosts, inv_str 1/3] || 44FBABA6BC5EF8D1B69AB9C054994A18C5974B99 Satanist <admin AT 2cb dot ne [16 hosts, inv_str 71/120] || email:tor[]1aeo.com url:https://www.1aeo.com proof:uri-familyid-ed2551 [912 hosts, inv_str 248684/415416] || dplus26@fastmail.com [3 hosts, inv_str 0/3] || email:forest-relay-contact[]cryptolab.net pgp:BCBAE3E9CB8E2FE23F29DC58 [16 hosts, inv_str 35/120] || email:tor[]r0cket.net url:https://tor.r0cket.net/ proof:uri-rsa abuse: [6 hosts, inv_str 2/15] || csheats@tutanota.com [3 hosts, inv_str 2/3] || your@e-mail [3 hosts, inv_str 2/3] || xiaoqic at cs dot princeton dot edu url:cxqn.info proof:uri-rsa ciissv [4 hosts, inv_str 2/6] || relay // at // pommespanzer // dot // cc [12 hosts, inv_str 21/66] || DFRI email:tor[]dfri.se url:https://dfri.se proof:dns-familyid-ed25519 [10 hosts, inv_str 22/45] || printerexpert@mail2tor.com [3 hosts, inv_str 1/3] || c99058397@gmail.com [3 hosts, inv_str 3/3] || email:Quetzalcoatl_relays[]proton.me url:https://quetzalcoatl-relays.o [6 hosts, inv_str 5/15] || 0xFFFFFFFF Playstar Network <info ( AT ) playstar ( DOT ) se> [3 hosts, inv_str 1/3] || email:info[]osservatorionessuno.org url:https://osservatorionessuno.or [3 hosts, inv_str 1/3] || abuse@doggett.tech [3 hosts, inv_str 2/3] || Artikel10 url:artikel10.org email:info[]artikel10.org abuse:abuse[]art [4 hosts, inv_str 0/6] || email:admin[]prsv.ch url:https://prsv.ch/ proof:uri-rsa ciissversion:2 [5 hosts, inv_str 6/10] || email:admin[]prsv.ch url:https://prsv.ch/ proof:uri-rsa ciissversion:2 [10 hosts, inv_str 25/45] || Bastiaan Brink <b@stiaanbr.ink> | AS215248 NOC +31 85 369 5034 [9 hosts, inv_str 1/36] || fumonion [] protonmail (dot) com [4 hosts, inv_str 3/6] || email:Quetzalcoatl_relays[]proton.me url:https://quetzalcoatl-relays.o [7 hosts, inv_str 13/21] || tor@zgato.ru [4 hosts, inv_str 4/6] || email:Quetzalcoatl_relays[]proton.me url:https://quetzalcoatl-relays.o [23 hosts, inv_str 97/253] || Viktor Nikolov email:vnikolov[]vnikolov.cz url:nikolov.cz proof:dns-rs [4 hosts, inv_str 1/6] || contact2988@cock.li [3 hosts, inv_str 2/3] || email:admin[]prsv.ch url:https://prsv.ch/ proof:uri-rsa ciissversion:2 [15 hosts, inv_str 56/105] || email:Quetzalcoatl_relays[]proton.me url:https://quetzalcoatl-relays.o [4 hosts, inv_str 3/6] || nano-tor-relays@proton.me [3 hosts, inv_str 0/3] || email:Quetzalcoatl_relays[]proton.me url:https://quetzalcoatl-relays.o [3 hosts, inv_str 0/3] || 0xE12ECD2E Nicola Ferralis <feranick AT hotmail dot com> [4 hosts, inv_str 3/6] || email:Quetzalcoatl_relays[]proton.me url:https://quetzalcoatl-relays.o [94 hosts, inv_str 2025/4371] || printerexpert@mail2tor.com [5 hosts, inv_str 6/10] || email:torix[]protonmail.com url:https://torix-relays.org proof:uri-rsa [3 hosts, inv_str 1/3] || email:BMTY90VKYRQPUJZOTH[]Safe-mail.net url:https://assange0-family.gi [3 hosts, inv_str 2/3] || hiwi  <hiwi AT nurfuerspam dot de> [5 hosts, inv_str 5/10] || anonymous@torproject.org [48 hosts, inv_str 544/1128] || email:Quetzalcoatl_relays[]proton.me url:https://quetzalcoatl-relays.o [7 hosts, inv_str 8/21] || email:admin[@]unredacted.org url:unredacted.org proof:uri-rsa ciissver [122 hosts, inv_str 2713/7381] || Maintained by TheMC [3 hosts, inv_str 0/3] || printerexpert@mail2tor.com [4 hosts, inv_str 4/6] || printerexpert@mail2tor.com [5 hosts, inv_str 5/10] || Foundation for Applied Privacy email:tor[]appliedprivacy.net donationu [15 hosts, inv_str 50/105]"
2026-05-07 18:54:07,2026-05-07 20:31:17,7,162,1,"email:info[]osservatorionessuno.org url:https://osservatorionessuno.or [4 hosts, inv_str 5/6] || email:admin[]prsv.ch url:https://prsv.ch/ proof:uri-rsa ciissversion:2 [8 hosts, inv_str 12/28] || Foundation for Applied Privacy email:tor[]appliedprivacy.net donationu [15 hosts, inv_str 53/105] || Chaos Computer Club Wien (C3W) email:anonymity[]c3w.at url:https://c3w [5 hosts, inv_str 6/10] || email:admin[@]unredacted.org url:unredacted.org proof:uri-rsa ciissver [123 hosts, inv_str 2811/7503] || anonymous@torproject.org [4 hosts, inv_str 3/6] || email:Quetzalcoatl_relays[]proton.me url:https://quetzalcoatl-relays.o [3 hosts, inv_str 0/3]"
2026-05-07 20:53:16,2026-05-07 21:49:06,3,16,0,"email:admin[]prsv.ch url:https://prsv.ch/ proof:uri-rsa ciissversion:2 [7 hosts, inv_str 12/21] || printerexpert@mail2tor.com [6 hosts, inv_str 4/15] || email:abuse-ripe[]digitale-gesellschaft.ch url:https://www.digitale-ge [3 hosts, inv_str 0/3]"
2026-05-07 21:51:21,2026-05-07 22:23:18,2,11,0,"email:admin[]prsv.ch url:https://prsv.ch/ proof:uri-rsa ciissversion:2 [8 hosts, inv_str 16/28] || tested43@proton.me [3 hosts, inv_str 1/3]"
2026-05-07 22:48:57,2026-05-08 05:21:50,32,458,59,"email:admin[]prsv.ch url:https://prsv.ch/ proof:uri-rsa ciissversion:2 [12 hosts, inv_str 36/66] || email:Quetzalcoatl_relays[]proton.me url:https://quetzalcoatl-relays.o [114 hosts, inv_str 2949/6441] || Canadian Amateur Radio Operator c/s VA1DER < nameofthisrelay symbol ca [3 hosts, inv_str 1/3] || email:torix[]protonmail.com url:https://torix-relays.org proof:uri-rsa [5 hosts, inv_str 8/10] || wxw at safe-mail dot net [14 hosts, inv_str 54/91] || anonymous@torproject.org [5 hosts, inv_str 4/10] || 0xFFFFFFFF <tormaster AT kkb-clan dot de> [8 hosts, inv_str 17/28] || RandomPerson <skynet@academyforinternetresearch.org> [4 hosts, inv_str 4/6] || printerexpert@mail2tor.com [3 hosts, inv_str 1/3] || jsrel@gmail.com [16 hosts, inv_str 17/120] || anonymous@torproject.org [5 hosts, inv_str 6/10] || email:privacyboys@tutanota.com hoster:atomicnetworks cost:64USD donati [4 hosts, inv_str 1/6] || email:info[]osservatorionessuno.org url:https://osservatorionessuno.or [3 hosts, inv_str 1/3] || printerexpert@mail2tor.com [6 hosts, inv_str 4/15] || anonymous@torproject.org [11 hosts, inv_str 34/55] || pcloud61@gmail.com [7 hosts, inv_str 9/21] || ms192@gmx.de [4 hosts, inv_str 3/6] || freedomfr@pm.me [10 hosts, inv_str 22/45] || pcloud61@gmail.com [7 hosts, inv_str 11/21] || email:admin[]fluffypancakes.dev url:fluffypancakes.dev proof:uri-rsa c [22 hosts, inv_str 123/231] || tor@zgato.ru [6 hosts, inv_str 4/15] || Artikel10 url:artikel10.org email:info[]artikel10.org abuse:abuse[]art [32 hosts, inv_str 279/496] || email:admin[]prsv.ch url:https://prsv.ch/ proof:uri-rsa ciissversion:2 [5 hosts, inv_str 9/10] || abuse@doggett.tech [3 hosts, inv_str 2/3] || tor@zgato.ru [18 hosts, inv_str 80/153] || anonymous@torproject.org [22 hosts, inv_str 109/231] || fumonion [] protonmail (dot) com [4 hosts, inv_str 4/6] || tor@wurzelmann.at [8 hosts, inv_str 16/28] || ContactInfo email:knight AT germancraft dot net url:germancraft.net pr [12 hosts, inv_str 36/66] || DFRI email:tor[]dfri.se url:https://dfri.se proof:dns-familyid-ed25519 [8 hosts, inv_str 5/28] || 0x9F29C15D42A8B6F3 Nos oignons - 17WLwtW63FrHeMAEVkALnwhfmizBxGXDW1 em [6 hosts, inv_str 3/15] || F3 Netze <abuse@f3netze.de> email:abuse[]f3netze.de abuse:abuse[]f3net [4 hosts, inv_str 5/6] || 0xFFFFFFFF Hjelm Enterprises <info ( AT ) hjelmenterprises ( DOT ) com [4 hosts, inv_str 2/6] || email:admin[]prsv.ch url:https://prsv.ch/ proof:uri-rsa ciissversion:2 [7 hosts, inv_str 5/21] || 0xFFFFFFFF Playstar Network <info ( AT ) playstar ( DOT ) se> [3 hosts, inv_str 1/3] || freiraum_TK AT protonmail DOT ch [3 hosts, inv_str 3/3] || Contact (at)SilSte on chaos.social [tor-relay.co] [6 hosts, inv_str 10/15] || F3 Netze <abuse@f3netze.de> email:abuse[]f3netze.de abuse:abuse[]f3net [8 hosts, inv_str 12/28] || F3 Netze <abuse@f3netze.de> email:abuse[]f3netze.de abuse:abuse[]f3net [4 hosts, inv_str 1/6] || email:admin@for-privacy.net url:for-privacy.net proof:dns-rsa abuse:ab [32 hosts, inv_str 244/496]"
2026-05-08 05:31:40,2026-05-08 12:36:34,25,194,0,"F3 Netze <abuse@f3netze.de> email:abuse[]f3netze.de abuse:abuse[]f3net [4 hosts, inv_str 3/6] || 44FBABA6BC5EF8D1B69AB9C054994A18C5974B99 Satanist <admin AT 2cb dot ne [7 hosts, inv_str 10/21] || F3 Netze <abuse@f3netze.de> email:abuse[]f3netze.de abuse:abuse[]f3net [4 hosts, inv_str 0/6] || F3 Netze <abuse@f3netze.de> email:abuse[]f3netze.de abuse:abuse[]f3net [8 hosts, inv_str 0/28] || email:admin[]prsv.ch url:https://prsv.ch/ proof:uri-rsa ciissversion:2 [12 hosts, inv_str 46/66] || limited0ne@gmx.com [3 hosts, inv_str 1/3] || DFRI email:tor[]dfri.se url:https://dfri.se proof:dns-familyid-ed25519 [8 hosts, inv_str 1/28] || olokerunningtor aT protonmail dot com [5 hosts, inv_str 0/10] || torcontactemail AT proton.me [7 hosts, inv_str 9/21] || c99058397@gmail.com [5 hosts, inv_str 4/10] || relay // at // pommespanzer // dot // cc [11 hosts, inv_str 19/55] || email:tor[]r0cket.net url:https://tor.r0cket.net/ proof:uri-rsa abuse: [9 hosts, inv_str 18/36] || email:forest-relay-contact[]cryptolab.net pgp:BCBAE3E9CB8E2FE23F29DC58 [23 hosts, inv_str 130/253] || torcontactemail AT proton DOT me [4 hosts, inv_str 5/6] || 0xFFFFFFFF Playstar Network <info ( AT ) playstar ( DOT ) se> [3 hosts, inv_str 3/3] || email:staff[]dotsrc.org url:https://dotsrc.org proof:uri-rsa ciissvers [11 hosts, inv_str 19/55] || email:abuse[]tuxli.org pgp:32A1621FC5290921D720940187AC9FC1F2BCCB30 ur [12 hosts, inv_str 37/66] || ops@freedomstack.de [3 hosts, inv_str 3/3] || xiaoqic at cs dot princeton dot edu url:cxqn.info proof:uri-rsa ciissv [5 hosts, inv_str 5/10] || 44FBABA6BC5EF8D1B69AB9C054994A18C5974B99 Satanist <admin AT 2cb dot ne [3 hosts, inv_str 3/3] || hiwi  <hiwi AT nurfuerspam dot de> [5 hosts, inv_str 0/10] || Bastiaan Brink <b@stiaanbr.ink> | AS215248 NOC +31 85 369 5034 [9 hosts, inv_str 19/36] || ops@freedomstack.de [3 hosts, inv_str 1/3] || tor@zgato.ru [8 hosts, inv_str 9/28] || your@e-mail [3 hosts, inv_str 3/3] || email:admin[]prsv.ch url:https://prsv.ch/ proof:uri-rsa ciissversion:2 [11 hosts, inv_str 21/55] || jamar1992@protonmail.com [4 hosts, inv_str 4/6] || anonymous@torproject.org [4 hosts, inv_str 3/6]"
2026-05-08 13:02:18,2026-05-08 15:11:45,7,36,0,"nano-tor-relays@proton.me [7 hosts, inv_str 12/21] || email:admin[]prsv.ch url:https://prsv.ch/ proof:uri-rsa ciissversion:2 [10 hosts, inv_str 25/45] || tor@zgato.ru [3 hosts, inv_str 2/3] || 0xE12ECD2E Nicola Ferralis <feranick AT hotmail dot com> [4 hosts, inv_str 3/6] || jsrel@gmail.com [3 hosts, inv_str 3/3] || printerexpert@mail2tor.com [4 hosts, inv_str 3/6] || anonymous@torproject.org [5 hosts, inv_str 2/10]"
2026-05-08 15:34:03,2026-05-08 21:31:38,14,116,8,"email:admin[]prsv.ch url:https://prsv.ch/ proof:uri-rsa ciissversion:2 [13 hosts, inv_str 27/78] || tor@wurzelmann.at [8 hosts, inv_str 13/28] || Foundation for Applied Privacy email:tor[]appliedprivacy.net donationu [15 hosts, inv_str 25/105] || keypads.trolley0y@icloud.com [3 hosts, inv_str 2/3] || Maintained by TheMC [3 hosts, inv_str 2/3] || anonymous@torproject.org [6 hosts, inv_str 10/15] || email:Quetzalcoatl_relays[]proton.me url:https://quetzalcoatl-relays.o [10 hosts, inv_str 24/45] || jsrel@gmail.com [5 hosts, inv_str 3/10] || dplus26@fastmail.com [3 hosts, inv_str 3/3] || email:toralf.foerster[]gmx.de gpg:1A376F994A9D026F13E24DCFC4EACDDE0076 [4 hosts, inv_str 4/6] || fumonion [] protonmail (dot) com [4 hosts, inv_str 6/6] || csheats@tutanota.com [3 hosts, inv_str 3/3] || email:Quetzalcoatl_relays[]proton.me url:https://quetzalcoatl-relays.o [8 hosts, inv_str 19/28] || anonymous@torproject.org [3 hosts, inv_str 2/3] || 0xa1@mailbox.org [5 hosts, inv_str 6/10] || f46edmin@linuxmail.org [4 hosts, inv_str 4/6] || email:Quetzalcoatl_relays[]proton.me url:https://quetzalcoatl-relays.o [8 hosts, inv_str 17/28] || anonymous@torproject.org [4 hosts, inv_str 3/6] || anonymous@torproject.org [4 hosts, inv_str 4/6] || jsrel@gmail.com [3 hosts, inv_str 1/3]"
2026-05-08 21:57:43,2026-05-08 22:39:20,3,19,0,"anonymous@torproject.org [9 hosts, inv_str 19/36] || email:admin[]prsv.ch url:https://prsv.ch/ proof:uri-rsa ciissversion:2 [6 hosts, inv_str 6/15] || jsrel@gmail.com [4 hosts, inv_str 2/6]"
2026-05-08 22:53:11,2026-05-08 23:50:11,5,31,0,"email:admin[]prsv.ch url:https://prsv.ch/ proof:uri-rsa ciissversion:2 [5 hosts, inv_str 6/10] || anonymous@torproject.org [13 hosts, inv_str 26/78] || haku19-@-mail.com [4 hosts, inv_str 3/6] || jsrel@gmail.com [4 hosts, inv_str 3/6] || tor@0lt.de [5 hosts, inv_str 3/10]"
2026-05-09 00:01:17,2026-05-09 00:49:17,3,16,0,"email:admin[]prsv.ch url:https://prsv.ch/ proof:uri-rsa ciissversion:2 [8 hosts, inv_str 19/28] || jsrel@gmail.com [4 hosts, inv_str 2/6] || email:forest-relay-contact[]cryptolab.net pgp:BCBAE3E9CB8E2FE23F29DC58 [4 hosts, inv_str 5/6]"
2026-05-09 01:12:44,2026-05-09 01:36:42,2,7,0,"email:admin[]prsv.ch url:https://prsv.ch/ proof:uri-rsa ciissversion:2 [4 hosts, inv_str 5/6] || email:forest-relay-contact[]cryptolab.net pgp:BCBAE3E9CB8E2FE23F29DC58 [3 hosts, inv_str 0/3]"
2026-05-09 01:42:52,2026-05-09 21:36:35,39,514,11,"email:admin[]prsv.ch url:https://prsv.ch/ proof:uri-rsa ciissversion:2 [8 hosts, inv_str 15/28] || email:forest-relay-contact[]cryptolab.net pgp:BCBAE3E9CB8E2FE23F29DC58 [6 hosts, inv_str 8/15] || jsrel@gmail.com [5 hosts, inv_str 4/10] || email:Quetzalcoatl_relays[]proton.me url:https://quetzalcoatl-relays.o [5 hosts, inv_str 5/10] || hello@relaymagic.org (relaymagic.org/contact) [3 hosts, inv_str 0/3] || email:info[]osservatorionessuno.org url:https://osservatorionessuno.or [3 hosts, inv_str 1/3] || kopfschusskorl@gmail.com [4 hosts, inv_str 2/6] || jsrel@gmail.com [3 hosts, inv_str 1/3] || tor@zgato.ru [6 hosts, inv_str 2/15] || email:Quetzalcoatl_relays[]proton.me url:https://quetzalcoatl-relays.o [5 hosts, inv_str 3/10] || 0xFFFFFFFF Hjelm Enterprises <info ( AT ) hjelmenterprises ( DOT ) com [4 hosts, inv_str 2/6] || peca-relay [] mailfence dot com [3 hosts, inv_str 2/3] || ContactInfo email:knight AT germancraft dot net url:germancraft.net pr [9 hosts, inv_str 23/36] || DFRI email:tor[]dfri.se url:https://dfri.se proof:dns-familyid-ed25519 [8 hosts, inv_str 5/28] || 0x9F29C15D42A8B6F3 Nos oignons - 17WLwtW63FrHeMAEVkALnwhfmizBxGXDW1 em [4 hosts, inv_str 2/6] || email:admin@for-privacy.net url:for-privacy.net proof:dns-rsa abuse:ab [32 hosts, inv_str 232/496] || Digitalcourage e.V. email:tor-abuse[]digitalcourage.de abuse:tor-abuse [15 hosts, inv_str 30/105] || DFRI email:tor[]dfri.se url:https://dfri.se proof:dns-familyid-ed25519 [9 hosts, inv_str 21/36] || jsrel@gmail.com [11 hosts, inv_str 25/55] || email:admin[]prsv.ch url:https://prsv.ch/ proof:uri-rsa ciissversion:2 [6 hosts, inv_str 8/15] || 44FBABA6BC5EF8D1B69AB9C054994A18C5974B99 Satanist <admin AT 2cb dot ne [13 hosts, inv_str 35/78] || email:Quetzalcoatl_relays[]proton.me url:https://quetzalcoatl-relays.o [3 hosts, inv_str 0/3] || email:tor[]r0cket.net url:https://tor.r0cket.net/ proof:uri-rsa abuse: [3 hosts, inv_str 3/3] || olokerunningtor aT protonmail dot com [5 hosts, inv_str 6/10] || contact@demonsys.net - url:demonsys.net proof:dns-rsa ciissversion:2 [3 hosts, inv_str 1/3] || relay // at // pommespanzer // dot // cc [7 hosts, inv_str 18/21] || email:staff[]dotsrc.org url:https://dotsrc.org proof:uri-rsa ciissvers [11 hosts, inv_str 23/55] || NN <relay-ops AT noonion dot de> [4 hosts, inv_str 2/6] || email:forest-relay-contact[]cryptolab.net pgp:BCBAE3E9CB8E2FE23F29DC58 [6 hosts, inv_str 8/15] || email:tor[]r0cket.net url:https://tor.r0cket.net/ proof:uri-rsa abuse: [4 hosts, inv_str 0/6] || email:forest-relay-contact[]cryptolab.net pgp:BCBAE3E9CB8E2FE23F29DC58 [4 hosts, inv_str 1/6] || email:admin[]prsv.ch url:https://prsv.ch/ proof:uri-rsa ciissversion:2 [7 hosts, inv_str 9/21] || abuse@doggett.tech [3 hosts, inv_str 3/3] || jsrel@gmail.com [12 hosts, inv_str 27/66] || het@hetzmanz.de [7 hosts, inv_str 21/21] || email:admin[]prsv.ch url:https://prsv.ch/ proof:uri-rsa ciissversion:2 [12 hosts, inv_str 27/66] || hiwi  <hiwi AT nurfuerspam dot de> [5 hosts, inv_str 7/10] || jsrel@gmail.com [12 hosts, inv_str 25/66] || email:admin@gjan.info pgp:FECDEB1EF59273C0C5A3670CF9EF0D6BED5CB330 [3 hosts, inv_str 2/3] || xiaoqic at cs dot princeton dot edu url:cxqn.info proof:uri-rsa ciissv [3 hosts, inv_str 3/3] || tor@zgato.ru [4 hosts, inv_str 3/6] || NN <relay-ops AT noonion dot de> [5 hosts, inv_str 3/10] || email:Quetzalcoatl_relays[]proton.me url:https://quetzalcoatl-relays.o [4 hosts, inv_str 3/6] || jsrel@gmail.com [9 hosts, inv_str 18/36] || email:Quetzalcoatl_relays[]proton.me url:https://quetzalcoatl-relays.o [11 hosts, inv_str 24/55] || url:anders.io proof:dns-rsa ciissversion:2 [4 hosts, inv_str 5/6] || bienwald-torservers@outlook.de [3 hosts, inv_str 2/3] || jsrel@gmail.com [6 hosts, inv_str 3/15] || bienwald-torservers@outlook.de [4 hosts, inv_str 3/6] || email:admin[]prsv.ch url:https://prsv.ch/ proof:uri-rsa ciissversion:2 [11 hosts, inv_str 33/55] || NN <relay-ops AT noonion dot de> [3 hosts, inv_str 0/3] || jsrel@gmail.com [11 hosts, inv_str 23/55] || tutkfk@protonmail.com [3 hosts, inv_str 3/3] || Canadian Amateur Radio Operator c/s VA1DER < nameofthisrelay symbol ca [3 hosts, inv_str 3/3] || email:Quetzalcoatl_relays[]proton.me url:https://quetzalcoatl-relays.o [4 hosts, inv_str 4/6] || printerexpert@mail2tor.com [4 hosts, inv_str 2/6] || anonymous@torproject.org [6 hosts, inv_str 9/15] || jsrel@gmail.com [7 hosts, inv_str 8/21] || email:usura[]sabotage.org url:https://sabotage.net proof:uri-rsa abuse [14 hosts, inv_str 33/91] || email:Quetzalcoatl_relays[]proton.me url:https://quetzalcoatl-relays.o [8 hosts, inv_str 9/28] || email:tor [] middelstaedt dot com url:https://middelstaedt.com proof:u [3 hosts, inv_str 0/3] || jsrel@gmail.com [9 hosts, inv_str 17/36] || email:r3bo0tbx1[]brokenbotnet.com url:https://relays.brokenbotnet.com  [4 hosts, inv_str 4/6] || 0xa1@mailbox.org [5 hosts, inv_str 3/10] || Uu77bBt0eDko5iDrRNiXt2quIVPMNKvILk1eqJbAVk9e@posteo.ch [3 hosts, inv_str 2/3] || email:r3bo0tbx1[]brokenbotnet.com url:https://relays.brokenbotnet.com  [3 hosts, inv_str 1/3] || email:Quetzalcoatl_relays[]proton.me url:https://quetzalcoatl-relays.o [11 hosts, inv_str 24/55] || email:admin[]prsv.ch url:https://prsv.ch/ proof:uri-rsa ciissversion:2 [10 hosts, inv_str 28/45] || jsrel@gmail.com [11 hosts, inv_str 37/55] || email:r3bo0tbx1[]brokenbotnet.com url:https://relays.brokenbotnet.com  [4 hosts, inv_str 2/6] || printerexpert@mail2tor.com [4 hosts, inv_str 3/6] || Chaos Computer Club Wien (C3W) email:anonymity[]c3w.at url:https://c3w [5 hosts, inv_str 5/10] || jsrel@gmail.com [16 hosts, inv_str 37/120] || anonymous@torproject.org [3 hosts, inv_str 2/3] || NN <relay-ops AT noonion dot de> [3 hosts, inv_str 1/3] || email:admin[]prsv.ch url:https://prsv.ch/ proof:uri-rsa ciissversion:2 [6 hosts, inv_str 9/15] || printerexpert@mail2tor.com [3 hosts, inv_str 3/3] || email:Quetzalcoatl_relays[]proton.me url:https://quetzalcoatl-relays.o [4 hosts, inv_str 3/6] || anonymous@torproject.org [7 hosts, inv_str 13/21]"
2026-05-09 22:00:30,2026-05-10 17:21:35,18,441,60,"jsrel@gmail.com [16 hosts, inv_str 55/120] || email:admin[]prsv.ch url:https://prsv.ch/ proof:uri-rsa ciissversion:2 [9 hosts, inv_str 17/36] || email:Quetzalcoatl_relays[]proton.me url:https://quetzalcoatl-relays.o [4 hosts, inv_str 5/6] || anonymous@torproject.org [16 hosts, inv_str 70/120] || printerexpert@mail2tor.com [4 hosts, inv_str 2/6] || RandomPerson <skynet@academyforinternetresearch.org> [3 hosts, inv_str 0/3] || email:Quetzalcoatl_relays[]proton.me url:https://quetzalcoatl-relays.o [66 hosts, inv_str 747/2145] || jsrel@gmail.com [11 hosts, inv_str 29/55] || email:admin[]prsv.ch url:https://prsv.ch/ proof:uri-rsa ciissversion:2 [6 hosts, inv_str 5/15] || jsrel@gmail.com [14 hosts, inv_str 38/91] || email:Quetzalcoatl_relays[]proton.me url:https://quetzalcoatl-relays.o [33 hosts, inv_str 336/528] || printerexpert@mail2tor.com [3 hosts, inv_str 2/3] || email:admin[]prsv.ch url:https://prsv.ch/ proof:uri-rsa ciissversion:2 [4 hosts, inv_str 4/6] || Artikel10 url:artikel10.org email:info[]artikel10.org abuse:abuse[]art [32 hosts, inv_str 281/496] || NN <relay-ops AT noonion dot de> [3 hosts, inv_str 0/3] || jsrel@gmail.com [16 hosts, inv_str 42/120] || email:admin[]prsv.ch url:https://prsv.ch/ proof:uri-rsa ciissversion:2 [5 hosts, inv_str 3/10] || relay // at // pommespanzer // dot // cc [9 hosts, inv_str 18/36] || email:Quetzalcoatl_relays[]proton.me url:https://quetzalcoatl-relays.o [21 hosts, inv_str 104/210] || ContactInfo email:knight AT germancraft dot net url:germancraft.net pr [3 hosts, inv_str 2/3] || email:admin[]prsv.ch url:https://prsv.ch/ proof:uri-rsa ciissversion:2 [11 hosts, inv_str 21/55] || printerexpert@mail2tor.com [4 hosts, inv_str 2/6] || NN <relay-ops AT noonion dot de> [3 hosts, inv_str 2/3] || DFRI email:tor[]dfri.se url:https://dfri.se proof:dns-familyid-ed25519 [10 hosts, inv_str 34/45] || justbits@tutamail.com [3 hosts, inv_str 3/3] || anonymous@torproject.org [6 hosts, inv_str 8/15] || jsrel@gmail.com [14 hosts, inv_str 44/91] || hi@agfid.com [13 hosts, inv_str 50/78] || mRtjR4JX6pgJ@protonmail.ch [6 hosts, inv_str 8/15] || email:Quetzalcoatl_relays[]proton.me url:https://quetzalcoatl-relays.o [11 hosts, inv_str 19/55] || jsrel@gmail.com [11 hosts, inv_str 27/55] || your@e-mail [3 hosts, inv_str 1/3] || email:admin[]prsv.ch url:https://prsv.ch/ proof:uri-rsa ciissversion:2 [3 hosts, inv_str 3/3] || email:admin[]prsv.ch url:https://prsv.ch/ proof:uri-rsa ciissversion:2 [12 hosts, inv_str 31/66] || jsrel@gmail.com [10 hosts, inv_str 26/45] || contact2988@cock.li [3 hosts, inv_str 3/3] || Tor Manager email:<tor@ibiblio.org> url:www.ibiblio.org proof:uri-rsa  [3 hosts, inv_str 3/3] || printerexpert@mail2tor.com [3 hosts, inv_str 1/3] || jsrel@gmail.com [7 hosts, inv_str 11/21] || jsrel@gmail.com [16 hosts, inv_str 73/120] || printerexpert@mail2tor.com [3 hosts, inv_str 1/3] || email:Quetzalcoatl_relays[]proton.me url:https://quetzalcoatl-relays.o [5 hosts, inv_str 5/10] || Maintained by TheMC [3 hosts, inv_str 1/3]"
2026-05-10 17:23:40,2026-05-10 18:24:52,4,32,0,"jsrel@gmail.com [10 hosts, inv_str 38/45] || FlashTor at e.mail DOT de [12 hosts, inv_str 32/66] || email:admin[]prsv.ch url:https://prsv.ch/ proof:uri-rsa ciissversion:2 [7 hosts, inv_str 10/21] || releafaddress@proton.me [3 hosts, inv_str 2/3]"
2026-05-10 18:40:26,2026-05-11 03:36:34,11,221,10,"jsrel@gmail.com [16 hosts, inv_str 71/120] || email:admin[]prsv.ch url:https://prsv.ch/ proof:uri-rsa ciissversion:2 [9 hosts, inv_str 12/36] || printerexpert@mail2tor.com [3 hosts, inv_str 2/3] || email:Quetzalcoatl_relays[]proton.me url:https://quetzalcoatl-relays.o [3 hosts, inv_str 0/3] || Alpenwall email:alpenwall[]proton.me pgp:11F9B9631297C6E8A6ABAEB20F35F [28 hosts, inv_str 98/378] || anonymous@torproject.org [6 hosts, inv_str 6/15] || printerexpert@mail2tor.com [3 hosts, inv_str 0/3] || jsrel@gmail.com [14 hosts, inv_str 60/91] || Contact (at)SilSte on chaos.social [tor-relay.co] [5 hosts, inv_str 6/10] || email:mail[]nothingtohide.nl url:nothingtohide.nl proof:uri-rsa abuse: [26 hosts, inv_str 53/325] || anonymous@torproject.org [3 hosts, inv_str 0/3] || none [3 hosts, inv_str 2/3] || anonymous@torproject.org [24 hosts, inv_str 148/276] || email:Quetzalcoatl_relays[]proton.me url:https://quetzalcoatl-relays.o [7 hosts, inv_str 15/21] || email:admin[]prsv.ch url:https://prsv.ch/ proof:uri-rsa ciissversion:2 [7 hosts, inv_str 12/21] || jsrel@gmail.com [5 hosts, inv_str 7/10] || jsrel@gmail.com [16 hosts, inv_str 69/120] || printerexpert@mail2tor.com [3 hosts, inv_str 1/3] || RandomPerson <skynet@academyforinternetresearch.org> [3 hosts, inv_str 0/3] || olokerunningtor aT protonmail dot com [7 hosts, inv_str 14/21] || email:Quetzalcoatl_relays[]proton.me url:https://quetzalcoatl-relays.o [9 hosts, inv_str 22/36] || email:admin[]prsv.ch url:https://prsv.ch/ proof:uri-rsa ciissversion:2 [6 hosts, inv_str 9/15] || jsrel@gmail.com [3 hosts, inv_str 1/3] || jsrel@gmail.com [12 hosts, inv_str 25/66]"
2026-05-11 04:30:52,2026-05-11 11:08:57,16,307,7,"email:admin[]prsv.ch url:https://prsv.ch/ proof:uri-rsa ciissversion:2 [74 hosts, inv_str 1296/2701] || jsrel@gmail.com [16 hosts, inv_str 38/120] || 0x9F29C15D42A8B6F3 Nos oignons - 17WLwtW63FrHeMAEVkALnwhfmizBxGXDW1 em [3 hosts, inv_str 2/3] || email:tor[]1aeo.com url:https://www.1aeo.com proof:uri-familyid-ed2551 [60 hosts, inv_str 26/1770] || email:admin[]fluffypancakes.dev url:fluffypancakes.dev proof:uri-famil [22 hosts, inv_str 59/231] || Alpenwall email:alpenwall[]proton.me pgp:11F9B9631297C6E8A6ABAEB20F35F [20 hosts, inv_str 107/190] || tor@fevi.net [19 hosts, inv_str 79/171] || sloetor@gmail.com [3 hosts, inv_str 3/3] || email:Quetzalcoatl_relays[]proton.me url:https://quetzalcoatl-relays.o [8 hosts, inv_str 15/28] || abuse@datalix.de [8 hosts, inv_str 10/28] || jsrel@gmail.com [5 hosts, inv_str 9/10] || jsrel@gmail.com [11 hosts, inv_str 26/55] || anonymous@torproject.org [3 hosts, inv_str 1/3] || justbits@tutamail.com [3 hosts, inv_str 3/3] || email:Quetzalcoatl_relays[]proton.me url:https://quetzalcoatl-relays.o [3 hosts, inv_str 2/3] || jsrel@gmail.com [9 hosts, inv_str 13/36] || Alpenwall email:alpenwall[]proton.me pgp:11F9B9631297C6E8A6ABAEB20F35F [9 hosts, inv_str 17/36] || email:r3bo0tbx1[]brokenbotnet.com url:https://relays.brokenbotnet.com  [10 hosts, inv_str 23/45] || anonymous@torproject.org [3 hosts, inv_str 1/3] || c99058397@gmail.com [3 hosts, inv_str 2/3] || jsrel@gmail.com [6 hosts, inv_str 9/15] || email:Quetzalcoatl_relays[]proton.me url:https://quetzalcoatl-relays.o [4 hosts, inv_str 2/6] || j.abrahim99_at_proton (dot) me [5 hosts, inv_str 3/10]"
2026-05-11 11:16:39,2026-05-11 16:02:46,7,71,4,"jsrel@gmail.com [16 hosts, inv_str 73/120] || email:admin[]prsv.ch url:https://prsv.ch/ proof:uri-rsa ciissversion:2 [7 hosts, inv_str 8/21] || relay@theispco.com [5 hosts, inv_str 3/10] || email me if you gotta u89b47 AT proton mail [3 hosts, inv_str 1/3] || email:Quetzalcoatl_relays[]proton.me url:https://quetzalcoatl-relays.o [6 hosts, inv_str 10/15] || jsrel@gmail.com [3 hosts, inv_str 0/3] || jsrel@gmail.com [13 hosts, inv_str 33/78] || email:admin[]prsv.ch url:https://prsv.ch/ proof:uri-rsa ciissversion:2 [6 hosts, inv_str 11/15] || printerexpert@mail2tor.com [5 hosts, inv_str 4/10] || anonymous@torproject.org [4 hosts, inv_str 3/6] || email:Quetzalcoatl_relays[]proton.me url:https://quetzalcoatl-relays.o [3 hosts, inv_str 0/3]"
2026-05-11 16:43:36,2026-05-12 22:12:02,27,660,16,"jsrel@gmail.com [16 hosts, inv_str 57/120] || Maintained by TheMC [3 hosts, inv_str 0/3] || email:admin[]prsv.ch url:https://prsv.ch/ proof:uri-rsa ciissversion:2 [8 hosts, inv_str 15/28] || anonymous@torproject.org [5 hosts, inv_str 5/10] || email:Quetzalcoatl_relays[]proton.me url:https://quetzalcoatl-relays.o [4 hosts, inv_str 4/6] || tor@kllx.eu [15 hosts, inv_str 74/105] || email:Quetzalcoatl_relays[]proton.me url:https://quetzalcoatl-relays.o [6 hosts, inv_str 6/15] || anonymous@torproject.org [98 hosts, inv_str 2455/4753] || jsrel@gmail.com [8 hosts, inv_str 11/28] || email:Quetzalcoatl_relays[]proton.me url:https://quetzalcoatl-relays.o [7 hosts, inv_str 11/21] || printerexpert@mail2tor.com [3 hosts, inv_str 3/3] || email:Quetzalcoatl_relays[]proton.me url:https://quetzalcoatl-relays.o [9 hosts, inv_str 21/36] || jsrel@gmail.com [14 hosts, inv_str 42/91] || printerexpert@mail2tor.com [3 hosts, inv_str 1/3] || someone < tor27 AT nurfuerspam DOT de > [3 hosts, inv_str 1/3] || / [6 hosts, inv_str 6/15] || email:Quetzalcoatl_relays[]proton.me url:https://quetzalcoatl-relays.o [4 hosts, inv_str 4/6] || jsrel@gmail.com [16 hosts, inv_str 61/120] || kopfschusskorl@gmail.com [3 hosts, inv_str 3/3] || email:admin[]prsv.ch url:https://prsv.ch/ proof:uri-rsa ciissversion:2 [5 hosts, inv_str 5/10] || Digitalcourage e.V. email:tor-abuse[]digitalcourage.de abuse:tor-abuse [15 hosts, inv_str 62/105] || email:admin[]prsv.ch url:https://prsv.ch/ proof:uri-rsa ciissversion:2 [5 hosts, inv_str 9/10] || RandomPerson <skynet@academyforinternetresearch.org> [3 hosts, inv_str 0/3] || email:admin[]prsv.ch url:https://prsv.ch/ proof:uri-rsa ciissversion:2 [9 hosts, inv_str 17/36] || printerexpert@mail2tor.com [4 hosts, inv_str 5/6] || email:Quetzalcoatl_relays[]proton.me url:https://quetzalcoatl-relays.o [3 hosts, inv_str 1/3] || hwangminjun@proton.me [3 hosts, inv_str 1/3] || email:admin[]prsv.ch url:https://prsv.ch/ proof:uri-rsa ciissversion:2 [20 hosts, inv_str 75/190] || email:Quetzalcoatl_relays[]proton.me url:https://quetzalcoatl-relays.o [3 hosts, inv_str 3/3] || jsrel@gmail.com [8 hosts, inv_str 15/28] || hello@relaymagic.org (relaymagic.org/contact) [3 hosts, inv_str 1/3] || email:Quetzalcoatl_relays[]proton.me url:https://quetzalcoatl-relays.o [8 hosts, inv_str 13/28] || jsrel@gmail.com [16 hosts, inv_str 77/120] || email:admin@for-privacy.net url:for-privacy.net proof:dns-rsa abuse:ab [52 hosts, inv_str 287/1326] || email:Quetzalcoatl_relays[]proton.me url:https://quetzalcoatl-relays.o [8 hosts, inv_str 13/28] || tor@fevi.net [3 hosts, inv_str 3/3] || Alpenwall email:alpenwall[]proton.me pgp:11F9B9631297C6E8A6ABAEB20F35F [3 hosts, inv_str 2/3] || hwangminjun@proton.me [5 hosts, inv_str 8/10] || tor@fevi.net [6 hosts, inv_str 10/15] || Alpenwall email:alpenwall[]proton.me pgp:11F9B9631297C6E8A6ABAEB20F35F [5 hosts, inv_str 7/10] || abuse@datalix.de [3 hosts, inv_str 2/3] || email:Quetzalcoatl_relays[]proton.me url:https://quetzalcoatl-relays.o [8 hosts, inv_str 13/28] || jsrel@gmail.com [5 hosts, inv_str 4/10] || justbits@tutamail.com [3 hosts, inv_str 2/3] || jsrel@gmail.com [9 hosts, inv_str 22/36] || tor@fevi.net [3 hosts, inv_str 2/3] || email:admin[]prsv.ch url:https://prsv.ch/ proof:uri-rsa ciissversion:2 [8 hosts, inv_str 12/28] || contact2988@cock.li [9 hosts, inv_str 19/36] || email:admin[]skankhunt42.pw url:tor.skankhunt42.pw proof:uri-familyid- [3 hosts, inv_str 1/3] || jsrel@gmail.com [16 hosts, inv_str 61/120] || email:Quetzalcoatl_relays[]proton.me url:https://quetzalcoatl-relays.o [5 hosts, inv_str 4/10] || email:Quetzalcoatl_relays[]proton.me url:https://quetzalcoatl-relays.o [5 hosts, inv_str 8/10] || NN <relay-ops AT noonion dot de> [3 hosts, inv_str 2/3] || email:Quetzalcoatl_relays[]proton.me url:https://quetzalcoatl-relays.o [20 hosts, inv_str 117/190] || printerexpert@mail2tor.com [3 hosts, inv_str 3/3] || email:admin[]prsv.ch url:https://prsv.ch/ proof:uri-rsa ciissversion:2 [7 hosts, inv_str 6/21] || Fabian Keil <fk@fabiankeil.de> 8BA2371C [3 hosts, inv_str 0/3] || email:BMTY90VKYRQPUJZOTH[]Safe-mail.net url:https://assange0-family.gi [3 hosts, inv_str 1/3] || jsrel@gmail.com [16 hosts, inv_str 72/120] || printerexpert@mail2tor.com [3 hosts, inv_str 2/3] || email:admin[]prsv.ch url:https://prsv.ch/ proof:uri-rsa ciissversion:2 [9 hosts, inv_str 21/36] || email:Quetzalcoatl_relays[]proton.me url:https://quetzalcoatl-relays.o [19 hosts, inv_str 66/171] || Maintained by TheMC [3 hosts, inv_str 2/3] || jsrel@gmail.com [12 hosts, inv_str 40/66] || email:admin[]prsv.ch url:https://prsv.ch/ proof:uri-rsa ciissversion:2 [11 hosts, inv_str 21/55] || email:Quetzalcoatl_relays[]proton.me url:https://quetzalcoatl-relays.o [8 hosts, inv_str 19/28] || email:Quetzalcoatl_relays[]proton.me url:https://quetzalcoatl-relays.o [6 hosts, inv_str 2/15] || printerexpert@mail2tor.com [4 hosts, inv_str 5/6] || jsrel@gmail.com [14 hosts, inv_str 39/91] || DXC-0 [10 hosts, inv_str 27/45] || Steve <tor@digital-world.dev> [5 hosts, inv_str 7/10] || jsrel@gmail.com [6 hosts, inv_str 7/15]"
2026-05-12 22:32:49,2026-05-12 23:35:18,2,11,0,"email:admin[]prsv.ch url:https://prsv.ch/ proof:uri-rsa ciissversion:2 [4 hosts, inv_str 6/6] || jsrel@gmail.com [7 hosts, inv_str 13/21]"
2026-05-12 23:45:52,2026-05-13 04:14:43,9,140,3,"email:admin[]prsv.ch url:https://prsv.ch/ proof:uri-rsa ciissversion:2 [4 hosts, inv_str 2/6] || Artikel10 url:artikel10.org email:info[]artikel10.org abuse:abuse[]art [34 hosts, inv_str 136/561] || RandomPerson <skynet@academyforinternetresearch.org> [5 hosts, inv_str 3/10] || jsrel@gmail.com [12 hosts, inv_str 26/66] || email:admin@for-privacy.net url:for-privacy.net proof:dns-rsa abuse:ab [32 hosts, inv_str 1/496] || anonymous@torproject.org [3 hosts, inv_str 2/3] || email:admin[]prsv.ch url:https://prsv.ch/ proof:uri-rsa ciissversion:2 [5 hosts, inv_str 7/10] || jsrel@gmail.com [5 hosts, inv_str 4/10] || email:admin[]prsv.ch url:https://prsv.ch/ proof:uri-rsa ciissversion:2 [6 hosts, inv_str 7/15] || anonymous@torproject.org [3 hosts, inv_str 0/3] || jsrel@gmail.com [15 hosts, inv_str 34/105] || Stan <favorite0ne@proton.me> [3 hosts, inv_str 3/3] || hello@relaymagic.org (relaymagic.org/contact) [3 hosts, inv_str 0/3] || anonymous@torproject.org [4 hosts, inv_str 1/6] || jets843@privatemail.com [6 hosts, inv_str 7/15]"
2026-05-13 04:27:46,2026-05-13 11:48:43,7,112,0,"anonymous@torproject.org [5 hosts, inv_str 2/10] || jsrel@gmail.com [3 hosts, inv_str 1/3] || email:admin[]prsv.ch url:https://prsv.ch/ proof:uri-rsa ciissversion:2 [6 hosts, inv_str 12/15] || jsrel@gmail.com [11 hosts, inv_str 30/55] || email:admin[]prsv.ch url:https://prsv.ch/ proof:uri-rsa ciissversion:2 [6 hosts, inv_str 10/15] || Chaos Computer Club Wien (C3W) email:anonymity[]c3w.at url:https://c3w [5 hosts, inv_str 0/10] || jsrel@gmail.com [14 hosts, inv_str 40/91] || anonymous@torproject.org [3 hosts, inv_str 3/3] || anonymous@torproject.org [19 hosts, inv_str 69/171] || arieti009@proton.me [5 hosts, inv_str 7/10] || jsrel@gmail.com [14 hosts, inv_str 44/91] || email:admin[]prsv.ch url:https://prsv.ch/ proof:uri-rsa ciissversion:2 [10 hosts, inv_str 16/45] || / [4 hosts, inv_str 2/6] || jsrel@gmail.com [4 hosts, inv_str 4/6] || Steve <tor@digital-world.dev> [3 hosts, inv_str 2/3]"
2026-05-13 12:06:57,2026-05-13 18:09:45,5,68,0,"jsrel@gmail.com [9 hosts, inv_str 14/36] || email:admin[]prsv.ch url:https://prsv.ch/ proof:uri-rsa ciissversion:2 [3 hosts, inv_str 2/3] || email:admin[]prsv.ch url:https://prsv.ch/ proof:uri-rsa ciissversion:2 [7 hosts, inv_str 13/21] || email:BMTY90VKYRQPUJZOTH[]Safe-mail.net url:https://assange0-family.gi [3 hosts, inv_str 0/3] || jsrel@gmail.com [16 hosts, inv_str 65/120] || tor@9g4.net [4 hosts, inv_str 3/6] || jsrel@gmail.com [16 hosts, inv_str 64/120] || Maintained by TheMC [3 hosts, inv_str 1/3] || tor@9g4.net [3 hosts, inv_str 0/3] || email:admin[]prsv.ch url:https://prsv.ch/ proof:uri-rsa ciissversion:2 [4 hosts, inv_str 3/6]"
2026-05-13 18:30:35,2026-05-13 20:10:32,4,26,0,"email:admin[]prsv.ch url:https://prsv.ch/ proof:uri-rsa ciissversion:2 [6 hosts, inv_str 8/15] || jsrel@gmail.com [14 hosts, inv_str 59/91] || Joshua Moon <moon@usips.org> - United States Internet Preservation Soc [3 hosts, inv_str 1/3] || anonymous@torproject.org [3 hosts, inv_str 3/3]"
2026-05-13 20:18:46,2026-05-13 22:28:24,3,49,2,"email:admin[]prsv.ch url:https://prsv.ch/ proof:uri-rsa ciissversion:2 [6 hosts, inv_str 7/15] || jsrel@gmail.com [7 hosts, inv_str 8/21] || Satanist <admin AT 2cb dot su> [26 hosts, inv_str 172/325] || jsrel@gmail.com [6 hosts, inv_str 7/15] || email:admin[]prsv.ch url:https://prsv.ch/ proof:uri-rsa ciissversion:2 [4 hosts, inv_str 4/6]"
2026-05-13 22:36:05,2026-05-13 22:57:34,2,7,0,"jsrel@gmail.com [4 hosts, inv_str 6/6] || kopfschusskorl@gmail.com [3 hosts, inv_str 2/3]"
2026-05-13 23:11:33,2026-05-14 00:10:12,6,85,0,"email:admin[]prsv.ch url:https://prsv.ch/ proof:uri-rsa ciissversion:2 [4 hosts, inv_str 2/6] || anonymous@torproject.org [3 hosts, inv_str 1/3] || jsrel@gmail.com [10 hosts, inv_str 28/45] || Artikel10 url:artikel10.org email:info[]artikel10.org abuse:abuse[]art [32 hosts, inv_str 63/496] || RandomPerson <skynet@academyforinternetresearch.org> [4 hosts, inv_str 0/6] || email:admin@for-privacy.net url:for-privacy.net proof:dns-rsa abuse:ab [32 hosts, inv_str 0/496]"
2026-05-14 00:18:23,2026-05-14 02:15:03,6,78,2,"email:admin[]prsv.ch url:https://prsv.ch/ proof:uri-rsa ciissversion:2 [5 hosts, inv_str 6/10] || jsrel@gmail.com [14 hosts, inv_str 50/91] || Satanist <admin AT 2cb dot su> [20 hosts, inv_str 95/190] || email:admin@for-privacy.net url:for-privacy.net proof:dns-rsa abuse:ab [32 hosts, inv_str 0/496] || anonymous@torproject.org [4 hosts, inv_str 4/6] || gleepdorf AT proton DOT me [3 hosts, inv_str 2/3]"
2026-05-14 02:32:58,2026-05-14 07:00:50,7,202,0,"email:admin[@]unredacted.org url:unredacted.org proof:uri-rsa ciissver [3 hosts, inv_str 2/3] || email:admin[]prsv.ch url:https://prsv.ch/ proof:uri-rsa ciissversion:2 [8 hosts, inv_str 15/28] || jsrel@gmail.com [5 hosts, inv_str 4/10] || anonymous@torproject.org [5 hosts, inv_str 8/10] || hello@relaymagic.org (relaymagic.org/contact) [3 hosts, inv_str 0/3] || email:admin[@]unredacted.org url:unredacted.org proof:uri-rsa ciissver [120 hosts, inv_str 2627/7140] || jsrel@gmail.com [3 hosts, inv_str 2/3] || anonymous@torproject.org [24 hosts, inv_str 159/276] || jsrel@gmail.com [11 hosts, inv_str 26/55] || jsrel@gmail.com [5 hosts, inv_str 3/10] || underw00d72@mail.com [3 hosts, inv_str 2/3] || jsrel@gmail.com [9 hosts, inv_str 19/36] || NN <relay-ops AT noonion dot de> [3 hosts, inv_str 3/3]"
2026-05-14 07:01:26,2026-05-14 07:30:33,2,7,0,"email:admin[]prsv.ch url:https://prsv.ch/ proof:uri-rsa ciissversion:2 [4 hosts, inv_str 5/6] || hiwi  <hiwi AT nurfuerspam dot de> [3 hosts, inv_str 2/3]"
2026-05-14 07:39:12,2026-05-14 16:27:29,8,216,5,"jsrel@gmail.com [16 hosts, inv_str 53/120] || email:denny.obreham[]a-n-o-n-y-m-e.net url:https://a-n-o-n-y-m-e.net p [6 hosts, inv_str 6/15] || email:admin[]prsv.ch url:https://prsv.ch/ proof:uri-rsa ciissversion:2 [8 hosts, inv_str 11/28] || email:zwiebel[]quantentunnel.de url:https://doedelkiste.de proof:uri-r [4 hosts, inv_str 5/6] || tor@relaygeek.com [24 hosts, inv_str 177/276] || jsrel@gmail.com [16 hosts, inv_str 57/120] || email:admin[]prsv.ch url:https://prsv.ch/ proof:uri-rsa ciissversion:2 [9 hosts, inv_str 27/36] || email:Quetzalcoatl_relays[]proton.me url:https://quetzalcoatl-relays.o [7 hosts, inv_str 11/21] || jsrel@gmail.com [9 hosts, inv_str 22/36] || jsrel@gmail.com [5 hosts, inv_str 6/10] || This Relay is operated as part of a research effort to measure how Oni [3 hosts, inv_str 2/3] || jsrel@gmail.com [6 hosts, inv_str 9/15] || thetordoor [AT] proton [DOT] me [100 hosts, inv_str 1172/4950] || jsrel@gmail.com [3 hosts, inv_str 1/3]"
2026-05-14 16:46:15,2026-05-14 18:31:28,4,26,0,"email:admin[]prsv.ch url:https://prsv.ch/ proof:uri-rsa ciissversion:2 [7 hosts, inv_str 9/21] || Maintained by TheMC [3 hosts, inv_str 3/3] || jsrel@gmail.com [8 hosts, inv_str 13/28] || Chaos Computer Club Wien (C3W) email:anonymity[]c3w.at url:https://c3w [4 hosts, inv_str 0/6] || jsrel@gmail.com [4 hosts, inv_str 2/6]"
2026-05-14 18:35:18,2026-05-15 00:11:31,8,74,0,"anonymous@torproject.org [3 hosts, inv_str 1/3] || email:admin[]prsv.ch url:https://prsv.ch/ proof:uri-rsa ciissversion:2 [6 hosts, inv_str 10/15] || jsrel@gmail.com [4 hosts, inv_str 5/6] || printerexpert@mail2tor.com [3 hosts, inv_str 2/3] || jsrel@gmail.com [16 hosts, inv_str 71/120] || This Relay is operated as part of a research effort to measure how Oni [14 hosts, inv_str 59/91] || anonymous@torproject.org [3 hosts, inv_str 1/3] || printerexpert@mail2tor.com [3 hosts, inv_str 0/3] || pczer@hushmail.com [3 hosts, inv_str 2/3] || email:zwiebelrouter[]protonmail[]com url:zwiebelrouter.net proof:dns-r [7 hosts, inv_str 8/21] || jsrel@gmail.com [7 hosts, inv_str 10/21] || RandomPerson <skynet@academyforinternetresearch.org> [5 hosts, inv_str 5/10]"
2026-05-15 00:27:25,2026-05-15 03:07:59,3,35,0,"anonymous@torproject.org [3 hosts, inv_str 2/3] || jsrel@gmail.com [10 hosts, inv_str 26/45] || email:admin[]prsv.ch url:https://prsv.ch/ proof:uri-rsa ciissversion:2 [3 hosts, inv_str 2/3] || email:admin[]prsv.ch url:https://prsv.ch/ proof:uri-rsa ciissversion:2 [6 hosts, inv_str 8/15] || anonymous@torproject.org [6 hosts, inv_str 3/15] || jsrel@gmail.com [7 hosts, inv_str 8/21]"
2026-05-15 03:11:25,2026-05-15 05:46:49,6,110,0,"anonymous@torproject.org [8 hosts, inv_str 10/28] || jsrel@gmail.com [8 hosts, inv_str 7/28] || email:admin[]prsv.ch url:https://prsv.ch/ proof:uri-rsa ciissversion:2 [7 hosts, inv_str 11/21] || printerexpert@mail2tor.com [3 hosts, inv_str 3/3] || jsrel@gmail.com [7 hosts, inv_str 11/21] || email:admin@for-privacy.net url:for-privacy.net proof:dns-rsa abuse:ab [32 hosts, inv_str 148/496] || anonymous@torproject.org [13 hosts, inv_str 33/78] || email:tor[]1aeo.com url:https://www.1aeo.com proof:uri-familyid-ed2551 [32 hosts, inv_str 14/496]"
2026-05-15 06:01:16,2026-05-15 10:33:34,6,62,0,"email:admin[]prsv.ch url:https://prsv.ch/ proof:uri-rsa ciissversion:2 [9 hosts, inv_str 14/36] || anonymous@torproject.org [10 hosts, inv_str 14/45] || jsrel@gmail.com [16 hosts, inv_str 67/120] || Andrew <tor@allgood.gg> [3 hosts, inv_str 1/3] || email:abuse-ripe[]digitale-gesellschaft.ch url:https://www.digitale-ge [3 hosts, inv_str 2/3] || jsrel@gmail.com [14 hosts, inv_str 53/91] || relay operator - contact: lucasvandekwq [at] rambler [dot] ru [7 hosts, inv_str 17/21]"
2026-05-15 10:51:21,2026-05-15 13:02:03,5,66,0,"email:admin[]prsv.ch url:https://prsv.ch/ proof:uri-rsa ciissversion:2 [8 hosts, inv_str 14/28] || NN <relay-ops AT noonion dot de> [3 hosts, inv_str 1/3] || jsrel@gmail.com [12 hosts, inv_str 28/66] || 0x18FFB9259E11C3BC69ABC8857E65272B32D3C971 f19.4jbg3@gmail.com [5 hosts, inv_str 7/10] || email:admin@for-privacy.net url:for-privacy.net proof:dns-rsa abuse:ab [32 hosts, inv_str 1/496] || 0x18FFB9259E11C3BC69ABC8857E65272B32D3C971 f19.4jbg3@gmail.com [6 hosts, inv_str 6/15]"
2026-05-15 13:08:31,2026-05-15 13:57:07,3,15,0,"jsrel@gmail.com [6 hosts, inv_str 8/15] || c99058397@gmail.com [4 hosts, inv_str 4/6] || email:admin[]prsv.ch url:https://prsv.ch/ proof:uri-rsa ciissversion:2 [5 hosts, inv_str 8/10]"
2026-05-15 14:13:41,2026-05-15 18:41:20,6,83,0,"jsrel@gmail.com [9 hosts, inv_str 11/36] || email:admin[]prsv.ch url:https://prsv.ch/ proof:uri-rsa ciissversion:2 [8 hosts, inv_str 8/28] || tsjk@hotmail.com [3 hosts, inv_str 2/3] || jsrel@gmail.com [4 hosts, inv_str 1/6] || jsrel@gmail.com [10 hosts, inv_str 20/45] || Maintained by TheMC [3 hosts, inv_str 3/3] || email:admin[]prsv.ch url:https://prsv.ch/ proof:uri-rsa ciissversion:2 [9 hosts, inv_str 19/36] || jsrel@gmail.com [6 hosts, inv_str 11/15] || anonymous@torproject.org [5 hosts, inv_str 8/10] || email:mail[]nothingtohide.nl url:nothingtohide.nl proof:uri-rsa abuse: [26 hosts, inv_str 35/325]"
2026-05-15 18:45:13,2026-05-17 11:29:40,33,834,49,"anonymous@torproject.org [6 hosts, inv_str 4/15] || jsrel@gmail.com [4 hosts, inv_str 3/6] || Foundation for Applied Privacy email:tor[]appliedprivacy.net donationu [15 hosts, inv_str 29/105] || email:admin[]stormycloud.org url:https://stormycloud.org proof:uri-fam [5 hosts, inv_str 6/10] || email:admin[]prsv.ch url:https://prsv.ch/ proof:uri-rsa ciissversion:2 [4 hosts, inv_str 2/6] || printerexpert@mail2tor.com [3 hosts, inv_str 1/3] || Alpenwall email:alpenwall[]proton.me pgp:11F9B9631297C6E8A6ABAEB20F35F [3 hosts, inv_str 3/3] || jsrel@gmail.com [11 hosts, inv_str 29/55] || email:admin[]prsv.ch url:https://prsv.ch/ proof:uri-rsa ciissversion:2 [8 hosts, inv_str 17/28] || wxw at safe-mail dot net [8 hosts, inv_str 11/28] || tor@wurzelmann.at [8 hosts, inv_str 16/28] || jsrel@gmail.com [10 hosts, inv_str 21/45] || c99058397@gmail.com [5 hosts, inv_str 8/10] || NN <relay-ops AT noonion dot de> [3 hosts, inv_str 0/3] || jsrel@gmail.com [5 hosts, inv_str 6/10] || jsrel@gmail.com [6 hosts, inv_str 5/15] || printerexpert@mail2tor.com [3 hosts, inv_str 1/3] || RandomPerson <skynet@academyforinternetresearch.org> [4 hosts, inv_str 3/6] || email:Quetzalcoatl_relays[]proton.me url:https://quetzalcoatl-relays.o [10 hosts, inv_str 11/45] || anonymous@torproject.org [4 hosts, inv_str 3/6] || jsrel@gmail.com [7 hosts, inv_str 8/21] || email:Quetzalcoatl_relays[]proton.me url:https://quetzalcoatl-relays.o [41 hosts, inv_str 455/820] || jsrel@gmail.com [10 hosts, inv_str 16/45] || email:admin[]stormycloud.org url:https://stormycloud.org proof:uri-fam [5 hosts, inv_str 2/10] || anonymous@torproject.org [5 hosts, inv_str 4/10] || abuse@doggett.tech [3 hosts, inv_str 2/3] || jsrel@gmail.com [3 hosts, inv_str 3/3] || hello@relaymagic.org (relaymagic.org/contact) [3 hosts, inv_str 2/3] || jsrel@gmail.com [15 hosts, inv_str 61/105] || Artikel10 url:artikel10.org email:info[]artikel10.org abuse:abuse[]art [32 hosts, inv_str 217/496] || anonymous@torproject.org [19 hosts, inv_str 69/171] || email:admin[]prsv.ch url:https://prsv.ch/ proof:uri-rsa ciissversion:2 [5 hosts, inv_str 5/10] || printerexpert@mail2tor.com [3 hosts, inv_str 1/3] || email:admin[]prsv.ch url:https://prsv.ch/ proof:uri-rsa ciissversion:2 [8 hosts, inv_str 13/28] || email:tor[]r0cket.net url:https://tor.r0cket.net/ proof:uri-rsa abuse: [4 hosts, inv_str 3/6] || email:admin[]stormycloud.org url:https://stormycloud.org proof:uri-fam [5 hosts, inv_str 3/10] || NN <relay-ops AT noonion dot de> [3 hosts, inv_str 2/3] || someone < tor27 AT nurfuerspam DOT de > [4 hosts, inv_str 4/6] || c99058397@gmail.com [5 hosts, inv_str 5/10] || jsrel@gmail.com [13 hosts, inv_str 54/78] || email:tor[]r0cket.net url:https://tor.r0cket.net/ proof:uri-rsa abuse: [6 hosts, inv_str 9/15] || printerexpert@mail2tor.com [3 hosts, inv_str 2/3] || jsrel@gmail.com [9 hosts, inv_str 13/36] || email:admin[]fluffypancakes.dev url:fluffypancakes.dev proof:uri-famil [18 hosts, inv_str 51/153] || email:admin[]prsv.ch url:https://prsv.ch/ proof:uri-rsa ciissversion:2 [9 hosts, inv_str 22/36] || jsrel@gmail.com [15 hosts, inv_str 57/105] || hiwi  <hiwi AT nurfuerspam dot de> [5 hosts, inv_str 5/10] || anonymous@torproject.org [3 hosts, inv_str 1/3] || email:admin[]prsv.ch url:https://prsv.ch/ proof:uri-rsa ciissversion:2 [6 hosts, inv_str 7/15] || anonymous@torproject.org [3 hosts, inv_str 2/3] || email:admin@for-privacy.net url:for-privacy.net proof:dns-rsa abuse:ab [32 hosts, inv_str 10/496] || printerexpert@mail2tor.com [3 hosts, inv_str 1/3] || jsrel@gmail.com [13 hosts, inv_str 42/78] || email:admin[]prsv.ch url:https://prsv.ch/ proof:uri-rsa ciissversion:2 [12 hosts, inv_str 34/66] || jsrel@gmail.com [3 hosts, inv_str 2/3] || abuse@doggett.tech [3 hosts, inv_str 2/3] || anonymous@torproject.org [3 hosts, inv_str 3/3] || jsrel@gmail.com [8 hosts, inv_str 15/28] || email:admin[]fluffypancakes.dev url:fluffypancakes.dev proof:uri-famil [4 hosts, inv_str 6/6] || fumonion [] protonmail (dot) com [4 hosts, inv_str 2/6] || jsrel@gmail.com [16 hosts, inv_str 65/120] || anonymous@torproject.org [3 hosts, inv_str 3/3] || email:admin[]fluffypancakes.dev url:fluffypancakes.dev proof:uri-famil [19 hosts, inv_str 38/171] || email:admin[]fluffypancakes.dev url:fluffypancakes.dev proof:uri-famil [3 hosts, inv_str 1/3] || Maintained by TheMC [3 hosts, inv_str 2/3] || anonymous@torproject.org [6 hosts, inv_str 6/15] || email:admin[]prsv.ch url:https://prsv.ch/ proof:uri-rsa ciissversion:2 [7 hosts, inv_str 6/21] || hiwi  <hiwi AT nurfuerspam dot de> [5 hosts, inv_str 7/10] || printerexpert@mail2tor.com [3 hosts, inv_str 1/3] || jsrel@gmail.com [16 hosts, inv_str 76/120] || Digitalcourage e.V. email:tor-abuse[]digitalcourage.de abuse:tor-abuse [15 hosts, inv_str 31/105] || anonymous@torproject.org [3 hosts, inv_str 0/3] || Neel Chauhan <neel AT neelc DOT org> [7 hosts, inv_str 11/21] || email:admin[]prsv.ch url:https://prsv.ch/ proof:uri-rsa ciissversion:2 [3 hosts, inv_str 2/3] || anonymous@torproject.org [3 hosts, inv_str 1/3] || email:admin[]prsv.ch url:https://prsv.ch/ proof:uri-rsa ciissversion:2 [6 hosts, inv_str 8/15] || wxw at safe-mail dot net [3 hosts, inv_str 1/3] || Neel Chauhan <neel AT neelc DOT org> [8 hosts, inv_str 20/28] || email:admin[]prsv.ch url:https://prsv.ch/ proof:uri-rsa ciissversion:2 [5 hosts, inv_str 3/10] || anonymous@torproject.org [3 hosts, inv_str 2/3] || RandomPerson <skynet@academyforinternetresearch.org> [6 hosts, inv_str 4/15] || printerexpert@mail2tor.com [3 hosts, inv_str 1/3] || anonymous@torproject.org [7 hosts, inv_str 14/21] || email:admin[]prsv.ch url:https://prsv.ch/ proof:uri-rsa ciissversion:2 [5 hosts, inv_str 5/10] || Canadian Amateur Radio Operator c/s VA1DER < nameofthisrelay symbol ca [3 hosts, inv_str 3/3] || email:admin[]prsv.ch url:https://prsv.ch/ proof:uri-rsa ciissversion:2 [5 hosts, inv_str 5/10] || jsrel@gmail.com [16 hosts, inv_str 71/120] || anonymous@torproject.org [4 hosts, inv_str 2/6] || email:admin[]prsv.ch url:https://prsv.ch/ proof:uri-rsa ciissversion:2 [7 hosts, inv_str 15/21] || hello@relaymagic.org (relaymagic.org/contact) [3 hosts, inv_str 2/3] || relay // at // pommespanzer // dot // cc [9 hosts, inv_str 17/36] || DFRI email:tor[]dfri.se url:https://dfri.se proof:dns-familyid-ed25519 [9 hosts, inv_str 13/36] || anonymous@torproject.org [6 hosts, inv_str 5/15] || email:forest-relay-contact[]cryptolab.net pgp:BCBAE3E9CB8E2FE23F29DC58 [3 hosts, inv_str 1/3] || Steve <tor@digital-world.dev> [3 hosts, inv_str 0/3] || tor@wurzelmann.at [8 hosts, inv_str 16/28] || email:admin@for-privacy.net url:for-privacy.net proof:dns-rsa abuse:ab [32 hosts, inv_str 234/496] || email:admin[]prsv.ch url:https://prsv.ch/ proof:uri-rsa ciissversion:2 [6 hosts, inv_str 9/15] || anonymous@torproject.org [7 hosts, inv_str 6/21] || jsrel@gmail.com [16 hosts, inv_str 77/120] || DFRI email:tor[]dfri.se url:https://dfri.se proof:dns-familyid-ed25519 [10 hosts, inv_str 35/45] || email:admin[]prsv.ch url:https://prsv.ch/ proof:uri-rsa ciissversion:2 [10 hosts, inv_str 25/45] || hiwi  <hiwi AT nurfuerspam dot de> [4 hosts, inv_str 4/6] || anonymous@torproject.org [3 hosts, inv_str 2/3] || jsrel@gmail.com [8 hosts, inv_str 15/28] || anonymous@torproject.org [3 hosts, inv_str 0/3] || jsrel@gmail.com [6 hosts, inv_str 6/15] || olokerunningtor aT protonmail dot com [8 hosts, inv_str 19/28] || jsrel@gmail.com [7 hosts, inv_str 8/21]"
2026-05-17 11:48:52,2026-05-17 12:30:50,2,10,0,"email:admin[]prsv.ch url:https://prsv.ch/ proof:uri-rsa ciissversion:2 [4 hosts, inv_str 3/6] || jsrel@gmail.com [6 hosts, inv_str 10/15]"
2026-05-17 12:37:31,2026-05-17 13:08:56,2,8,0,"email:admin[]prsv.ch url:https://prsv.ch/ proof:uri-rsa ciissversion:2 [5 hosts, inv_str 7/10] || jsrel@gmail.com [3 hosts, inv_str 1/3]"
2026-05-17 13:27:57,2026-05-17 15:26:25,2,21,0,"email:admin[]prsv.ch url:https://prsv.ch/ proof:uri-rsa ciissversion:2 [7 hosts, inv_str 10/21] || jsrel@gmail.com [4 hosts, inv_str 4/6] || jsrel@gmail.com [10 hosts, inv_str 27/45]"
2026-05-17 15:49:24,2026-05-17 19:59:38,13,111,6,"email:admin[]prsv.ch url:https://prsv.ch/ proof:uri-rsa ciissversion:2 [10 hosts, inv_str 27/45] || Joshua Moon <moon@usips.org> - United States Internet Preservation Soc [7 hosts, inv_str 13/21] || jsrel@gmail.com [14 hosts, inv_str 33/91] || Maintained by TheMC [3 hosts, inv_str 0/3] || Henrik Kramselund <hlk AT zencurity dot com> [3 hosts, inv_str 2/3] || FlashTor at e.mail DOT de [10 hosts, inv_str 23/45] || Jeroen Haadenvelt <relay@otr.dreamhosters.com> [3 hosts, inv_str 3/3] || anonymous@torproject.org [3 hosts, inv_str 2/3] || printerexpert@mail2tor.com [3 hosts, inv_str 1/3] || jsrel@gmail.com [10 hosts, inv_str 13/45] || tor (at) nadeko (dot) net [4 hosts, inv_str 5/6] || anonymous@torproject.org [7 hosts, inv_str 11/21] || Satanist <admin AT 2cb dot su> [26 hosts, inv_str 146/325] || email:Quetzalcoatl_relays[]proton.me url:https://quetzalcoatl-relays.o [4 hosts, inv_str 1/6] || Chaos Computer Club Wien (C3W) email:anonymity[]c3w.at url:https://c3w [4 hosts, inv_str 0/6]"
2026-05-17 20:46:04,2026-05-17 23:14:41,5,45,0,"email:admin[]prsv.ch url:https://prsv.ch/ proof:uri-rsa ciissversion:2 [5 hosts, inv_str 5/10] || jsrel@gmail.com [15 hosts, inv_str 47/105] || info@mask.ad [6 hosts, inv_str 9/15] || email:admin[]prsv.ch url:https://prsv.ch/ proof:uri-rsa ciissversion:2 [4 hosts, inv_str 1/6] || anonymous@torproject.org [4 hosts, inv_str 3/6] || kopfschusskorl@gmail.com [4 hosts, inv_str 4/6] || anonymous@torproject.org [3 hosts, inv_str 2/3] || email:admin[]prsv.ch url:https://prsv.ch/ proof:uri-rsa ciissversion:2 [4 hosts, inv_str 1/6]"
2026-05-17 23:22:01,2026-05-18 00:05:35,4,18,0,"jsrel@gmail.com [5 hosts, inv_str 6/10] || email:admin[]prsv.ch url:https://prsv.ch/ proof:uri-rsa ciissversion:2 [3 hosts, inv_str 1/3] || anonymous@torproject.org [3 hosts, inv_str 1/3] || RandomPerson <skynet@academyforinternetresearch.org> [7 hosts, inv_str 5/21]"
2026-05-18 00:26:24,2026-05-18 01:52:47,3,28,0,"jsrel@gmail.com [14 hosts, inv_str 30/91] || email:admin[]prsv.ch url:https://prsv.ch/ proof:uri-rsa ciissversion:2 [5 hosts, inv_str 8/10] || anonymous@torproject.org [6 hosts, inv_str 9/15] || email:admin[]prsv.ch url:https://prsv.ch/ proof:uri-rsa ciissversion:2 [3 hosts, inv_str 2/3]"
2026-05-18 02:03:07,2026-05-18 02:26:44,2,10,0,"email:admin[]prsv.ch url:https://prsv.ch/ proof:uri-rsa ciissversion:2 [3 hosts, inv_str 3/3] || anonymous@torproject.org [7 hosts, inv_str 11/21]"
2026-05-18 02:39:25,2026-05-18 04:34:52,7,43,0,"jsrel@gmail.com [6 hosts, inv_str 3/15] || email:admin[]prsv.ch url:https://prsv.ch/ proof:uri-rsa ciissversion:2 [7 hosts, inv_str 9/21] || anonymous@torproject.org [6 hosts, inv_str 9/15] || hello@relaymagic.org (relaymagic.org/contact) [3 hosts, inv_str 0/3] || petertheprofi@pm.me [3 hosts, inv_str 1/3] || c99058397@gmail.com [3 hosts, inv_str 2/3] || jsrel@gmail.com [7 hosts, inv_str 6/21] || relay // at // pommespanzer // dot // cc [8 hosts, inv_str 18/28]"
2026-05-18 04:49:11,2026-05-18 11:28:39,6,69,4,"jsrel@gmail.com [4 hosts, inv_str 3/6] || your@e-mail [3 hosts, inv_str 2/3] || email:admin[]prsv.ch url:https://prsv.ch/ proof:uri-rsa ciissversion:2 [6 hosts, inv_str 10/15] || email:Quetzalcoatl_relays[]proton.me url:https://quetzalcoatl-relays.o [3 hosts, inv_str 1/3] || jsrel@gmail.com [9 hosts, inv_str 13/36] || anonymous@torproject.org [5 hosts, inv_str 9/10] || email:admin[]prsv.ch url:https://prsv.ch/ proof:uri-rsa ciissversion:2 [12 hosts, inv_str 33/66] || jsrel@gmail.com [4 hosts, inv_str 3/6] || jsrel@gmail.com [11 hosts, inv_str 38/55] || jsrel@gmail.com [5 hosts, inv_str 5/10] || tor.blissful040@passmail.net [4 hosts, inv_str 1/6] || jsrel@gmail.com [3 hosts, inv_str 0/3]"
2026-05-18 11:39:02,2026-05-18 20:47:48,8,181,4,"jsrel@gmail.com [12 hosts, inv_str 30/66] || email:admin[]prsv.ch url:https://prsv.ch/ proof:uri-rsa ciissversion:2 [3 hosts, inv_str 0/3] || email:admin@for-privacy.net url:for-privacy.net proof:dns-rsa abuse:ab [55 hosts, inv_str 410/1485] || email:admin[]prsv.ch url:https://prsv.ch/ proof:uri-rsa ciissversion:2 [8 hosts, inv_str 21/28] || email:Quetzalcoatl_relays[]proton.me url:https://quetzalcoatl-relays.o [3 hosts, inv_str 2/3] || jsrel@gmail.com [3 hosts, inv_str 0/3] || jsrel@gmail.com [7 hosts, inv_str 12/21] || email:admin[]prsv.ch url:https://prsv.ch/ proof:uri-rsa ciissversion:2 [10 hosts, inv_str 18/45] || email:Quetzalcoatl_relays[]proton.me url:https://quetzalcoatl-relays.o [3 hosts, inv_str 1/3] || jsrel@gmail.com [4 hosts, inv_str 3/6] || email:admin[]stormycloud.org url:https://stormycloud.org proof:uri-fam [5 hosts, inv_str 0/10] || jsrel@gmail.com [9 hosts, inv_str 13/36] || 0xE12ECD2E Nicola Ferralis <feranick AT hotmail dot com> [4 hosts, inv_str 3/6] || email:admin@for-privacy.net url:for-privacy.net proof:dns-rsa abuse:ab [20 hosts, inv_str 84/190] || anonymous@torproject.org [4 hosts, inv_str 3/6] || jsrel@gmail.com [13 hosts, inv_str 44/78] || hosted by blitzw.in [3 hosts, inv_str 1/3] || anonymous@torproject.org [5 hosts, inv_str 2/10] || email:Quetzalcoatl_relays[]proton.me url:https://quetzalcoatl-relays.o [3 hosts, inv_str 3/3] || jsrel@gmail.com [7 hosts, inv_str 17/21]"
2026-05-18 20:54:40,2026-05-19 00:31:33,7,51,0,"anonymous@torproject.org [3 hosts, inv_str 1/3] || ops@freedomstack.de [4 hosts, inv_str 5/6] || email:admin[]prsv.ch url:https://prsv.ch/ proof:uri-rsa ciissversion:2 [5 hosts, inv_str 4/10] || jsrel@gmail.com [5 hosts, inv_str 5/10] || jsrel@gmail.com [5 hosts, inv_str 4/10] || email:zwiebelrouter[]protonmail[]com url:zwiebelrouter.net proof:dns-r [6 hosts, inv_str 5/15] || kopfschusskorl@gmail.com [3 hosts, inv_str 1/3] || jsrel@gmail.com [10 hosts, inv_str 26/45] || anonymous@torproject.org [3 hosts, inv_str 2/3] || RandomPerson <skynet@academyforinternetresearch.org> [7 hosts, inv_str 3/21]"
2026-05-19 00:45:54,2026-05-19 08:39:59,8,235,3,"jsrel@gmail.com [4 hosts, inv_str 1/6] || email:admin[]prsv.ch url:https://prsv.ch/ proof:uri-rsa ciissversion:2 [5 hosts, inv_str 5/10] || anonymous@torproject.org [4 hosts, inv_str 4/6] || jsrel@gmail.com [7 hosts, inv_str 8/21] || anonymous@torproject.org [4 hosts, inv_str 1/6] || email:admin[]prsv.ch url:https://prsv.ch/ proof:uri-rsa ciissversion:2 [7 hosts, inv_str 8/21] || hello@relaymagic.org (relaymagic.org/contact) [3 hosts, inv_str 1/3] || anonymous@torproject.org [16 hosts, inv_str 71/120] || jsrel@gmail.com [3 hosts, inv_str 2/3] || jsrel@gmail.com [11 hosts, inv_str 30/55] || tor@qbix.mozmail.com [3 hosts, inv_str 3/3] || email:admin[]prsv.ch url:https://prsv.ch/ proof:uri-rsa ciissversion:2 [3 hosts, inv_str 2/3] || c99058397@gmail.com [3 hosts, inv_str 1/3] || jsrel@gmail.com [11 hosts, inv_str 23/55] || email:admin[]prsv.ch url:https://prsv.ch/ proof:uri-rsa ciissversion:2 [6 hosts, inv_str 8/15] || email:admin[@]unredacted.org url:unredacted.org proof:uri-rsa ciissver [123 hosts, inv_str 2779/7503] || jsrel@gmail.com [10 hosts, inv_str 23/45] || email:Quetzalcoatl_relays[]proton.me url:https://quetzalcoatl-relays.o [3 hosts, inv_str 1/3] || email:admin[]prsv.ch url:https://prsv.ch/ proof:uri-rsa ciissversion:2 [9 hosts, inv_str 8/36]"
2026-05-19 08:50:06,2026-05-19 14:57:02,5,66,4,"jsrel@gmail.com [12 hosts, inv_str 34/66] || email:admin[]prsv.ch url:https://prsv.ch/ proof:uri-rsa ciissversion:2 [12 hosts, inv_str 46/66] || anonymous@torproject.org [3 hosts, inv_str 2/3] || jsrel@gmail.com [11 hosts, inv_str 26/55] || email:Quetzalcoatl_relays[]proton.me url:https://quetzalcoatl-relays.o [3 hosts, inv_str 3/3] || jsrel@gmail.com [9 hosts, inv_str 16/36] || anonymous@torproject.org [4 hosts, inv_str 4/6] || abuse@imprezahost.com url:https://impreza.host proof:uri-rsa ciissvers [4 hosts, inv_str 6/6] || email:Quetzalcoatl_relays[]proton.me url:https://quetzalcoatl-relays.o [3 hosts, inv_str 1/3] || jsrel@gmail.com [5 hosts, inv_str 4/10]"
2026-05-19 15:03:54,2026-05-19 19:17:44,6,59,0,"anonymous@torproject.org [3 hosts, inv_str 1/3] || jsrel@gmail.com [15 hosts, inv_str 55/105] || email:admin[]prsv.ch url:https://prsv.ch/ proof:uri-rsa ciissversion:2 [7 hosts, inv_str 8/21] || abuse@imprezahost.com url:https://impreza.host proof:uri-rsa ciissvers [4 hosts, inv_str 0/6] || email:admin[]prsv.ch url:https://prsv.ch/ proof:uri-rsa ciissversion:2 [8 hosts, inv_str 11/28] || c99058397@gmail.com [5 hosts, inv_str 7/10] || Maintained by TheMC [3 hosts, inv_str 2/3] || jsrel@gmail.com [11 hosts, inv_str 28/55] || email:admin[]prsv.ch url:https://prsv.ch/ proof:uri-rsa ciissversion:2 [3 hosts, inv_str 1/3]"
2026-05-19 19:44:15,2026-05-19 21:34:33,4,53,2,"jsrel@gmail.com [6 hosts, inv_str 5/15] || email:admin[]prsv.ch url:https://prsv.ch/ proof:uri-rsa ciissversion:2 [6 hosts, inv_str 4/15] || anonymous@torproject.org [9 hosts, inv_str 17/36] || Satanist <admin AT 2cb dot su> [26 hosts, inv_str 141/325] || jsrel@gmail.com [6 hosts, inv_str 6/15]"
2026-05-19 21:45:16,2026-05-19 22:48:03,4,27,0,"Foundation for Applied Privacy email:tor[]appliedprivacy.net donationu [15 hosts, inv_str 24/105] || anonymous@torproject.org [3 hosts, inv_str 0/3] || email:admin[]prsv.ch url:https://prsv.ch/ proof:uri-rsa ciissversion:2 [6 hosts, inv_str 10/15] || kopfschusskorl@gmail.com [3 hosts, inv_str 3/3]"
2026-05-19 23:10:14,2026-05-20 01:27:17,5,38,0,"email:admin[]prsv.ch url:https://prsv.ch/ proof:uri-rsa ciissversion:2 [6 hosts, inv_str 6/15] || printerexpert@mail2tor.com [3 hosts, inv_str 0/3] || RandomPerson <skynet@academyforinternetresearch.org> [5 hosts, inv_str 4/10] || anonymous@torproject.org [4 hosts, inv_str 3/6] || anonymous@torproject.org [17 hosts, inv_str 68/136] || NN <relay-ops AT noonion dot de> [3 hosts, inv_str 1/3]"
2026-05-20 02:04:27,2026-05-20 03:06:11,2,10,0,"email:admin[]prsv.ch url:https://prsv.ch/ proof:uri-rsa ciissversion:2 [7 hosts, inv_str 13/21] || hello@relaymagic.org (relaymagic.org/contact) [3 hosts, inv_str 2/3]"
2026-05-20 03:29:55,2026-05-20 05:32:11,3,17,4,"email:admin[]prsv.ch url:https://prsv.ch/ proof:uri-rsa ciissversion:2 [9 hosts, inv_str 23/36] || NN <relay-ops AT noonion dot de> [4 hosts, inv_str 3/6] || email:Quetzalcoatl_relays[]proton.me url:https://quetzalcoatl-relays.o [4 hosts, inv_str 4/6]"
2026-05-20 06:01:15,2026-05-20 09:23:13,2,16,0,"email:admin[]prsv.ch url:https://prsv.ch/ proof:uri-rsa ciissversion:2 [9 hosts, inv_str 18/36] || c99058397@gmail.com [4 hosts, inv_str 2/6] || c99058397@gmail.com [3 hosts, inv_str 1/3]"
2026-05-20 10:02:32,2026-05-20 11:51:30,2,11,0,"Viktor Nikolov email:vnikolov[]vnikolov.cz url:nikolov.cz proof:dns-rs [4 hosts, inv_str 0/6] || email:admin[]prsv.ch url:https://prsv.ch/ proof:uri-rsa ciissversion:2 [7 hosts, inv_str 12/21]"
2026-05-20 12:01:32,2026-05-20 16:17:40,4,24,0,"anonymous@torproject.org [3 hosts, inv_str 2/3] || email:admin[]prsv.ch url:https://prsv.ch/ proof:uri-rsa ciissversion:2 [13 hosts, inv_str 36/78] || abuse@imprezahost.com url:https://impreza.host proof:uri-rsa ciissvers [5 hosts, inv_str 7/10] || hosted by blitzw.in [3 hosts, inv_str 1/3]"
2026-05-20 16:31:18,2026-05-20 17:30:22,3,12,5,"email:Quetzalcoatl_relays[]proton.me url:https://quetzalcoatl-relays.o [5 hosts, inv_str 4/10] || Maintained by TheMC [3 hosts, inv_str 0/3] || email:admin[]prsv.ch url:https://prsv.ch/ proof:uri-rsa ciissversion:2 [4 hosts, inv_str 6/6]"
2026-05-20 17:36:56,2026-05-20 17:37:24,2,7,0,"tor@bizarreworker.de [3 hosts, inv_str 1/3] || bienwald-torservers@outlook.de [4 hosts, inv_str 3/6]"
2026-05-20 17:54:35,2026-05-21 09:05:10,17,232,9,"email:admin[]prsv.ch url:https://prsv.ch/ proof:uri-rsa ciissversion:2 [8 hosts, inv_str 17/28] || Joshua Moon <moon@usips.org> - United States Internet Preservation Soc [3 hosts, inv_str 2/3] || tor@qbix.mozmail.com [4 hosts, inv_str 4/6] || full.frame4647@diversifiedwaysholdings.com [9 hosts, inv_str 0/36] || email:Quetzalcoatl_relays[]proton.me url:https://quetzalcoatl-relays.o [3 hosts, inv_str 3/3] || anonymous@torproject.org [5 hosts, inv_str 6/10] || email:toralf.foerster[]gmx.de gpg:1A376F994A9D026F13E24DCFC4EACDDE0076 [4 hosts, inv_str 4/6] || email:Quetzalcoatl_relays[]proton.me url:https://quetzalcoatl-relays.o [3 hosts, inv_str 2/3] || email:admin[]prsv.ch url:https://prsv.ch/ proof:uri-rsa ciissversion:2 [8 hosts, inv_str 15/28] || someone < tor27 AT nurfuerspam DOT de > [4 hosts, inv_str 2/6] || email:Quetzalcoatl_relays[]proton.me url:https://quetzalcoatl-relays.o [3 hosts, inv_str 1/3] || anonymous@torproject.org [7 hosts, inv_str 5/21] || Alpenwall email:alpenwall[]proton.me pgp:11F9B9631297C6E8A6ABAEB20F35F [5 hosts, inv_str 1/10] || anonymous@torproject.org [12 hosts, inv_str 38/66] || kopfschusskorl@gmail.com [3 hosts, inv_str 1/3] || email:admin[]prsv.ch url:https://prsv.ch/ proof:uri-rsa ciissversion:2 [7 hosts, inv_str 14/21] || 0x18FFB9259E11C3BC69ABC8857E65272B32D3C971 f19.4jbg3@gmail.com [7 hosts, inv_str 8/21] || printerexpert@mail2tor.com [3 hosts, inv_str 3/3] || RandomPerson <skynet@academyforinternetresearch.org> [4 hosts, inv_str 3/6] || anonymous@torproject.org [54 hosts, inv_str 806/1431] || printerexpert@mail2tor.com [3 hosts, inv_str 0/3] || email:admin[]prsv.ch url:https://prsv.ch/ proof:uri-rsa ciissversion:2 [15 hosts, inv_str 41/105] || hello@relaymagic.org (relaymagic.org/contact) [3 hosts, inv_str 0/3] || email:admin[]prsv.ch url:https://prsv.ch/ proof:uri-rsa ciissversion:2 [8 hosts, inv_str 16/28] || email:admin@for-privacy.net url:for-privacy.net proof:dns-rsa abuse:ab [32 hosts, inv_str 192/496] || email:Quetzalcoatl_relays[]proton.me url:https://quetzalcoatl-relays.o [3 hosts, inv_str 0/3] || hiwi  <hiwi AT nurfuerspam dot de> [3 hosts, inv_str 1/3] || email:admin[]prsv.ch url:https://prsv.ch/ proof:uri-rsa ciissversion:2 [6 hosts, inv_str 8/15] || 0xB0C269DD712FC0F8 Tor Operations <tor@darkpackets.net> [3 hosts, inv_str 0/3]"
2026-05-21 09:23:02,2026-05-21 17:58:48,8,224,4,"email:admin[]prsv.ch url:https://prsv.ch/ proof:uri-rsa ciissversion:2 [12 hosts, inv_str 30/66] || anonymous@torproject.org [44 hosts, inv_str 376/946] || themadhacker email:themadhacker[]themadhacker.net url:https://themadha [4 hosts, inv_str 3/6] || mevolzdev@proton.me [17 hosts, inv_str 129/136] || email:info[]osservatorionessuno.org url:https://osservatorionessuno.or [3 hosts, inv_str 1/3] || email:Quetzalcoatl_relays[]proton.me url:https://quetzalcoatl-relays.o [3 hosts, inv_str 3/3] || thetordoor [AT] proton [DOT] me [100 hosts, inv_str 1131/4950] || email:Quetzalcoatl_relays[]proton.me url:https://quetzalcoatl-relays.o [4 hosts, inv_str 3/6] || email:admin[]prsv.ch url:https://prsv.ch/ proof:uri-rsa ciissversion:2 [10 hosts, inv_str 27/45] || anonymous@torproject.org [24 hosts, inv_str 145/276] || Maintained by TheMC [3 hosts, inv_str 1/3]"
2026-05-21 18:03:37,2026-05-21 22:17:25,5,59,2,"email:Quetzalcoatl_relays[]proton.me url:https://quetzalcoatl-relays.o [3 hosts, inv_str 0/3] || anonymous@torproject.org [26 hosts, inv_str 144/325] || email:admin[]prsv.ch url:https://prsv.ch/ proof:uri-rsa ciissversion:2 [7 hosts, inv_str 10/21] || email:zwiebelrouter[]protonmail[]com url:zwiebelrouter.net proof:dns-r [10 hosts, inv_str 14/45] || printerexpert@mail2tor.com [3 hosts, inv_str 2/3] || printerexpert@mail2tor.com [3 hosts, inv_str 1/3] || email:admin[]prsv.ch url:https://prsv.ch/ proof:uri-rsa ciissversion:2 [7 hosts, inv_str 14/21]"
2026-05-21 23:47:21,2026-05-22 00:29:19,3,17,0,"email:admin[]prsv.ch url:https://prsv.ch/ proof:uri-rsa ciissversion:2 [5 hosts, inv_str 5/10] || RandomPerson <skynet@academyforinternetresearch.org> [6 hosts, inv_str 4/15] || dump(@)norvi.tech [6 hosts, inv_str 5/15]"
2026-05-22 02:08:35,2026-05-22 03:30:20,3,13,0,"email:admin[]prsv.ch url:https://prsv.ch/ proof:uri-rsa ciissversion:2 [5 hosts, inv_str 6/10] || anonymous@torproject.org [5 hosts, inv_str 6/10] || hello@relaymagic.org (relaymagic.org/contact) [3 hosts, inv_str 1/3]"
2026-05-22 03:52:24,2026-05-22 06:48:00,7,158,0,"email:admin[]prsv.ch url:https://prsv.ch/ proof:uri-rsa ciissversion:2 [8 hosts, inv_str 17/28] || email:admin[@]unredacted.org url:unredacted.org proof:uri-rsa ciissver [4 hosts, inv_str 0/6] || c99058397@gmail.com [3 hosts, inv_str 2/3] || anonymous@torproject.org [11 hosts, inv_str 33/55] || NN <relay-ops AT noonion dot de> [4 hosts, inv_str 2/6] || c99058397@gmail.com [3 hosts, inv_str 0/3] || email:admin[@]unredacted.org url:unredacted.org proof:dns-familyid-ed2 [122 hosts, inv_str 2702/7381] || your@e-mail [3 hosts, inv_str 1/3]"
2026-05-22 07:14:40,2026-05-22 11:40:31,3,28,3,"email:admin[]prsv.ch url:https://prsv.ch/ proof:uri-rsa ciissversion:2 [7 hosts, inv_str 11/21] || email:Quetzalcoatl_relays[]proton.me url:https://quetzalcoatl-relays.o [3 hosts, inv_str 3/3] || anonymous@torproject.org [11 hosts, inv_str 18/55] || email:admin[]prsv.ch url:https://prsv.ch/ proof:uri-rsa ciissversion:2 [7 hosts, inv_str 6/21]"
2026-05-22 12:01:58,2026-05-22 13:23:11,3,18,0,"email:admin[]prsv.ch url:https://prsv.ch/ proof:uri-rsa ciissversion:2 [9 hosts, inv_str 22/36] || anonymous@torproject.org [5 hosts, inv_str 6/10] || tor@0lt.de [4 hosts, inv_str 3/6]"
2026-05-22 14:38:19,2026-05-22 15:17:38,4,14,0,"email:info[]osservatorionessuno.org url:https://osservatorionessuno.or [3 hosts, inv_str 2/3] || email:admin[]prsv.ch url:https://prsv.ch/ proof:uri-rsa ciissversion:2 [5 hosts, inv_str 4/10] || c99058397@gmail.com [3 hosts, inv_str 2/3] || anonymous@torproject.org [3 hosts, inv_str 1/3]"
2026-05-22 15:50:46,2026-05-22 19:50:20,5,45,2,"email:admin[]prsv.ch url:https://prsv.ch/ proof:uri-rsa ciissversion:2 [10 hosts, inv_str 26/45] || Maintained by TheMC [3 hosts, inv_str 1/3] || c99058397@gmail.com [3 hosts, inv_str 2/3] || Satanist <admin AT 2cb dot su> [26 hosts, inv_str 163/325] || anonymous@torproject.org [3 hosts, inv_str 1/3]"
2026-05-22 20:17:43,2026-05-22 22:39:17,2,11,0,"email:admin[]prsv.ch url:https://prsv.ch/ proof:uri-rsa ciissversion:2 [8 hosts, inv_str 11/28] || kopfschusskorl@gmail.com [3 hosts, inv_str 0/3]"
2026-05-22 22:59:22,2026-05-23 02:32:27,4,42,0,"email:admin[]prsv.ch url:https://prsv.ch/ proof:uri-rsa ciissversion:2 [6 hosts, inv_str 6/15] || anonymous@torproject.org [5 hosts, inv_str 4/10] || someone < tor27 AT nurfuerspam DOT de > [4 hosts, inv_str 1/6] || RandomPerson <skynet@academyforinternetresearch.org> [9 hosts, inv_str 16/36] || anonymous@torproject.org [8 hosts, inv_str 13/28] || anonymous@torproject.org [5 hosts, inv_str 7/10] || anonymous@torproject.org [5 hosts, inv_str 6/10]"
2026-05-23 03:43:11,2026-05-23 05:13:40,2,38,0,"email:admin[]prsv.ch url:https://prsv.ch/ proof:uri-rsa ciissversion:2 [6 hosts, inv_str 11/15] || email:admin@for-privacy.net url:for-privacy.net proof:dns-rsa abuse:ab [32 hosts, inv_str 233/496]"
2026-05-23 06:09:04,2026-05-23 09:22:46,3,17,0,"email:admin[]prsv.ch url:https://prsv.ch/ proof:uri-rsa ciissversion:2 [9 hosts, inv_str 22/36] || wai@xmpp.is [4 hosts, inv_str 5/6] || ratatoskr@xmpp.is [4 hosts, inv_str 1/6]"
2026-05-23 10:08:50,2026-05-23 13:31:31,2,14,0,"email:admin[]prsv.ch url:https://prsv.ch/ proof:uri-rsa ciissversion:2 [11 hosts, inv_str 32/55] || printerexpert@mail2tor.com [3 hosts, inv_str 3/3]"
2026-05-23 13:54:41,2026-05-23 16:11:33,6,218,0,"email:admin[]prsv.ch url:https://prsv.ch/ proof:uri-rsa ciissversion:2 [9 hosts, inv_str 17/36] || anonymous@torproject.org [4 hosts, inv_str 4/6] || printerexpert@mail2tor.com [4 hosts, inv_str 2/6] || email:support@unshakled.org url:unshakled.org proof:uri-rsa abuse:abus [3 hosts, inv_str 2/3] || tor-relay@ahnlak.com [6 hosts, inv_str 8/15] || email:tor[]1aeo.com url:https://www.1aeo.com proof:uri-familyid-ed2551 [192 hosts, inv_str 8004/18336]"
2026-05-23 16:41:39,2026-05-23 18:10:17,3,12,0,"email:admin[]prsv.ch url:https://prsv.ch/ proof:uri-rsa ciissversion:2 [6 hosts, inv_str 6/15] || Maintained by TheMC [3 hosts, inv_str 3/3] || printerexpert@mail2tor.com [3 hosts, inv_str 0/3]"
2026-05-23 18:36:51,2026-05-23 20:35:45,4,29,0,"email:admin[]prsv.ch url:https://prsv.ch/ proof:uri-rsa ciissversion:2 [10 hosts, inv_str 20/45] || c99058397@gmail.com [3 hosts, inv_str 2/3] || tor@wurzelmann.at [8 hosts, inv_str 16/28] || email:info[]osservatorionessuno.org url:https://osservatorionessuno.or [8 hosts, inv_str 16/28]"
2026-05-23 20:53:05,2026-05-24 00:23:26,6,45,0,"email:admin[]prsv.ch url:https://prsv.ch/ proof:uri-rsa ciissversion:2 [9 hosts, inv_str 17/36] || email:info[]osservatorionessuno.org url:https://osservatorionessuno.or [8 hosts, inv_str 16/28] || kopfschusskorl@gmail.com [3 hosts, inv_str 1/3] || Hurdy-Gurdy <admin AT my-mail dot rocks> [3 hosts, inv_str 1/3] || Digitalcourage e.V. email:tor-abuse[]digitalcourage.de abuse:tor-abuse [15 hosts, inv_str 33/105] || RandomPerson <skynet@academyforinternetresearch.org> [7 hosts, inv_str 0/21]"
2026-05-24 00:29:58,2026-05-24 02:58:59,2,37,0,"anonymous@torproject.org [13 hosts, inv_str 41/78] || email:admin[]prsv.ch url:https://prsv.ch/ proof:uri-rsa ciissversion:2 [14 hosts, inv_str 52/91] || anonymous@torproject.org [10 hosts, inv_str 29/45]"
2026-05-24 03:30:18,2026-05-24 04:15:36,2,10,0,"email:admin[]prsv.ch url:https://prsv.ch/ proof:uri-rsa ciissversion:2 [7 hosts, inv_str 17/21] || abuse@doggett.tech [3 hosts, inv_str 2/3]"
2026-05-24 04:37:45,2026-05-24 05:01:56,2,37,0,"email:admin[]prsv.ch url:https://prsv.ch/ proof:uri-rsa ciissversion:2 [5 hosts, inv_str 5/10] || email:admin@for-privacy.net url:for-privacy.net proof:dns-rsa abuse:ab [32 hosts, inv_str 178/496]"
2026-05-24 12:00:23,2026-05-24 12:52:50,3,15,0,"email:admin[]prsv.ch url:https://prsv.ch/ proof:uri-rsa ciissversion:2 [9 hosts, inv_str 16/36] || Uu77bBt0eDko5iDrRNiXt2quIVPMNKvILk1eqJbAVk9e@posteo.ch [3 hosts, inv_str 1/3] || anyone-motor-cycle@duck.com [3 hosts, inv_str 2/3]"
2026-05-24 13:05:59,2026-05-24 14:43:20,3,202,0,"anonymous@torproject.org [3 hosts, inv_str 2/3] || email:admin[]prsv.ch url:https://prsv.ch/ proof:uri-rsa ciissversion:2 [7 hosts, inv_str 11/21] || email:tor[]1aeo.com url:https://www.1aeo.com proof:uri-familyid-ed2551 [192 hosts, inv_str 7726/18336]"
2026-05-24 14:54:22,2026-05-24 19:14:54,6,35,0,"anonymous@torproject.org [4 hosts, inv_str 3/6] || email:admin[]prsv.ch url:https://prsv.ch/ proof:uri-rsa ciissversion:2 [10 hosts, inv_str 21/45] || anonymous@torproject.org [3 hosts, inv_str 3/3] || tor@0lt.de [3 hosts, inv_str 0/3] || Maintained by TheMC [3 hosts, inv_str 1/3] || anonymous@torproject.org [5 hosts, inv_str 6/10] || printerexpert@mail2tor.com [3 hosts, inv_str 1/3] || Chaos Computer Club Wien (C3W) email:anonymity[]c3w.at url:https://c3w [4 hosts, inv_str 3/6]"
2026-05-24 19:34:57,2026-05-25 02:31:04,6,137,55,"email:admin[]prsv.ch url:https://prsv.ch/ proof:uri-rsa ciissversion:2 [40 hosts, inv_str 368/780] || email:Quetzalcoatl_relays[]proton.me url:https://quetzalcoatl-relays.o [3 hosts, inv_str 3/3] || kopfschusskorl@gmail.com [3 hosts, inv_str 1/3] || anonymous@torproject.org [6 hosts, inv_str 6/15] || RandomPerson <skynet@academyforinternetresearch.org> [6 hosts, inv_str 5/15] || email:Quetzalcoatl_relays[]proton.me url:https://quetzalcoatl-relays.o [61 hosts, inv_str 874/1830] || anonymous@torproject.org [15 hosts, inv_str 67/105] || NN <relay-ops AT noonion dot de> [3 hosts, inv_str 3/3]"
2026-05-25 03:01:39,2026-05-25 09:43:49,5,102,0,"email:admin[]prsv.ch url:https://prsv.ch/ proof:uri-rsa ciissversion:2 [64 hosts, inv_str 918/2016] || relay // at // pommespanzer // dot // cc [7 hosts, inv_str 9/21] || DFRI email:tor[]dfri.se url:https://dfri.se proof:dns-familyid-ed25519 [9 hosts, inv_str 16/36] || DFRI email:tor[]dfri.se url:https://dfri.se proof:dns-familyid-ed25519 [10 hosts, inv_str 36/45] || c99058397@gmail.com [3 hosts, inv_str 1/3] || c99058397@gmail.com [3 hosts, inv_str 2/3] || mRtjR4JX6pgJ@protonmail.ch [6 hosts, inv_str 9/15]"
2026-05-25 12:41:23,2026-05-25 19:01:50,5,26,0,"anonymous@torproject.org [6 hosts, inv_str 6/15] || email:admin[]prsv.ch url:https://prsv.ch/ proof:uri-rsa ciissversion:2 [7 hosts, inv_str 13/21] || <mocha-dreary-chive AT duck dot com> [3 hosts, inv_str 3/3] || torrelay@brave.com [3 hosts, inv_str 3/3] || Maintained by TheMC [3 hosts, inv_str 0/3] || anonymous@torproject.org [4 hosts, inv_str 3/6]"
2026-05-25 19:30:24,2026-05-25 21:37:08,2,12,0,"email:admin[]prsv.ch url:https://prsv.ch/ proof:uri-rsa ciissversion:2 [6 hosts, inv_str 6/15] || anonymous@torproject.org [3 hosts, inv_str 1/3] || anonymous@torproject.org [3 hosts, inv_str 1/3]"
2026-05-25 21:54:29,2026-05-26 02:29:03,6,107,0,"anonymous@torproject.org [7 hosts, inv_str 7/21] || kopfschusskorl@gmail.com [3 hosts, inv_str 2/3] || email:admin[]prsv.ch url:https://prsv.ch/ proof:uri-rsa ciissversion:2 [71 hosts, inv_str 1205/2485] || anonymous@torproject.org [9 hosts, inv_str 21/36] || RandomPerson <skynet@academyforinternetresearch.org> [6 hosts, inv_str 3/15] || dump(@)norvi.tech [5 hosts, inv_str 4/10] || NN <relay-ops AT noonion dot de> [3 hosts, inv_str 1/3] || anonymous@torproject.org [3 hosts, inv_str 2/3]"
2026-05-26 02:37:31,2026-05-26 06:12:11,3,19,0,"email:admin[]prsv.ch url:https://prsv.ch/ proof:uri-rsa ciissversion:2 [6 hosts, inv_str 11/15] || hello@relaymagic.org (relaymagic.org/contact) [3 hosts, inv_str 0/3] || relay // at // pommespanzer // dot // cc [10 hosts, inv_str 24/45]"
2026-05-26 06:35:00,2026-05-26 07:55:35,2,9,0,"email:admin[]prsv.ch url:https://prsv.ch/ proof:uri-rsa ciissversion:2 [6 hosts, inv_str 11/15] || your@e-mail [3 hosts, inv_str 3/3]"
2026-05-26 08:54:21,2026-05-26 10:27:44,5,23,0,"email:admin[]prsv.ch url:https://prsv.ch/ proof:uri-rsa ciissversion:2 [7 hosts, inv_str 10/21] || c99058397@gmail.com [3 hosts, inv_str 2/3] || tor.research2026@proton.me [6 hosts, inv_str 13/15] || tutkfk@protonmail.com [3 hosts, inv_str 3/3] || fumonion [] protonmail (dot) com [4 hosts, inv_str 1/6]"
2026-05-26 10:57:48,2026-05-26 13:30:23,3,42,0,"email:admin[]prsv.ch url:https://prsv.ch/ proof:uri-rsa ciissversion:2 [7 hosts, inv_str 9/21] || Artikel10 url:artikel10.org email:info[]artikel10.org abuse:abuse[]art [32 hosts, inv_str 151/496] || Uu77bBt0eDko5iDrRNiXt2quIVPMNKvILk1eqJbAVk9e@posteo.ch [3 hosts, inv_str 1/3]"
2026-05-26 13:58:13,2026-05-26 18:07:13,2,23,0,"email:admin[]prsv.ch url:https://prsv.ch/ proof:uri-rsa ciissversion:2 [7 hosts, inv_str 7/21] || anonymous@torproject.org [9 hosts, inv_str 17/36] || anonymous@torproject.org [7 hosts, inv_str 10/21]"
2026-05-26 18:12:09,2026-05-26 20:40:38,4,29,0,"anonymous@torproject.org [6 hosts, inv_str 11/15] || email:admin[]prsv.ch url:https://prsv.ch/ proof:uri-rsa ciissversion:2 [7 hosts, inv_str 8/21] || DFRI email:tor[]dfri.se url:https://dfri.se proof:dns-familyid-ed25519 [3 hosts, inv_str 1/3] || anonymous@torproject.org [9 hosts, inv_str 17/36] || Brandon Kuschel <tor AT NOSPAM brandonkuschel dot com> [4 hosts, inv_str 4/6]"
2026-05-26 23:39:20,2026-05-27 00:24:36,2,13,0,"email:admin[]prsv.ch url:https://prsv.ch/ proof:uri-rsa ciissversion:2 [7 hosts, inv_str 13/21] || RandomPerson <skynet@academyforinternetresearch.org> [6 hosts, inv_str 1/15]"
2026-05-27 00:41:22,2026-05-27 05:31:00,5,73,2,"Satanist <admin AT 2cb dot su> [26 hosts, inv_str 158/325] || email:admin[]prsv.ch url:https://prsv.ch/ proof:uri-rsa ciissversion:2 [6 hosts, inv_str 10/15] || hello@relaymagic.org (relaymagic.org/contact) [3 hosts, inv_str 1/3] || email:admin@for-privacy.net url:for-privacy.net proof:dns-rsa abuse:ab [32 hosts, inv_str 236/496] || Dave Null <dave@null.net> [6 hosts, inv_str 7/15]"
2026-05-27 06:27:00,2026-05-27 10:01:58,3,15,0,"NN <relay-ops AT noonion dot de> [3 hosts, inv_str 2/3] || email:admin[]prsv.ch url:https://prsv.ch/ proof:uri-rsa ciissversion:2 [8 hosts, inv_str 15/28] || anonymous@torproject.org [4 hosts, inv_str 2/6]"
2026-05-27 10:28:53,2026-05-27 11:20:12,3,40,0,"email:admin[]prsv.ch url:https://prsv.ch/ proof:uri-rsa ciissversion:2 [4 hosts, inv_str 1/6] || anonymous@torproject.org [4 hosts, inv_str 3/6] || Artikel10 url:artikel10.org email:info[]artikel10.org abuse:abuse[]art [32 hosts, inv_str 0/496]"
2026-05-27 11:47:41,2026-05-27 13:43:41,4,19,0,"email:admin[]prsv.ch url:https://prsv.ch/ proof:uri-rsa ciissversion:2 [8 hosts, inv_str 7/28] || Uu77bBt0eDko5iDrRNiXt2quIVPMNKvILk1eqJbAVk9e@posteo.ch [3 hosts, inv_str 0/3] || anonymous@torproject.org [5 hosts, inv_str 5/10] || Joshua Moon <moon@usips.org> - United States Internet Preservation Soc [3 hosts, inv_str 2/3]"
2026-05-27 13:54:02,2026-05-27 19:08:28,4,41,0,"email:admin[]prsv.ch url:https://prsv.ch/ proof:uri-rsa ciissversion:2 [15 hosts, inv_str 60/105] || Uu77bBt0eDko5iDrRNiXt2quIVPMNKvILk1eqJbAVk9e@posteo.ch [3 hosts, inv_str 0/3] || anonymous@torproject.org [3 hosts, inv_str 2/3] || anonymous@torproject.org [17 hosts, inv_str 64/136] || Maintained by TheMC [3 hosts, inv_str 2/3]"
2026-05-27 20:00:50,2026-05-27 21:53:20,2,10,0,"email:admin[]prsv.ch url:https://prsv.ch/ proof:uri-rsa ciissversion:2 [7 hosts, inv_str 12/21] || printerexpert@mail2tor.com [3 hosts, inv_str 3/3]"
2026-05-27 22:15:59,2026-05-27 23:03:06,2,7,0,"email:admin[]prsv.ch url:https://prsv.ch/ proof:uri-rsa ciissversion:2 [3 hosts, inv_str 0/3] || printerexpert@mail2tor.com [4 hosts, inv_str 3/6]"
2026-05-27 23:04:13,2026-05-28 03:04:43,5,26,0,"email:admin[]prsv.ch url:https://prsv.ch/ proof:uri-rsa ciissversion:2 [10 hosts, inv_str 16/45] || RandomPerson <skynet@academyforinternetresearch.org> [6 hosts, inv_str 6/15] || themadhacker email:themadhacker[]themadhacker.net url:https://themadha [3 hosts, inv_str 1/3] || Joshua Moon <moon@usips.org> - United States Internet Preservation Soc [4 hosts, inv_str 1/6] || hello@relaymagic.org (relaymagic.org/contact) [3 hosts, inv_str 1/3]"
2026-05-28 03:33:11,2026-05-28 17:05:58,28,1210,0,"email:admin[]prsv.ch url:https://prsv.ch/ proof:uri-rsa ciissversion:2 [7 hosts, inv_str 9/21] || email:abuse[]tuxli.org pgp:32A1621FC5290921D720940187AC9FC1F2BCCB30 ur [4 hosts, inv_str 5/6] || email:admin@for-privacy.net url:for-privacy.net proof:dns-rsa abuse:ab [32 hosts, inv_str 222/496] || email:tor [] middelstaedt dot com url:https://middelstaedt.com proof:u [3 hosts, inv_str 1/3] || email:admin[]prsv.ch url:https://prsv.ch/ proof:uri-rsa ciissversion:2 [12 hosts, inv_str 23/66] || Joshua Moon <moon@usips.org> - United States Internet Preservation Soc [3 hosts, inv_str 0/3] || anonymous@torproject.org [3 hosts, inv_str 1/3] || email:tor[]1aeo.com url:https://www.1aeo.com proof:uri-familyid-ed2551 [192 hosts, inv_str 8280/18336] || email:tor[]r0cket.net url:https://tor.r0cket.net/ proof:uri-rsa abuse: [6 hosts, inv_str 6/15] || hwangminjun@proton.me [8 hosts, inv_str 18/28] || hwangminzi@proton.me [3 hosts, inv_str 0/3] || RandomPerson <skynet@academyforinternetresearch.org> [20 hosts, inv_str 99/190] || arieti009@proton.me [9 hosts, inv_str 12/36] || email:tor[]1aeo.com url:https://www.1aeo.com proof:uri-familyid-ed2551 [580 hosts, inv_str 121020/167910] || gdhong2896@proton.me [3 hosts, inv_str 3/3] || NN <relay-ops AT noonion dot de> [3 hosts, inv_str 1/3] || Bastiaan Brink <b@stiaanbr.ink> | AS215248 NOC +31 85 369 5034 [3 hosts, inv_str 2/3] || palcon3423@proton.me [6 hosts, inv_str 11/15] || contact-relay-list@proton.me [3 hosts, inv_str 2/3] || c99058397@gmail.com [4 hosts, inv_str 2/6] || email:tor[]1aeo.com url:https://www.1aeo.com proof:uri-familyid-ed2551 [222 hosts, inv_str 10932/24531] || justbits@tutamail.com [3 hosts, inv_str 1/3] || petertheprofi@pm.me [3 hosts, inv_str 1/3] || anonymous@torproject.org [5 hosts, inv_str 6/10] || email:admin[]prsv.ch url:https://prsv.ch/ proof:uri-rsa ciissversion:2 [8 hosts, inv_str 16/28] || ilovedatalix@atomicmail.io [3 hosts, inv_str 3/3] || anonymous@torproject.org [6 hosts, inv_str 5/15] || email:admin[]prsv.ch url:https://prsv.ch/ proof:uri-rsa ciissversion:2 [11 hosts, inv_str 21/55] || anonymous@torproject.org [4 hosts, inv_str 4/6] || ContactInfo email:knight AT germancraft dot net url:germancraft.net pr [3 hosts, inv_str 3/3] || fumonion [] protonmail (dot) com [4 hosts, inv_str 1/6] || anonymous@torproject.org [14 hosts, inv_str 40/91] || oimnidtx@4wrd.cc [3 hosts, inv_str 1/3] || tor@wurzelmann.at [8 hosts, inv_str 9/28] || hello@relaymagic.org (relaymagic.org/contact) [3 hosts, inv_str 1/3] || abuse@doggett.tech [3 hosts, inv_str 2/3] || Maintained by TheMC [3 hosts, inv_str 2/3]"
2026-05-28 17:27:30,2026-05-28 20:30:48,3,16,0,"email:admin[]prsv.ch url:https://prsv.ch/ proof:uri-rsa ciissversion:2 [10 hosts, inv_str 19/45] || Joshua Moon <moon@usips.org> - United States Internet Preservation Soc [3 hosts, inv_str 1/3] || Canadian Amateur Radio Operator c/s VA1DER < nameofthisrelay symbol ca [3 hosts, inv_str 3/3]"
2026-05-28 21:00:26,2026-05-29 00:16:06,6,39,0,"email:admin[]prsv.ch url:https://prsv.ch/ proof:uri-rsa ciissversion:2 [10 hosts, inv_str 24/45] || 0XEA6084D3607F9E6A [3 hosts, inv_str 2/3] || kopfschusskorl@gmail.com [3 hosts, inv_str 3/3] || Foundation for Applied Privacy email:tor[]appliedprivacy.net donationu [15 hosts, inv_str 53/105] || printerexpert@mail2tor.com [4 hosts, inv_str 5/6] || RandomPerson <skynet@academyforinternetresearch.org> [4 hosts, inv_str 2/6]"
2026-05-29 00:39:55,2026-05-29 03:40:21,5,57,0,"email:admin[]prsv.ch url:https://prsv.ch/ proof:uri-rsa ciissversion:2 [13 hosts, inv_str 31/78] || Artikel10 url:artikel10.org email:info[]artikel10.org abuse:abuse[]art [3 hosts, inv_str 2/3] || contact@demonsys.net - url:demonsys.net proof:dns-rsa ciissversion:2 [3 hosts, inv_str 2/3] || hello@relaymagic.org (relaymagic.org/contact) [3 hosts, inv_str 1/3] || Artikel10 url:artikel10.org email:info[]artikel10.org abuse:abuse[]art [32 hosts, inv_str 264/496] || tutkfk@protonmail.com [3 hosts, inv_str 3/3]"
2026-05-29 04:01:31,2026-05-29 04:36:44,4,45,0,"email:admin[]prsv.ch url:https://prsv.ch/ proof:uri-rsa ciissversion:2 [7 hosts, inv_str 11/21] || tor-relay-contact <at> digitalsquid <dot> co <dot> uk [3 hosts, inv_str 2/3] || email:admin@for-privacy.net url:for-privacy.net proof:dns-rsa abuse:ab [32 hosts, inv_str 247/496] || NN <relay-ops AT noonion dot de> [3 hosts, inv_str 3/3]"
2026-05-29 04:58:11,2026-05-29 05:45:16,3,14,0,"email:admin[]prsv.ch url:https://prsv.ch/ proof:uri-rsa ciissversion:2 [7 hosts, inv_str 14/21] || Chaos Computer Club Wien (C3W) email:anonymity[]c3w.at url:https://c3w [4 hosts, inv_str 3/6] || hiwi  <hiwi AT nurfuerspam dot de> [3 hosts, inv_str 2/3]"
2026-05-29 06:04:59,2026-05-29 07:02:46,14,68,0,"RandomPerson <skynet@academyforinternetresearch.org> [10 hosts, inv_str 26/45] || email:admin[]stormycloud.org url:https://stormycloud.org proof:uri-fam [3 hosts, inv_str 1/3] || email:tor[]r0cket.net url:https://tor.r0cket.net/ proof:uri-rsa abuse: [9 hosts, inv_str 16/36] || tor.research2026@proton.me [3 hosts, inv_str 2/3] || email:admin[]prsv.ch url:https://prsv.ch/ proof:uri-rsa ciissversion:2 [8 hosts, inv_str 19/28] || Bastiaan Brink <b@stiaanbr.ink> | AS215248 NOC +31 85 369 5034 [5 hosts, inv_str 3/10] || abuse@imprezahost.com url:https://impreza.host proof:uri-rsa ciissvers [3 hosts, inv_str 3/3] || c99058397@gmail.com [3 hosts, inv_str 1/3] || hwangminzi@proton.me [4 hosts, inv_str 4/6] || arieti009@proton.me [8 hosts, inv_str 9/28] || email:xonumi[]protonmail.ch url:xonumi.com proof:dns-rsa abuse:xonumi[ [3 hosts, inv_str 2/3] || ispahan0213@proton.me [3 hosts, inv_str 0/3] || hwangminjun@proton.me [3 hosts, inv_str 1/3] || 0xFFFFFFFF Admin <admin AT ppcom dot pl> [3 hosts, inv_str 2/3]"
2026-05-29 07:15:01,2026-05-29 20:14:56,8,84,0,"email:admin[]prsv.ch url:https://prsv.ch/ proof:uri-rsa ciissversion:2 [11 hosts, inv_str 22/55] || anonymous@torproject.org [4 hosts, inv_str 3/6] || Uu77bBt0eDko5iDrRNiXt2quIVPMNKvILk1eqJbAVk9e@posteo.ch [3 hosts, inv_str 1/3] || c99058397@gmail.com [3 hosts, inv_str 1/3] || email:admin[]prsv.ch url:https://prsv.ch/ proof:uri-rsa ciissversion:2 [11 hosts, inv_str 23/55] || printerexpert@mail2tor.com [3 hosts, inv_str 1/3] || anonymous@torproject.org [3 hosts, inv_str 0/3] || anonymous@torproject.org [11 hosts, inv_str 29/55] || khankrum359@gmail.com [3 hosts, inv_str 2/3] || 0xa1@mailbox.org [5 hosts, inv_str 4/10] || anonymous@torproject.org [7 hosts, inv_str 9/21] || anonymous@torproject.org [17 hosts, inv_str 64/136] || Maintained by TheMC [3 hosts, inv_str 1/3]"
2026-05-29 20:45:54,2026-05-30 00:25:56,4,21,0,"email:admin[]prsv.ch url:https://prsv.ch/ proof:uri-rsa ciissversion:2 [5 hosts, inv_str 4/10] || printerexpert@mail2tor.com [3 hosts, inv_str 2/3] || email:admin[]prsv.ch url:https://prsv.ch/ proof:uri-rsa ciissversion:2 [5 hosts, inv_str 5/10] || RandomPerson <skynet@academyforinternetresearch.org> [5 hosts, inv_str 3/10] || anyone-motor-cycle@duck.com [3 hosts, inv_str 0/3]"
2026-05-30 02:57:41,2026-05-30 04:52:09,5,29,0,"email:admin[]prsv.ch url:https://prsv.ch/ proof:uri-rsa ciissversion:2 [5 hosts, inv_str 2/10] || hello@relaymagic.org (relaymagic.org/contact) [3 hosts, inv_str 0/3] || relay // at // pommespanzer // dot // cc [9 hosts, inv_str 20/36] || DFRI email:tor[]dfri.se url:https://dfri.se proof:dns-familyid-ed25519 [9 hosts, inv_str 17/36] || ContactInfo email:knight AT germancraft dot net url:germancraft.net pr [3 hosts, inv_str 3/3]"
2026-05-30 05:12:48,2026-05-30 07:03:26,4,22,0,"email:admin[]prsv.ch url:https://prsv.ch/ proof:uri-rsa ciissversion:2 [6 hosts, inv_str 10/15] || DFRI email:tor[]dfri.se url:https://dfri.se proof:dns-familyid-ed25519 [10 hosts, inv_str 35/45] || email:tor[]r0cket.net url:https://tor.r0cket.net/ proof:uri-rsa abuse: [3 hosts, inv_str 2/3] || ops@freedomstack.de [3 hosts, inv_str 0/3]"
2026-05-30 07:29:03,2026-05-30 07:54:48,2,9,0,"anonymous@torproject.org [4 hosts, inv_str 3/6] || email:admin[]prsv.ch url:https://prsv.ch/ proof:uri-rsa ciissversion:2 [5 hosts, inv_str 3/10]"
2026-05-30 08:08:07,2026-05-30 14:36:15,5,61,0,"email:admin[]prsv.ch url:https://prsv.ch/ proof:uri-rsa ciissversion:2 [12 hosts, inv_str 23/66] || DFRI email:tor[]dfri.se url:https://dfri.se proof:dns-familyid-ed25519 [8 hosts, inv_str 12/28] || anonymous@torproject.org [3 hosts, inv_str 0/3] || DFRI email:tor[]dfri.se url:https://dfri.se proof:dns-familyid-ed25519 [4 hosts, inv_str 0/6] || printerexpert@mail2tor.com [3 hosts, inv_str 1/3] || anonymous@torproject.org [22 hosts, inv_str 137/231] || torrelay@brave.com [3 hosts, inv_str 2/3] || email:admin[]prsv.ch url:https://prsv.ch/ proof:uri-rsa ciissversion:2 [6 hosts, inv_str 9/15]"
2026-05-30 14:46:27,2026-05-30 16:50:30,3,16,0,"c99058397@gmail.com [3 hosts, inv_str 2/3] || email:admin[]prsv.ch url:https://prsv.ch/ proof:uri-rsa ciissversion:2 [9 hosts, inv_str 14/36] || printerexpert@mail2tor.com [4 hosts, inv_str 1/6]"
2026-05-30 18:13:08,2026-05-30 19:34:57,3,13,0,"email:admin[]prsv.ch url:https://prsv.ch/ proof:uri-rsa ciissversion:2 [6 hosts, inv_str 12/15] || printerexpert@mail2tor.com [3 hosts, inv_str 0/3] || email:toralf.foerster[]gmx.de gpg:1A376F994A9D026F13E24DCFC4EACDDE0076 [4 hosts, inv_str 3/6]"
2026-05-30 19:57:30,2026-05-30 23:40:55,5,26,0,"email:admin[]prsv.ch url:https://prsv.ch/ proof:uri-rsa ciissversion:2 [12 hosts, inv_str 24/66] || c99058397@gmail.com [3 hosts, inv_str 2/3] || tor (at) nadeko (dot) net [4 hosts, inv_str 5/6] || anonymous@torproject.org [4 hosts, inv_str 2/6] || kopfschusskorl@gmail.com [3 hosts, inv_str 1/3]"
2026-05-31 02:30:16,2026-05-31 06:25:04,6,57,0,"email:admin[]prsv.ch url:https://prsv.ch/ proof:uri-rsa ciissversion:2 [8 hosts, inv_str 17/28] || hello@relaymagic.org (relaymagic.org/contact) [3 hosts, inv_str 1/3] || relay // at // pommespanzer // dot // cc [8 hosts, inv_str 17/28] || email:admin@for-privacy.net url:for-privacy.net proof:dns-rsa abuse:ab [32 hosts, inv_str 194/496] || anyone-motor-cycle@duck.com [3 hosts, inv_str 2/3] || anonymous@torproject.org [3 hosts, inv_str 2/3]"
2026-05-31 06:49:38,2026-05-31 11:20:36,3,17,0,"email:admin[]prsv.ch url:https://prsv.ch/ proof:uri-rsa ciissversion:2 [10 hosts, inv_str 20/45] || email:toralf.foerster[]gmx.de gpg:1A376F994A9D026F13E24DCFC4EACDDE0076 [4 hosts, inv_str 3/6] || justbits@tutamail.com [3 hosts, inv_str 3/3]"
2026-05-31 11:43:35,2026-05-31 14:01:45,5,27,0,"email:admin[]prsv.ch url:https://prsv.ch/ proof:uri-rsa ciissversion:2 [10 hosts, inv_str 21/45] || Uu77bBt0eDko5iDrRNiXt2quIVPMNKvILk1eqJbAVk9e@posteo.ch [3 hosts, inv_str 3/3] || 0xB0C269DD712FC0F8 Tor Operations <tor@darkpackets.net> [4 hosts, inv_str 2/6] || anonymous@torproject.org [7 hosts, inv_str 14/21] || anyone-motor-cycle@duck.com [3 hosts, inv_str 2/3]"
2026-05-31 14:54:27,2026-05-31 19:14:26,5,45,1,"diyarciftciatprotonmaildotcom [4 hosts, inv_str 5/6] || email:admin[]prsv.ch url:https://prsv.ch/ proof:uri-rsa ciissversion:2 [13 hosts, inv_str 38/78] || anonymous@torproject.org [10 hosts, inv_str 29/45] || themadhacker email:themadhacker[]themadhacker.net url:https://themadha [6 hosts, inv_str 9/15] || anonymous@torproject.org [8 hosts, inv_str 6/28] || email:toralf.foerster[]gmx.de gpg:1A376F994A9D026F13E24DCFC4EACDDE0076 [4 hosts, inv_str 3/6]"
2026-05-31 19:34:52,2026-05-31 21:21:41,2,11,0,"email:admin[]prsv.ch url:https://prsv.ch/ proof:uri-rsa ciissversion:2 [7 hosts, inv_str 12/21] || email:toralf.foerster[]gmx.de gpg:1A376F994A9D026F13E24DCFC4EACDDE0076 [4 hosts, inv_str 5/6]"
2026-05-31 21:41:46,2026-06-01 02:56:16,7,37,0,"printerexpert@mail2tor.com [4 hosts, inv_str 4/6] || email:admin[]prsv.ch url:https://prsv.ch/ proof:uri-rsa ciissversion:2 [11 hosts, inv_str 19/55] || Hurdy-Gurdy <admin AT my-mail dot rocks> [3 hosts, inv_str 1/3] || RandomPerson <skynet@academyforinternetresearch.org> [5 hosts, inv_str 0/10] || torcontactemail AT proton.me [8 hosts, inv_str 12/28] || abuse@imprezahost.com url:https://impreza.host proof:uri-rsa ciissvers [3 hosts, inv_str 2/3] || c99058397@gmail.com [3 hosts, inv_str 3/3]"
2026-06-01 03:10:48,2026-06-01 04:30:20,3,41,0,"email:admin[]prsv.ch url:https://prsv.ch/ proof:uri-rsa ciissversion:2 [6 hosts, inv_str 12/15] || your@e-mail [3 hosts, inv_str 2/3] || email:admin@for-privacy.net url:for-privacy.net proof:dns-rsa abuse:ab [32 hosts, inv_str 249/496]"
2026-06-01 05:05:33,2026-06-01 07:53:49,3,15,0,"email:admin[]prsv.ch url:https://prsv.ch/ proof:uri-rsa ciissversion:2 [8 hosts, inv_str 13/28] || anonymous@torproject.org [3 hosts, inv_str 2/3] || email:toralf.foerster[]gmx.de gpg:1A376F994A9D026F13E24DCFC4EACDDE0076 [4 hosts, inv_str 3/6]"
2026-06-01 10:02:49,2026-06-01 10:15:35,2,13,0,"email:admin[]prsv.ch url:https://prsv.ch/ proof:uri-rsa ciissversion:2 [5 hosts, inv_str 6/10] || email:info[]osservatorionessuno.org url:https://osservatorionessuno.or [8 hosts, inv_str 16/28]"
2026-06-01 10:42:01,2026-06-02 03:54:13,26,394,52,"email:admin[]prsv.ch url:https://prsv.ch/ proof:uri-rsa ciissversion:2 [12 hosts, inv_str 33/66] || c99058397@gmail.com [3 hosts, inv_str 0/3] || anonymous@torproject.org [3 hosts, inv_str 2/3] || Satanist <admin AT 2cb dot su> [23 hosts, inv_str 114/253] || Uu77bBt0eDko5iDrRNiXt2quIVPMNKvILk1eqJbAVk9e@posteo.ch [3 hosts, inv_str 1/3] || anonymous@torproject.org [3 hosts, inv_str 1/3] || c99058397@gmail.com [3 hosts, inv_str 2/3] || email:info[]osservatorionessuno.org url:https://osservatorionessuno.or [3 hosts, inv_str 1/3] || printerexpert@mail2tor.com [4 hosts, inv_str 4/6] || email:admin[]prsv.ch url:https://prsv.ch/ proof:uri-rsa ciissversion:2 [50 hosts, inv_str 525/1225] || torrelay@brave.com [3 hosts, inv_str 2/3] || Uu77bBt0eDko5iDrRNiXt2quIVPMNKvILk1eqJbAVk9e@posteo.ch [3 hosts, inv_str 2/3] || anonymous@torproject.org [12 hosts, inv_str 32/66] || email:toralf.foerster[]gmx.de gpg:1A376F994A9D026F13E24DCFC4EACDDE0076 [4 hosts, inv_str 5/6] || anonymous@torproject.org [21 hosts, inv_str 121/210] || email:toralf.foerster[]gmx.de gpg:1A376F994A9D026F13E24DCFC4EACDDE0076 [4 hosts, inv_str 5/6] || email:admin[]stormycloud.org url:https://stormycloud.org proof:uri-fam [10 hosts, inv_str 32/45] || anonymous@torproject.org [15 hosts, inv_str 57/105] || anonymous@torproject.org [8 hosts, inv_str 18/28] || abuse@doggett.tech [3 hosts, inv_str 3/3] || anonymous@torproject.org [12 hosts, inv_str 31/66] || someone < tor27 AT nurfuerspam DOT de > [3 hosts, inv_str 1/3] || Foundation for Applied Privacy email:tor[]appliedprivacy.net donationu [15 hosts, inv_str 47/105] || printerexpert@mail2tor.com [4 hosts, inv_str 6/6] || c99058397@gmail.com [3 hosts, inv_str 1/3] || khankrum359@gmail.com [3 hosts, inv_str 1/3] || email:abuse[]tuxli.org pgp:32A1621FC5290921D720940187AC9FC1F2BCCB30 ur [12 hosts, inv_str 39/66] || KeFF NOC <noc AT keff dot org> [3 hosts, inv_str 2/3] || email:admin[]stormycloud.org url:https://stormycloud.org proof:uri-fam [15 hosts, inv_str 48/105] || anonymous@torproject.org [3 hosts, inv_str 2/3] || DeuZa <deuza42@pm.me> 760E 1B07 5183 80A1 1656 8B75 7706 90F2 2EBF 474 [3 hosts, inv_str 2/3] || csheats@tutanota.com [3 hosts, inv_str 3/3] || RandomPerson <skynet@academyforinternetresearch.org> [8 hosts, inv_str 8/28] || 0xFFFFFFFF <tormaster AT kkb-clan dot de> [3 hosts, inv_str 2/3] || anonymous@torproject.org [4 hosts, inv_str 3/6] || Satanist <admin AT 2cb dot su> [4 hosts, inv_str 0/6] || ms192@gmx.de [4 hosts, inv_str 5/6] || Artikel10 url:artikel10.org email:info[]artikel10.org abuse:abuse[]art [4 hosts, inv_str 3/6] || FlashTor at e.mail DOT de [5 hosts, inv_str 6/10] || email:Quetzalcoatl_relays[]proton.me url:https://quetzalcoatl-relays.o [50 hosts, inv_str 604/1225] || hello@relaymagic.org (relaymagic.org/contact) [3 hosts, inv_str 0/3] || hwangminjun@proton.me [5 hosts, inv_str 6/10] || Artikel10 url:artikel10.org email:info[]artikel10.org abuse:abuse[]art [32 hosts, inv_str 249/496] || email:admin[]prsv.ch url:https://prsv.ch/ proof:uri-rsa ciissversion:2 [3 hosts, inv_str 0/3]"
2026-06-02 04:03:02,2026-06-02 11:39:24,27,413,0,"0xFFFFFFFF Hjelm Enterprises <info ( AT ) hjelmenterprises ( DOT ) com [5 hosts, inv_str 3/10] || tor@wurzelmann.at [7 hosts, inv_str 12/21] || 0x9F29C15D42A8B6F3 Nos oignons - 17WLwtW63FrHeMAEVkALnwhfmizBxGXDW1 em [4 hosts, inv_str 2/6] || DFRI email:tor[]dfri.se url:https://dfri.se proof:dns-familyid-ed25519 [10 hosts, inv_str 12/45] || Contact (at)SilSte on chaos.social [tor-relay.co] [5 hosts, inv_str 6/10] || Chaos Computer Club Wien (C3W) email:anonymity[]c3w.at url:https://c3w [4 hosts, inv_str 2/6] || ContactInfo email:knight AT germancraft dot net url:germancraft.net pr [9 hosts, inv_str 14/36] || email:admin[]prsv.ch url:https://prsv.ch/ proof:uri-rsa ciissversion:2 [7 hosts, inv_str 12/21] || tor@zgato.ru [9 hosts, inv_str 21/36] || F3 Netze <abuse@f3netze.de> email:abuse[]f3netze.de abuse:abuse[]f3net [8 hosts, inv_str 14/28] || email:admin@for-privacy.net url:for-privacy.net proof:dns-rsa abuse:ab [32 hosts, inv_str 187/496] || hiwi  <hiwi AT nurfuerspam dot de> [5 hosts, inv_str 3/10] || email:admin[]stormycloud.org url:https://stormycloud.org proof:uri-fam [8 hosts, inv_str 12/28] || olokerunningtor aT protonmail dot com [3 hosts, inv_str 1/3] || email:forest-relay-contact[]cryptolab.net pgp:BCBAE3E9CB8E2FE23F29DC58 [12 hosts, inv_str 33/66] || relay // at // pommespanzer // dot // cc [10 hosts, inv_str 15/45] || c99058397@gmail.com [5 hosts, inv_str 4/10] || upscailThumbnail@proton.me [3 hosts, inv_str 0/3] || DFRI email:tor[]dfri.se url:https://dfri.se proof:dns-familyid-ed25519 [10 hosts, inv_str 26/45] || NN <relay-ops AT noonion dot de> [3 hosts, inv_str 3/3] || anonymous@torproject.org [22 hosts, inv_str 132/231] || Satanist <admin AT 2cb dot su> [4 hosts, inv_str 1/6] || email:staff[]dotsrc.org url:https://dotsrc.org proof:uri-rsa ciissvers [11 hosts, inv_str 15/55] || email:admin[]skankhunt42.pw url:tor.skankhunt42.pw proof:uri-familyid- [3 hosts, inv_str 1/3] || email:tor[]1aeo.com url:https://www.1aeo.com proof:uri-familyid-ed2551 [192 hosts, inv_str 8040/18336] || email:privacyboys@tutanota.com hoster:atomicnetworks cost:64USD donati [4 hosts, inv_str 2/6] || email:maxzrbn[]protonmail.com url:hs.maxzrbn.it:8088 proof:uri-familyi [3 hosts, inv_str 0/3] || url:katawaredoki.net proof:dns-rsa ciissversion:2 btc:bc1qkclqn6kelhky [3 hosts, inv_str 2/3] || tor@zgato.ru [8 hosts, inv_str 14/28] || email:admin[]prsv.ch url:https://prsv.ch/ proof:uri-rsa ciissversion:2 [4 hosts, inv_str 1/6]"
2026-06-02 12:09:47,2026-06-02 13:50:18,7,34,0,"Uu77bBt0eDko5iDrRNiXt2quIVPMNKvILk1eqJbAVk9e@posteo.ch [3 hosts, inv_str 1/3] || email:admin[]prsv.ch url:https://prsv.ch/ proof:uri-rsa ciissversion:2 [6 hosts, inv_str 12/15] || F3 Netze <abuse@f3netze.de> email:abuse[]f3netze.de abuse:abuse[]f3net [4 hosts, inv_str 0/6] || F3 Netze <abuse@f3netze.de> email:abuse[]f3netze.de abuse:abuse[]f3net [4 hosts, inv_str 0/6] || F3 Netze <abuse@f3netze.de> email:abuse[]f3netze.de abuse:abuse[]f3net [8 hosts, inv_str 9/28] || c99058397@gmail.com [3 hosts, inv_str 1/3] || nano-tor-relays@proton.me [6 hosts, inv_str 8/15]"
2026-06-02 15:58:04,2026-06-02 16:36:30,2,7,0,"anonymous@torproject.org [4 hosts, inv_str 2/6] || dplus26@fastmail.com [3 hosts, inv_str 0/3]"
2026-06-02 16:51:53,2026-06-02 17:21:24,3,12,0,"0xE12ECD2E Nicola Ferralis <feranick AT hotmail dot com> [4 hosts, inv_str 3/6] || email:toralf.foerster[]gmx.de gpg:1A376F994A9D026F13E24DCFC4EACDDE0076 [4 hosts, inv_str 4/6] || email:admin[]prsv.ch url:https://prsv.ch/ proof:uri-rsa ciissversion:2 [4 hosts, inv_str 3/6]"
2026-06-02 19:21:58,2026-06-02 21:14:19,2,8,0,"email:admin[]prsv.ch url:https://prsv.ch/ proof:uri-rsa ciissversion:2 [5 hosts, inv_str 2/10] || tested43@proton.me [3 hosts, inv_str 2/3]"
2026-06-02 23:10:20,2026-06-03 02:48:07,5,46,0,"0xFFFFFFFF <tormaster AT kkb-clan dot de> [3 hosts, inv_str 2/3] || email:admin[]prsv.ch url:https://prsv.ch/ proof:uri-rsa ciissversion:2 [5 hosts, inv_str 1/10] || RandomPerson <skynet@academyforinternetresearch.org> [4 hosts, inv_str 3/6] || anonymous@torproject.org [4 hosts, inv_str 3/6] || email me if you gotta u89b47 AT proton mail [3 hosts, inv_str 1/3] || anonymous@torproject.org [22 hosts, inv_str 73/231] || email:admin[]prsv.ch url:https://prsv.ch/ proof:uri-rsa ciissversion:2 [5 hosts, inv_str 5/10]"
2026-06-03 03:08:41,2026-06-03 03:33:45,2,6,0,"tor@zgato.ru [3 hosts, inv_str 3/3] || email:admin[]prsv.ch url:https://prsv.ch/ proof:uri-rsa ciissversion:2 [3 hosts, inv_str 1/3]"
2026-06-03 03:52:46,2026-06-03 09:16:12,34,676,2,"email:admin[]prsv.ch url:https://prsv.ch/ proof:uri-rsa ciissversion:2 [4 hosts, inv_str 3/6] || tor@zgato.ru [10 hosts, inv_str 25/45] || Digitalcourage e.V. email:tor-abuse[]digitalcourage.de abuse:tor-abuse [15 hosts, inv_str 42/105] || ContactInfo email:knight AT germancraft dot net url:germancraft.net pr [9 hosts, inv_str 12/36] || email:abuse[]tuxli.org pgp:32A1621FC5290921D720940187AC9FC1F2BCCB30 ur [7 hosts, inv_str 11/21] || email:tor [] middelstaedt dot com url:https://middelstaedt.com proof:u [3 hosts, inv_str 0/3] || email:admin[]prsv.ch url:https://prsv.ch/ proof:uri-rsa ciissversion:2 [6 hosts, inv_str 10/15] || email:tor [] middelstaedt dot com url:https://middelstaedt.com proof:u [4 hosts, inv_str 2/6] || email:abuse-ripe[]digitale-gesellschaft.ch url:https://www.digitale-ge [3 hosts, inv_str 2/3] || email:admin@for-privacy.net url:for-privacy.net proof:dns-rsa abuse:ab [32 hosts, inv_str 163/496] || Satanist <admin AT 2cb dot su> [12 hosts, inv_str 26/66] || email:admin[]prsv.ch url:https://prsv.ch/ proof:uri-rsa ciissversion:2 [6 hosts, inv_str 7/15] || email:forest-relay-contact[]cryptolab.net pgp:BCBAE3E9CB8E2FE23F29DC58 [16 hosts, inv_str 60/120] || email:rotor[]schmeling-ol.de url:https://www.schmeling-ol.de proof:uri [3 hosts, inv_str 2/3] || arieti009@proton.me [10 hosts, inv_str 26/45] || HexLess <hexless1@outlook.com> [3 hosts, inv_str 1/3] || torcontactemail AT proton DOT me [3 hosts, inv_str 2/3] || RandomPerson <skynet@academyforinternetresearch.org> [18 hosts, inv_str 88/153] || relay // at // pommespanzer // dot // cc [7 hosts, inv_str 10/21] || Bastiaan Brink <b@stiaanbr.ink> | AS215248 NOC +31 85 369 5034 [9 hosts, inv_str 23/36] || hwangminjun@proton.me [15 hosts, inv_str 53/105] || xiaoqic at cs dot princeton dot edu url:cxqn.info proof:uri-rsa ciissv [3 hosts, inv_str 2/3] || abuse@srstubes.com [3 hosts, inv_str 2/3] || email:support@unshakled.org url:unshakled.org proof:uri-rsa abuse:abus [3 hosts, inv_str 0/3] || contact-relay-list@proton.me [3 hosts, inv_str 1/3] || hwangminzi@proton.me [9 hosts, inv_str 16/36] || email:admin[]stormycloud.org url:https://stormycloud.org proof:uri-fam [8 hosts, inv_str 17/28] || ops@freedomstack.de [3 hosts, inv_str 1/3] || palcon3423@proton.me [3 hosts, inv_str 3/3] || torcontactemail AT proton.me [4 hosts, inv_str 6/6] || tor.research2026@proton.me [3 hosts, inv_str 1/3] || email:tor[]r0cket.net url:https://tor.r0cket.net/ proof:uri-rsa abuse: [15 hosts, inv_str 65/105] || D.O. Bronk email:tor-relay@bronk-ict.nl url:bronk-ict.nl proof:dns-rsa [3 hosts, inv_str 2/3] || anonymous@torproject.org [3 hosts, inv_str 1/3] || email:tor[]1aeo.com url:https://www.1aeo.com proof:uri-familyid-ed2551 [414 hosts, inv_str 61293/85491] || email:toralf.foerster[]gmx.de gpg:1A376F994A9D026F13E24DCFC4EACDDE0076 [4 hosts, inv_str 3/6]"
2026-06-03 09:37:25,2026-06-03 10:19:36,3,11,0,"email:admin[]prsv.ch url:https://prsv.ch/ proof:uri-rsa ciissversion:2 [5 hosts, inv_str 9/10] || fuck@siacone.art [3 hosts, inv_str 1/3] || your@e-mail [3 hosts, inv_str 3/3]"
2026-06-03 10:33:47,2026-06-03 12:18:58,2,28,2,"email:admin[]prsv.ch url:https://prsv.ch/ proof:uri-rsa ciissversion:2 [5 hosts, inv_str 9/10] || Satanist <admin AT 2cb dot su> [23 hosts, inv_str 102/253]"
2026-06-03 13:27:29,2026-06-03 15:00:45,2,14,0,"anonymous@torproject.org [3 hosts, inv_str 1/3] || email:admin[]prsv.ch url:https://prsv.ch/ proof:uri-rsa ciissversion:2 [7 hosts, inv_str 9/21] || anonymous@torproject.org [4 hosts, inv_str 5/6]"
2026-06-03 16:24:30,2026-06-03 17:21:29,3,10,0,"email:admin[]prsv.ch url:https://prsv.ch/ proof:uri-rsa ciissversion:2 [4 hosts, inv_str 6/6] || tor at stealthprivacy.de [3 hosts, inv_str 1/3] || Email: abuse[at]localenby[dot]is Website: localenby[dot]is XMR: 83XuMr [3 hosts, inv_str 3/3]"
2026-06-03 17:42:05,2026-06-03 18:21:01,3,12,0,"email:admin[]prsv.ch url:https://prsv.ch/ proof:uri-rsa ciissversion:2 [4 hosts, inv_str 4/6] || Canadian Amateur Radio Operator c/s VA1DER < nameofthisrelay symbol ca [3 hosts, inv_str 0/3] || email:forest-relay-contact[]cryptolab.net pgp:BCBAE3E9CB8E2FE23F29DC58 [5 hosts, inv_str 6/10]"
2026-06-03 18:41:14,2026-06-04 00:21:56,9,47,0,"email:admin[]prsv.ch url:https://prsv.ch/ proof:uri-rsa ciissversion:2 [6 hosts, inv_str 8/15] || kinkytronic@proton.me [4 hosts, inv_str 5/6] || printerexpert@mail2tor.com [4 hosts, inv_str 3/6] || c99058397@gmail.com [3 hosts, inv_str 0/3] || anonymous@torproject.org [3 hosts, inv_str 0/3] || pczer@hushmail.com [3 hosts, inv_str 2/3] || email:admin[]prsv.ch url:https://prsv.ch/ proof:uri-rsa ciissversion:2 [5 hosts, inv_str 4/10] || Tim [3 hosts, inv_str 1/3] || flowjob(at)protonmail(dot)ch [6 hosts, inv_str 12/15] || email:admin[]prsv.ch url:https://prsv.ch/ proof:uri-rsa ciissversion:2 [3 hosts, inv_str 3/3] || anonymous@torproject.org [4 hosts, inv_str 3/6] || RandomPerson <skynet@academyforinternetresearch.org> [3 hosts, inv_str 2/3]"
2026-06-04 01:05:56,2026-06-04 01:19:17,2,8,0,"email:admin[]prsv.ch url:https://prsv.ch/ proof:uri-rsa ciissversion:2 [3 hosts, inv_str 3/3] || anonymous@torproject.org [5 hosts, inv_str 3/10]"
2026-06-04 01:27:13,2026-06-04 01:41:37,2,9,0,"escapemeplz@proton.me [5 hosts, inv_str 4/10] || kinkytronic@proton.me [4 hosts, inv_str 4/6]"
2026-06-04 02:54:44,2026-06-04 04:11:14,2,8,0,"email:admin[]prsv.ch url:https://prsv.ch/ proof:uri-rsa ciissversion:2 [5 hosts, inv_str 7/10] || hello@relaymagic.org (relaymagic.org/contact) [3 hosts, inv_str 1/3]"
2026-06-04 04:47:19,2026-06-04 10:28:00,12,419,0,"email:admin[]prsv.ch url:https://prsv.ch/ proof:uri-rsa ciissversion:2 [6 hosts, inv_str 1/15] || printerexpert@mail2tor.com [3 hosts, inv_str 1/3] || RandomPerson <skynet@academyforinternetresearch.org> [12 hosts, inv_str 30/66] || arieti009@proton.me [4 hosts, inv_str 2/6] || releafaddress@proton.me [3 hosts, inv_str 3/3] || email:forest-relay-contact[]cryptolab.net pgp:BCBAE3E9CB8E2FE23F29DC58 [3 hosts, inv_str 0/3] || gdhong2896@proton.me [6 hosts, inv_str 11/15] || email:tor[]1aeo.com url:https://www.1aeo.com proof:uri-familyid-ed2551 [358 hosts, inv_str 27872/63903] || email:admin[]prsv.ch url:https://prsv.ch/ proof:uri-rsa ciissversion:2 [3 hosts, inv_str 2/3] || email:admin[]stormycloud.org url:https://stormycloud.org proof:uri-fam [4 hosts, inv_str 5/6] || c99058397@gmail.com [3 hosts, inv_str 1/3] || email:admin[]prsv.ch url:https://prsv.ch/ proof:uri-rsa ciissversion:2 [6 hosts, inv_str 4/15] || email:abuse[]lokodlare.com url:lokodlare.com proof:uri-rsa abuse:abuse [4 hosts, inv_str 2/6] || Viktor Nikolov email:vnikolov[]vnikolov.cz url:nikolov.cz proof:dns-rs [4 hosts, inv_str 2/6]"
2026-06-04 11:08:07,2026-06-04 12:08:07,2,31,0,"email:admin[]prsv.ch url:https://prsv.ch/ proof:uri-rsa ciissversion:2 [5 hosts, inv_str 5/10] || email:mail[]nothingtohide.nl url:nothingtohide.nl proof:uri-rsa abuse: [26 hosts, inv_str 42/325]"
2026-06-04 12:31:50,2026-06-04 14:16:14,2,8,0,"email:admin[]prsv.ch url:https://prsv.ch/ proof:uri-rsa ciissversion:2 [5 hosts, inv_str 6/10] || printerexpert@mail2tor.com [3 hosts, inv_str 2/3]"
2026-06-04 14:54:36,2026-06-04 16:35:43,3,11,0,"email:admin[]prsv.ch url:https://prsv.ch/ proof:uri-rsa ciissversion:2 [5 hosts, inv_str 8/10] || anonymous@torproject.org [3 hosts, inv_str 1/3] || printerexpert@mail2tor.com [3 hosts, inv_str 2/3]"
2026-06-04 18:48:56,2026-06-04 19:45:54,2,8,0,"email:admin[]prsv.ch url:https://prsv.ch/ proof:uri-rsa ciissversion:2 [5 hosts, inv_str 6/10] || anonymous@torproject.org [3 hosts, inv_str 3/3]"
2026-06-04 20:11:03,2026-06-04 22:38:03,5,28,0,"email:admin[]prsv.ch url:https://prsv.ch/ proof:uri-rsa ciissversion:2 [7 hosts, inv_str 13/21] || printerexpert@mail2tor.com [7 hosts, inv_str 8/21] || Hurdy-Gurdy <admin AT my-mail dot rocks> [8 hosts, inv_str 16/28] || c99058397@gmail.com [3 hosts, inv_str 0/3] || kopfschusskorl@gmail.com [3 hosts, inv_str 2/3]"
2026-06-04 22:56:05,2026-06-05 04:51:22,7,94,48,"email:admin[]prsv.ch url:https://prsv.ch/ proof:uri-rsa ciissversion:2 [5 hosts, inv_str 6/10] || RandomPerson <skynet@academyforinternetresearch.org> [6 hosts, inv_str 6/15] || printerexpert@mail2tor.com [3 hosts, inv_str 2/3] || email:Quetzalcoatl_relays[]proton.me url:https://quetzalcoatl-relays.o [45 hosts, inv_str 530/990] || anonymous@torproject.org [6 hosts, inv_str 5/15] || anonymous@torproject.org [13 hosts, inv_str 23/78] || email:admin[]prsv.ch url:https://prsv.ch/ proof:uri-rsa ciissversion:2 [6 hosts, inv_str 11/15] || email:Quetzalcoatl_relays[]proton.me url:https://quetzalcoatl-relays.o [3 hosts, inv_str 2/3] || fumonion [] protonmail (dot) com [4 hosts, inv_str 2/6] || hello@relaymagic.org (relaymagic.org/contact) [3 hosts, inv_str 0/3]"
2026-06-05 05:50:57,2026-06-05 07:33:37,2,154,0,"email:admin[]prsv.ch url:https://prsv.ch/ proof:uri-rsa ciissversion:2 [6 hosts, inv_str 5/15] || email:tor[]1aeo.com url:https://www.1aeo.com proof:uri-familyid-ed2551 [32 hosts, inv_str 113/496] || email:tor[]1aeo.com url:https://www.1aeo.com proof:uri-familyid-ed2551 [116 hosts, inv_str 1089/6670]"
2026-06-05 07:57:02,2026-06-05 11:15:31,4,31,0,"email:admin[]prsv.ch url:https://prsv.ch/ proof:uri-rsa ciissversion:2 [6 hosts, inv_str 8/15] || jets843@privatemail.com [6 hosts, inv_str 10/15] || email:tor[]r0cket.net url:https://tor.r0cket.net/ proof:uri-rsa abuse: [15 hosts, inv_str 75/105] || Chaos Computer Club Wien (C3W) email:anonymity[]c3w.at url:https://c3w [4 hosts, inv_str 0/6]"
2026-06-05 12:26:29,2026-06-05 16:55:32,10,146,0,"email:admin[]prsv.ch url:https://prsv.ch/ proof:uri-rsa ciissversion:2 [5 hosts, inv_str 3/10] || email:tech[]emeraldonion.org url:https://emeraldonion.org proof:uri-rs [96 hosts, inv_str 2510/4560] || CanisAlpha aa tt PROTON MAIL o COM [3 hosts, inv_str 1/3] || anonymous@torproject.org [10 hosts, inv_str 19/45] || c99058397@gmail.com [4 hosts, inv_str 4/6] || email:admin[]prsv.ch url:https://prsv.ch/ proof:uri-rsa ciissversion:2 [6 hosts, inv_str 8/15] || 0xFFFFFFFF <tormaster AT kkb-clan dot de> [3 hosts, inv_str 2/3] || 0xB0C269DD712FC0F8 Tor Operations <tor@darkpackets.net> [4 hosts, inv_str 5/6] || printerexpert@mail2tor.com [6 hosts, inv_str 8/15] || email:info[]osservatorionessuno.org url:https://osservatorionessuno.or [3 hosts, inv_str 3/3] || email:admin[]prsv.ch url:https://prsv.ch/ proof:uri-rsa ciissversion:2 [3 hosts, inv_str 2/3] || gleepdorf AT proton DOT me [3 hosts, inv_str 2/3]"
2026-06-05 18:47:42,2026-06-05 20:20:23,2,10,0,"email:admin[]prsv.ch url:https://prsv.ch/ proof:uri-rsa ciissversion:2 [6 hosts, inv_str 10/15] || printerexpert@mail2tor.com [4 hosts, inv_str 2/6]"
2026-06-05 20:51:40,2026-06-05 23:39:41,7,65,0,"email:admin[]prsv.ch url:https://prsv.ch/ proof:uri-rsa ciissversion:2 [5 hosts, inv_str 6/10] || printerexpert@mail2tor.com [8 hosts, inv_str 12/28] || opencommunities __at__ proton.me [13 hosts, inv_str 34/78] || email:zwiebelrouter[]protonmail[]com url:zwiebelrouter.net proof:dns-r [7 hosts, inv_str 8/21] || kopfschusskorl@gmail.com [3 hosts, inv_str 1/3] || anonymous@torproject.org [16 hosts, inv_str 54/120] || tor-operator@theu.li [13 hosts, inv_str 49/78]"
2026-06-06 00:07:10,2026-06-06 01:03:36,3,13,0,"email:admin[]prsv.ch url:https://prsv.ch/ proof:uri-rsa ciissversion:2 [5 hosts, inv_str 5/10] || anonymous@torproject.org [3 hosts, inv_str 2/3] || kopfschusskorl@gmail.com [5 hosts, inv_str 6/10]"
2026-06-06 01:51:24,2026-06-06 02:58:47,3,35,2,"email:admin[]prsv.ch url:https://prsv.ch/ proof:uri-rsa ciissversion:2 [6 hosts, inv_str 10/15] || Satanist <admin AT 2cb dot su> [24 hosts, inv_str 101/276] || printerexpert@mail2tor.com [5 hosts, inv_str 2/10]"
2026-06-06 03:47:46,2026-06-06 06:37:07,4,16,0,"email:admin[]prsv.ch url:https://prsv.ch/ proof:uri-rsa ciissversion:2 [6 hosts, inv_str 10/15] || DeuZa <deuza42@pm.me> 760E 1B07 5183 80A1 1656 8B75 7706 90F2 2EBF 474 [3 hosts, inv_str 3/3] || printerexpert@mail2tor.com [4 hosts, inv_str 5/6] || email:tor[]r0cket.net url:https://tor.r0cket.net/ proof:uri-rsa abuse: [3 hosts, inv_str 1/3]"
2026-06-06 06:59:10,2026-06-06 07:15:15,2,6,0,"c99058397@gmail.com [3 hosts, inv_str 0/3] || email:admin[]prsv.ch url:https://prsv.ch/ proof:uri-rsa ciissversion:2 [3 hosts, inv_str 2/3]"
2026-06-06 07:24:29,2026-06-06 10:09:30,6,145,1,"anonymous@torproject.org [4 hosts, inv_str 0/6] || email:admin[]prsv.ch url:https://prsv.ch/ proof:uri-rsa ciissversion:2 [9 hosts, inv_str 13/36] || email:admin[@]unredacted.org url:unredacted.org proof:dns-familyid-ed2 [123 hosts, inv_str 2791/7503] || tor@qbix.mozmail.com [3 hosts, inv_str 1/3] || email:abuse-ripe[]digitale-gesellschaft.ch url:https://www.digitale-ge [3 hosts, inv_str 3/3] || tor-relay-admin@carlos1001.com [3 hosts, inv_str 2/3]"
2026-06-06 10:48:27,2026-06-06 13:38:35,5,23,0,"email:admin[]prsv.ch url:https://prsv.ch/ proof:uri-rsa ciissversion:2 [6 hosts, inv_str 11/15] || tzancauraganul@proton.me [3 hosts, inv_str 1/3] || Uu77bBt0eDko5iDrRNiXt2quIVPMNKvILk1eqJbAVk9e@posteo.ch [4 hosts, inv_str 2/6] || printerexpert@mail2tor.com [5 hosts, inv_str 6/10] || anonymous@torproject.org [5 hosts, inv_str 6/10]"
2026-06-06 13:58:05,2026-06-06 15:25:54,5,31,0,"printerexpert@mail2tor.com [3 hosts, inv_str 2/3] || email:admin[]prsv.ch url:https://prsv.ch/ proof:uri-rsa ciissversion:2 [8 hosts, inv_str 11/28] || hi@agfid.com [13 hosts, inv_str 47/78] || anonymous@torproject.org [4 hosts, inv_str 2/6] || tor@kllx.eu [3 hosts, inv_str 2/3]"
2026-06-06 15:40:58,2026-06-06 16:48:54,4,17,0,"email:admin[]prsv.ch url:https://prsv.ch/ proof:uri-rsa ciissversion:2 [6 hosts, inv_str 6/15] || anonymous@torproject.org [3 hosts, inv_str 0/3] || printerexpert@mail2tor.com [5 hosts, inv_str 7/10] || solitude(at)montanti(dot)us [3 hosts, inv_str 2/3]"
2026-06-06 16:51:39,2026-06-06 18:36:30,3,13,0,"email:admin[]prsv.ch url:https://prsv.ch/ proof:uri-rsa ciissversion:2 [7 hosts, inv_str 14/21] || anonymous@torproject.org [3 hosts, inv_str 2/3] || printerexpert@mail2tor.com [3 hosts, inv_str 1/3]"
2026-06-06 19:01:06,2026-06-06 21:41:39,3,38,0,"email:admin[]prsv.ch url:https://prsv.ch/ proof:uri-rsa ciissversion:2 [6 hosts, inv_str 10/15] || anonymous@torproject.org [3 hosts, inv_str 3/3] || printerexpert@mail2tor.com [4 hosts, inv_str 1/6] || printerexpert@mail2tor.com [3 hosts, inv_str 1/3] || anonymous@torproject.org [7 hosts, inv_str 13/21] || anonymous@torproject.org [9 hosts, inv_str 19/36] || email:admin[]prsv.ch url:https://prsv.ch/ proof:uri-rsa ciissversion:2 [6 hosts, inv_str 10/15]"
2026-06-06 23:01:25,2026-06-06 23:32:23,2,7,0,"email:admin[]prsv.ch url:https://prsv.ch/ proof:uri-rsa ciissversion:2 [3 hosts, inv_str 0/3] || printerexpert@mail2tor.com [4 hosts, inv_str 3/6]"
2026-06-07 00:14:39,2026-06-07 03:35:15,4,18,0,"email:admin[]prsv.ch url:https://prsv.ch/ proof:uri-rsa ciissversion:2 [6 hosts, inv_str 11/15] || Satanist <admin AT 2cb dot su> [3 hosts, inv_str 3/3] || printerexpert@mail2tor.com [6 hosts, inv_str 10/15] || hello@relaymagic.org (relaymagic.org/contact) [3 hosts, inv_str 0/3]"
2026-06-07 03:56:19,2026-06-07 05:35:30,3,44,0,"email:admin[]prsv.ch url:https://prsv.ch/ proof:uri-rsa ciissversion:2 [6 hosts, inv_str 6/15] || email:admin@for-privacy.net url:for-privacy.net proof:dns-rsa abuse:ab [32 hosts, inv_str 198/496] || Satanist <admin AT 2cb dot su> [6 hosts, inv_str 9/15]"
2026-06-07 06:01:40,2026-06-07 08:24:24,3,19,0,"email:admin[]prsv.ch url:https://prsv.ch/ proof:uri-rsa ciissversion:2 [6 hosts, inv_str 9/15] || ferou-tor@protonmail.com [10 hosts, inv_str 21/45] || printerexpert@mail2tor.com [3 hosts, inv_str 0/3]"
2026-06-07 09:51:07,2026-06-07 12:22:12,5,172,0,"email:admin[]prsv.ch url:https://prsv.ch/ proof:uri-rsa ciissversion:2 [9 hosts, inv_str 21/36] || printerexpert@mail2tor.com [3 hosts, inv_str 0/3] || email:mail[]nothingtohide.nl url:nothingtohide.nl proof:uri-rsa abuse: [154 hosts, inv_str 5964/11781] || Phill W email:tor[]phillw.net url:phillw.net proof:uri-rsa ciissversio [3 hosts, inv_str 0/3] || Uu77bBt0eDko5iDrRNiXt2quIVPMNKvILk1eqJbAVk9e@posteo.ch [3 hosts, inv_str 1/3]"
2026-06-07 12:44:08,2026-06-07 13:42:05,2,11,0,"email:admin[]prsv.ch url:https://prsv.ch/ proof:uri-rsa ciissversion:2 [4 hosts, inv_str 3/6] || anonymous@torproject.org [7 hosts, inv_str 11/21]"
2026-06-07 13:46:20,2026-06-07 23:00:26,6,107,2,"email:admin[]prsv.ch url:https://prsv.ch/ proof:uri-rsa ciissversion:2 [5 hosts, inv_str 6/10] || printerexpert@mail2tor.com [9 hosts, inv_str 16/36] || email:admin[]prsv.ch url:https://prsv.ch/ proof:uri-rsa ciissversion:2 [6 hosts, inv_str 8/15] || anonymous@torproject.org [3 hosts, inv_str 1/3] || email:mail[]nothingtohide.nl url:nothingtohide.nl proof:uri-rsa abuse: [26 hosts, inv_str 46/325] || printerexpert@mail2tor.com [5 hosts, inv_str 3/10] || printerexpert@mail2tor.com [3 hosts, inv_str 3/3] || anonymous@torproject.org [4 hosts, inv_str 2/6] || anonymous@torproject.org [15 hosts, inv_str 60/105] || Satanist <admin AT 2cb dot su> [22 hosts, inv_str 86/231] || Bastiaan Brink <b@stiaanbr.ink> | AS215248 NOC +31 85 369 5034 [6 hosts, inv_str 15/15] || printerexpert@mail2tor.com [3 hosts, inv_str 0/3]"
2026-06-07 23:20:46,2026-06-08 00:18:43,2,9,0,"email:admin[]prsv.ch url:https://prsv.ch/ proof:uri-rsa ciissversion:2 [5 hosts, inv_str 5/10] || RandomPerson <skynet@academyforinternetresearch.org> [4 hosts, inv_str 3/6]"
2026-06-08 00:45:46,2026-06-08 03:23:21,3,12,0,"email:admin[]prsv.ch url:https://prsv.ch/ proof:uri-rsa ciissversion:2 [6 hosts, inv_str 4/15] || printerexpert@mail2tor.com [3 hosts, inv_str 1/3] || hello@relaymagic.org (relaymagic.org/contact) [3 hosts, inv_str 1/3]"
2026-06-08 03:52:30,2026-06-08 05:05:34,2,37,0,"email:admin[]prsv.ch url:https://prsv.ch/ proof:uri-rsa ciissversion:2 [5 hosts, inv_str 7/10] || email:admin@for-privacy.net url:for-privacy.net proof:dns-rsa abuse:ab [32 hosts, inv_str 298/496]"
2026-06-08 05:32:32,2026-06-08 07:13:18,3,12,0,"email:admin[]prsv.ch url:https://prsv.ch/ proof:uri-rsa ciissversion:2 [6 hosts, inv_str 9/15] || NN <relay-ops AT noonion dot de> [3 hosts, inv_str 2/3] || nano-tor-relays@proton.me [3 hosts, inv_str 3/3]"
2026-06-08 08:47:54,2026-06-08 10:16:24,3,20,0,"email:admin[]prsv.ch url:https://prsv.ch/ proof:uri-rsa ciissversion:2 [6 hosts, inv_str 9/15] || printerexpert@mail2tor.com [4 hosts, inv_str 4/6] || email:zwiebelrouter[]protonmail[]com url:zwiebelrouter.net proof:dns-r [10 hosts, inv_str 15/45]"
2026-06-08 10:39:36,2026-06-08 12:23:59,2,8,0,"email:admin[]prsv.ch url:https://prsv.ch/ proof:uri-rsa ciissversion:2 [5 hosts, inv_str 3/10] || Uu77bBt0eDko5iDrRNiXt2quIVPMNKvILk1eqJbAVk9e@posteo.ch [3 hosts, inv_str 1/3]"
2026-06-08 12:51:51,2026-06-08 23:17:41,12,81,3,"email:admin[]prsv.ch url:https://prsv.ch/ proof:uri-rsa ciissversion:2 [6 hosts, inv_str 8/15] || anonymous@torproject.org [3 hosts, inv_str 0/3] || Abuse Team: <tor-abuse _at_ ciopmail _dot_ net> [3 hosts, inv_str 2/3] || anonymous@torproject.org [4 hosts, inv_str 2/6] || This Relay is operated as part of a research effort to measure how Oni [3 hosts, inv_str 3/3] || abuse:abuse[]pathconnect.de [3 hosts, inv_str 2/3] || Stan <favorite0ne@proton.me> [3 hosts, inv_str 3/3] || nano-tor-relays@proton.me [4 hosts, inv_str 2/6] || anonymous@torproject.org [22 hosts, inv_str 122/231] || email:admin[]prsv.ch url:https://prsv.ch/ proof:uri-rsa ciissversion:2 [8 hosts, inv_str 16/28] || haku19-@-mail.com [4 hosts, inv_str 2/6] || hosted by blitzw.in [3 hosts, inv_str 1/3] || abuse:abuse[]pathconnect.de [3 hosts, inv_str 1/3] || printerexpert@mail2tor.com [3 hosts, inv_str 2/3] || printerexpert@mail2tor.com [3 hosts, inv_str 2/3] || Random Person nobody@tor.org [3 hosts, inv_str 2/3] || kopfschusskorl@gmail.com [3 hosts, inv_str 1/3]"
2026-06-09 03:08:15,2026-06-09 05:24:00,2,38,0,"email:admin[]prsv.ch url:https://prsv.ch/ proof:uri-rsa ciissversion:2 [6 hosts, inv_str 2/15] || email:admin@for-privacy.net url:for-privacy.net proof:dns-rsa abuse:ab [32 hosts, inv_str 202/496]"
2026-06-09 05:51:57,2026-06-09 12:18:07,18,173,0,"email:admin[]prsv.ch url:https://prsv.ch/ proof:uri-rsa ciissversion:2 [9 hosts, inv_str 17/36] || arieti009@proton.me [9 hosts, inv_str 15/36] || RandomPerson <skynet@academyforinternetresearch.org> [19 hosts, inv_str 88/171] || hwangminzi@proton.me [8 hosts, inv_str 12/28] || hwangminjun@proton.me [12 hosts, inv_str 30/66] || email:tor[]r0cket.net url:https://tor.r0cket.net/ proof:uri-rsa abuse: [6 hosts, inv_str 7/15] || email:admin[]stormycloud.org url:https://stormycloud.org proof:uri-fam [7 hosts, inv_str 12/21] || gdhong2896@proton.me [4 hosts, inv_str 1/6] || email:support@unshakled.org url:unshakled.org proof:uri-rsa abuse:abus [3 hosts, inv_str 2/3] || HexLess <hexless1@outlook.com> [4 hosts, inv_str 5/6] || torcontactemail AT proton.me [4 hosts, inv_str 2/6] || Bastiaan Brink <b@stiaanbr.ink> | AS215248 NOC +31 85 369 5034 [3 hosts, inv_str 1/3] || email:tor[]r0cket.net url:https://tor.r0cket.net/ proof:uri-rsa abuse: [3 hosts, inv_str 2/3] || email:tor[]1aeo.com url:https://www.1aeo.com proof:uri-familyid-ed2551 [60 hosts, inv_str 831/1770] || email:abuse-ripe[]digitale-gesellschaft.ch url:https://www.digitale-ge [3 hosts, inv_str 2/3] || justbits@tutamail.com [3 hosts, inv_str 2/3] || tor@zgato.ru [3 hosts, inv_str 1/3] || email:admin[]prsv.ch url:https://prsv.ch/ proof:uri-rsa ciissversion:2 [5 hosts, inv_str 4/10] || anonymous@torproject.org [5 hosts, inv_str 3/10] || Uu77bBt0eDko5iDrRNiXt2quIVPMNKvILk1eqJbAVk9e@posteo.ch [3 hosts, inv_str 1/3]"
2026-06-09 14:48:24,2026-06-09 15:37:05,3,12,0,"email:admin[]prsv.ch url:https://prsv.ch/ proof:uri-rsa ciissversion:2 [6 hosts, inv_str 7/15] || D.O. Bronk email:tor-relay@bronk-ict.nl url:bronk-ict.nl proof:dns-rsa [3 hosts, inv_str 3/3] || printerexpert@mail2tor.com [3 hosts, inv_str 2/3]"
2026-06-09 17:03:12,2026-06-09 19:11:36,4,28,0,"anonymous@torproject.org [5 hosts, inv_str 5/10] || email:admin[]prsv.ch url:https://prsv.ch/ proof:uri-rsa ciissversion:2 [7 hosts, inv_str 10/21] || cyberghostnsvpn [5 hosts, inv_str 4/10] || anonymous@torproject.org [3 hosts, inv_str 1/3] || email:admin[]prsv.ch url:https://prsv.ch/ proof:uri-rsa ciissversion:2 [5 hosts, inv_str 8/10] || printerexpert@mail2tor.com [3 hosts, inv_str 1/3]"
2026-06-09 19:11:44,2026-06-09 21:32:55,5,57,0,"anonymous@torproject.org [28 hosts, inv_str 158/378] || printerexpert@mail2tor.com [3 hosts, inv_str 2/3] || email:admin[]prsv.ch url:https://prsv.ch/ proof:uri-rsa ciissversion:2 [4 hosts, inv_str 4/6] || ferou-tor@protonmail.com [10 hosts, inv_str 18/45] || fumonion [] protonmail (dot) com [4 hosts, inv_str 4/6] || printerexpert@mail2tor.com [3 hosts, inv_str 2/3] || email:admin[]prsv.ch url:https://prsv.ch/ proof:uri-rsa ciissversion:2 [5 hosts, inv_str 7/10]"
2026-06-09 21:42:31,2026-06-10 01:42:20,8,79,0,"printerexpert@mail2tor.com [3 hosts, inv_str 2/3] || email:admin[]prsv.ch url:https://prsv.ch/ proof:uri-rsa ciissversion:2 [6 hosts, inv_str 12/15] || someone < tor27 AT nurfuerspam DOT de > [3 hosts, inv_str 2/3] || anonymous@torproject.org [36 hosts, inv_str 368/630] || kopfschusskorl@gmail.com [3 hosts, inv_str 1/3] || tor@kllx.eu [3 hosts, inv_str 0/3] || email:admin[]prsv.ch url:https://prsv.ch/ proof:uri-rsa ciissversion:2 [6 hosts, inv_str 6/15] || RandomPerson <skynet@academyforinternetresearch.org> [4 hosts, inv_str 2/6] || email:zwiebelrouter[]protonmail[]com url:zwiebelrouter.net proof:dns-r [10 hosts, inv_str 16/45] || email:admin[]prsv.ch url:https://prsv.ch/ proof:uri-rsa ciissversion:2 [5 hosts, inv_str 6/10]"
2026-06-10 01:43:16,2026-06-10 05:13:28,11,73,0,"email:admin[]prsv.ch url:https://prsv.ch/ proof:uri-rsa ciissversion:2 [10 hosts, inv_str 20/45] || anonymous@torproject.org [3 hosts, inv_str 0/3] || hello@relaymagic.org (relaymagic.org/contact) [3 hosts, inv_str 1/3] || anonymous@torproject.org [6 hosts, inv_str 9/15] || email:admin[]fluffypancakes.dev url:fluffypancakes.dev proof:uri-famil [3 hosts, inv_str 2/3] || email:admin[]fluffypancakes.dev url:fluffypancakes.dev proof:uri-famil [19 hosts, inv_str 74/171] || tor-relay-contact <at> digitalsquid <dot> co <dot> uk [3 hosts, inv_str 1/3] || 0xFFFFFFFF <tormaster AT kkb-clan dot de> [3 hosts, inv_str 2/3] || anonymous@torproject.org [4 hosts, inv_str 6/6] || tor@wurzelmann.at [8 hosts, inv_str 19/28] || ProBoy24@proton.me [3 hosts, inv_str 0/3] || email:abuse[]tuxli.org pgp:32A1621FC5290921D720940187AC9FC1F2BCCB30 ur [5 hosts, inv_str 2/10] || email:tor [] middelstaedt dot com url:https://middelstaedt.com proof:u [3 hosts, inv_str 0/3]"
2026-06-10 05:42:16,2026-06-10 08:12:17,20,900,0,"email:admin[]prsv.ch url:https://prsv.ch/ proof:uri-rsa ciissversion:2 [8 hosts, inv_str 14/28] || escapemeplz@proton.me [4 hosts, inv_str 5/6] || hwangminzi@proton.me [3 hosts, inv_str 1/3] || arieti009@proton.me [12 hosts, inv_str 31/66] || email:admin[]stormycloud.org url:https://stormycloud.org proof:uri-fam [12 hosts, inv_str 46/66] || RandomPerson <skynet@academyforinternetresearch.org> [20 hosts, inv_str 95/190] || torcontactemail AT proton.me [4 hosts, inv_str 5/6] || email:tor[]1aeo.com url:https://www.1aeo.com proof:uri-familyid-ed2551 [773 hosts, inv_str 76411/298378] || hwangminjun@proton.me [13 hosts, inv_str 28/78] || gdhong2896@proton.me [6 hosts, inv_str 3/15] || palcon3423@proton.me [4 hosts, inv_str 2/6] || tor.research2026@proton.me [3 hosts, inv_str 0/3] || email:r3bo0tbx1[]brokenbotnet.com url:https://relays.brokenbotnet.com  [9 hosts, inv_str 12/36] || D.O. Bronk email:tor-relay@bronk-ict.nl url:bronk-ict.nl proof:dns-rsa [3 hosts, inv_str 1/3] || email:tor[]r0cket.net url:https://tor.r0cket.net/ proof:uri-rsa abuse: [5 hosts, inv_str 6/10] || 5h098y32[at]duck.com [3 hosts, inv_str 2/3] || your@e-mail [3 hosts, inv_str 2/3] || hwangminzi@proton.me [5 hosts, inv_str 4/10] || abuse@doggett.tech [3 hosts, inv_str 3/3] || Bastiaan Brink <b@stiaanbr.ink> | AS215248 NOC +31 85 369 5034 [4 hosts, inv_str 0/6] || c99058397@gmail.com [3 hosts, inv_str 0/3]"
2026-06-10 08:38:04,2026-06-10 18:56:20,10,70,0,"email:admin[]prsv.ch url:https://prsv.ch/ proof:uri-rsa ciissversion:2 [11 hosts, inv_str 32/55] || oimnidtx@4wrd.cc [5 hosts, inv_str 4/10] || anonymous@torproject.org [6 hosts, inv_str 9/15] || anonymous@torproject.org [18 hosts, inv_str 103/153] || Uu77bBt0eDko5iDrRNiXt2quIVPMNKvILk1eqJbAVk9e@posteo.ch [3 hosts, inv_str 1/3] || email:r3bo0tbx1[]brokenbotnet.com url:https://relays.brokenbotnet.com  [4 hosts, inv_str 2/6] || D.O. Bronk email:tor-relay@bronk-ict.nl url:bronk-ict.nl proof:dns-rsa [6 hosts, inv_str 9/15] || abuse:abuse[]pathconnect.de [3 hosts, inv_str 2/3] || tor@kllx.eu [3 hosts, inv_str 1/3] || anyone-motor-cycle@duck.com [3 hosts, inv_str 1/3] || anonymous@torproject.org [4 hosts, inv_str 4/6] || printerexpert@mail2tor.com [4 hosts, inv_str 1/6]"
2026-06-10 19:11:37,2026-06-10 23:57:20,7,39,0,"contact.broiling074@passinbox.com [3 hosts, inv_str 2/3] || email:admin[]prsv.ch url:https://prsv.ch/ proof:uri-rsa ciissversion:2 [7 hosts, inv_str 6/21] || someone < tor27 AT nurfuerspam DOT de > [4 hosts, inv_str 4/6] || printerexpert@mail2tor.com [5 hosts, inv_str 5/10] || full.frame4647@diversifiedwaysholdings.com [9 hosts, inv_str 0/36] || contact.broiling074@passinbox.com [3 hosts, inv_str 2/3] || kopfschusskorl@gmail.com [3 hosts, inv_str 1/3] || This Relay is operated as part of a research effort to measure how Oni [5 hosts, inv_str 3/10]"
2026-06-11 00:11:17,2026-06-11 05:18:11,7,91,0,"email:admin[]prsv.ch url:https://prsv.ch/ proof:uri-rsa ciissversion:2 [6 hosts, inv_str 6/15] || anonymous@torproject.org [3 hosts, inv_str 2/3] || dump(@)norvi.tech [6 hosts, inv_str 4/15] || NN <relay-ops AT noonion dot de> [3 hosts, inv_str 2/3] || anonymous@torproject.org [21 hosts, inv_str 79/210] || printerexpert@mail2tor.com [3 hosts, inv_str 3/3] || email:admin[]prsv.ch url:https://prsv.ch/ proof:uri-rsa ciissversion:2 [10 hosts, inv_str 12/45] || hello@relaymagic.org (relaymagic.org/contact) [3 hosts, inv_str 0/3] || printerexpert@mail2tor.com [4 hosts, inv_str 2/6] || email:admin@for-privacy.net url:for-privacy.net proof:dns-rsa abuse:ab [32 hosts, inv_str 191/496]"
2026-06-11 06:02:19,2026-06-11 11:41:06,16,325,0,"RandomPerson <skynet@academyforinternetresearch.org> [16 hosts, inv_str 63/120] || Bastiaan Brink <b@stiaanbr.ink> | AS215248 NOC +31 85 369 5034 [3 hosts, inv_str 1/3] || email:admin[]stormycloud.org url:https://stormycloud.org proof:uri-fam [3 hosts, inv_str 1/3] || email:admin[]prsv.ch url:https://prsv.ch/ proof:uri-rsa ciissversion:2 [9 hosts, inv_str 16/36] || tor.research2026@proton.me [4 hosts, inv_str 4/6] || email:tor[]1aeo.com url:https://www.1aeo.com proof:uri-familyid-ed2551 [244 hosts, inv_str 12225/29646] || arieti009@proton.me [4 hosts, inv_str 2/6] || gdhong2896@proton.me [3 hosts, inv_str 0/3] || hwangminjun@proton.me [5 hosts, inv_str 6/10] || torcontactemail AT proton.me [4 hosts, inv_str 2/6] || NN <relay-ops AT noonion dot de> [4 hosts, inv_str 4/6] || hwangminzi@proton.me [3 hosts, inv_str 1/3] || Bastiaan Brink <b@stiaanbr.ink> | AS215248 NOC +31 85 369 5034 [4 hosts, inv_str 3/6] || email:tor[]r0cket.net url:https://tor.r0cket.net/ proof:uri-rsa abuse: [5 hosts, inv_str 6/10] || email:admin[]stormycloud.org url:https://stormycloud.org proof:uri-fam [4 hosts, inv_str 3/6] || c99058397@gmail.com [4 hosts, inv_str 3/6] || printerexpert@mail2tor.com [3 hosts, inv_str 3/3] || contact.broiling074@passinbox.com [3 hosts, inv_str 2/3]"
2026-06-11 12:06:30,2026-06-11 17:13:23,5,22,0,"email:admin[]prsv.ch url:https://prsv.ch/ proof:uri-rsa ciissversion:2 [10 hosts, inv_str 19/45] || Uu77bBt0eDko5iDrRNiXt2quIVPMNKvILk1eqJbAVk9e@posteo.ch [3 hosts, inv_str 1/3] || anonymous@torproject.org [3 hosts, inv_str 2/3] || printerexpert@mail2tor.com [3 hosts, inv_str 3/3] || anyone-motor-cycle@duck.com [3 hosts, inv_str 0/3]"
2026-06-11 17:42:24,2026-06-11 21:34:47,6,59,0,"email:admin[]prsv.ch url:https://prsv.ch/ proof:uri-rsa ciissversion:2 [6 hosts, inv_str 9/15] || printerexpert@mail2tor.com [5 hosts, inv_str 8/10] || email:abuse-ripe[]digitale-gesellschaft.ch url:https://www.digitale-ge [3 hosts, inv_str 2/3] || anonymous@torproject.org [4 hosts, inv_str 5/6] || NN <relay-ops AT noonion dot de> [3 hosts, inv_str 2/3] || email:admin[]prsv.ch url:https://prsv.ch/ proof:uri-rsa ciissversion:2 [6 hosts, inv_str 10/15] || email:admin@for-privacy.net url:for-privacy.net proof:dns-rsa abuse:ab [32 hosts, inv_str 20/496]"
2026-06-11 22:01:52,2026-06-12 05:14:11,11,118,3,"email:admin[]prsv.ch url:https://prsv.ch/ proof:uri-rsa ciissversion:2 [9 hosts, inv_str 24/36] || anonymous@torproject.org [15 hosts, inv_str 20/105] || your@e-mail [3 hosts, inv_str 1/3] || RandomPerson <skynet@academyforinternetresearch.org> [3 hosts, inv_str 0/3] || printerexpert@mail2tor.com [4 hosts, inv_str 3/6] || Satanist <admin AT 2cb dot su> [23 hosts, inv_str 96/253] || email:admin[]prsv.ch url:https://prsv.ch/ proof:uri-rsa ciissversion:2 [6 hosts, inv_str 9/15] || DoNotDisturb AT NoContact NoWarnings [3 hosts, inv_str 3/3] || printerexpert@mail2tor.com [3 hosts, inv_str 3/3] || Satanist <admin AT 2cb dot su> [3 hosts, inv_str 1/3] || hello@relaymagic.org (relaymagic.org/contact) [3 hosts, inv_str 0/3] || admin@c.dn.ua [4 hosts, inv_str 2/6] || 🧅 [4 hosts, inv_str 2/6] || admin@c.dn.ua [3 hosts, inv_str 1/3] || email:admin@for-privacy.net url:for-privacy.net proof:dns-rsa abuse:ab [32 hosts, inv_str 187/496]"
2026-06-12 06:29:29,2026-06-12 08:01:00,2,8,0,"email:admin[]prsv.ch url:https://prsv.ch/ proof:uri-rsa ciissversion:2 [5 hosts, inv_str 5/10] || printerexpert@mail2tor.com [3 hosts, inv_str 2/3]"
2026-06-12 08:30:23,2026-06-12 09:25:18,3,15,0,"email:admin[]prsv.ch url:https://prsv.ch/ proof:uri-rsa ciissversion:2 [8 hosts, inv_str 11/28] || j.abrahim99_at_proton (dot) me [4 hosts, inv_str 1/6] || c99058397@gmail.com [3 hosts, inv_str 0/3]"
2026-06-12 09:46:32,2026-06-12 11:20:08,2,9,3,"email:admin[]prsv.ch url:https://prsv.ch/ proof:uri-rsa ciissversion:2 [6 hosts, inv_str 8/15] || email:Quetzalcoatl_relays[]proton.me url:https://quetzalcoatl-relays.o [3 hosts, inv_str 3/3]"
2026-06-12 11:47:14,2026-06-12 18:51:24,7,112,0,"email:admin[]prsv.ch url:https://prsv.ch/ proof:uri-rsa ciissversion:2 [65 hosts, inv_str 1170/2080] || printerexpert@mail2tor.com [3 hosts, inv_str 1/3] || Uu77bBt0eDko5iDrRNiXt2quIVPMNKvILk1eqJbAVk9e@posteo.ch [3 hosts, inv_str 1/3] || printerexpert@mail2tor.com [3 hosts, inv_str 1/3] || email:zwiebelrouter[]protonmail[]com ciissversion:3 url:zwiebelrouter. [10 hosts, inv_str 18/45] || themadhacker email:themadhacker[]themadhacker.net url:https://themadha [4 hosts, inv_str 5/6] || email:tor[]1aeo.com url:https://www.1aeo.com proof:uri-familyid-ed2551 [18 hosts, inv_str 78/153] || anonymous@torproject.org [6 hosts, inv_str 11/15]"
2026-06-12 18:58:16,2026-06-12 20:32:07,4,16,0,"email:admin[]prsv.ch url:https://prsv.ch/ proof:uri-rsa ciissversion:2 [5 hosts, inv_str 7/10] || anonymous@torproject.org [3 hosts, inv_str 0/3] || eddy dot lootens at proton dot me [5 hosts, inv_str 4/10] || printerexpert@mail2tor.com [3 hosts, inv_str 2/3]"
2026-06-12 20:42:07,2026-06-12 20:50:00,2,42,0,"email:zwiebelrouter[]protonmail[]com ciissversion:3 url:zwiebelrouter. [10 hosts, inv_str 15/45] || email:admin@for-privacy.net url:for-privacy.net proof:dns-rsa abuse:ab [32 hosts, inv_str 2/496]"
2026-06-12 21:02:11,2026-06-13 02:44:58,10,67,3,"email:admin[]prsv.ch url:https://prsv.ch/ proof:uri-rsa ciissversion:2 [5 hosts, inv_str 5/10] || contact.broiling074@passinbox.com [3 hosts, inv_str 1/3] || printerexpert@mail2tor.com [4 hosts, inv_str 4/6] || mail:tor[]arbitrary.ch url:https://arbitrary.ch proof:uri-rsa abuse:to [3 hosts, inv_str 3/3] || anonymous@torproject.org [4 hosts, inv_str 4/6] || anonymous@torproject.org [18 hosts, inv_str 72/153] || email:Quetzalcoatl_relays[]proton.me url:https://quetzalcoatl-relays.o [3 hosts, inv_str 3/3] || c99058397@gmail.com [3 hosts, inv_str 1/3] || RandomPerson <skynet@academyforinternetresearch.org> [5 hosts, inv_str 2/10] || jamar1992@protonmail.com [4 hosts, inv_str 3/6] || 0xFFFFFFFF <tormaster AT kkb-clan dot de> [3 hosts, inv_str 2/3] || printerexpert@mail2tor.com [6 hosts, inv_str 11/15] || email:admin[]prsv.ch url:https://prsv.ch/ proof:uri-rsa ciissversion:2 [6 hosts, inv_str 10/15]"
2026-06-13 03:04:34,2026-06-13 04:27:29,2,8,0,"c99058397@gmail.com [3 hosts, inv_str 1/3] || email:admin[]prsv.ch url:https://prsv.ch/ proof:uri-rsa ciissversion:2 [5 hosts, inv_str 5/10]"
2026-06-13 04:51:46,2026-06-13 08:15:05,4,48,0,"email:admin[]prsv.ch url:https://prsv.ch/ proof:uri-rsa ciissversion:2 [6 hosts, inv_str 9/15] || email:admin@for-privacy.net url:for-privacy.net proof:dns-rsa abuse:ab [32 hosts, inv_str 201/496] || c99058397@gmail.com [3 hosts, inv_str 0/3] || themadhacker email:themadhacker[]themadhacker.net url:https://themadha [4 hosts, inv_str 1/6] || c99058397@gmail.com [3 hosts, inv_str 1/3]"
2026-06-13 09:03:42,2026-06-13 10:12:33,3,13,0,"email:admin[]prsv.ch url:https://prsv.ch/ proof:uri-rsa ciissversion:2 [6 hosts, inv_str 7/15] || ProBoy24@proton.me [3 hosts, inv_str 0/3] || tor@kllx.eu [4 hosts, inv_str 4/6]"
2026-06-13 11:00:42,2026-06-13 13:21:46,5,30,0,"hades_xxn7[]tutamail {DOT} com [3 hosts, inv_str 2/3] || anonymous@torproject.org [6 hosts, inv_str 11/15] || email:admin[]prsv.ch url:https://prsv.ch/ proof:uri-rsa ciissversion:2 [4 hosts, inv_str 2/6] || FatsTor <tor AT stafverhaegen dot be> [3 hosts, inv_str 2/3] || email:admin[]prsv.ch url:https://prsv.ch/ proof:uri-rsa ciissversion:2 [6 hosts, inv_str 9/15] || Uu77bBt0eDko5iDrRNiXt2quIVPMNKvILk1eqJbAVk9e@posteo.ch [3 hosts, inv_str 0/3] || anonymous@torproject.org [5 hosts, inv_str 4/10]"
2026-06-13 13:47:05,2026-06-13 17:40:49,5,29,0,"email:admin[]prsv.ch url:https://prsv.ch/ proof:uri-rsa ciissversion:2 [9 hosts, inv_str 20/36] || anonymous@torproject.org [4 hosts, inv_str 2/6] || c99058397@gmail.com [3 hosts, inv_str 0/3] || 0xD0F421BEFF2B7AAD0AFB1900F026C5EF7FDD7677 f19.4jbg3@proton.me [7 hosts, inv_str 11/21] || printerexpert@mail2tor.com [3 hosts, inv_str 2/3] || c99058397@gmail.com [3 hosts, inv_str 1/3]"
2026-06-13 18:02:26,2026-06-13 18:42:20,2,8,0,"email:admin[]prsv.ch url:https://prsv.ch/ proof:uri-rsa ciissversion:2 [5 hosts, inv_str 5/10] || printerexpert@mail2tor.com [3 hosts, inv_str 1/3]"
2026-06-13 18:55:41,2026-06-13 19:23:30,2,9,0,"printerexpert@mail2tor.com [4 hosts, inv_str 4/6] || email:admin[]prsv.ch url:https://prsv.ch/ proof:uri-rsa ciissversion:2 [5 hosts, inv_str 5/10]"
2026-06-13 19:40:05,2026-06-13 21:48:04,4,57,0,"printerexpert@mail2tor.com [3 hosts, inv_str 2/3] || email:admin[]prsv.ch url:https://prsv.ch/ proof:uri-rsa ciissversion:2 [7 hosts, inv_str 7/21] || email:admin@for-privacy.net url:for-privacy.net proof:dns-rsa abuse:ab [32 hosts, inv_str 64/496] || / [5 hosts, inv_str 7/10] || printerexpert@mail2tor.com [5 hosts, inv_str 4/10] || email:admin[]prsv.ch url:https://prsv.ch/ proof:uri-rsa ciissversion:2 [5 hosts, inv_str 10/10]"
2026-06-13 22:03:00,2026-06-13 23:22:40,3,15,0,"/ [5 hosts, inv_str 2/10] || email:admin[]prsv.ch url:https://prsv.ch/ proof:uri-rsa ciissversion:2 [7 hosts, inv_str 11/21] || printerexpert@mail2tor.com [3 hosts, inv_str 3/3]"
2026-06-13 23:38:23,2026-06-14 00:24:25,4,22,0,"printerexpert@mail2tor.com [3 hosts, inv_str 2/3] || email:admin[]prsv.ch url:https://prsv.ch/ proof:uri-rsa ciissversion:2 [5 hosts, inv_str 6/10] || RandomPerson <skynet@academyforinternetresearch.org> [4 hosts, inv_str 2/6] || anonymous@torproject.org [10 hosts, inv_str 19/45]"
2026-06-14 00:44:47,2026-06-14 01:39:59,4,18,0,"email:admin[]prsv.ch url:https://prsv.ch/ proof:uri-rsa ciissversion:2 [5 hosts, inv_str 2/10] || anonymous@torproject.org [6 hosts, inv_str 7/15] || printerexpert@mail2tor.com [4 hosts, inv_str 4/6] || c99058397@gmail.com [3 hosts, inv_str 0/3]"
2026-06-14 03:02:26,2026-06-14 04:31:12,4,45,0,"email:admin[]prsv.ch url:https://prsv.ch/ proof:uri-rsa ciissversion:2 [5 hosts, inv_str 4/10] || printerexpert@mail2tor.com [4 hosts, inv_str 1/6] || anonymous@torproject.org [4 hosts, inv_str 4/6] || email:admin@for-privacy.net url:for-privacy.net proof:dns-rsa abuse:ab [32 hosts, inv_str 234/496]"
2026-06-14 08:52:58,2026-06-14 13:47:41,4,16,0,"email:admin[]prsv.ch url:https://prsv.ch/ proof:uri-rsa ciissversion:2 [7 hosts, inv_str 15/21] || c99058397@gmail.com [3 hosts, inv_str 1/3] || Uu77bBt0eDko5iDrRNiXt2quIVPMNKvILk1eqJbAVk9e@posteo.ch [3 hosts, inv_str 1/3] || printerexpert@mail2tor.com [3 hosts, inv_str 3/3]"
2026-06-14 14:17:38,2026-06-15 02:21:05,8,147,0,"email:admin[]prsv.ch url:https://prsv.ch/ proof:uri-rsa ciissversion:2 [11 hosts, inv_str 28/55] || anonymous@torproject.org [4 hosts, inv_str 2/6] || anonymous@torproject.org [6 hosts, inv_str 7/15] || contact@demonsys.net - url:demonsys.net proof:dns-rsa ciissversion:2 [3 hosts, inv_str 0/3] || c99058397@gmail.com [3 hosts, inv_str 1/3] || anonymous@torproject.org [8 hosts, inv_str 15/28] || printerexpert@mail2tor.com [3 hosts, inv_str 2/3] || anonymous@torproject.org [7 hosts, inv_str 14/21] || email:admin@for-privacy.net url:for-privacy.net proof:dns-rsa abuse:ab [32 hosts, inv_str 53/496] || printerexpert@mail2tor.com [3 hosts, inv_str 1/3] || kopfschusskorl@gmail.com [3 hosts, inv_str 2/3] || anonymous@torproject.org [33 hosts, inv_str 214/528] || email:admin[]prsv.ch url:https://prsv.ch/ proof:uri-rsa ciissversion:2 [6 hosts, inv_str 5/15] || RandomPerson <skynet@academyforinternetresearch.org> [5 hosts, inv_str 0/10] || printerexpert@mail2tor.com [3 hosts, inv_str 3/3] || printerexpert@mail2tor.com [5 hosts, inv_str 5/10] || anonymous@torproject.org [12 hosts, inv_str 20/66]"
2026-06-15 02:42:28,2026-06-15 03:33:15,4,36,0,"anonymous@torproject.org [24 hosts, inv_str 159/276] || email:admin[]prsv.ch url:https://prsv.ch/ proof:uri-rsa ciissversion:2 [6 hosts, inv_str 10/15] || hello@relaymagic.org (relaymagic.org/contact) [3 hosts, inv_str 2/3] || c99058397@gmail.com [3 hosts, inv_str 1/3]"
2026-06-15 03:56:01,2026-06-15 06:36:46,6,91,0,"anonymous@torproject.org [28 hosts, inv_str 197/378] || email:admin[]prsv.ch url:https://prsv.ch/ proof:uri-rsa ciissversion:2 [6 hosts, inv_str 10/15] || printerexpert@mail2tor.com [4 hosts, inv_str 5/6] || email:admin@for-privacy.net url:for-privacy.net proof:dns-rsa abuse:ab [32 hosts, inv_str 176/496] || c99058397@gmail.com [3 hosts, inv_str 1/3] || NN <relay-ops AT noonion dot de> [3 hosts, inv_str 1/3] || anonymous@torproject.org [15 hosts, inv_str 51/105]"
2026-06-15 06:46:46,2026-06-15 08:29:56,4,46,0,"email:info[]osservatorionessuno.org url:https://osservatorionessuno.or [3 hosts, inv_str 0/3] || email:admin[]prsv.ch url:https://prsv.ch/ proof:uri-rsa ciissversion:2 [8 hosts, inv_str 15/28] || anonymous@torproject.org [18 hosts, inv_str 50/153] || escapemeplz@proton.me [5 hosts, inv_str 6/10] || anonymous@torproject.org [12 hosts, inv_str 23/66]"
2026-06-15 08:49:29,2026-06-15 13:40:57,4,70,0,"email:admin[]prsv.ch url:https://prsv.ch/ proof:uri-rsa ciissversion:2 [8 hosts, inv_str 16/28] || anonymous@torproject.org [51 hosts, inv_str 600/1275] || Uu77bBt0eDko5iDrRNiXt2quIVPMNKvILk1eqJbAVk9e@posteo.ch [3 hosts, inv_str 1/3] || email:info[]osservatorionessuno.org url:https://osservatorionessuno.or [3 hosts, inv_str 2/3] || email:admin[]prsv.ch url:https://prsv.ch/ proof:uri-rsa ciissversion:2 [5 hosts, inv_str 7/10]"
2026-06-15 14:09:47,2026-06-15 17:08:55,4,18,0,"email:admin[]prsv.ch url:https://prsv.ch/ proof:uri-rsa ciissversion:2 [7 hosts, inv_str 16/21] || printerexpert@mail2tor.com [5 hosts, inv_str 2/10] || c99058397@gmail.com [3 hosts, inv_str 1/3] || email:info[]osservatorionessuno.org url:https://osservatorionessuno.or [3 hosts, inv_str 2/3]"
2026-06-15 17:34:07,2026-06-15 18:28:41,2,10,0,"email:admin[]prsv.ch url:https://prsv.ch/ proof:uri-rsa ciissversion:2 [7 hosts, inv_str 11/21] || chapman.shoop@riseup.net [3 hosts, inv_str 3/3]"
2026-06-15 18:36:48,2026-06-15 20:29:00,4,16,0,"printerexpert@mail2tor.com [3 hosts, inv_str 1/3] || email:admin[]prsv.ch url:https://prsv.ch/ proof:uri-rsa ciissversion:2 [6 hosts, inv_str 8/15] || c99058397@gmail.com [3 hosts, inv_str 1/3] || Chaos Computer Club Wien (C3W) email:anonymity[]c3w.at url:https://c3w [4 hosts, inv_str 1/6]"
2026-06-15 21:02:22,2026-06-15 22:25:01,3,24,0,"email:admin[]prsv.ch url:https://prsv.ch/ proof:uri-rsa ciissversion:2 [7 hosts, inv_str 5/21] || anonymous@torproject.org [10 hosts, inv_str 27/45] || email:admin[]prsv.ch url:https://prsv.ch/ proof:uri-rsa ciissversion:2 [4 hosts, inv_str 5/6] || KeFF NOC <noc AT keff dot org> [3 hosts, inv_str 0/3]"
2026-06-15 23:45:21,2026-06-16 02:45:18,6,71,2,"email:admin[]prsv.ch url:https://prsv.ch/ proof:uri-rsa ciissversion:2 [3 hosts, inv_str 2/3] || printerexpert@mail2tor.com [4 hosts, inv_str 2/6] || RandomPerson <skynet@academyforinternetresearch.org> [5 hosts, inv_str 4/10] || chapman.shoop@riseup.net [6 hosts, inv_str 10/15] || email:admin[]prsv.ch url:https://prsv.ch/ proof:uri-rsa ciissversion:2 [5 hosts, inv_str 5/10] || anonymous@torproject.org [4 hosts, inv_str 3/6] || printerexpert@mail2tor.com [3 hosts, inv_str 1/3] || Satanist <admin AT 2cb dot su> [25 hosts, inv_str 108/300] || anonymous@torproject.org [16 hosts, inv_str 68/120]"
2026-06-16 03:10:28,2026-06-16 05:00:44,3,40,0,"email:admin[]prsv.ch url:https://prsv.ch/ proof:uri-rsa ciissversion:2 [5 hosts, inv_str 4/10] || printerexpert@mail2tor.com [3 hosts, inv_str 0/3] || email:admin@for-privacy.net url:for-privacy.net proof:dns-rsa abuse:ab [32 hosts, inv_str 223/496]"
2026-06-16 05:21:26,2026-06-16 08:45:27,4,23,0,"email:admin[]prsv.ch url:https://prsv.ch/ proof:uri-rsa ciissversion:2 [8 hosts, inv_str 17/28] || c99058397@gmail.com [3 hosts, inv_str 2/3] || anonymous@torproject.org [4 hosts, inv_str 4/6] || hwangchulsoo@proton.me [5 hosts, inv_str 5/10] || c99058397@gmail.com [3 hosts, inv_str 0/3]"
2026-06-16 09:05:39,2026-06-16 11:38:06,2,8,0,"email:admin[]prsv.ch url:https://prsv.ch/ proof:uri-rsa ciissversion:2 [5 hosts, inv_str 8/10] || c99058397@gmail.com [3 hosts, inv_str 1/3]"
2026-06-16 11:38:51,2026-06-16 12:23:27,2,9,0,"email:admin[]prsv.ch url:https://prsv.ch/ proof:uri-rsa ciissversion:2 [6 hosts, inv_str 8/15] || Uu77bBt0eDko5iDrRNiXt2quIVPMNKvILk1eqJbAVk9e@posteo.ch [3 hosts, inv_str 1/3]"
2026-06-16 12:48:08,2026-06-16 13:47:03,4,15,0,"email:admin[]prsv.ch url:https://prsv.ch/ proof:uri-rsa ciissversion:2 [6 hosts, inv_str 8/15] || anonymous@torproject.org [3 hosts, inv_str 3/3] || printerexpert@mail2tor.com [3 hosts, inv_str 3/3] || email:info[]osservatorionessuno.org url:https://osservatorionessuno.or [3 hosts, inv_str 3/3]"
2026-06-16 13:56:01,2026-06-16 18:54:05,5,97,0,"anonymous@torproject.org [5 hosts, inv_str 5/10] || email:admin[]prsv.ch url:https://prsv.ch/ proof:uri-rsa ciissversion:2 [5 hosts, inv_str 5/10] || anonymous@torproject.org [24 hosts, inv_str 141/276] || anyone-motor-cycle@duck.com [3 hosts, inv_str 0/3] || email:admin[]prsv.ch url:https://prsv.ch/ proof:uri-rsa ciissversion:2 [9 hosts, inv_str 22/36] || email:admin[]stormycloud.org url:https://stormycloud.org proof:uri-fam [15 hosts, inv_str 69/105] || email:admin[]stormycloud.org url:https://stormycloud.org proof:uri-fam [15 hosts, inv_str 34/105] || printerexpert@mail2tor.com [6 hosts, inv_str 6/15] || email:admin[]stormycloud.org url:https://stormycloud.org proof:uri-fam [15 hosts, inv_str 12/105]"
2026-06-16 19:10:25,2026-06-16 22:19:45,3,31,0,"email:admin[]prsv.ch url:https://prsv.ch/ proof:uri-rsa ciissversion:2 [17 hosts, inv_str 63/136] || Neel Chauhan <neel AT neelc DOT org> [5 hosts, inv_str 4/10] || printerexpert@mail2tor.com [3 hosts, inv_str 1/3] || printerexpert@mail2tor.com [3 hosts, inv_str 1/3] || printerexpert@mail2tor.com [3 hosts, inv_str 1/3]"
2026-06-16 23:27:34,2026-06-16 23:44:50,2,8,0,"printerexpert@mail2tor.com [5 hosts, inv_str 8/10] || email:admin[]prsv.ch url:https://prsv.ch/ proof:uri-rsa ciissversion:2 [3 hosts, inv_str 3/3]"
2026-06-17 00:00:08,2026-06-17 02:31:26,4,49,0,"whathejingles@gmail.com [3 hosts, inv_str 1/3] || email:admin@for-privacy.net url:for-privacy.net proof:dns-rsa abuse:ab [32 hosts, inv_str 0/496] || email:admin[]prsv.ch url:https://prsv.ch/ proof:uri-rsa ciissversion:2 [5 hosts, inv_str 2/10] || printerexpert@mail2tor.com [6 hosts, inv_str 7/15] || printerexpert@mail2tor.com [3 hosts, inv_str 2/3]"
2026-06-17 02:47:10,2026-06-17 08:24:49,7,61,0,"email:admin[]prsv.ch url:https://prsv.ch/ proof:uri-rsa ciissversion:2 [9 hosts, inv_str 12/36] || hello@relaymagic.org (relaymagic.org/contact) [3 hosts, inv_str 1/3] || email:admin@for-privacy.net url:for-privacy.net proof:dns-rsa abuse:ab [32 hosts, inv_str 275/496] || anonymous@torproject.org [3 hosts, inv_str 1/3] || c99058397@gmail.com [4 hosts, inv_str 2/6] || printerexpert@mail2tor.com [3 hosts, inv_str 1/3] || NN <relay-ops AT noonion dot de> [4 hosts, inv_str 4/6] || printerexpert@mail2tor.com [3 hosts, inv_str 1/3]"
2026-06-17 10:45:47,2026-06-17 11:41:43,2,9,0,"email:admin[]prsv.ch url:https://prsv.ch/ proof:uri-rsa ciissversion:2 [5 hosts, inv_str 7/10] || anonymous@torproject.org [4 hosts, inv_str 4/6]"
2026-06-17 11:43:05,2026-06-17 11:58:21,2,6,0,"email:admin[]skankhunt42.pw url:tor.skankhunt42.pw proof:uri-familyid- [3 hosts, inv_str 1/3] || Bastiaan Brink <b@stiaanbr.ink> | AS215248 NOC +31 85 369 5034 [3 hosts, inv_str 0/3]"
2026-06-17 12:08:43,2026-06-17 15:52:47,4,27,0,"email:admin[]prsv.ch url:https://prsv.ch/ proof:uri-rsa ciissversion:2 [8 hosts, inv_str 15/28] || Uu77bBt0eDko5iDrRNiXt2quIVPMNKvILk1eqJbAVk9e@posteo.ch [3 hosts, inv_str 1/3] || anonymous@torproject.org [6 hosts, inv_str 10/15] || c99058397@gmail.com [3 hosts, inv_str 1/3] || anonymous@torproject.org [4 hosts, inv_str 5/6] || anonymous@torproject.org [3 hosts, inv_str 0/3]"
2026-06-17 15:54:38,2026-06-17 20:21:14,5,70,0,"anonymous@torproject.org [19 hosts, inv_str 84/171] || printerexpert@mail2tor.com [3 hosts, inv_str 2/3] || email:admin[]prsv.ch url:https://prsv.ch/ proof:uri-rsa ciissversion:2 [8 hosts, inv_str 17/28] || printerexpert@mail2tor.com [5 hosts, inv_str 3/10] || c99058397@gmail.com [3 hosts, inv_str 1/3] || email:admin@for-privacy.net url:for-privacy.net proof:dns-rsa abuse:ab [32 hosts, inv_str 27/496]"
2026-06-17 21:01:07,2026-06-17 23:43:29,3,17,0,"email:admin[]prsv.ch url:https://prsv.ch/ proof:uri-rsa ciissversion:2 [6 hosts, inv_str 5/15] || full.frame4647@diversifiedwaysholdings.com [8 hosts, inv_str 0/28] || c99058397@gmail.com [3 hosts, inv_str 1/3]"
2026-06-18 00:06:29,2026-06-18 00:19:06,2,35,0,"printerexpert@mail2tor.com [3 hosts, inv_str 3/3] || email:admin@for-privacy.net url:for-privacy.net proof:dns-rsa abuse:ab [32 hosts, inv_str 47/496]"
2026-06-18 00:51:12,2026-06-18 02:29:58,2,9,0,"email:admin[]prsv.ch url:https://prsv.ch/ proof:uri-rsa ciissversion:2 [6 hosts, inv_str 11/15] || printerexpert@mail2tor.com [3 hosts, inv_str 1/3]"
2026-06-18 02:59:49,2026-06-18 04:42:50,3,41,0,"email:admin[]prsv.ch url:https://prsv.ch/ proof:uri-rsa ciissversion:2 [6 hosts, inv_str 2/15] || hello@relaymagic.org (relaymagic.org/contact) [3 hosts, inv_str 0/3] || email:admin@for-privacy.net url:for-privacy.net proof:dns-rsa abuse:ab [32 hosts, inv_str 167/496]"
2026-06-18 05:38:22,2026-06-18 07:20:36,4,16,0,"c99058397@gmail.com [3 hosts, inv_str 0/3] || email:admin[]prsv.ch url:https://prsv.ch/ proof:uri-rsa ciissversion:2 [6 hosts, inv_str 8/15] || email:info[]osservatorionessuno.org url:https://osservatorionessuno.or [3 hosts, inv_str 2/3] || printerexpert@mail2tor.com [4 hosts, inv_str 5/6]"
2026-06-18 07:29:08,2026-06-18 11:15:33,5,33,0,"printerexpert@mail2tor.com [5 hosts, inv_str 1/10] || email:admin[]prsv.ch url:https://prsv.ch/ proof:uri-rsa ciissversion:2 [10 hosts, inv_str 21/45] || printerexpert@mail2tor.com [7 hosts, inv_str 9/21] || Gijs Rijnders (tor AT ip-eend DOT nl) [5 hosts, inv_str 1/10] || hades_xxn7[]tutamail {DOT} com [3 hosts, inv_str 2/3] || anonymous@torproject.org [3 hosts, inv_str 2/3]"
2026-06-18 11:38:30,2026-06-18 13:23:08,3,19,0,"printerexpert@mail2tor.com [3 hosts, inv_str 1/3] || email:admin[]prsv.ch url:https://prsv.ch/ proof:uri-rsa ciissversion:2 [7 hosts, inv_str 5/21] || printerexpert@mail2tor.com [4 hosts, inv_str 4/6] || Gijs Rijnders (tor AT ip-eend DOT nl) [5 hosts, inv_str 1/10]"
2026-06-18 13:54:31,2026-06-18 20:04:36,8,105,0,"email:admin[]prsv.ch url:https://prsv.ch/ proof:uri-rsa ciissversion:2 [12 hosts, inv_str 33/66] || anonymous@torproject.org [3 hosts, inv_str 3/3] || printerexpert@mail2tor.com [5 hosts, inv_str 9/10] || anonymous@torproject.org [3 hosts, inv_str 0/3] || email:tor[]rofl.cat btc:17bD7EWsSXrqrqk2ibbprPxhegMqecsaCy url:rofl.ca [3 hosts, inv_str 2/3] || printerexpert@mail2tor.com [4 hosts, inv_str 2/6] || anonymous@torproject.org [3 hosts, inv_str 2/3] || printerexpert@mail2tor.com [5 hosts, inv_str 6/10] || 0xE12ECD2E Nicola Ferralis <feranick AT hotmail dot com> [3 hosts, inv_str 3/3] || anonymous@torproject.org [18 hosts, inv_str 35/153] || email:toralf.foerster[]gmx.de gpg:1A376F994A9D026F13E24DCFC4EACDDE0076 [4 hosts, inv_str 5/6] || printerexpert@mail2tor.com [5 hosts, inv_str 2/10] || Gijs Rijnders (tor AT ip-eend DOT nl) [5 hosts, inv_str 1/10] || email:admin@for-privacy.net url:for-privacy.net proof:dns-rsa abuse:ab [32 hosts, inv_str 14/496]"
2026-06-18 20:10:53,2026-06-18 22:41:06,7,36,1,"email:admin[]prsv.ch url:https://prsv.ch/ proof:uri-rsa ciissversion:2 [4 hosts, inv_str 3/6] || 🧅 [4 hosts, inv_str 3/6] || chapman.shoop@riseup.net [8 hosts, inv_str 20/28] || printerexpert@mail2tor.com [4 hosts, inv_str 4/6] || Gijs Rijnders (tor AT ip-eend DOT nl) [5 hosts, inv_str 1/10] || Satanist <admin AT 2cb dot su> [5 hosts, inv_str 1/10] || email:admin[]prsv.ch url:https://prsv.ch/ proof:uri-rsa ciissversion:2 [3 hosts, inv_str 2/3] || kopfschusskorl@gmail.com [3 hosts, inv_str 2/3]"
2026-06-18 22:49:20,2026-06-19 01:35:28,6,51,0,"printerexpert@mail2tor.com [4 hosts, inv_str 4/6] || email:admin[]prsv.ch url:https://prsv.ch/ proof:uri-rsa ciissversion:2 [7 hosts, inv_str 16/21] || Satanist <admin AT 2cb dot su> [14 hosts, inv_str 45/91] || gleepdorf AT proton DOT me [4 hosts, inv_str 2/6] || email:forest-relay-contact[]cryptolab.net pgp:BCBAE3E9CB8E2FE23F29DC58 [3 hosts, inv_str 1/3] || printerexpert@mail2tor.com [3 hosts, inv_str 3/3] || RandomPerson <skynet@academyforinternetresearch.org> [5 hosts, inv_str 4/10] || email:forest-relay-contact[]cryptolab.net pgp:BCBAE3E9CB8E2FE23F29DC58 [3 hosts, inv_str 3/3] || printerexpert@mail2tor.com [3 hosts, inv_str 1/3] || email:admin[]prsv.ch url:https://prsv.ch/ proof:uri-rsa ciissversion:2 [5 hosts, inv_str 8/10]"
2026-06-19 01:47:50,2026-06-19 02:12:00,2,6,0,"email:admin[]prsv.ch url:https://prsv.ch/ proof:uri-rsa ciissversion:2 [3 hosts, inv_str 2/3] || printerexpert@mail2tor.com [3 hosts, inv_str 0/3]"
2026-06-19 02:31:32,2026-06-19 03:46:53,4,19,1,"email:admin[]prsv.ch url:https://prsv.ch/ proof:uri-rsa ciissversion:2 [5 hosts, inv_str 6/10] || 0xE12ECD2E Nicola Ferralis <feranick AT hotmail dot com> [3 hosts, inv_str 1/3] || Satanist <admin AT 2cb dot su> [8 hosts, inv_str 3/28] || hello@relaymagic.org (relaymagic.org/contact) [3 hosts, inv_str 1/3]"
2026-06-19 03:53:56,2026-06-19 04:44:23,3,16,0,"NN <relay-ops AT noonion dot de> [3 hosts, inv_str 2/3] || email:forest-relay-contact[]cryptolab.net pgp:BCBAE3E9CB8E2FE23F29DC58 [10 hosts, inv_str 17/45] || email:admin[]prsv.ch url:https://prsv.ch/ proof:uri-rsa ciissversion:2 [3 hosts, inv_str 2/3]"
2026-06-19 04:50:11,2026-06-19 06:18:17,4,14,0,"anonymous@torproject.org [3 hosts, inv_str 3/3] || email:admin[]prsv.ch url:https://prsv.ch/ proof:uri-rsa ciissversion:2 [5 hosts, inv_str 4/10] || email:forest-relay-contact[]cryptolab.net pgp:BCBAE3E9CB8E2FE23F29DC58 [3 hosts, inv_str 2/3] || c99058397@gmail.com [3 hosts, inv_str 1/3]"
2026-06-19 08:49:49,2026-06-19 10:25:32,2,11,0,"email:admin[]prsv.ch url:https://prsv.ch/ proof:uri-rsa ciissversion:2 [8 hosts, inv_str 15/28] || c99058397@gmail.com [3 hosts, inv_str 1/3]"
2026-06-19 11:01:21,2026-06-19 17:51:10,7,80,0,"email:admin[]prsv.ch url:https://prsv.ch/ proof:uri-rsa ciissversion:2 [6 hosts, inv_str 13/15] || anonymous@torproject.org [7 hosts, inv_str 6/21] || Uu77bBt0eDko5iDrRNiXt2quIVPMNKvILk1eqJbAVk9e@posteo.ch [3 hosts, inv_str 1/3] || printerexpert@mail2tor.com [4 hosts, inv_str 1/6] || tor@kllx.eu [6 hosts, inv_str 4/15] || anonymous@torproject.org [8 hosts, inv_str 19/28] || email:admin[]prsv.ch url:https://prsv.ch/ proof:uri-rsa ciissversion:2 [7 hosts, inv_str 13/21] || tor@dst.ca [4 hosts, inv_str 0/6] || anonymous@torproject.org [6 hosts, inv_str 5/15] || tor@kllx.eu [4 hosts, inv_str 2/6] || anonymous@torproject.org [18 hosts, inv_str 64/153] || printerexpert@mail2tor.com [4 hosts, inv_str 4/6] || c99058397@gmail.com [3 hosts, inv_str 1/3]"
2026-06-19 18:03:39,2026-06-19 18:08:04,2,11,0,"fumonion [] protonmail (dot) com [3 hosts, inv_str 2/3] || FreeExitProvider(at)protonmail(dot)com [tor-relay.co] [8 hosts, inv_str 1/28]"
2026-06-19 18:11:00,2026-06-19 21:25:03,6,57,2,"email:admin[]prsv.ch url:https://prsv.ch/ proof:uri-rsa ciissversion:2 [6 hosts, inv_str 7/15] || printerexpert@mail2tor.com [6 hosts, inv_str 8/15] || FreeExitProvider(at)protonmail(dot)com [tor-relay.co] [9 hosts, inv_str 8/36] || email:toralf.foerster[]gmx.de gpg:1A376F994A9D026F13E24DCFC4EACDDE0076 [4 hosts, inv_str 5/6] || Satanist <admin AT 2cb dot su> [27 hosts, inv_str 129/351] || 0xa1@mailbox.org [5 hosts, inv_str 6/10]"
2026-06-19 22:04:24,2026-06-20 02:19:13,7,69,0,"email:admin[]prsv.ch url:https://prsv.ch/ proof:uri-rsa ciissversion:2 [7 hosts, inv_str 9/21] || kopfschusskorl@gmail.com [3 hosts, inv_str 0/3] || printerexpert@mail2tor.com [3 hosts, inv_str 2/3] || RandomPerson <skynet@academyforinternetresearch.org> [6 hosts, inv_str 4/15] || Artikel10 url:artikel10.org email:info[]artikel10.org abuse:abuse[]art [32 hosts, inv_str 0/496] || anonymous@torproject.org [3 hosts, inv_str 2/3] || email:admin[]prsv.ch url:https://prsv.ch/ proof:uri-rsa ciissversion:2 [5 hosts, inv_str 4/10] || email:forest-relay-contact[]cryptolab.net pgp:BCBAE3E9CB8E2FE23F29DC58 [3 hosts, inv_str 2/3] || printerexpert@mail2tor.com [3 hosts, inv_str 2/3] || anonymous@torproject.org [4 hosts, inv_str 2/6]"
2026-06-20 03:02:23,2026-06-20 04:15:17,3,42,0,"email:admin[]prsv.ch url:https://prsv.ch/ proof:uri-rsa ciissversion:2 [7 hosts, inv_str 14/21] || c99058397@gmail.com [3 hosts, inv_str 1/3] || email:admin@for-privacy.net url:for-privacy.net proof:dns-rsa abuse:ab [32 hosts, inv_str 192/496]"
2026-06-20 04:27:20,2026-06-20 04:54:17,2,7,0,"anonymous@torproject.org [4 hosts, inv_str 5/6] || themadhacker email:themadhacker[]themadhacker.net url:https://themadha [3 hosts, inv_str 2/3]"
2026-06-20 05:01:16,2026-06-20 05:21:50,2,8,0,"email:admin[]prsv.ch url:https://prsv.ch/ proof:uri-rsa ciissversion:2 [5 hosts, inv_str 5/10] || themadhacker email:themadhacker[]themadhacker.net url:https://themadha [3 hosts, inv_str 2/3]"
2026-06-20 05:50:09,2026-06-20 09:24:20,5,26,0,"email:admin[]prsv.ch url:https://prsv.ch/ proof:uri-rsa ciissversion:2 [9 hosts, inv_str 21/36] || email:denny.obreham[]a-n-o-n-y-m-e.net url:https://a-n-o-n-y-m-e.net p [3 hosts, inv_str 2/3] || printerexpert@mail2tor.com [4 hosts, inv_str 6/6] || hiwi  <hiwi AT nurfuerspam dot de> [4 hosts, inv_str 6/6] || anonymous@torproject.org [3 hosts, inv_str 2/3] || printerexpert@mail2tor.com [3 hosts, inv_str 2/3]"
2026-06-20 09:38:59,2026-06-20 10:11:28,2,9,0,"printerexpert@mail2tor.com [4 hosts, inv_str 3/6] || email:admin[]prsv.ch url:https://prsv.ch/ proof:uri-rsa ciissversion:2 [5 hosts, inv_str 4/10]"
2026-06-20 10:42:24,2026-06-20 12:35:11,4,18,0,"email:admin[]prsv.ch url:https://prsv.ch/ proof:uri-rsa ciissversion:2 [6 hosts, inv_str 8/15] || printerexpert@mail2tor.com [5 hosts, inv_str 8/10] || anonymous@torproject.org [4 hosts, inv_str 4/6] || Uu77bBt0eDko5iDrRNiXt2quIVPMNKvILk1eqJbAVk9e@posteo.ch [3 hosts, inv_str 1/3]"
2026-06-20 12:49:33,2026-06-20 13:41:05,3,17,0,"email:admin[]prsv.ch url:https://prsv.ch/ proof:uri-rsa ciissversion:2 [5 hosts, inv_str 7/10] || printerexpert@mail2tor.com [4 hosts, inv_str 1/6] || anonymous@torproject.org [8 hosts, inv_str 15/28]"
2026-06-20 13:56:50,2026-06-20 14:16:39,2,9,0,"email:admin[]prsv.ch url:https://prsv.ch/ proof:uri-rsa ciissversion:2 [3 hosts, inv_str 2/3] || tor@kllx.eu [6 hosts, inv_str 10/15]"
2026-06-20 14:34:04,2026-06-20 19:47:44,4,45,0,"email:admin[]prsv.ch url:https://prsv.ch/ proof:uri-rsa ciissversion:2 [9 hosts, inv_str 19/36] || c99058397@gmail.com [3 hosts, inv_str 2/3] || anonymous@torproject.org [13 hosts, inv_str 45/78] || printerexpert@mail2tor.com [3 hosts, inv_str 1/3] || printerexpert@mail2tor.com [4 hosts, inv_str 3/6] || printerexpert@mail2tor.com [6 hosts, inv_str 7/15] || printerexpert@mail2tor.com [7 hosts, inv_str 7/21]"
2026-06-20 21:03:42,2026-06-20 23:12:54,2,10,0,"email:admin[]prsv.ch url:https://prsv.ch/ proof:uri-rsa ciissversion:2 [6 hosts, inv_str 2/15] || printerexpert@mail2tor.com [4 hosts, inv_str 1/6]"
2026-06-20 23:42:04,2026-06-21 02:18:26,5,57,0,"email:admin[]prsv.ch url:https://prsv.ch/ proof:uri-rsa ciissversion:2 [6 hosts, inv_str 10/15] || RandomPerson <skynet@academyforinternetresearch.org> [3 hosts, inv_str 2/3] || printerexpert@mail2tor.com [6 hosts, inv_str 13/15] || Artikel10 url:artikel10.org email:info[]artikel10.org abuse:abuse[]art [32 hosts, inv_str 0/496] || tr0419@proton.me [3 hosts, inv_str 1/3] || tr0419@proton.me [3 hosts, inv_str 2/3] || printerexpert@mail2tor.com [4 hosts, inv_str 3/6]"
2026-06-21 02:51:35,2026-06-21 03:32:05,2,7,0,"email:admin[]prsv.ch url:https://prsv.ch/ proof:uri-rsa ciissversion:2 [4 hosts, inv_str 4/6] || hello@relaymagic.org (relaymagic.org/contact) [3 hosts, inv_str 0/3]"
2026-06-21 04:02:56,2026-06-21 04:36:31,2,18,0,"email:admin[]stormycloud.org url:https://stormycloud.org proof:uri-fam [15 hosts, inv_str 0/105] || email:admin[]prsv.ch url:https://prsv.ch/ proof:uri-rsa ciissversion:2 [3 hosts, inv_str 2/3]"
2026-06-21 04:57:03,2026-06-21 08:29:46,3,27,0,"email:admin[]prsv.ch url:https://prsv.ch/ proof:uri-rsa ciissversion:2 [18 hosts, inv_str 79/153] || printerexpert@mail2tor.com [3 hosts, inv_str 3/3] || anonymous@torproject.org [3 hosts, inv_str 2/3] || printerexpert@mail2tor.com [3 hosts, inv_str 1/3]"
2026-06-21 08:55:15,2026-06-21 11:33:53,4,33,0,"email:info[]osservatorionessuno.org url:https://osservatorionessuno.or [3 hosts, inv_str 1/3] || tor@wurzelmann.at [8 hosts, inv_str 20/28] || email:admin[]prsv.ch url:https://prsv.ch/ proof:uri-rsa ciissversion:2 [7 hosts, inv_str 9/21] || Foundation for Applied Privacy email:tor[]appliedprivacy.net donationu [15 hosts, inv_str 30/105]"
2026-06-21 12:03:28,2026-06-21 14:52:17,5,48,4,"anonymous@torproject.org [6 hosts, inv_str 11/15] || email:admin[]prsv.ch url:https://prsv.ch/ proof:uri-rsa ciissversion:2 [7 hosts, inv_str 12/21] || c99058397@gmail.com [3 hosts, inv_str 2/3] || printerexpert@mail2tor.com [3 hosts, inv_str 3/3] || anonymous@torproject.org [18 hosts, inv_str 89/153] || email:Quetzalcoatl_relays[]proton.me url:https://quetzalcoatl-relays.o [4 hosts, inv_str 2/6] || c99058397@gmail.com [3 hosts, inv_str 3/3] || email:admin[]prsv.ch url:https://prsv.ch/ proof:uri-rsa ciissversion:2 [4 hosts, inv_str 3/6]"
2026-06-21 15:15:26,2026-06-21 18:13:46,2,11,0,"email:admin[]prsv.ch url:https://prsv.ch/ proof:uri-rsa ciissversion:2 [8 hosts, inv_str 19/28] || printerexpert@mail2tor.com [3 hosts, inv_str 0/3]"
2026-06-21 18:43:49,2026-06-21 22:50:21,4,29,0,"email:admin[]prsv.ch url:https://prsv.ch/ proof:uri-rsa ciissversion:2 [10 hosts, inv_str 34/45] || printerexpert@mail2tor.com [3 hosts, inv_str 2/3] || w3x0cvqh7u4dccyj7369zy6@proton.me [4 hosts, inv_str 3/6] || flowjob(at)protonmail(dot)ch [7 hosts, inv_str 12/21] || printerexpert@mail2tor.com [5 hosts, inv_str 7/10]"
2026-06-21 23:56:30,2026-06-22 01:13:41,5,31,0,"printerexpert@mail2tor.com [5 hosts, inv_str 9/10] || RandomPerson <skynet@academyforinternetresearch.org> [7 hosts, inv_str 6/21] || email:admin[]prsv.ch url:https://prsv.ch/ proof:uri-rsa ciissversion:2 [7 hosts, inv_str 7/21] || abuse@doggett.tech [3 hosts, inv_str 3/3] || tor@anarchosyndical.org [6 hosts, inv_str 11/15] || printerexpert@mail2tor.com [3 hosts, inv_str 2/3]"
2026-06-22 03:28:00,2026-06-22 03:31:50,2,247,0,"email:admin[]prsv.ch url:https://prsv.ch/ proof:uri-rsa ciissversion:2 [3 hosts, inv_str 3/3] || email:tor[]1aeo.com url:https://www.1aeo.com proof:uri-familyid-ed2551 [244 hosts, inv_str 13549/29646]"
2026-06-22 04:18:29,2026-06-22 07:52:55,4,44,0,"email:admin[]prsv.ch url:https://prsv.ch/ proof:uri-rsa ciissversion:2 [6 hosts, inv_str 6/15] || email:admin@for-privacy.net url:for-privacy.net proof:dns-rsa abuse:ab [32 hosts, inv_str 224/496] || anonymous@torproject.org [3 hosts, inv_str 1/3] || printerexpert@mail2tor.com [3 hosts, inv_str 1/3]"
2026-06-22 09:22:06,2026-06-22 16:36:54,9,125,59,"email:admin[]prsv.ch url:https://prsv.ch/ proof:uri-rsa ciissversion:2 [8 hosts, inv_str 16/28] || anonymous@torproject.org [4 hosts, inv_str 1/6] || printerexpert@mail2tor.com [3 hosts, inv_str 2/3] || email:Quetzalcoatl_relays[]proton.me url:https://quetzalcoatl-relays.o [48 hosts, inv_str 582/1128] || anonymous@torproject.org [5 hosts, inv_str 5/10] || email:info[]osservatorionessuno.org url:https://osservatorionessuno.or [3 hosts, inv_str 1/3] || anonymous@torproject.org [9 hosts, inv_str 9/36] || Uu77bBt0eDko5iDrRNiXt2quIVPMNKvILk1eqJbAVk9e@posteo.ch [3 hosts, inv_str 1/3] || email:Quetzalcoatl_relays[]proton.me url:https://quetzalcoatl-relays.o [14 hosts, inv_str 66/91] || 0xE12ECD2E Nicola Ferralis <feranick AT hotmail dot com> [3 hosts, inv_str 2/3] || torrelay@brave.com [3 hosts, inv_str 2/3] || email:info[]osservatorionessuno.org url:https://osservatorionessuno.or [3 hosts, inv_str 3/3] || Uu77bBt0eDko5iDrRNiXt2quIVPMNKvILk1eqJbAVk9e@posteo.ch [3 hosts, inv_str 0/3] || email:admin[]prsv.ch url:https://prsv.ch/ proof:uri-rsa ciissversion:2 [5 hosts, inv_str 4/10] || printerexpert@mail2tor.com [3 hosts, inv_str 1/3] || email:Quetzalcoatl_relays[]proton.me url:https://quetzalcoatl-relays.o [5 hosts, inv_str 7/10] || anyone-motor-cycle@duck.com [3 hosts, inv_str 0/3]"
2026-06-22 16:41:10,2026-06-22 19:19:29,5,39,7,"email:admin[]prsv.ch url:https://prsv.ch/ proof:uri-rsa ciissversion:2 [7 hosts, inv_str 4/21] || Digitalcourage e.V. email:tor-abuse[]digitalcourage.de abuse:tor-abuse [15 hosts, inv_str 42/105] || email:Quetzalcoatl_relays[]proton.me url:https://quetzalcoatl-relays.o [3 hosts, inv_str 0/3] || email:Quetzalcoatl_relays[]proton.me url:https://quetzalcoatl-relays.o [7 hosts, inv_str 8/21] || none [3 hosts, inv_str 3/3] || printerexpert@mail2tor.com [4 hosts, inv_str 5/6]"
2026-06-22 19:43:34,2026-06-22 20:22:50,2,8,0,"email:admin[]prsv.ch url:https://prsv.ch/ proof:uri-rsa ciissversion:2 [5 hosts, inv_str 3/10] || Satanist <admin AT 2cb dot su> [3 hosts, inv_str 2/3]"
2026-06-22 20:33:46,2026-06-22 22:18:03,3,15,0,"printerexpert@mail2tor.com [5 hosts, inv_str 6/10] || email:admin[]prsv.ch url:https://prsv.ch/ proof:uri-rsa ciissversion:2 [7 hosts, inv_str 10/21] || oimnidtx@4wrd.cc [3 hosts, inv_str 0/3]"
2026-06-22 23:46:42,2026-06-23 04:51:49,15,158,11,"email:admin[]prsv.ch url:https://prsv.ch/ proof:uri-rsa ciissversion:2 [7 hosts, inv_str 11/21] || RandomPerson <skynet@academyforinternetresearch.org> [7 hosts, inv_str 9/21] || printerexpert@mail2tor.com [7 hosts, inv_str 11/21] || c99058397@gmail.com [3 hosts, inv_str 2/3] || <trly1 AT proton dot me> [3 hosts, inv_str 1/3] || anonymous@torproject.org [3 hosts, inv_str 1/3] || Artikel10 url:artikel10.org email:info[]artikel10.org abuse:abuse[]art [32 hosts, inv_str 30/496] || email:Quetzalcoatl_relays[]proton.me url:https://quetzalcoatl-relays.o [11 hosts, inv_str 41/55] || printerexpert@mail2tor.com [4 hosts, inv_str 4/6] || escapemeplz@proton.me [5 hosts, inv_str 3/10] || email:admin[]prsv.ch url:https://prsv.ch/ proof:uri-rsa ciissversion:2 [6 hosts, inv_str 7/15] || hello@relaymagic.org (relaymagic.org/contact) [3 hosts, inv_str 1/3] || printerexpert@mail2tor.com [5 hosts, inv_str 7/10] || relay // at // pommespanzer // dot // cc [13 hosts, inv_str 30/78] || DFRI email:tor[]dfri.se url:https://dfri.se proof:dns-familyid-ed25519 [9 hosts, inv_str 21/36] || ContactInfo email:knight AT germancraft dot net url:germancraft.net pr [5 hosts, inv_str 9/10] || gleepdorf AT proton DOT me [3 hosts, inv_str 1/3] || email:admin@for-privacy.net url:for-privacy.net proof:dns-rsa abuse:ab [32 hosts, inv_str 175/496]"
2026-06-23 05:39:14,2026-06-23 21:21:09,15,144,6,"Satanist <admin AT 2cb dot su> [25 hosts, inv_str 129/300] || email:admin[]prsv.ch url:https://prsv.ch/ proof:uri-rsa ciissversion:2 [12 hosts, inv_str 28/66] || DFRI email:tor[]dfri.se url:https://dfri.se proof:dns-familyid-ed25519 [10 hosts, inv_str 30/45] || hades_xxn7[]tutamail {DOT} com [3 hosts, inv_str 1/3] || anonymous@torproject.org [3 hosts, inv_str 2/3] || printerexpert@mail2tor.com [4 hosts, inv_str 3/6] || printerexpert@mail2tor.com [3 hosts, inv_str 0/3] || email:privacyboys@tutanota.com hoster:atomicnetworks cost:64USD donati [4 hosts, inv_str 4/6] || anonymous@torproject.org [23 hosts, inv_str 100/253] || printerexpert@mail2tor.com [4 hosts, inv_str 4/6] || printerexpert@mail2tor.com [3 hosts, inv_str 3/3] || email:admin@for-privacy.net url:for-privacy.net proof:dns-rsa abuse:ab [3 hosts, inv_str 2/3] || printerexpert@mail2tor.com [4 hosts, inv_str 5/6] || fumonion [] protonmail (dot) com [5 hosts, inv_str 8/10] || email:Quetzalcoatl_relays[]proton.me url:https://quetzalcoatl-relays.o [4 hosts, inv_str 2/6] || printerexpert@mail2tor.com [4 hosts, inv_str 3/6] || email:admin@gjan.info pgp:FECDEB1EF59273C0C5A3670CF9EF0D6BED5CB330 [3 hosts, inv_str 2/3] || Chaos Computer Club Wien (C3W) email:anonymity[]c3w.at url:https://c3w [4 hosts, inv_str 0/6] || mail@waldecker.me [3 hosts, inv_str 1/3] || anonymous@torproject.org [3 hosts, inv_str 2/3] || Markus <markus AT mdfnet dot se> [3 hosts, inv_str 0/3] || Chaos Computer Club Wien (C3W) email:anonymity[]c3w.at url:https://c3w [4 hosts, inv_str 5/6] || email:toralf.foerster[]gmx.de gpg:1A376F994A9D026F13E24DCFC4EACDDE0076 [5 hosts, inv_str 6/10] || printerexpert@mail2tor.com [5 hosts, inv_str 4/10]"
2026-06-23 21:49:06,2026-06-23 22:27:45,2,9,0,"email:admin[]prsv.ch url:https://prsv.ch/ proof:uri-rsa ciissversion:2 [6 hosts, inv_str 4/15] || KeFF NOC <noc AT keff dot org> [3 hosts, inv_str 2/3]"
2026-06-23 22:55:42,2026-06-24 00:32:00,2,12,0,"email:admin[]prsv.ch url:https://prsv.ch/ proof:uri-rsa ciissversion:2 [7 hosts, inv_str 16/21] || RandomPerson <skynet@academyforinternetresearch.org> [5 hosts, inv_str 2/10]"
2026-06-24 00:32:37,2026-06-24 02:50:21,4,46,0,"anonymous@torproject.org [4 hosts, inv_str 4/6] || email:admin[]prsv.ch url:https://prsv.ch/ proof:uri-rsa ciissversion:2 [7 hosts, inv_str 11/21] || printerexpert@mail2tor.com [3 hosts, inv_str 1/3] || Artikel10 url:artikel10.org email:info[]artikel10.org abuse:abuse[]art [32 hosts, inv_str 0/496]"
2026-06-24 03:19:15,2026-06-24 04:55:24,3,14,0,"email:admin[]prsv.ch url:https://prsv.ch/ proof:uri-rsa ciissversion:2 [7 hosts, inv_str 8/21] || relay // at // pommespanzer // dot // cc [4 hosts, inv_str 4/6] || mail@waldecker.me [3 hosts, inv_str 1/3]"
2026-06-24 05:04:17,2026-06-24 06:57:12,3,19,0,"email:admin[]prsv.ch url:https://prsv.ch/ proof:uri-rsa ciissversion:2 [5 hosts, inv_str 6/10] || anonymous@torproject.org [6 hosts, inv_str 10/15] || printerexpert@mail2tor.com [3 hosts, inv_str 2/3] || email:admin[]prsv.ch url:https://prsv.ch/ proof:uri-rsa ciissversion:2 [5 hosts, inv_str 5/10]"
2026-06-24 07:18:17,2026-06-24 09:09:42,2,16,0,"email:admin[]prsv.ch url:https://prsv.ch/ proof:uri-rsa ciissversion:2 [5 hosts, inv_str 4/10] || ether1991 at pm.me [11 hosts, inv_str 9/55]"
2026-06-24 09:12:46,2026-06-24 10:11:10,2,9,0,"anonymous@torproject.org [3 hosts, inv_str 1/3] || email:admin[]prsv.ch url:https://prsv.ch/ proof:uri-rsa ciissversion:2 [6 hosts, inv_str 7/15]"
2026-06-24 10:14:12,2026-06-24 18:59:56,11,163,3,"anonymous@torproject.org [29 hosts, inv_str 194/406] || ether1991 at pm.me [11 hosts, inv_str 3/55] || email:admin[]prsv.ch url:https://prsv.ch/ proof:uri-rsa ciissversion:2 [7 hosts, inv_str 10/21] || anonymous@torproject.org [36 hosts, inv_str 251/630] || Uu77bBt0eDko5iDrRNiXt2quIVPMNKvILk1eqJbAVk9e@posteo.ch [3 hosts, inv_str 0/3] || c99058397@gmail.com [3 hosts, inv_str 3/3] || printerexpert@mail2tor.com [3 hosts, inv_str 2/3] || 53421sage@proton.me [3 hosts, inv_str 1/3] || printerexpert@mail2tor.com [3 hosts, inv_str 1/3] || anonymous@torproject.org [29 hosts, inv_str 165/406] || opencommunities __at__ proton.me [13 hosts, inv_str 33/78] || email:admin[]prsv.ch url:https://prsv.ch/ proof:uri-rsa ciissversion:2 [8 hosts, inv_str 22/28] || Kavin <kavin-tor AT protonmail dot com> [4 hosts, inv_str 1/6] || email:info[]osservatorionessuno.org url:https://osservatorionessuno.or [3 hosts, inv_str 0/3] || email:Quetzalcoatl_relays[]proton.me url:https://quetzalcoatl-relays.o [3 hosts, inv_str 1/3] || email:admin[]prsv.ch url:https://prsv.ch/ proof:uri-rsa ciissversion:2 [5 hosts, inv_str 6/10]"
2026-06-24 19:01:49,2026-06-24 22:25:04,6,69,0,"anonymous@torproject.org [27 hosts, inv_str 196/351] || email:admin[]prsv.ch url:https://prsv.ch/ proof:uri-rsa ciissversion:2 [6 hosts, inv_str 11/15] || email:info[]osservatorionessuno.org url:https://osservatorionessuno.or [3 hosts, inv_str 1/3] || email:admin[]prsv.ch url:https://prsv.ch/ proof:uri-rsa ciissversion:2 [5 hosts, inv_str 1/10] || 0xE12ECD2E Nicola Ferralis <feranick AT hotmail dot com> [3 hosts, inv_str 2/3] || email:admin[]prsv.ch url:https://prsv.ch/ proof:uri-rsa ciissversion:2 [4 hosts, inv_str 1/6] || tor@kllx.eu [4 hosts, inv_str 2/6] || anonymous@torproject.org [11 hosts, inv_str 38/55] || printerexpert@mail2tor.com [6 hosts, inv_str 4/15]"
2026-06-24 23:32:36,2026-06-25 00:49:59,5,138,0,"email:admin[@]unredacted.org url:unredacted.org proof:dns-familyid-ed2 [117 hosts, inv_str 2418/6786] || RandomPerson <skynet@academyforinternetresearch.org> [7 hosts, inv_str 6/21] || 0xFFFFFFFF <tormaster AT kkb-clan dot de> [6 hosts, inv_str 9/15] || email:admin[]prsv.ch url:https://prsv.ch/ proof:uri-rsa ciissversion:2 [5 hosts, inv_str 7/10] || anonymous@torproject.org [3 hosts, inv_str 1/3]"
2026-06-25 01:12:38,2026-06-25 01:48:47,2,8,0,"email:admin[]prsv.ch url:https://prsv.ch/ proof:uri-rsa ciissversion:2 [4 hosts, inv_str 2/6] || Canadian Amateur Radio Operator c/s VA1DER < nameofthisrelay symbol ca [4 hosts, inv_str 4/6]"
2026-06-25 02:03:49,2026-06-25 08:51:22,36,517,61,"email:forest-relay-contact[]cryptolab.net pgp:BCBAE3E9CB8E2FE23F29DC58 [44 hosts, inv_str 549/946] || email:Quetzalcoatl_relays[]proton.me url:https://quetzalcoatl-relays.o [59 hosts, inv_str 822/1711] || Artikel10 url:artikel10.org email:info[]artikel10.org abuse:abuse[]art [4 hosts, inv_str 0/6] || email:admin[]prsv.ch url:https://prsv.ch/ proof:uri-rsa ciissversion:2 [9 hosts, inv_str 22/36] || email:admin[@]unredacted.org url:unredacted.org proof:dns-familyid-ed2 [118 hosts, inv_str 2508/6903] || FlashTor at e.mail DOT de [3 hosts, inv_str 1/3] || hello@relaymagic.org (relaymagic.org/contact) [3 hosts, inv_str 1/3] || Artikel10 url:artikel10.org email:info[]artikel10.org abuse:abuse[]art [32 hosts, inv_str 218/496] || tor@zgato.ru [4 hosts, inv_str 1/6] || email:admin[]prsv.ch url:https://prsv.ch/ proof:uri-rsa ciissversion:2 [10 hosts, inv_str 23/45] || abuse@doggett.tech [3 hosts, inv_str 3/3] || tor@wurzelmann.at [7 hosts, inv_str 10/21] || haku19-@-mail.com [4 hosts, inv_str 3/6] || tor@zgato.ru [11 hosts, inv_str 23/55] || 0xFFFFFFFF Hjelm Enterprises <info ( AT ) hjelmenterprises ( DOT ) com [4 hosts, inv_str 3/6] || DFRI email:tor[]dfri.se url:https://dfri.se proof:dns-familyid-ed25519 [10 hosts, inv_str 15/45] || Digitalcourage e.V. email:tor-abuse[]digitalcourage.de abuse:tor-abuse [15 hosts, inv_str 47/105] || ContactInfo email:knight AT germancraft dot net url:germancraft.net pr [3 hosts, inv_str 3/3] || Contact (at)SilSte on chaos.social [tor-relay.co] [3 hosts, inv_str 3/3] || email:info[]osservatorionessuno.org url:https://osservatorionessuno.or [3 hosts, inv_str 3/3] || email:tor [] middelstaedt dot com url:https://middelstaedt.com proof:u [5 hosts, inv_str 3/10] || 0x9F29C15D42A8B6F3 Nos oignons - 17WLwtW63FrHeMAEVkALnwhfmizBxGXDW1 em [4 hosts, inv_str 4/6] || F3 Netze <abuse@f3netze.de> email:abuse[]f3netze.de abuse:abuse[]f3net [8 hosts, inv_str 16/28] || email:admin@for-privacy.net url:for-privacy.net proof:dns-rsa abuse:ab [32 hosts, inv_str 191/496] || email:tor [] middelstaedt dot com url:https://middelstaedt.com proof:u [4 hosts, inv_str 1/6] || Chaos Computer Club Wien (C3W) email:anonymity[]c3w.at url:https://c3w [4 hosts, inv_str 2/6] || anonymous@torproject.org [7 hosts, inv_str 8/21] || hiwi  <hiwi AT nurfuerspam dot de> [4 hosts, inv_str 2/6] || Satanist <admin AT 2cb dot su> [10 hosts, inv_str 24/45] || oimnidtx@4wrd.cc [3 hosts, inv_str 1/3] || hwangchulsoo@proton.me [4 hosts, inv_str 6/6] || email:forest-relay-contact[]cryptolab.net pgp:BCBAE3E9CB8E2FE23F29DC58 [14 hosts, inv_str 44/91] || anonymous@torproject.org [10 hosts, inv_str 21/45] || olokerunningtor aT protonmail dot com [3 hosts, inv_str 2/3] || xiaoqic at cs dot princeton dot edu url:cxqn.info proof:uri-rsa ciissv [3 hosts, inv_str 1/3] || relay // at // pommespanzer // dot // cc [10 hosts, inv_str 23/45] || email:tor[]r0cket.net url:https://tor.r0cket.net/ proof:uri-rsa abuse: [8 hosts, inv_str 11/28] || DFRI email:tor[]dfri.se url:https://dfri.se proof:dns-familyid-ed25519 [8 hosts, inv_str 12/28] || email:support@unshakled.org url:unshakled.org proof:uri-rsa abuse:abus [3 hosts, inv_str 0/3] || NN <relay-ops AT noonion dot de> [3 hosts, inv_str 0/3] || olokerunningtor aT protonmail dot com [3 hosts, inv_str 3/3] || email:staff[]dotsrc.org url:https://dotsrc.org proof:uri-rsa ciissvers [11 hosts, inv_str 15/55] || tutkfk@protonmail.com [3 hosts, inv_str 3/3] || Artikel10 url:artikel10.org email:info[]artikel10.org abuse:abuse[]art [4 hosts, inv_str 0/6]"
2026-06-25 09:14:44,2026-06-25 11:21:05,4,38,0,"email:admin[]prsv.ch url:https://prsv.ch/ proof:uri-rsa ciissversion:2 [5 hosts, inv_str 6/10] || email:privacyboys@tutanota.com hoster:atomicnetworks cost:64USD donati [4 hosts, inv_str 3/6] || printerexpert@mail2tor.com [3 hosts, inv_str 1/3] || tor@zgato.ru [26 hosts, inv_str 141/325]"
2026-06-25 11:39:41,2026-06-25 15:40:41,9,70,0,"tor@zgato.ru [3 hosts, inv_str 0/3] || email:admin[]prsv.ch url:https://prsv.ch/ proof:uri-rsa ciissversion:2 [6 hosts, inv_str 13/15] || anonymous@torproject.org [3 hosts, inv_str 1/3] || dplus26@fastmail.com [3 hosts, inv_str 3/3] || Uu77bBt0eDko5iDrRNiXt2quIVPMNKvILk1eqJbAVk9e@posteo.ch [3 hosts, inv_str 1/3] || email:info[]osservatorionessuno.org url:https://osservatorionessuno.or [3 hosts, inv_str 1/3] || email:admin[]prsv.ch url:https://prsv.ch/ proof:uri-rsa ciissversion:2 [5 hosts, inv_str 5/10] || printerexpert@mail2tor.com [4 hosts, inv_str 3/6] || nano-tor-relays@proton.me [8 hosts, inv_str 6/28] || email:admin[]prsv.ch url:https://prsv.ch/ proof:uri-rsa ciissversion:2 [8 hosts, inv_str 10/28] || wxw at safe-mail dot net [17 hosts, inv_str 82/136] || anonymous@torproject.org [7 hosts, inv_str 12/21]"
2026-06-25 16:01:24,2026-06-25 22:12:26,7,59,3,"email:admin[]prsv.ch url:https://prsv.ch/ proof:uri-rsa ciissversion:2 [6 hosts, inv_str 5/15] || jamar1992@protonmail.com [4 hosts, inv_str 2/6] || Foundation for Applied Privacy email:tor[]appliedprivacy.net donationu [15 hosts, inv_str 50/105] || anonymous@torproject.org [5 hosts, inv_str 3/10] || email:toralf.foerster[]gmx.de gpg:1A376F994A9D026F13E24DCFC4EACDDE0076 [4 hosts, inv_str 3/6] || email:info[]osservatorionessuno.org url:https://osservatorionessuno.or [3 hosts, inv_str 2/3] || email:admin[]prsv.ch url:https://prsv.ch/ proof:uri-rsa ciissversion:2 [5 hosts, inv_str 5/10] || email:info[]osservatorionessuno.org url:https://osservatorionessuno.or [3 hosts, inv_str 1/3] || Stan <favorite0ne@proton.me> [3 hosts, inv_str 3/3] || email:info[]osservatorionessuno.org url:https://osservatorionessuno.or [11 hosts, inv_str 25/55]"
2026-06-25 22:14:02,2026-06-26 02:11:52,6,126,0,"pczer@hushmail.com [3 hosts, inv_str 2/3] || email:admin[]prsv.ch url:https://prsv.ch/ proof:uri-rsa ciissversion:2 [66 hosts, inv_str 1231/2145] || RandomPerson <skynet@academyforinternetresearch.org> [6 hosts, inv_str 4/15] || anonymous@torproject.org [22 hosts, inv_str 83/231] || email:info[]osservatorionessuno.org url:https://osservatorionessuno.or [10 hosts, inv_str 23/45] || Alpenwall email:alpenwall[]proton.me pgp:11F9B9631297C6E8A6ABAEB20F35F [19 hosts, inv_str 67/171]"
2026-06-26 02:15:57,2026-06-26 19:29:32,38,448,59,"printerexpert@mail2tor.com [3 hosts, inv_str 1/3] || email:admin[]prsv.ch url:https://prsv.ch/ proof:uri-rsa ciissversion:2 [6 hosts, inv_str 5/15] || anonymous@torproject.org [35 hosts, inv_str 331/595] || hello@relaymagic.org (relaymagic.org/contact) [3 hosts, inv_str 0/3] || email:forest-relay-contact[]cryptolab.net pgp:BCBAE3E9CB8E2FE23F29DC58 [14 hosts, inv_str 59/91] || tor@zgato.ru [4 hosts, inv_str 4/6] || peca-relay [] mailfence dot com [3 hosts, inv_str 1/3] || ContactInfo email:knight AT germancraft dot net url:germancraft.net pr [8 hosts, inv_str 19/28] || Contact (at)SilSte on chaos.social [tor-relay.co] [3 hosts, inv_str 2/3] || 0xFFFFFFFF Hjelm Enterprises <info ( AT ) hjelmenterprises ( DOT ) com [4 hosts, inv_str 2/6] || email:forest-relay-contact[]cryptolab.net pgp:BCBAE3E9CB8E2FE23F29DC58 [7 hosts, inv_str 11/21] || email:admin[]fluffypancakes.dev url:fluffypancakes.dev proof:uri-famil [3 hosts, inv_str 3/3] || email:admin[]fluffypancakes.dev url:fluffypancakes.dev proof:uri-famil [19 hosts, inv_str 75/171] || email:admin[]prsv.ch url:https://prsv.ch/ proof:uri-rsa ciissversion:2 [12 hosts, inv_str 30/66] || F3 Netze <abuse@f3netze.de> email:abuse[]f3netze.de abuse:abuse[]f3net [4 hosts, inv_str 0/6] || tor@zgato.ru [4 hosts, inv_str 0/6] || email:admin@for-privacy.net url:for-privacy.net proof:dns-rsa abuse:ab [32 hosts, inv_str 178/496] || F3 Netze <abuse@f3netze.de> email:abuse[]f3netze.de abuse:abuse[]f3net [4 hosts, inv_str 0/6] || Satanist <admin AT 2cb dot su> [4 hosts, inv_str 2/6] || relay // at // pommespanzer // dot // cc [7 hosts, inv_str 16/21] || email:tor[]r0cket.net url:https://tor.r0cket.net/ proof:uri-rsa abuse: [4 hosts, inv_str 2/6] || torcontactemail AT proton DOT me [3 hosts, inv_str 3/3] || jets843@privatemail.com [6 hosts, inv_str 11/15] || Alpenwall email:alpenwall[]proton.me pgp:11F9B9631297C6E8A6ABAEB20F35F [8 hosts, inv_str 6/28] || Artikel10 url:artikel10.org email:info[]artikel10.org abuse:abuse[]art [4 hosts, inv_str 0/6] || anonymous@torproject.org [33 hosts, inv_str 289/528] || solitude(at)montanti(dot)us [3 hosts, inv_str 2/3] || fuckedop2@proton.me [3 hosts, inv_str 3/3] || freedomfr@pm.me [3 hosts, inv_str 2/3] || url:katawaredoki.net proof:dns-rsa ciissversion:2 btc:bc1qkclqn6kelhky [4 hosts, inv_str 3/6] || Alpenwall email:alpenwall[]proton.me pgp:11F9B9631297C6E8A6ABAEB20F35F [3 hosts, inv_str 2/3] || Uu77bBt0eDko5iDrRNiXt2quIVPMNKvILk1eqJbAVk9e@posteo.ch [3 hosts, inv_str 1/3] || freedomfr@pm.me [4 hosts, inv_str 1/6] || 🧅 [4 hosts, inv_str 2/6] || Alpenwall email:alpenwall[]proton.me pgp:11F9B9631297C6E8A6ABAEB20F35F [3 hosts, inv_str 2/3] || email:admin[]stormycloud.org url:https://stormycloud.org proof:uri-fam [8 hosts, inv_str 3/28] || anonymous@torproject.org [10 hosts, inv_str 21/45] || anonymous@torproject.org [19 hosts, inv_str 79/171] || Random Person nobody@tor.org [3 hosts, inv_str 2/3] || Kristoffer Rath Hansen <kristoffer AT rathhansen dot com> [3 hosts, inv_str 1/3] || Digitalcourage e.V. email:tor-abuse[]digitalcourage.de abuse:tor-abuse [15 hosts, inv_str 60/105] || email:toralf.foerster[]gmx.de gpg:1A376F994A9D026F13E24DCFC4EACDDE0076 [5 hosts, inv_str 5/10] || anonymous@torproject.org [18 hosts, inv_str 64/153] || fumonion [] protonmail (dot) com [5 hosts, inv_str 7/10] || Random Person nobody@tor.org [3 hosts, inv_str 2/3] || opencommunities __at__ proton.me [13 hosts, inv_str 34/78] || email:Quetzalcoatl_relays[]proton.me url:https://quetzalcoatl-relays.o [45 hosts, inv_str 544/990] || Foundation for Applied Privacy email:tor[]appliedprivacy.net donationu [15 hosts, inv_str 49/105] || email:Quetzalcoatl_relays[]proton.me url:https://quetzalcoatl-relays.o [14 hosts, inv_str 60/91] || 0xFFFFFFFF <tormaster AT kkb-clan dot de> [5 hosts, inv_str 7/10]"
2026-06-26 19:30:24,2026-06-26 23:04:50,9,76,0,"email:admin[]prsv.ch url:https://prsv.ch/ proof:uri-rsa ciissversion:2 [12 hosts, inv_str 38/66] || freedomfr@pm.me [5 hosts, inv_str 4/10] || email:admin@for-privacy.net url:for-privacy.net proof:dns-rsa abuse:ab [32 hosts, inv_str 32/496] || email:privacyboys@tutanota.com hoster:atomicnetworks cost:64USD donati [4 hosts, inv_str 4/6] || Alpenwall email:alpenwall[]proton.me pgp:11F9B9631297C6E8A6ABAEB20F35F [6 hosts, inv_str 7/15] || printerexpert@mail2tor.com [3 hosts, inv_str 1/3] || 53421sage@proton.me [3 hosts, inv_str 0/3] || freedomfr@pm.me [3 hosts, inv_str 3/3] || KeFF NOC <noc AT keff dot org> [5 hosts, inv_str 3/10] || ms192@gmx.de [3 hosts, inv_str 0/3]"
2026-06-26 23:26:00,2026-06-26 23:53:33,3,11,0,"mail:tor[]arbitrary.ch url:https://arbitrary.ch proof:uri-rsa abuse:to [3 hosts, inv_str 1/3] || kopfschusskorl@gmail.com [3 hosts, inv_str 0/3] || email:admin[]prsv.ch url:https://prsv.ch/ proof:uri-rsa ciissversion:2 [5 hosts, inv_str 5/10]"
2026-06-27 00:21:10,2026-06-27 01:59:55,4,18,0,"email:admin[]prsv.ch url:https://prsv.ch/ proof:uri-rsa ciissversion:2 [9 hosts, inv_str 18/36] || email me if you gotta u89b47 AT proton mail [3 hosts, inv_str 1/3] || printerexpert@mail2tor.com [3 hosts, inv_str 2/3] || Alpenwall email:alpenwall[]proton.me pgp:11F9B9631297C6E8A6ABAEB20F35F [3 hosts, inv_str 2/3]"
2026-06-27 02:02:51,2026-06-27 02:13:15,2,9,0,"kopfschusskorl@gmail.com [5 hosts, inv_str 6/10] || Artikel10 url:artikel10.org email:info[]artikel10.org abuse:abuse[]art [4 hosts, inv_str 2/6]"
2026-06-27 02:23:22,2026-06-27 05:31:43,16,137,0,"email:admin[]prsv.ch url:https://prsv.ch/ proof:uri-rsa ciissversion:2 [7 hosts, inv_str 13/21] || Alpenwall email:alpenwall[]proton.me pgp:11F9B9631297C6E8A6ABAEB20F35F [3 hosts, inv_str 0/3] || Tim [3 hosts, inv_str 2/3] || hello@relaymagic.org (relaymagic.org/contact) [3 hosts, inv_str 2/3] || tor@wurzelmann.at [8 hosts, inv_str 17/28] || Artikel10 url:artikel10.org email:info[]artikel10.org abuse:abuse[]art [32 hosts, inv_str 213/496] || DFRI email:tor[]dfri.se url:https://dfri.se proof:dns-familyid-ed25519 [10 hosts, inv_str 22/45] || dplus26@fastmail.com [3 hosts, inv_str 2/3] || email:admin@for-privacy.net url:for-privacy.net proof:dns-rsa abuse:ab [32 hosts, inv_str 229/496] || email:tor [] middelstaedt dot com url:https://middelstaedt.com proof:u [4 hosts, inv_str 3/6] || tor@zgato.ru [9 hosts, inv_str 24/36] || Contact (at)SilSte on chaos.social [tor-relay.co] [3 hosts, inv_str 1/3] || F3 Netze <abuse@f3netze.de> email:abuse[]f3netze.de abuse:abuse[]f3net [4 hosts, inv_str 5/6] || 0xFFFFFFFF Hjelm Enterprises <info ( AT ) hjelmenterprises ( DOT ) com [4 hosts, inv_str 4/6] || Chaos Computer Club Wien (C3W) email:anonymity[]c3w.at url:https://c3w [4 hosts, inv_str 3/6] || ContactInfo email:knight AT germancraft dot net url:germancraft.net pr [4 hosts, inv_str 3/6] || email:admin[]prsv.ch url:https://prsv.ch/ proof:uri-rsa ciissversion:2 [4 hosts, inv_str 3/6]"
2026-06-27 05:47:43,2026-06-27 11:13:54,20,143,0,"haku19-@-mail.com [4 hosts, inv_str 2/6] || email:admin[]prsv.ch url:https://prsv.ch/ proof:uri-rsa ciissversion:2 [8 hosts, inv_str 20/28] || oimnidtx@4wrd.cc [3 hosts, inv_str 1/3] || DFRI email:tor[]dfri.se url:https://dfri.se proof:dns-familyid-ed25519 [10 hosts, inv_str 25/45] || relay // at // pommespanzer // dot // cc [8 hosts, inv_str 16/28] || email:forest-relay-contact[]cryptolab.net pgp:BCBAE3E9CB8E2FE23F29DC58 [21 hosts, inv_str 89/210] || email:tor[]r0cket.net url:https://tor.r0cket.net/ proof:uri-rsa abuse: [7 hosts, inv_str 14/21] || jamar1992@protonmail.com [4 hosts, inv_str 4/6] || email:staff[]dotsrc.org url:https://dotsrc.org proof:uri-rsa ciissvers [11 hosts, inv_str 19/55] || tor@qbix.mozmail.com [3 hosts, inv_str 2/3] || your@e-mail [4 hosts, inv_str 4/6] || printerexpert@mail2tor.com [3 hosts, inv_str 3/3] || freedomfr@pm.me [3 hosts, inv_str 1/3] || email:admin[]prsv.ch url:https://prsv.ch/ proof:uri-rsa ciissversion:2 [11 hosts, inv_str 31/55] || hiwi  <hiwi AT nurfuerspam dot de> [4 hosts, inv_str 1/6] || c99058397@gmail.com [3 hosts, inv_str 3/3] || Alpenwall email:alpenwall[]proton.me pgp:11F9B9631297C6E8A6ABAEB20F35F [3 hosts, inv_str 1/3] || jets843@privatemail.com [6 hosts, inv_str 12/15] || freedomfr@pm.me [3 hosts, inv_str 3/3] || hades_xxn7[]tutamail {DOT} com [4 hosts, inv_str 4/6] || Alpenwall email:alpenwall[]proton.me pgp:11F9B9631297C6E8A6ABAEB20F35F [4 hosts, inv_str 2/6] || tor@zgato.ru [10 hosts, inv_str 21/45] || freedomfr@pm.me [3 hosts, inv_str 1/3] || underw00d72@mail.com [3 hosts, inv_str 2/3]"
2026-06-27 11:38:30,2026-06-28 02:22:53,30,273,0,"tor@zgato.ru [3 hosts, inv_str 1/3] || email:admin[]prsv.ch url:https://prsv.ch/ proof:uri-rsa ciissversion:2 [13 hosts, inv_str 54/78] || freedomfr@pm.me [3 hosts, inv_str 0/3] || Uu77bBt0eDko5iDrRNiXt2quIVPMNKvILk1eqJbAVk9e@posteo.ch [3 hosts, inv_str 1/3] || Alpenwall email:alpenwall[]proton.me pgp:11F9B9631297C6E8A6ABAEB20F35F [3 hosts, inv_str 2/3] || anonymous@torproject.org [4 hosts, inv_str 4/6] || khankrum359@gmail.com [3 hosts, inv_str 1/3] || Alpenwall email:alpenwall[]proton.me pgp:11F9B9631297C6E8A6ABAEB20F35F [4 hosts, inv_str 2/6] || freedomfr@pm.me [4 hosts, inv_str 5/6] || your@e-mail [3 hosts, inv_str 1/3] || nano-tor-relays@proton.me [4 hosts, inv_str 5/6] || torrelay@brave.com [3 hosts, inv_str 0/3] || anonymous@torproject.org [3 hosts, inv_str 0/3] || giannoug|__AT-|gmail{ DOt-}com [3 hosts, inv_str 0/3] || tor@zgato.ru [3 hosts, inv_str 1/3] || Alpenwall email:alpenwall[]proton.me pgp:11F9B9631297C6E8A6ABAEB20F35F [12 hosts, inv_str 39/66] || c99058397@gmail.com [3 hosts, inv_str 3/3] || printerexpert@mail2tor.com [3 hosts, inv_str 1/3] || email:zwiebelrouter[]protonmail[]com ciissversion:3 url:zwiebelrouter. [5 hosts, inv_str 4/10] || email:info[]osservatorionessuno.org url:https://osservatorionessuno.or [3 hosts, inv_str 0/3] || anyone-motor-cycle@duck.com [3 hosts, inv_str 0/3] || freedomfr@pm.me [4 hosts, inv_str 3/6] || email:zwiebelrouter[]protonmail[]com ciissversion:3 url:zwiebelrouter. [3 hosts, inv_str 2/3] || Viktor Nikolov email:vnikolov[]vnikolov.cz url:nikolov.cz proof:dns-rs [4 hosts, inv_str 0/6] || email:abuse-ripe[]digitale-gesellschaft.ch url:https://www.digitale-ge [3 hosts, inv_str 0/3] || email:info[]osservatorionessuno.org url:https://osservatorionessuno.or [3 hosts, inv_str 1/3] || email:zwiebelrouter[]protonmail[]com ciissversion:3 url:zwiebelrouter. [5 hosts, inv_str 0/10] || anonymous@torproject.org [3 hosts, inv_str 1/3] || freedomfr@pm.me [5 hosts, inv_str 6/10] || Steve <tor@digital-world.dev> [3 hosts, inv_str 1/3] || email:toralf.foerster[]gmx.de gpg:1A376F994A9D026F13E24DCFC4EACDDE0076 [3 hosts, inv_str 2/3] || tor-master tor-master@lysator.liu.se [3 hosts, inv_str 1/3] || Alpenwall email:alpenwall[]proton.me pgp:11F9B9631297C6E8A6ABAEB20F35F [10 hosts, inv_str 13/45] || tor@zgato.ru [3 hosts, inv_str 2/3] || email:admin@for-privacy.net url:for-privacy.net proof:dns-rsa abuse:ab [32 hosts, inv_str 48/496] || anonymous@torproject.org [4 hosts, inv_str 4/6] || freedomfr@pm.me [3 hosts, inv_str 3/3] || relay operator - contact: lucasvandekwq [at] rambler [dot] ru [3 hosts, inv_str 1/3] || Canadian Amateur Radio Operator c/s VA1DER < nameofthisrelay symbol ca [3 hosts, inv_str 3/3] || freedomfr@pm.me [4 hosts, inv_str 3/6] || KeFF NOC <noc AT keff dot org> [5 hosts, inv_str 2/10] || Artikel10 url:artikel10.org email:info[]artikel10.org abuse:abuse[]art [32 hosts, inv_str 194/496] || anonymous@torproject.org [9 hosts, inv_str 26/36] || wxw at safe-mail dot net [17 hosts, inv_str 81/136] || relay operator - contact: lucasvandekwq [at] rambler [dot] ru [3 hosts, inv_str 0/3] || tested43@proton.me [3 hosts, inv_str 2/3] || RandomPerson <skynet@academyforinternetresearch.org> [9 hosts, inv_str 9/36] || tr0419@proton.me [3 hosts, inv_str 2/3] || printerexpert@mail2tor.com [3 hosts, inv_str 2/3]"
2026-06-28 03:05:08,2026-06-28 04:42:09,7,96,2,"email:admin[]prsv.ch url:https://prsv.ch/ proof:uri-rsa ciissversion:2 [66 hosts, inv_str 1247/2145] || tor@zgato.ru [14 hosts, inv_str 41/91] || email:info[]osservatorionessuno.org url:https://osservatorionessuno.or [3 hosts, inv_str 2/3] || 0xFFFFFFFF Hjelm Enterprises <info ( AT ) hjelmenterprises ( DOT ) com [3 hosts, inv_str 2/3] || ContactInfo email:knight AT germancraft dot net url:germancraft.net pr [3 hosts, inv_str 3/3] || Alpenwall email:alpenwall[]proton.me pgp:11F9B9631297C6E8A6ABAEB20F35F [3 hosts, inv_str 2/3] || email:tor [] middelstaedt dot com url:https://middelstaedt.com proof:u [4 hosts, inv_str 5/6]"
2026-06-28 04:59:20,2026-06-28 09:13:33,13,91,0,"0x9F29C15D42A8B6F3 Nos oignons - 17WLwtW63FrHeMAEVkALnwhfmizBxGXDW1 em [4 hosts, inv_str 4/6] || email:admin[]prsv.ch url:https://prsv.ch/ proof:uri-rsa ciissversion:2 [6 hosts, inv_str 5/15] || email:info[]osservatorionessuno.org url:https://osservatorionessuno.or [3 hosts, inv_str 2/3] || Satanist <admin AT 2cb dot su> [13 hosts, inv_str 39/78] || anonymous@torproject.org [3 hosts, inv_str 2/3] || torcontactemail AT proton DOT me [3 hosts, inv_str 2/3] || email:tor[]r0cket.net url:https://tor.r0cket.net/ proof:uri-rsa abuse: [9 hosts, inv_str 17/36] || email:forest-relay-contact[]cryptolab.net pgp:BCBAE3E9CB8E2FE23F29DC58 [16 hosts, inv_str 44/120] || relay // at // pommespanzer // dot // cc [6 hosts, inv_str 7/15] || mRtjR4JX6pgJ@protonmail.ch [3 hosts, inv_str 3/3] || anonymous@torproject.org [3 hosts, inv_str 2/3] || tutkfk@protonmail.com [3 hosts, inv_str 3/3] || NN <relay-ops AT noonion dot de> [3 hosts, inv_str 1/3] || email:admin[]prsv.ch url:https://prsv.ch/ proof:uri-rsa ciissversion:2 [10 hosts, inv_str 23/45] || anonymous@torproject.org [3 hosts, inv_str 3/3] || c99058397@gmail.com [3 hosts, inv_str 3/3]"
2026-06-28 09:30:22,2026-06-28 11:01:33,3,14,0,"your@e-mail [3 hosts, inv_str 1/3] || email:admin[]prsv.ch url:https://prsv.ch/ proof:uri-rsa ciissversion:2 [8 hosts, inv_str 14/28] || abuse@doggett.tech [3 hosts, inv_str 2/3]"
2026-06-28 11:40:58,2026-06-28 13:03:41,3,16,0,"email:admin[]prsv.ch url:https://prsv.ch/ proof:uri-rsa ciissversion:2 [10 hosts, inv_str 31/45] || Uu77bBt0eDko5iDrRNiXt2quIVPMNKvILk1eqJbAVk9e@posteo.ch [3 hosts, inv_str 1/3] || NN <relay-ops AT noonion dot de> [3 hosts, inv_str 1/3]"
2026-06-28 13:10:58,2026-06-28 15:30:00,7,45,0,"email:info[]osservatorionessuno.org url:https://osservatorionessuno.or [4 hosts, inv_str 5/6] || freedomfr@pm.me [3 hosts, inv_str 3/3] || email:admin[]prsv.ch url:https://prsv.ch/ proof:uri-rsa ciissversion:2 [12 hosts, inv_str 31/66] || printerexpert@mail2tor.com [3 hosts, inv_str 3/3] || Alpenwall email:alpenwall[]proton.me pgp:11F9B9631297C6E8A6ABAEB20F35F [8 hosts, inv_str 16/28] || anonymous@torproject.org [5 hosts, inv_str 3/10] || freedomfr@pm.me [7 hosts, inv_str 7/21] || tor-master tor-master@lysator.liu.se [3 hosts, inv_str 0/3]"
2026-06-28 15:43:38,2026-06-28 19:52:16,10,102,0,"email:admin[]prsv.ch url:https://prsv.ch/ proof:uri-rsa ciissversion:2 [11 hosts, inv_str 29/55] || freedomfr@pm.me [4 hosts, inv_str 1/6] || anyone-motor-cycle@duck.com [3 hosts, inv_str 2/3] || email:toralf.foerster[]gmx.de gpg:1A376F994A9D026F13E24DCFC4EACDDE0076 [3 hosts, inv_str 3/3] || NN <relay-ops AT noonion dot de> [4 hosts, inv_str 6/6] || email:mail[]nothingtohide.nl url:nothingtohide.nl proof:uri-rsa abuse: [46 hosts, inv_str 6/1035] || Alpenwall email:alpenwall[]proton.me pgp:11F9B9631297C6E8A6ABAEB20F35F [8 hosts, inv_str 12/28] || Steve <tor@digital-world.dev> [3 hosts, inv_str 0/3] || Alpenwall email:alpenwall[]proton.me pgp:11F9B9631297C6E8A6ABAEB20F35F [4 hosts, inv_str 3/6] || printerexpert@mail2tor.com [3 hosts, inv_str 0/3] || anonymous@torproject.org [13 hosts, inv_str 40/78]"
2026-06-28 20:15:47,2026-06-28 23:41:24,5,29,0,"email:admin[]prsv.ch url:https://prsv.ch/ proof:uri-rsa ciissversion:2 [11 hosts, inv_str 32/55] || Alpenwall email:alpenwall[]proton.me pgp:11F9B9631297C6E8A6ABAEB20F35F [4 hosts, inv_str 0/6] || printerexpert@mail2tor.com [4 hosts, inv_str 5/6] || email:info[]osservatorionessuno.org url:https://osservatorionessuno.or [3 hosts, inv_str 1/3] || Alpenwall email:alpenwall[]proton.me pgp:11F9B9631297C6E8A6ABAEB20F35F [3 hosts, inv_str 2/3] || KeFF NOC <noc AT keff dot org> [4 hosts, inv_str 4/6]"
2026-06-29 00:24:15,2026-06-29 02:15:10,5,25,0,"email:admin[]prsv.ch url:https://prsv.ch/ proof:uri-rsa ciissversion:2 [11 hosts, inv_str 27/55] || email:forest-relay-contact[]cryptolab.net pgp:BCBAE3E9CB8E2FE23F29DC58 [3 hosts, inv_str 1/3] || c99058397@gmail.com [3 hosts, inv_str 3/3] || printerexpert@mail2tor.com [5 hosts, inv_str 8/10] || your@e-mail [3 hosts, inv_str 2/3]"
2026-06-29 02:52:23,2026-06-29 04:33:26,4,45,0,"email:admin[]prsv.ch url:https://prsv.ch/ proof:uri-rsa ciissversion:2 [7 hosts, inv_str 12/21] || hello@relaymagic.org (relaymagic.org/contact) [3 hosts, inv_str 0/3] || email:info[]osservatorionessuno.org url:https://osservatorionessuno.or [3 hosts, inv_str 1/3] || email:admin@for-privacy.net url:for-privacy.net proof:dns-rsa abuse:ab [32 hosts, inv_str 235/496]"
2026-06-29 04:35:21,2026-06-29 04:59:40,3,30,0,"tor@kllx.eu [5 hosts, inv_str 7/10] || email:admin@for-privacy.net url:for-privacy.net proof:dns-rsa abuse:ab [21 hosts, inv_str 101/210] || F3 Netze <abuse@f3netze.de> email:abuse[]f3netze.de abuse:abuse[]f3net [4 hosts, inv_str 1/6]"
2026-06-29 05:02:57,2026-06-30 09:23:00,29,419,3,"email:admin[]prsv.ch url:https://prsv.ch/ proof:uri-rsa ciissversion:2 [15 hosts, inv_str 32/105] || hwangchulsoo@proton.me [5 hosts, inv_str 7/10] || Alpenwall email:alpenwall[]proton.me pgp:11F9B9631297C6E8A6ABAEB20F35F [23 hosts, inv_str 119/253] || tor@kllx.eu [4 hosts, inv_str 0/6] || chapman.shoop@riseup.net [5 hosts, inv_str 4/10] || email:info[]osservatorionessuno.org url:https://osservatorionessuno.or [3 hosts, inv_str 2/3] || freedomfr@pm.me [3 hosts, inv_str 1/3] || tor@relaygeek.com [12 hosts, inv_str 42/66] || abuse@datalix.de [7 hosts, inv_str 8/21] || c99058397@gmail.com [3 hosts, inv_str 3/3] || NN <relay-ops AT noonion dot de> [3 hosts, inv_str 0/3] || thetordoor [AT] proton [DOT] me [21 hosts, inv_str 137/210] || Alpenwall email:alpenwall[]proton.me pgp:11F9B9631297C6E8A6ABAEB20F35F [3 hosts, inv_str 1/3] || anonymous@torproject.org [3 hosts, inv_str 3/3] || freedomfr@pm.me [3 hosts, inv_str 0/3] || Alpenwall email:alpenwall[]proton.me pgp:11F9B9631297C6E8A6ABAEB20F35F [7 hosts, inv_str 8/21] || Phill W email:tor[]phillw.net url:phillw.net proof:uri-rsa ciissversio [3 hosts, inv_str 0/3] || anonymous@torproject.org [28 hosts, inv_str 209/378] || Bastiaan Brink <b@stiaanbr.ink> | AS215248 NOC +31 85 369 5034 [4 hosts, inv_str 3/6] || c99058397@gmail.com [3 hosts, inv_str 3/3] || Uu77bBt0eDko5iDrRNiXt2quIVPMNKvILk1eqJbAVk9e@posteo.ch [3 hosts, inv_str 1/3] || email:info[]osservatorionessuno.org url:https://osservatorionessuno.or [3 hosts, inv_str 2/3] || freedomfr@pm.me [4 hosts, inv_str 5/6] || anonymous@torproject.org [16 hosts, inv_str 74/120] || NN <relay-ops AT noonion dot de> [4 hosts, inv_str 2/6] || printerexpert@mail2tor.com [3 hosts, inv_str 1/3] || printerexpert@mail2tor.com [4 hosts, inv_str 4/6] || anyone-motor-cycle@duck.com [3 hosts, inv_str 2/3] || freedomfr@pm.me [3 hosts, inv_str 1/3] || freedomfr@pm.me [5 hosts, inv_str 4/10] || email:admin@for-privacy.net url:for-privacy.net proof:dns-rsa abuse:ab [55 hosts, inv_str 390/1485] || c99058397@gmail.com [3 hosts, inv_str 0/3] || Stan <favorite0ne@proton.me> [3 hosts, inv_str 3/3] || printerexpert@mail2tor.com [4 hosts, inv_str 5/6] || NN <relay-ops AT noonion dot de> [3 hosts, inv_str 1/3] || c99058397@gmail.com [3 hosts, inv_str 2/3] || someone < tor27 AT nurfuerspam DOT de > [3 hosts, inv_str 0/3] || freedomfr@pm.me [4 hosts, inv_str 3/6] || gleepdorf AT proton DOT me [4 hosts, inv_str 0/6] || freedomfr@pm.me [3 hosts, inv_str 1/3] || c99058397@gmail.com [3 hosts, inv_str 2/3] || Alpenwall email:alpenwall[]proton.me pgp:11F9B9631297C6E8A6ABAEB20F35F [3 hosts, inv_str 3/3] || c99058397@gmail.com [3 hosts, inv_str 2/3] || c99058397@gmail.com [3 hosts, inv_str 0/3] || 0xFFFFFFFF <tormaster AT kkb-clan dot de> [3 hosts, inv_str 3/3] || RandomPerson <skynet@academyforinternetresearch.org> [9 hosts, inv_str 13/36] || freedomfr@pm.me [3 hosts, inv_str 2/3] || dump(@)norvi.tech [6 hosts, inv_str 6/15] || freedomfr@pm.me [3 hosts, inv_str 1/3] || c99058397@gmail.com [3 hosts, inv_str 2/3] || hello@relaymagic.org (relaymagic.org/contact) [3 hosts, inv_str 1/3] || email:info[]osservatorionessuno.org url:https://osservatorionessuno.or [3 hosts, inv_str 1/3] || c99058397@gmail.com [3 hosts, inv_str 0/3] || tor@kllx.eu [3 hosts, inv_str 1/3] || escapemeplz@proton.me [5 hosts, inv_str 4/10] || freedomfr@pm.me [3 hosts, inv_str 2/3] || c99058397@gmail.com [4 hosts, inv_str 3/6] || tor@kllx.eu [3 hosts, inv_str 2/3] || freiraum_TK AT protonmail DOT ch [4 hosts, inv_str 3/6] || Alpenwall email:alpenwall[]proton.me pgp:11F9B9631297C6E8A6ABAEB20F35F [18 hosts, inv_str 85/153] || tor@relaygeek.com [12 hosts, inv_str 36/66] || tor@kllx.eu [4 hosts, inv_str 2/6] || abuse@datalix.de [4 hosts, inv_str 4/6] || vollborn@quantentunnel.de [3 hosts, inv_str 1/3] || c99058397@gmail.com [3 hosts, inv_str 0/3] || email:info[]osservatorionessuno.org url:https://osservatorionessuno.or [3 hosts, inv_str 2/3] || freedomfr@pm.me [5 hosts, inv_str 6/10] || c99058397@gmail.com [3 hosts, inv_str 1/3] || c99058397@gmail.com [3 hosts, inv_str 0/3]"
2026-06-30 09:46:11,2026-06-30 11:34:36,3,17,0,"email:admin[]prsv.ch url:https://prsv.ch/ proof:uri-rsa ciissversion:2 [11 hosts, inv_str 38/55] || email:info[]osservatorionessuno.org url:https://osservatorionessuno.or [3 hosts, inv_str 0/3] || c99058397@gmail.com [3 hosts, inv_str 1/3]"
2026-06-30 12:01:40,2026-07-01 01:56:09,21,332,7,"c99058397@gmail.com [3 hosts, inv_str 0/3] || email:admin[]prsv.ch url:https://prsv.ch/ proof:uri-rsa ciissversion:2 [12 hosts, inv_str 30/66] || f46edmin@linuxmail.org [4 hosts, inv_str 2/6] || tor@kllx.eu [15 hosts, inv_str 60/105] || c99058397@gmail.com [3 hosts, inv_str 1/3] || NN <relay-ops AT noonion dot de> [3 hosts, inv_str 0/3] || email:Quetzalcoatl_relays[]proton.me url:https://quetzalcoatl-relays.o [3 hosts, inv_str 1/3] || freedomfr@pm.me [4 hosts, inv_str 5/6] || c99058397@gmail.com [3 hosts, inv_str 1/3] || email:Quetzalcoatl_relays[]proton.me url:https://quetzalcoatl-relays.o [4 hosts, inv_str 3/6] || dump(@)norvi.tech [5 hosts, inv_str 7/10] || NN <relay-ops AT noonion dot de> [3 hosts, inv_str 0/3] || printerexpert@mail2tor.com [3 hosts, inv_str 1/3] || anyone-motor-cycle@duck.com [3 hosts, inv_str 0/3] || freedomfr@pm.me [3 hosts, inv_str 2/3] || c99058397@gmail.com [3 hosts, inv_str 1/3] || Foundation for Applied Privacy email:tor[]appliedprivacy.net donationu [15 hosts, inv_str 43/105] || 0xB0C269DD712FC0F8 Tor Operations <tor@darkpackets.net> [4 hosts, inv_str 5/6] || c99058397@gmail.com [3 hosts, inv_str 2/3] || cyberghostnsvpn [5 hosts, inv_str 4/10] || email:admin[]stormycloud.org url:https://stormycloud.org proof:uri-fam [7 hosts, inv_str 0/21] || Foundation for Applied Privacy email:tor[]appliedprivacy.net donationu [12 hosts, inv_str 7/66] || petertheprofi@pm.me [3 hosts, inv_str 2/3] || DFRI email:tor[]dfri.se url:https://dfri.se proof:dns-familyid-ed25519 [16 hosts, inv_str 76/120] || Foundation for Applied Privacy email:tor[]appliedprivacy.net donationu [3 hosts, inv_str 3/3] || Foundation for Applied Privacy email:tor[]appliedprivacy.net donationu [15 hosts, inv_str 35/105] || dump(@)norvi.tech [5 hosts, inv_str 7/10] || KeFF NOC <noc AT keff dot org> [3 hosts, inv_str 2/3] || NN <relay-ops AT noonion dot de> [3 hosts, inv_str 2/3] || printerexpert@mail2tor.com [8 hosts, inv_str 24/28] || email:admin[]prsv.ch url:https://prsv.ch/ proof:uri-rsa ciissversion:2 [6 hosts, inv_str 7/15] || email:admin[@]unredacted.org url:unredacted.org proof:dns-familyid-ed2 [123 hosts, inv_str 2811/7503] || RandomPerson <skynet@academyforinternetresearch.org> [7 hosts, inv_str 2/21] || torcontactemail AT proton.me [8 hosts, inv_str 9/28] || email:Quetzalcoatl_relays[]proton.me url:https://quetzalcoatl-relays.o [4 hosts, inv_str 6/6] || printerexpert@mail2tor.com [3 hosts, inv_str 1/3] || email:forest-relay-contact[]cryptolab.net pgp:BCBAE3E9CB8E2FE23F29DC58 [5 hosts, inv_str 6/10]"
2026-07-01 02:30:07,2026-07-01 03:02:14,2,7,0,"email:admin[]prsv.ch url:https://prsv.ch/ proof:uri-rsa ciissversion:2 [4 hosts, inv_str 2/6] || hello@relaymagic.org (relaymagic.org/contact) [3 hosts, inv_str 1/3]"
2026-07-01 03:18:41,2026-07-01 04:33:54,4,51,6,"email:Quetzalcoatl_relays[]proton.me url:https://quetzalcoatl-relays.o [6 hosts, inv_str 8/15] || email:admin[]prsv.ch url:https://prsv.ch/ proof:uri-rsa ciissversion:2 [10 hosts, inv_str 12/45] || freedomfr@pm.me [3 hosts, inv_str 1/3] || email:admin@for-privacy.net url:for-privacy.net proof:dns-rsa abuse:ab [32 hosts, inv_str 224/496]"
2026-07-01 04:54:55,2026-07-01 07:44:07,3,21,0,"email:admin[]prsv.ch url:https://prsv.ch/ proof:uri-rsa ciissversion:2 [12 hosts, inv_str 41/66] || email:tor[]r0cket.net url:https://tor.r0cket.net/ proof:uri-rsa abuse: [5 hosts, inv_str 5/10] || Chaos Computer Club Wien (C3W) email:anonymity[]c3w.at url:https://c3w [4 hosts, inv_str 2/6]"
2026-07-01 07:46:27,2026-07-01 12:32:54,15,93,12,"c99058397@gmail.com [4 hosts, inv_str 4/6] || email:Quetzalcoatl_relays[]proton.me url:https://quetzalcoatl-relays.o [9 hosts, inv_str 23/36] || freedomfr@pm.me [5 hosts, inv_str 6/10] || email:admin[]prsv.ch url:https://prsv.ch/ proof:uri-rsa ciissversion:2 [14 hosts, inv_str 30/91] || Digitalcourage e.V. email:tor-abuse[]digitalcourage.de abuse:tor-abuse [3 hosts, inv_str 2/3] || contact@demonsys.net - url:demonsys.net proof:dns-rsa ciissversion:2 [3 hosts, inv_str 1/3] || email:admin[]stormycloud.org url:https://stormycloud.org proof:uri-fam [3 hosts, inv_str 1/3] || email:info[]osservatorionessuno.org url:https://osservatorionessuno.or [3 hosts, inv_str 0/3] || F3 Netze <abuse@f3netze.de> email:abuse[]f3netze.de abuse:abuse[]f3net [4 hosts, inv_str 1/6] || F3 Netze <abuse@f3netze.de> email:abuse[]f3netze.de abuse:abuse[]f3net [8 hosts, inv_str 11/28] || This Relay is operated as part of a research effort to measure how Oni [4 hosts, inv_str 3/6] || c99058397@gmail.com [3 hosts, inv_str 1/3] || email:Quetzalcoatl_relays[]proton.me url:https://quetzalcoatl-relays.o [4 hosts, inv_str 4/6] || Steve <tor@digital-world.dev> [3 hosts, inv_str 2/3] || email:info[]osservatorionessuno.org url:https://osservatorionessuno.or [3 hosts, inv_str 2/3] || Steve <tor@digital-world.dev> [3 hosts, inv_str 0/3] || freedomfr@pm.me [3 hosts, inv_str 0/3] || email:Quetzalcoatl_relays[]proton.me url:https://quetzalcoatl-relays.o [4 hosts, inv_str 3/6] || vollborn@quantentunnel.de [3 hosts, inv_str 0/3] || Alpenwall email:alpenwall[]proton.me pgp:11F9B9631297C6E8A6ABAEB20F35F [4 hosts, inv_str 3/6] || Uu77bBt0eDko5iDrRNiXt2quIVPMNKvILk1eqJbAVk9e@posteo.ch [3 hosts, inv_str 1/3]"
2026-07-01 12:52:39,2026-07-02 21:17:12,29,729,23,"Markus <markus AT mdfnet dot se> [3 hosts, inv_str 3/3] || email:admin[]prsv.ch url:https://prsv.ch/ proof:uri-rsa ciissversion:2 [22 hosts, inv_str 122/231] || email:info[]osservatorionessuno.org url:https://osservatorionessuno.or [3 hosts, inv_str 2/3] || torrelay@brave.com [3 hosts, inv_str 2/3] || email:Quetzalcoatl_relays[]proton.me url:https://quetzalcoatl-relays.o [6 hosts, inv_str 5/15] || freedomfr@pm.me [4 hosts, inv_str 6/6] || email:info[]osservatorionessuno.org url:https://osservatorionessuno.or [3 hosts, inv_str 3/3] || email:Quetzalcoatl_relays[]proton.me url:https://quetzalcoatl-relays.o [5 hosts, inv_str 3/10] || email:info[]osservatorionessuno.org url:https://osservatorionessuno.or [4 hosts, inv_str 5/6] || F3 Netze <abuse@f3netze.de> email:abuse[]f3netze.de abuse:abuse[]f3net [8 hosts, inv_str 15/28] || limited0ne@gmx.com [3 hosts, inv_str 2/3] || Alpenwall email:alpenwall[]proton.me pgp:11F9B9631297C6E8A6ABAEB20F35F [15 hosts, inv_str 54/105] || email:Quetzalcoatl_relays[]proton.me url:https://quetzalcoatl-relays.o [6 hosts, inv_str 6/15] || freedomfr@pm.me [4 hosts, inv_str 2/6] || email:info[]osservatorionessuno.org url:https://osservatorionessuno.or [3 hosts, inv_str 2/3] || freedomfr@pm.me [6 hosts, inv_str 6/15] || email:Quetzalcoatl_relays[]proton.me url:https://quetzalcoatl-relays.o [4 hosts, inv_str 3/6] || c99058397@gmail.com [3 hosts, inv_str 2/3] || printerexpert@mail2tor.com [5 hosts, inv_str 5/10] || printerexpert@mail2tor.com [3 hosts, inv_str 0/3] || email:Quetzalcoatl_relays[]proton.me url:https://quetzalcoatl-relays.o [7 hosts, inv_str 15/21] || Alpenwall email:alpenwall[]proton.me pgp:11F9B9631297C6E8A6ABAEB20F35F [6 hosts, inv_str 7/15] || freedomfr@pm.me [6 hosts, inv_str 3/15] || email:john[]quintex.com url:https://www.quintex.com proof:uri-rsa abus [89 hosts, inv_str 2431/3916] || NN <relay-ops AT noonion dot de> [3 hosts, inv_str 1/3] || Alpenwall email:alpenwall[]proton.me pgp:11F9B9631297C6E8A6ABAEB20F35F [6 hosts, inv_str 4/15] || <trly1 AT proton dot me> [3 hosts, inv_str 3/3] || Foundation for Applied Privacy email:tor[]appliedprivacy.net donationu [15 hosts, inv_str 27/105] || email:info[]osservatorionessuno.org url:https://osservatorionessuno.or [3 hosts, inv_str 2/3] || email:Quetzalcoatl_relays[]proton.me url:https://quetzalcoatl-relays.o [3 hosts, inv_str 2/3] || RandomPerson <skynet@academyforinternetresearch.org> [8 hosts, inv_str 8/28] || printerexpert@mail2tor.com [3 hosts, inv_str 2/3] || email:Quetzalcoatl_relays[]proton.me url:https://quetzalcoatl-relays.o [3 hosts, inv_str 0/3] || email:Quetzalcoatl_relays[]proton.me url:https://quetzalcoatl-relays.o [5 hosts, inv_str 6/10] || freedomfr@pm.me [3 hosts, inv_str 1/3] || hello@relaymagic.org (relaymagic.org/contact) [3 hosts, inv_str 0/3] || Steve <tor@digital-world.dev> [3 hosts, inv_str 1/3] || email:Quetzalcoatl_relays[]proton.me url:https://quetzalcoatl-relays.o [3 hosts, inv_str 3/3] || freedomfr@pm.me [4 hosts, inv_str 4/6] || email:toralf.foerster[]gmx.de gpg:1A376F994A9D026F13E24DCFC4EACDDE0076 [3 hosts, inv_str 1/3] || email:info[]osservatorionessuno.org url:https://osservatorionessuno.or [3 hosts, inv_str 2/3] || releafaddress@proton.me [3 hosts, inv_str 1/3] || NN <relay-ops AT noonion dot de> [4 hosts, inv_str 3/6] || Alpenwall email:alpenwall[]proton.me pgp:11F9B9631297C6E8A6ABAEB20F35F [3 hosts, inv_str 2/3] || email:Quetzalcoatl_relays[]proton.me url:https://quetzalcoatl-relays.o [4 hosts, inv_str 4/6] || email:tor[]r0cket.net url:https://tor.r0cket.net/ proof:uri-rsa abuse: [6 hosts, inv_str 3/15] || email:mocha-dreary-chive[]duck.com ciissversion:3 [4 hosts, inv_str 4/6] || torcontactemail AT proton.me [6 hosts, inv_str 9/15] || freedomfr@pm.me [3 hosts, inv_str 2/3] || email:Quetzalcoatl_relays[]proton.me url:https://quetzalcoatl-relays.o [3 hosts, inv_str 2/3] || Alpenwall email:alpenwall[]proton.me pgp:11F9B9631297C6E8A6ABAEB20F35F [4 hosts, inv_str 0/6] || freedomfr@pm.me [5 hosts, inv_str 3/10] || c99058397@gmail.com [3 hosts, inv_str 1/3] || NN <relay-ops AT noonion dot de> [3 hosts, inv_str 2/3] || email:mail[]nothingtohide.nl url:nothingtohide.nl proof:uri-rsa abuse: [45 hosts, inv_str 316/990] || c99058397@gmail.com [3 hosts, inv_str 2/3] || freedomfr@pm.me [5 hosts, inv_str 4/10] || flowjob(at)protonmail(dot)ch [7 hosts, inv_str 8/21] || Alpenwall email:alpenwall[]proton.me pgp:11F9B9631297C6E8A6ABAEB20F35F [12 hosts, inv_str 15/66] || freedomfr@pm.me [3 hosts, inv_str 0/3] || c99058397@gmail.com [3 hosts, inv_str 2/3] || email:john[]quintex.com url:https://www.quintex.com proof:uri-rsa abus [70 hosts, inv_str 1199/2415] || email:Quetzalcoatl_relays[]proton.me url:https://quetzalcoatl-relays.o [4 hosts, inv_str 4/6] || Uu77bBt0eDko5iDrRNiXt2quIVPMNKvILk1eqJbAVk9e@posteo.ch [3 hosts, inv_str 1/3] || email:info[]osservatorionessuno.org url:https://osservatorionessuno.or [4 hosts, inv_str 2/6] || freedomfr@pm.me [3 hosts, inv_str 2/3] || email:Quetzalcoatl_relays[]proton.me url:https://quetzalcoatl-relays.o [3 hosts, inv_str 3/3] || Steve <tor@digital-world.dev> [3 hosts, inv_str 2/3] || Alpenwall email:alpenwall[]proton.me pgp:11F9B9631297C6E8A6ABAEB20F35F [3 hosts, inv_str 3/3] || email:john[]quintex.com url:https://www.quintex.com proof:uri-rsa abus [19 hosts, inv_str 56/171] || freedomfr@pm.me [6 hosts, inv_str 6/15] || Alpenwall email:alpenwall[]proton.me pgp:11F9B9631297C6E8A6ABAEB20F35F [7 hosts, inv_str 8/21] || Alpenwall email:alpenwall[]proton.me pgp:11F9B9631297C6E8A6ABAEB20F35F [3 hosts, inv_str 2/3] || email:john[]quintex.com url:https://www.quintex.com proof:uri-rsa abus [6 hosts, inv_str 12/15] || Alpenwall email:alpenwall[]proton.me pgp:11F9B9631297C6E8A6ABAEB20F35F [8 hosts, inv_str 20/28] || anyone-motor-cycle@duck.com [3 hosts, inv_str 0/3] || Steve <tor@digital-world.dev> [3 hosts, inv_str 2/3] || freedomfr@pm.me [6 hosts, inv_str 8/15] || freedomfr@pm.me [3 hosts, inv_str 2/3] || mevolzdev@proton.me [17 hosts, inv_str 52/136] || c99058397@gmail.com [3 hosts, inv_str 0/3] || NN <relay-ops AT noonion dot de> [5 hosts, inv_str 8/10] || your@e-mail [3 hosts, inv_str 1/3] || email:info[]osservatorionessuno.org url:https://osservatorionessuno.or [3 hosts, inv_str 1/3] || email:john[]quintex.com url:https://www.quintex.com proof:uri-rsa abus [100 hosts, inv_str 1770/4950] || Steve <tor@digital-world.dev> [3 hosts, inv_str 2/3] || Alpenwall email:alpenwall[]proton.me pgp:11F9B9631297C6E8A6ABAEB20F35F [5 hosts, inv_str 6/10] || c99058397@gmail.com [3 hosts, inv_str 1/3] || NN <relay-ops AT noonion dot de> [3 hosts, inv_str 1/3] || email:Quetzalcoatl_relays[]proton.me url:https://quetzalcoatl-relays.o [3 hosts, inv_str 2/3]"
2026-07-02 21:26:29,2026-07-03 00:16:12,10,277,0,"email:john[]quintex.com url:https://www.quintex.com proof:uri-rsa abus [100 hosts, inv_str 1806/4950] || email:admin[]prsv.ch url:https://prsv.ch/ proof:uri-rsa ciissversion:2 [13 hosts, inv_str 41/78] || email:mail[]nothingtohide.nl url:nothingtohide.nl proof:uri-rsa abuse: [29 hosts, inv_str 113/406] || Alpenwall email:alpenwall[]proton.me pgp:11F9B9631297C6E8A6ABAEB20F35F [5 hosts, inv_str 1/10] || kopfschusskorl@gmail.com [4 hosts, inv_str 3/6] || email:zwiebelrouter[]protonmail[]com ciissversion:3 url:zwiebelrouter. [3 hosts, inv_str 2/3] || NN <relay-ops AT noonion dot de> [4 hosts, inv_str 1/6] || freedomfr@pm.me [3 hosts, inv_str 0/3] || freedomfr@pm.me [3 hosts, inv_str 2/3] || email:john[]quintex.com url:https://www.quintex.com proof:uri-rsa abus [100 hosts, inv_str 884/4950] || Alpenwall email:alpenwall[]proton.me pgp:11F9B9631297C6E8A6ABAEB20F35F [3 hosts, inv_str 0/3] || email:info[]osservatorionessuno.org url:https://osservatorionessuno.or [3 hosts, inv_str 0/3] || RandomPerson <skynet@academyforinternetresearch.org> [7 hosts, inv_str 5/21]"
2026-07-03 00:44:07,2026-07-03 04:25:12,7,130,0,"email:admin[]prsv.ch url:https://prsv.ch/ proof:uri-rsa ciissversion:2 [13 hosts, inv_str 29/78] || freedomfr@pm.me [4 hosts, inv_str 2/6] || hello@relaymagic.org (relaymagic.org/contact) [3 hosts, inv_str 0/3] || Alpenwall email:alpenwall[]proton.me pgp:11F9B9631297C6E8A6ABAEB20F35F [4 hosts, inv_str 5/6] || Steve <tor@digital-world.dev> [3 hosts, inv_str 1/3] || email:info[]osservatorionessuno.org url:https://osservatorionessuno.or [3 hosts, inv_str 0/3] || email:john[]quintex.com url:https://www.quintex.com proof:uri-rsa abus [100 hosts, inv_str 1600/4950]"
2026-07-03 04:48:30,2026-07-03 08:40:34,10,97,6,"email:admin[]prsv.ch url:https://prsv.ch/ proof:uri-rsa ciissversion:2 [14 hosts, inv_str 30/91] || url:https://ssdnodes.com email:tor-relays[]ssdnodes.com hoster:ssdnode [3 hosts, inv_str 2/3] || Alpenwall email:alpenwall[]proton.me pgp:11F9B9631297C6E8A6ABAEB20F35F [10 hosts, inv_str 30/45] || freedomfr@pm.me [4 hosts, inv_str 4/6] || email:Quetzalcoatl_relays[]proton.me url:https://quetzalcoatl-relays.o [5 hosts, inv_str 4/10] || c99058397@gmail.com [3 hosts, inv_str 2/3] || url:https://ssdnodes.com email:tor-relays[]ssdnodes.com hoster:ssdnode [7 hosts, inv_str 13/21] || email:r3bo0tbx1[]brokenbotnet.com url:https://relays.brokenbotnet.com  [3 hosts, inv_str 2/3] || email:zwiebelrouter[]protonmail[]com ciissversion:3 url:zwiebelrouter. [10 hosts, inv_str 12/45] || email:admin[]prsv.ch url:https://prsv.ch/ proof:uri-rsa ciissversion:2 [13 hosts, inv_str 35/78] || Alpenwall email:alpenwall[]proton.me pgp:11F9B9631297C6E8A6ABAEB20F35F [10 hosts, inv_str 26/45] || freedomfr@pm.me [3 hosts, inv_str 1/3] || NN <relay-ops AT noonion dot de> [3 hosts, inv_str 1/3] || email:Quetzalcoatl_relays[]proton.me url:https://quetzalcoatl-relays.o [3 hosts, inv_str 2/3] || printerexpert@mail2tor.com [3 hosts, inv_str 0/3] || freedomfr@pm.me [3 hosts, inv_str 2/3]"
2026-07-03 09:02:57,2026-07-03 13:08:27,10,84,0,"email:admin[]prsv.ch url:https://prsv.ch/ proof:uri-rsa ciissversion:2 [19 hosts, inv_str 100/171] || Alpenwall email:alpenwall[]proton.me pgp:11F9B9631297C6E8A6ABAEB20F35F [3 hosts, inv_str 1/3] || email:info[]osservatorionessuno.org url:https://osservatorionessuno.or [5 hosts, inv_str 7/10] || NN <relay-ops AT noonion dot de> [3 hosts, inv_str 2/3] || freedomfr@pm.me [6 hosts, inv_str 5/15] || Alpenwall email:alpenwall[]proton.me pgp:11F9B9631297C6E8A6ABAEB20F35F [4 hosts, inv_str 2/6] || tor@zgato.ru [3 hosts, inv_str 1/3] || email:r3bo0tbx1[]brokenbotnet.com url:https://relays.brokenbotnet.com  [3 hosts, inv_str 1/3] || email:info[]osservatorionessuno.org url:https://osservatorionessuno.or [4 hosts, inv_str 5/6] || email:r3bo0tbx1[]brokenbotnet.com url:https://relays.brokenbotnet.com  [3 hosts, inv_str 2/3] || freedomfr@pm.me [5 hosts, inv_str 5/10] || Alpenwall email:alpenwall[]proton.me pgp:11F9B9631297C6E8A6ABAEB20F35F [9 hosts, inv_str 18/36] || Uu77bBt0eDko5iDrRNiXt2quIVPMNKvILk1eqJbAVk9e@posteo.ch [3 hosts, inv_str 1/3] || notlight@tutamail.com [9 hosts, inv_str 24/36] || youremail@example.com [5 hosts, inv_str 5/10]"
2026-07-03 14:25:51,2026-07-03 14:47:16,4,120,0,"email:john[]quintex.com url:https://www.quintex.com proof:uri-rsa abus [100 hosts, inv_str 1640/4950] || email:privacyboys@tutanota.com hoster:atomicnetworks cost:64USD donati [4 hosts, inv_str 4/6] || printerexpert@mail2tor.com [3 hosts, inv_str 2/3] || email:r3bo0tbx1[]brokenbotnet.com url:https://relays.brokenbotnet.com  [13 hosts, inv_str 49/78]"
2026-07-03 14:50:14,2026-07-04 20:32:22,35,625,30,"tor@zgato.ru [4 hosts, inv_str 4/6] || email:admin[]prsv.ch url:https://prsv.ch/ proof:uri-rsa ciissversion:2 [27 hosts, inv_str 180/351] || email:Quetzalcoatl_relays[]proton.me url:https://quetzalcoatl-relays.o [4 hosts, inv_str 5/6] || printerexpert@mail2tor.com [3 hosts, inv_str 1/3] || Steve <tor@digital-world.dev> [3 hosts, inv_str 0/3] || anyone-motor-cycle@duck.com [3 hosts, inv_str 0/3] || Alpenwall email:alpenwall[]proton.me pgp:11F9B9631297C6E8A6ABAEB20F35F [4 hosts, inv_str 3/6] || freedomfr@pm.me [5 hosts, inv_str 6/10] || email:tech[]emeraldonion.org abuse:tech[]emeraldonion.org mastodon:htt [85 hosts, inv_str 1537/3570] || email:Quetzalcoatl_relays[]proton.me url:https://quetzalcoatl-relays.o [8 hosts, inv_str 12/28] || Alpenwall email:alpenwall[]proton.me pgp:11F9B9631297C6E8A6ABAEB20F35F [6 hosts, inv_str 9/15] || email:admin[]fluffypancakes.dev url:fluffypancakes.dev proof:uri-famil [19 hosts, inv_str 68/171] || email:admin[]fluffypancakes.dev url:fluffypancakes.dev proof:uri-famil [3 hosts, inv_str 2/3] || email:tech[]emeraldonion.org abuse:tech[]emeraldonion.org mastodon:htt [11 hosts, inv_str 33/55] || Alpenwall email:alpenwall[]proton.me pgp:11F9B9631297C6E8A6ABAEB20F35F [3 hosts, inv_str 2/3] || printerexpert@mail2tor.com [3 hosts, inv_str 1/3] || Steve <tor@digital-world.dev> [3 hosts, inv_str 2/3] || freedomfr@pm.me [7 hosts, inv_str 7/21] || Alpenwall email:alpenwall[]proton.me pgp:11F9B9631297C6E8A6ABAEB20F35F [3 hosts, inv_str 3/3] || email:info[]osservatorionessuno.org url:https://osservatorionessuno.or [3 hosts, inv_str 1/3] || printerexpert@mail2tor.com [3 hosts, inv_str 0/3] || Canadian Amateur Radio Operator c/s VA1DER < nameofthisrelay symbol ca [3 hosts, inv_str 2/3] || RandomPerson <skynet@academyforinternetresearch.org> [6 hosts, inv_str 2/15] || freedomfr@pm.me [5 hosts, inv_str 5/10] || email:forest-relay-contact[]cryptolab.net pgp:BCBAE3E9CB8E2FE23F29DC58 [4 hosts, inv_str 5/6] || NN <relay-ops AT noonion dot de> [3 hosts, inv_str 2/3] || printerexpert@mail2tor.com [4 hosts, inv_str 1/6] || freedomfr@pm.me [5 hosts, inv_str 1/10] || email:Quetzalcoatl_relays[]proton.me url:https://quetzalcoatl-relays.o [3 hosts, inv_str 2/3] || Alpenwall email:alpenwall[]proton.me pgp:11F9B9631297C6E8A6ABAEB20F35F [12 hosts, inv_str 29/66] || Steve <tor@digital-world.dev> [3 hosts, inv_str 1/3] || NN <relay-ops AT noonion dot de> [3 hosts, inv_str 3/3] || Artikel10 url:artikel10.org email:info[]artikel10.org abuse:abuse[]art [4 hosts, inv_str 4/6] || hello@relaymagic.org (relaymagic.org/contact) [3 hosts, inv_str 2/3] || freedomfr@pm.me [3 hosts, inv_str 0/3] || Artikel10 url:artikel10.org email:info[]artikel10.org abuse:abuse[]art [32 hosts, inv_str 203/496] || freedomfr@pm.me [4 hosts, inv_str 3/6] || Alpenwall email:alpenwall[]proton.me pgp:11F9B9631297C6E8A6ABAEB20F35F [3 hosts, inv_str 2/3] || NN <relay-ops AT noonion dot de> [3 hosts, inv_str 3/3] || Alpenwall email:alpenwall[]proton.me pgp:11F9B9631297C6E8A6ABAEB20F35F [7 hosts, inv_str 4/21] || freedomfr@pm.me [6 hosts, inv_str 4/15] || url:https://ssdnodes.com email:tor-relays[]ssdnodes.com hoster:ssdnode [5 hosts, inv_str 8/10] || c99058397@gmail.com [3 hosts, inv_str 2/3] || NN <relay-ops AT noonion dot de> [3 hosts, inv_str 1/3] || url:https://ssdnodes.com email:tor-relays[]ssdnodes.com hoster:ssdnode [5 hosts, inv_str 3/10] || hiwi  <hiwi AT nurfuerspam dot de> [3 hosts, inv_str 3/3] || your@e-mail [3 hosts, inv_str 2/3] || Alpenwall email:alpenwall[]proton.me pgp:11F9B9631297C6E8A6ABAEB20F35F [6 hosts, inv_str 6/15] || email:info[]osservatorionessuno.org url:https://osservatorionessuno.or [4 hosts, inv_str 3/6] || freedomfr@pm.me [6 hosts, inv_str 8/15] || tor-relay-admin@carlos1001.com [3 hosts, inv_str 3/3] || c99058397@gmail.com [3 hosts, inv_str 3/3] || NN <relay-ops AT noonion dot de> [3 hosts, inv_str 3/3] || tor-operator@theu.li [13 hosts, inv_str 49/78] || c99058397@gmail.com [3 hosts, inv_str 2/3] || email:Quetzalcoatl_relays[]proton.me url:https://quetzalcoatl-relays.o [5 hosts, inv_str 6/10] || 0xD0F421BEFF2B7AAD0AFB1900F026C5EF7FDD7677 f19.4jbg3@proton.me [7 hosts, inv_str 13/21] || freedomfr@pm.me [3 hosts, inv_str 1/3] || freedomfr@pm.me [3 hosts, inv_str 2/3] || NN <relay-ops AT noonion dot de> [3 hosts, inv_str 1/3] || Uu77bBt0eDko5iDrRNiXt2quIVPMNKvILk1eqJbAVk9e@posteo.ch [3 hosts, inv_str 1/3] || Alpenwall email:alpenwall[]proton.me pgp:11F9B9631297C6E8A6ABAEB20F35F [4 hosts, inv_str 2/6] || your@e-mail [3 hosts, inv_str 2/3] || email:info[]osservatorionessuno.org url:https://osservatorionessuno.or [3 hosts, inv_str 1/3] || printerexpert@mail2tor.com [3 hosts, inv_str 2/3] || c99058397@gmail.com [3 hosts, inv_str 2/3] || email:Quetzalcoatl_relays[]proton.me url:https://quetzalcoatl-relays.o [5 hosts, inv_str 4/10] || email:toralf.foerster[]gmx.de gpg:1A376F994A9D026F13E24DCFC4EACDDE0076 [4 hosts, inv_str 2/6] || url:relayon.org proof:uri-rsa abuse:abuse[]relayon.org ciissversion:2 [64 hosts, inv_str 6/2016] || Alpenwall email:alpenwall[]proton.me pgp:11F9B9631297C6E8A6ABAEB20F35F [7 hosts, inv_str 12/21] || Uu77bBt0eDko5iDrRNiXt2quIVPMNKvILk1eqJbAVk9e@posteo.ch [3 hosts, inv_str 0/3] || freedomfr@pm.me [5 hosts, inv_str 8/10] || email:admin@for-privacy.net url:for-privacy.net proof:dns-rsa abuse:ab [3 hosts, inv_str 0/3] || c99058397@gmail.com [3 hosts, inv_str 2/3] || email:info[]osservatorionessuno.org url:https://osservatorionessuno.or [3 hosts, inv_str 1/3] || clocker@tuta.io [3 hosts, inv_str 3/3] || freedomfr@pm.me [4 hosts, inv_str 3/6] || anyone-motor-cycle@duck.com [3 hosts, inv_str 0/3] || freedomfr@pm.me [6 hosts, inv_str 11/15] || email:tor[]1aeo.com url:https://www.1aeo.com proof:uri-familyid-ed2551 [4 hosts, inv_str 4/6] || email:Quetzalcoatl_relays[]proton.me url:https://quetzalcoatl-relays.o [8 hosts, inv_str 20/28] || 0xFFFFFFFF <tormaster AT kkb-clan dot de> [3 hosts, inv_str 2/3] || email:Quetzalcoatl_relays[]proton.me url:https://quetzalcoatl-relays.o [5 hosts, inv_str 5/10] || vollborn@quantentunnel.de [4 hosts, inv_str 4/6] || email:info[]osservatorionessuno.org url:https://osservatorionessuno.or [4 hosts, inv_str 3/6] || freedomfr@pm.me [10 hosts, inv_str 31/45] || email:admin@for-privacy.net url:for-privacy.net proof:dns-rsa abuse:ab [32 hosts, inv_str 191/496] || NN <relay-ops AT noonion dot de> [3 hosts, inv_str 2/3] || youremail@example.com [3 hosts, inv_str 1/3] || email:Quetzalcoatl_relays[]proton.me url:https://quetzalcoatl-relays.o [4 hosts, inv_str 1/6] || n2o.pw [3 hosts, inv_str 2/3]"
2026-07-04 20:33:46,2026-07-05 20:44:43,32,368,19,"your@e-mail [3 hosts, inv_str 1/3] || email:admin[]prsv.ch url:https://prsv.ch/ proof:uri-rsa ciissversion:2 [31 hosts, inv_str 264/465] || email:info[]osservatorionessuno.org url:https://osservatorionessuno.or [3 hosts, inv_str 3/3] || email:Quetzalcoatl_relays[]proton.me url:https://quetzalcoatl-relays.o [3 hosts, inv_str 1/3] || 0xFFFFFFFF <tormaster AT kkb-clan dot de> [3 hosts, inv_str 0/3] || Steve <tor@digital-world.dev> [3 hosts, inv_str 0/3] || freedomfr@pm.me [3 hosts, inv_str 1/3] || email:Quetzalcoatl_relays[]proton.me url:https://quetzalcoatl-relays.o [3 hosts, inv_str 3/3] || n2o.pw [3 hosts, inv_str 0/3] || Alpenwall email:alpenwall[]proton.me pgp:11F9B9631297C6E8A6ABAEB20F35F [12 hosts, inv_str 29/66] || freedomfr@pm.me [3 hosts, inv_str 0/3] || email:info[]osservatorionessuno.org url:https://osservatorionessuno.or [4 hosts, inv_str 3/6] || Artikel10 url:artikel10.org email:info[]artikel10.org abuse:abuse[]art [4 hosts, inv_str 0/6] || NN <relay-ops AT noonion dot de> [4 hosts, inv_str 0/6] || tor vidister de [15 hosts, inv_str 34/105] || freedomfr@pm.me [4 hosts, inv_str 1/6] || email:tor[]1aeo.com url:https://www.1aeo.com proof:uri-familyid-ed2551 [4 hosts, inv_str 4/6] || printerexpert@mail2tor.com [4 hosts, inv_str 5/6] || RandomPerson <skynet@academyforinternetresearch.org> [5 hosts, inv_str 0/10] || tr0419@proton.me [3 hosts, inv_str 3/3] || email:Quetzalcoatl_relays[]proton.me url:https://quetzalcoatl-relays.o [6 hosts, inv_str 9/15] || email:tor[]1aeo.com url:https://www.1aeo.com proof:uri-familyid-ed2551 [5 hosts, inv_str 4/10] || freedomfr@pm.me [3 hosts, inv_str 3/3] || Steve <tor@digital-world.dev> [3 hosts, inv_str 3/3] || printerexpert@mail2tor.com [4 hosts, inv_str 2/6] || email:info[]osservatorionessuno.org url:https://osservatorionessuno.or [3 hosts, inv_str 2/3] || NN <relay-ops AT noonion dot de> [3 hosts, inv_str 2/3] || email:Quetzalcoatl_relays[]proton.me url:https://quetzalcoatl-relays.o [3 hosts, inv_str 0/3] || hello@relaymagic.org (relaymagic.org/contact) [3 hosts, inv_str 1/3] || freedomfr@pm.me [4 hosts, inv_str 2/6] || freedomfr@pm.me [3 hosts, inv_str 1/3] || freedomfr@pm.me [4 hosts, inv_str 6/6] || email:Quetzalcoatl_relays[]proton.me url:https://quetzalcoatl-relays.o [3 hosts, inv_str 1/3] || Alpenwall email:alpenwall[]proton.me pgp:11F9B9631297C6E8A6ABAEB20F35F [4 hosts, inv_str 2/6] || url:https://ssdnodes.com email:tor-relays[]ssdnodes.com hoster:ssdnode [9 hosts, inv_str 18/36] || printerexpert@mail2tor.com [3 hosts, inv_str 1/3] || NN <relay-ops AT noonion dot de> [3 hosts, inv_str 2/3] || Alpenwall email:alpenwall[]proton.me pgp:11F9B9631297C6E8A6ABAEB20F35F [8 hosts, inv_str 9/28] || email:toralf.foerster[]gmx.de gpg:1A376F994A9D026F13E24DCFC4EACDDE0076 [3 hosts, inv_str 0/3] || email:Quetzalcoatl_relays[]proton.me url:https://quetzalcoatl-relays.o [4 hosts, inv_str 2/6] || rossco@whyza.net [3 hosts, inv_str 1/3] || email:Quetzalcoatl_relays[]proton.me url:https://quetzalcoatl-relays.o [5 hosts, inv_str 6/10] || email:mail[]nothingtohide.nl url:nothingtohide.nl proof:uri-rsa abuse: [3 hosts, inv_str 0/3] || freedomfr@pm.me [8 hosts, inv_str 21/28] || NN <relay-ops AT noonion dot de> [3 hosts, inv_str 2/3] || Chaos Computer Club Wien (C3W) email:anonymity[]c3w.at url:https://c3w [4 hosts, inv_str 4/6] || c99058397@gmail.com [3 hosts, inv_str 2/3] || email:Quetzalcoatl_relays[]proton.me url:https://quetzalcoatl-relays.o [6 hosts, inv_str 15/15] || freedomfr@pm.me [4 hosts, inv_str 4/6] || Uu77bBt0eDko5iDrRNiXt2quIVPMNKvILk1eqJbAVk9e@posteo.ch [3 hosts, inv_str 1/3] || Alpenwall email:alpenwall[]proton.me pgp:11F9B9631297C6E8A6ABAEB20F35F [4 hosts, inv_str 2/6] || Steve <tor@digital-world.dev> [3 hosts, inv_str 1/3] || c99058397@gmail.com [3 hosts, inv_str 2/3] || Tor Manager email:<tor@ibiblio.org> url:www.ibiblio.org proof:uri-rsa  [3 hosts, inv_str 3/3] || email:Quetzalcoatl_relays[]proton.me url:https://quetzalcoatl-relays.o [5 hosts, inv_str 7/10] || email:info[]osservatorionessuno.org url:https://osservatorionessuno.or [3 hosts, inv_str 3/3] || printerexpert@mail2tor.com [4 hosts, inv_str 5/6] || freedomfr@pm.me [4 hosts, inv_str 2/6] || tor@zgato.ru [3 hosts, inv_str 2/3] || Alpenwall email:alpenwall[]proton.me pgp:11F9B9631297C6E8A6ABAEB20F35F [7 hosts, inv_str 6/21] || email:Quetzalcoatl_relays[]proton.me url:https://quetzalcoatl-relays.o [3 hosts, inv_str 1/3] || 0xD0F421BEFF2B7AAD0AFB1900F026C5EF7FDD7677 f19.4jbg3@proton.me [7 hosts, inv_str 11/21] || NN <relay-ops AT noonion dot de> [3 hosts, inv_str 2/3] || email:Quetzalcoatl_relays[]proton.me url:https://quetzalcoatl-relays.o [4 hosts, inv_str 3/6] || c99058397@gmail.com [3 hosts, inv_str 3/3] || Alpenwall email:alpenwall[]proton.me pgp:11F9B9631297C6E8A6ABAEB20F35F [9 hosts, inv_str 13/36] || tor@zgato.ru [3 hosts, inv_str 0/3] || anyone-motor-cycle@duck.com [3 hosts, inv_str 1/3] || printerexpert@mail2tor.com [4 hosts, inv_str 2/6] || c99058397@gmail.com [3 hosts, inv_str 2/3] || tor-relay@ahnlak.com [5 hosts, inv_str 9/10] || email:Quetzalcoatl_relays[]proton.me url:https://quetzalcoatl-relays.o [4 hosts, inv_str 4/6] || NN <relay-ops AT noonion dot de> [3 hosts, inv_str 0/3] || clocker@tuta.io [3 hosts, inv_str 1/3] || email:info[]osservatorionessuno.org url:https://osservatorionessuno.or [3 hosts, inv_str 1/3] || c99058397@gmail.com [3 hosts, inv_str 2/3] || tor [] wurzelmann.at [8 hosts, inv_str 16/28] || freedomfr@pm.me [4 hosts, inv_str 4/6] || fumonion [] protonmail (dot) com [3 hosts, inv_str 2/3] || tor [] wurzelmann.at [8 hosts, inv_str 19/28] || NN <relay-ops AT noonion dot de> [3 hosts, inv_str 0/3]"
2026-07-05 21:01:26,2026-07-05 21:38:16,5,22,0,"c99058397@gmail.com [3 hosts, inv_str 2/3] || freedomfr@pm.me [3 hosts, inv_str 2/3] || email:info[]osservatorionessuno.org url:https://osservatorionessuno.or [3 hosts, inv_str 1/3] || email:admin[]prsv.ch url:https://prsv.ch/ proof:uri-rsa ciissversion:2 [9 hosts, inv_str 15/36] || someone < tor27 AT nurfuerspam DOT de > [4 hosts, inv_str 1/6]"
2026-07-05 21:59:26,2026-07-06 06:03:28,20,184,6,"email:admin[]prsv.ch url:https://prsv.ch/ proof:uri-rsa ciissversion:2 [15 hosts, inv_str 50/105] || KeFF NOC <noc AT keff dot org> [3 hosts, inv_str 3/3] || freedomfr@pm.me [4 hosts, inv_str 5/6] || kopfschusskorl@gmail.com [3 hosts, inv_str 2/3] || Alpenwall email:alpenwall[]proton.me pgp:11F9B9631297C6E8A6ABAEB20F35F [4 hosts, inv_str 2/6] || freedomfr@pm.me [7 hosts, inv_str 9/21] || c99058397@gmail.com [3 hosts, inv_str 2/3] || Artikel10 url:artikel10.org email:info[]artikel10.org abuse:abuse[]art [4 hosts, inv_str 0/6] || email:info[]osservatorionessuno.org url:https://osservatorionessuno.or [3 hosts, inv_str 1/3] || email:forest-relay-contact[]cryptolab.net pgp:BCBAE3E9CB8E2FE23F29DC58 [3 hosts, inv_str 2/3] || abuse@doggett.tech [3 hosts, inv_str 2/3] || RandomPerson <skynet@academyforinternetresearch.org> [8 hosts, inv_str 10/28] || email:Quetzalcoatl_relays[]proton.me url:https://quetzalcoatl-relays.o [5 hosts, inv_str 1/10] || Hurdy-Gurdy <admin AT my-mail dot rocks> [3 hosts, inv_str 1/3] || printerexpert@mail2tor.com [4 hosts, inv_str 0/6] || email:forest-relay-contact[]cryptolab.net pgp:BCBAE3E9CB8E2FE23F29DC58 [6 hosts, inv_str 7/15] || NN <relay-ops AT noonion dot de> [3 hosts, inv_str 1/3] || email:toralf.foerster[]gmx.de gpg:1A376F994A9D026F13E24DCFC4EACDDE0076 [3 hosts, inv_str 1/3] || freedomfr@pm.me [4 hosts, inv_str 2/6] || email:forest-relay-contact[]cryptolab.net pgp:BCBAE3E9CB8E2FE23F29DC58 [29 hosts, inv_str 199/406] || email:admin[]prsv.ch url:https://prsv.ch/ proof:uri-rsa ciissversion:2 [4 hosts, inv_str 2/6] || tor-relay-admin@carlos1001.com [3 hosts, inv_str 0/3] || hello@relaymagic.org (relaymagic.org/contact) [3 hosts, inv_str 0/3] || email:admin[]prsv.ch url:https://prsv.ch/ proof:uri-rsa ciissversion:2 [5 hosts, inv_str 4/10] || Artikel10 url:artikel10.org email:info[]artikel10.org abuse:abuse[]art [4 hosts, inv_str 0/6] || email:admin@for-privacy.net url:for-privacy.net proof:dns-rsa abuse:ab [32 hosts, inv_str 171/496] || email:info[]osservatorionessuno.org url:https://osservatorionessuno.or [3 hosts, inv_str 0/3] || hiwi  <hiwi AT nurfuerspam dot de> [3 hosts, inv_str 2/3] || email:forest-relay-contact[]cryptolab.net pgp:BCBAE3E9CB8E2FE23F29DC58 [10 hosts, inv_str 29/45]"
2026-07-06 06:18:48,2026-07-06 06:54:33,3,16,0,"url:https://ssdnodes.com email:tor-relays[]ssdnodes.com hoster:ssdnode [9 hosts, inv_str 18/36] || email:admin[]prsv.ch url:https://prsv.ch/ proof:uri-rsa ciissversion:2 [4 hosts, inv_str 2/6] || ops@freedomstack.de [3 hosts, inv_str 1/3]"
2026-07-06 07:05:20,2026-07-06 08:22:26,6,21,4,"c99058397@gmail.com [3 hosts, inv_str 2/3] || email:Quetzalcoatl_relays[]proton.me url:https://quetzalcoatl-relays.o [4 hosts, inv_str 4/6] || Markus <markus AT mdfnet dot se> [3 hosts, inv_str 0/3] || email:admin[]prsv.ch url:https://prsv.ch/ proof:uri-rsa ciissversion:2 [5 hosts, inv_str 8/10] || locator-private-tor@example.invalid [3 hosts, inv_str 3/3] || justbits@tutamail.com [3 hosts, inv_str 3/3]"
2026-07-06 09:32:05,2026-07-06 14:44:42,15,102,11,"email:admin[]prsv.ch url:https://prsv.ch/ proof:uri-rsa ciissversion:2 [17 hosts, inv_str 85/136] || Steve <tor@digital-world.dev> [3 hosts, inv_str 0/3] || NN <relay-ops AT noonion dot de> [5 hosts, inv_str 2/10] || freedomfr@pm.me [5 hosts, inv_str 4/10] || email:Quetzalcoatl_relays[]proton.me url:https://quetzalcoatl-relays.o [10 hosts, inv_str 34/45] || <trly1 AT proton dot me> [3 hosts, inv_str 0/3] || c99058397@gmail.com [3 hosts, inv_str 2/3] || locator-private-tor@example.invalid [3 hosts, inv_str 1/3] || email:Quetzalcoatl_relays[]proton.me url:https://quetzalcoatl-relays.o [3 hosts, inv_str 0/3] || tor@zgato.ru [3 hosts, inv_str 0/3] || Alpenwall email:alpenwall[]proton.me pgp:11F9B9631297C6E8A6ABAEB20F35F [15 hosts, inv_str 44/105] || vollborn@quantentunnel.de [3 hosts, inv_str 3/3] || Uu77bBt0eDko5iDrRNiXt2quIVPMNKvILk1eqJbAVk9e@posteo.ch [3 hosts, inv_str 1/3] || contact.broiling074@passinbox.com [3 hosts, inv_str 3/3] || freedomfr@pm.me [4 hosts, inv_str 3/6] || notlight@tutamail.com [3 hosts, inv_str 2/3] || Uu77bBt0eDko5iDrRNiXt2quIVPMNKvILk1eqJbAVk9e@posteo.ch [3 hosts, inv_str 1/3] || c99058397@gmail.com [3 hosts, inv_str 2/3] || Alpenwall email:alpenwall[]proton.me pgp:11F9B9631297C6E8A6ABAEB20F35F [4 hosts, inv_str 5/6] || email:Quetzalcoatl_relays[]proton.me url:https://quetzalcoatl-relays.o [3 hosts, inv_str 1/3] || printerexpert@mail2tor.com [3 hosts, inv_str 1/3]"
2026-07-06 15:02:34,2026-07-06 16:39:39,4,24,0,"tor-operator@mufff.in [11 hosts, inv_str 45/55] || email:admin[]prsv.ch url:https://prsv.ch/ proof:uri-rsa ciissversion:2 [7 hosts, inv_str 6/21] || anyone-motor-cycle@duck.com [3 hosts, inv_str 0/3] || printerexpert@mail2tor.com [3 hosts, inv_str 2/3]"
2026-07-06 17:03:12,2026-07-06 19:35:03,4,30,0,"email:admin[]prsv.ch url:https://prsv.ch/ proof:uri-rsa ciissversion:2 [6 hosts, inv_str 5/15] || printerexpert@mail2tor.com [3 hosts, inv_str 2/3] || NN <relay-ops AT noonion dot de> [3 hosts, inv_str 3/3] || Digitalcourage e.V. email:tor-abuse[]digitalcourage.de abuse:tor-abuse [15 hosts, inv_str 49/105] || printerexpert@mail2tor.com [3 hosts, inv_str 1/3]"
2026-07-06 19:57:45,2026-07-06 22:49:34,12,97,7,"email:admin[]prsv.ch url:https://prsv.ch/ proof:uri-rsa ciissversion:2 [15 hosts, inv_str 57/105] || Foundation for Applied Privacy email:tor[]appliedprivacy.net donationu [15 hosts, inv_str 25/105] || notlight@tutamail.com [3 hosts, inv_str 2/3] || freedomfr@pm.me [4 hosts, inv_str 1/6] || Alpenwall email:alpenwall[]proton.me pgp:11F9B9631297C6E8A6ABAEB20F35F [9 hosts, inv_str 15/36] || Steve <tor@digital-world.dev> [3 hosts, inv_str 1/3] || <trly1 AT proton dot me> [3 hosts, inv_str 0/3] || email:Quetzalcoatl_relays[]proton.me url:https://quetzalcoatl-relays.o [5 hosts, inv_str 7/10] || Foundation for Applied Privacy email:tor[]appliedprivacy.net donationu [15 hosts, inv_str 19/105] || email:Quetzalcoatl_relays[]proton.me url:https://quetzalcoatl-relays.o [3 hosts, inv_str 1/3] || fumonion [] protonmail (dot) com [4 hosts, inv_str 3/6] || email:forest-relay-contact[]cryptolab.net pgp:BCBAE3E9CB8E2FE23F29DC58 [5 hosts, inv_str 0/10] || tor@kllx.eu [5 hosts, inv_str 6/10] || john_rt291141(at)proton(dot)me [8 hosts, inv_str 14/28]"
2026-07-06 23:04:21,2026-07-08 03:14:58,38,529,20,"email:admin[]prsv.ch url:https://prsv.ch/ proof:uri-rsa ciissversion:2 [27 hosts, inv_str 184/351] || email:Quetzalcoatl_relays[]proton.me url:https://quetzalcoatl-relays.o [4 hosts, inv_str 3/6] || RandomPerson <skynet@academyforinternetresearch.org> [3 hosts, inv_str 0/3] || email:Quetzalcoatl_relays[]proton.me url:https://quetzalcoatl-relays.o [4 hosts, inv_str 2/6] || This Relay is operated as part of a research effort to measure how Oni [3 hosts, inv_str 2/3] || email:info[]osservatorionessuno.org url:https://osservatorionessuno.or [3 hosts, inv_str 3/3] || Alpenwall email:alpenwall[]proton.me pgp:11F9B9631297C6E8A6ABAEB20F35F [21 hosts, inv_str 71/210] || chapman.shoop@riseup.net [8 hosts, inv_str 20/28] || hello@relaymagic.org (relaymagic.org/contact) [3 hosts, inv_str 0/3] || c99058397@gmail.com [3 hosts, inv_str 3/3] || your@e-mail [3 hosts, inv_str 2/3] || vollborn@quantentunnel.de [3 hosts, inv_str 1/3] || Digitalcourage e.V. email:tor-abuse[]digitalcourage.de abuse:tor-abuse [3 hosts, inv_str 1/3] || relay // at // pommespanzer // dot // cc [9 hosts, inv_str 16/36] || DFRI email:tor[]dfri.se url:https://dfri.se proof:dns-familyid-ed25519 [9 hosts, inv_str 20/36] || email:info[]osservatorionessuno.org url:https://osservatorionessuno.or [3 hosts, inv_str 1/3] || Satanist <admin AT 2cb dot su> [4 hosts, inv_str 2/6] || Artikel10 url:artikel10.org email:info[]artikel10.org abuse:abuse[]art [4 hosts, inv_str 0/6] || NN <relay-ops AT noonion dot de> [3 hosts, inv_str 1/3] || email:admin@for-privacy.net url:for-privacy.net proof:dns-rsa abuse:ab [32 hosts, inv_str 216/496] || tor@zgato.ru [3 hosts, inv_str 0/3] || email:rotor[]schmeling-ol.de url:https://www.schmeling-ol.de proof:uri [3 hosts, inv_str 2/3] || DFRI email:tor[]dfri.se url:https://dfri.se proof:dns-familyid-ed25519 [10 hosts, inv_str 32/45] || notlight@tutamail.com [5 hosts, inv_str 4/10] || url:https://ssdnodes.com email:tor-relays[]ssdnodes.com hoster:ssdnode [9 hosts, inv_str 22/36] || printerexpert@mail2tor.com [3 hosts, inv_str 2/3] || email:info[]osservatorionessuno.org url:https://osservatorionessuno.or [3 hosts, inv_str 1/3] || NN <relay-ops AT noonion dot de> [3 hosts, inv_str 3/3] || hades_xxn7[]tutamail {DOT} com [3 hosts, inv_str 1/3] || Alpenwall email:alpenwall[]proton.me pgp:11F9B9631297C6E8A6ABAEB20F35F [6 hosts, inv_str 5/15] || justbits@tutamail.com [3 hosts, inv_str 2/3] || c99058397@gmail.com [4 hosts, inv_str 4/6] || NN <relay-ops AT noonion dot de> [3 hosts, inv_str 2/3] || email:Quetzalcoatl_relays[]proton.me url:https://quetzalcoatl-relays.o [5 hosts, inv_str 7/10] || tutkfk@protonmail.com [3 hosts, inv_str 2/3] || Alpenwall email:alpenwall[]proton.me pgp:11F9B9631297C6E8A6ABAEB20F35F [3 hosts, inv_str 0/3] || url:relayon.org proof:uri-rsa abuse:abuse[]relayon.org ciissversion:2 [21 hosts, inv_str 0/210] || email:info[]osservatorionessuno.org url:https://osservatorionessuno.or [3 hosts, inv_str 2/3] || c99058397@gmail.com [3 hosts, inv_str 2/3] || email:Quetzalcoatl_relays[]proton.me url:https://quetzalcoatl-relays.o [7 hosts, inv_str 5/21] || Alpenwall email:alpenwall[]proton.me pgp:11F9B9631297C6E8A6ABAEB20F35F [5 hosts, inv_str 3/10] || notlight@tutamail.com [3 hosts, inv_str 1/3] || tor@zgato.ru [3 hosts, inv_str 1/3] || c99058397@gmail.com [3 hosts, inv_str 2/3] || your@e-mail [3 hosts, inv_str 3/3] || email:Quetzalcoatl_relays[]proton.me url:https://quetzalcoatl-relays.o [3 hosts, inv_str 2/3] || tor vidister de [15 hosts, inv_str 49/105] || Alpenwall email:alpenwall[]proton.me pgp:11F9B9631297C6E8A6ABAEB20F35F [3 hosts, inv_str 2/3] || Uu77bBt0eDko5iDrRNiXt2quIVPMNKvILk1eqJbAVk9e@posteo.ch [3 hosts, inv_str 0/3] || email:Quetzalcoatl_relays[]proton.me url:https://quetzalcoatl-relays.o [3 hosts, inv_str 2/3] || email:Quetzalcoatl_relays[]proton.me url:https://quetzalcoatl-relays.o [3 hosts, inv_str 1/3] || notlight@tutamail.com [3 hosts, inv_str 2/3] || c99058397@gmail.com [3 hosts, inv_str 3/3] || Alpenwall email:alpenwall[]proton.me pgp:11F9B9631297C6E8A6ABAEB20F35F [3 hosts, inv_str 3/3] || anyone-motor-cycle@duck.com [3 hosts, inv_str 0/3] || email:Quetzalcoatl_relays[]proton.me url:https://quetzalcoatl-relays.o [8 hosts, inv_str 11/28] || NN <relay-ops AT noonion dot de> [4 hosts, inv_str 1/6] || c99058397@gmail.com [3 hosts, inv_str 3/3] || your@e-mail [3 hosts, inv_str 2/3] || email:info[]osservatorionessuno.org url:https://osservatorionessuno.or [3 hosts, inv_str 2/3] || ContactInfo email:knight AT germancraft dot net url:germancraft.net pr [3 hosts, inv_str 0/3] || Steve <tor@digital-world.dev> [3 hosts, inv_str 1/3] || Alpenwall email:alpenwall[]proton.me pgp:11F9B9631297C6E8A6ABAEB20F35F [9 hosts, inv_str 8/36] || notlight@tutamail.com [3 hosts, inv_str 3/3] || pczer@hushmail.com [3 hosts, inv_str 2/3] || Chaos Computer Club Wien (C3W) email:anonymity[]c3w.at url:https://c3w [4 hosts, inv_str 0/6] || email:mocha-dreary-chive[]duck.com ciissversion:3 [4 hosts, inv_str 5/6] || email:Quetzalcoatl_relays[]proton.me url:https://quetzalcoatl-relays.o [3 hosts, inv_str 2/3] || c99058397@gmail.com [3 hosts, inv_str 3/3] || your@e-mail [3 hosts, inv_str 0/3] || email:info[]osservatorionessuno.org url:https://osservatorionessuno.or [3 hosts, inv_str 2/3] || tor@zgato.ru [4 hosts, inv_str 5/6] || Alpenwall email:alpenwall[]proton.me pgp:11F9B9631297C6E8A6ABAEB20F35F [6 hosts, inv_str 7/15] || email:john[]quintex.com url:https://www.quintex.com proof:uri-rsa abus [99 hosts, inv_str 1653/4851] || printerexpert@mail2tor.com [3 hosts, inv_str 2/3] || notlight@tutamail.com [3 hosts, inv_str 3/3] || NN <relay-ops AT noonion dot de> [3 hosts, inv_str 2/3] || RandomPerson <skynet@academyforinternetresearch.org> [5 hosts, inv_str 5/10] || notlight@tutamail.com [3 hosts, inv_str 2/3] || Alpenwall email:alpenwall[]proton.me pgp:11F9B9631297C6E8A6ABAEB20F35F [3 hosts, inv_str 2/3] || email:Quetzalcoatl_relays[]proton.me url:https://quetzalcoatl-relays.o [3 hosts, inv_str 3/3] || freedomfr@pm.me [3 hosts, inv_str 2/3] || Steve <tor@digital-world.dev> [3 hosts, inv_str 0/3] || notlight@tutamail.com [4 hosts, inv_str 1/6] || email:Quetzalcoatl_relays[]proton.me url:https://quetzalcoatl-relays.o [5 hosts, inv_str 4/10] || hello@relaymagic.org (relaymagic.org/contact) [3 hosts, inv_str 1/3] || 0xFFFFFFFF <tormaster AT kkb-clan dot de> [3 hosts, inv_str 1/3]"
2026-07-08 03:49:04,2026-07-08 17:23:23,21,556,8,"email:admin[]prsv.ch url:https://prsv.ch/ proof:uri-rsa ciissversion:2 [23 hosts, inv_str 149/253] || relay // at // pommespanzer // dot // cc [8 hosts, inv_str 11/28] || 0xFFFFFFFF <tormaster AT kkb-clan dot de> [3 hosts, inv_str 1/3] || freedomfr@pm.me [3 hosts, inv_str 2/3] || NN <relay-ops AT noonion dot de> [3 hosts, inv_str 2/3] || Alpenwall email:alpenwall[]proton.me pgp:11F9B9631297C6E8A6ABAEB20F35F [3 hosts, inv_str 1/3] || notlight@tutamail.com [3 hosts, inv_str 3/3] || email:Quetzalcoatl_relays[]proton.me url:https://quetzalcoatl-relays.o [5 hosts, inv_str 2/10] || email:john[]quintex.com url:https://www.quintex.com proof:uri-rsa abus [100 hosts, inv_str 1770/4950] || thetordoor [AT] proton [DOT] me [27 hosts, inv_str 164/351] || Hurdy-Gurdy <admin AT my-mail dot rocks> [7 hosts, inv_str 11/21] || url:https://ssdnodes.com email:tor-relays[]ssdnodes.com hoster:ssdnode [10 hosts, inv_str 27/45] || thetordoor [AT] proton [DOT] me [53 hosts, inv_str 676/1378] || email:Quetzalcoatl_relays[]proton.me url:https://quetzalcoatl-relays.o [4 hosts, inv_str 1/6] || 5h098y32[at]duck.com [3 hosts, inv_str 2/3] || NN <relay-ops AT noonion dot de> [4 hosts, inv_str 5/6] || justbits@tutamail.com [3 hosts, inv_str 2/3] || Phill W email:tor[]phillw.net url:phillw.net proof:uri-rsa ciissversio [3 hosts, inv_str 2/3] || Alpenwall email:alpenwall[]proton.me pgp:11F9B9631297C6E8A6ABAEB20F35F [7 hosts, inv_str 10/21] || notlight@tutamail.com [4 hosts, inv_str 4/6] || printerexpert@mail2tor.com [3 hosts, inv_str 1/3] || Alpenwall email:alpenwall[]proton.me pgp:11F9B9631297C6E8A6ABAEB20F35F [3 hosts, inv_str 1/3] || thetordoor [AT] proton [DOT] me [20 hosts, inv_str 103/190] || NN <relay-ops AT noonion dot de> [3 hosts, inv_str 1/3] || locator-private-tor@example.invalid [3 hosts, inv_str 2/3] || Uu77bBt0eDko5iDrRNiXt2quIVPMNKvILk1eqJbAVk9e@posteo.ch [4 hosts, inv_str 5/6] || NN <relay-ops AT noonion dot de> [3 hosts, inv_str 2/3] || freedomfr@pm.me [3 hosts, inv_str 2/3] || notlight@tutamail.com [3 hosts, inv_str 2/3] || Alpenwall email:alpenwall[]proton.me pgp:11F9B9631297C6E8A6ABAEB20F35F [3 hosts, inv_str 2/3] || tor@zgato.ru [3 hosts, inv_str 2/3] || email:john[]quintex.com url:https://www.quintex.com proof:uri-rsa abus [100 hosts, inv_str 1607/4950] || thetordoor [AT] proton [DOT] me [99 hosts, inv_str 1101/4851] || NN <relay-ops AT noonion dot de> [4 hosts, inv_str 3/6] || Alpenwall email:alpenwall[]proton.me pgp:11F9B9631297C6E8A6ABAEB20F35F [5 hosts, inv_str 1/10] || notlight@tutamail.com [5 hosts, inv_str 3/10] || email:Quetzalcoatl_relays[]proton.me url:https://quetzalcoatl-relays.o [3 hosts, inv_str 1/3] || printerexpert@mail2tor.com [3 hosts, inv_str 1/3] || anyone-motor-cycle@duck.com [3 hosts, inv_str 1/3] || email:info[]osservatorionessuno.org url:https://osservatorionessuno.or [3 hosts, inv_str 1/3] || NN <relay-ops AT noonion dot de> [4 hosts, inv_str 5/6]"
2026-07-08 17:36:15,2026-07-09 01:47:16,16,149,7,"Alpenwall email:alpenwall[]proton.me pgp:11F9B9631297C6E8A6ABAEB20F35F [4 hosts, inv_str 3/6] || email:admin[]prsv.ch url:https://prsv.ch/ proof:uri-rsa ciissversion:2 [35 hosts, inv_str 258/595] || notlight@tutamail.com [4 hosts, inv_str 2/6] || email:info[]osservatorionessuno.org url:https://osservatorionessuno.or [3 hosts, inv_str 1/3] || mRtjR4JX6pgJ@protonmail.ch [6 hosts, inv_str 12/15] || Alpenwall email:alpenwall[]proton.me pgp:11F9B9631297C6E8A6ABAEB20F35F [23 hosts, inv_str 106/253] || NN <relay-ops AT noonion dot de> [4 hosts, inv_str 2/6] || notlight@tutamail.com [3 hosts, inv_str 1/3] || email:info[]osservatorionessuno.org url:https://osservatorionessuno.or [4 hosts, inv_str 4/6] || email:Quetzalcoatl_relays[]proton.me url:https://quetzalcoatl-relays.o [4 hosts, inv_str 2/6] || freedomfr@pm.me [3 hosts, inv_str 3/3] || email:tech[]emeraldonion.org abuse:tech[]emeraldonion.org mastodon:htt [8 hosts, inv_str 11/28] || email:Quetzalcoatl_relays[]proton.me url:https://quetzalcoatl-relays.o [3 hosts, inv_str 1/3] || kopfschusskorl@gmail.com [3 hosts, inv_str 3/3] || printerexpert@mail2tor.com [3 hosts, inv_str 0/3] || email:forest-relay-contact[]cryptolab.net pgp:BCBAE3E9CB8E2FE23F29DC58 [3 hosts, inv_str 3/3] || RandomPerson <skynet@academyforinternetresearch.org> [4 hosts, inv_str 2/6] || Steve <tor@digital-world.dev> [4 hosts, inv_str 4/6] || Alpenwall email:alpenwall[]proton.me pgp:11F9B9631297C6E8A6ABAEB20F35F [8 hosts, inv_str 8/28] || notlight@tutamail.com [5 hosts, inv_str 2/10] || email:forest-relay-contact[]cryptolab.net pgp:BCBAE3E9CB8E2FE23F29DC58 [4 hosts, inv_str 4/6] || printerexpert@mail2tor.com [3 hosts, inv_str 2/3] || tor@kllx.eu [3 hosts, inv_str 3/3] || tor@zgato.ru [5 hosts, inv_str 7/10]"
2026-07-09 02:11:51,2026-07-09 02:17:31,2,9,3,"email:Quetzalcoatl_relays[]proton.me url:https://quetzalcoatl-relays.o [3 hosts, inv_str 3/3] || dump(@)norvi.tech [6 hosts, inv_str 10/15]"
2026-07-09 03:13:59,2026-07-10 07:04:31,35,989,14,"email:admin[]prsv.ch url:https://prsv.ch/ proof:uri-rsa ciissversion:2 [66 hosts, inv_str 992/2145] || torcontactemail AT proton.me [3 hosts, inv_str 3/3] || Random Person nobody@tor.org [3 hosts, inv_str 2/3] || email:info[]osservatorionessuno.org url:https://osservatorionessuno.or [4 hosts, inv_str 5/6] || Alpenwall email:alpenwall[]proton.me pgp:11F9B9631297C6E8A6ABAEB20F35F [6 hosts, inv_str 4/15] || email:forest-relay-contact[]cryptolab.net pgp:BCBAE3E9CB8E2FE23F29DC58 [4 hosts, inv_str 1/6] || Dave Null <dave@null.net> [6 hosts, inv_str 7/15] || Steve <tor@digital-world.dev> [3 hosts, inv_str 2/3] || 0xFFFFFFFF <tormaster AT kkb-clan dot de> [3 hosts, inv_str 1/3] || printerexpert@mail2tor.com [3 hosts, inv_str 3/3] || email:admin@for-privacy.net url:for-privacy.net proof:dns-rsa abuse:ab [32 hosts, inv_str 197/496] || notlight@tutamail.com [5 hosts, inv_str 2/10] || freedomfr@pm.me [5 hosts, inv_str 4/10] || hwangchulsoo@proton.me [5 hosts, inv_str 9/10] || email:info[]osservatorionessuno.org url:https://osservatorionessuno.or [4 hosts, inv_str 5/6] || url:https://ssdnodes.com email:tor-relays[]ssdnodes.com hoster:ssdnode [9 hosts, inv_str 22/36] || Steve <tor@digital-world.dev> [3 hosts, inv_str 1/3] || email:privacyboys@tutanota.com hoster:atomicnetworks cost:64USD donati [4 hosts, inv_str 4/6] || freedomfr@pm.me [3 hosts, inv_str 1/3] || justbits@tutamail.com [3 hosts, inv_str 3/3] || Alpenwall email:alpenwall[]proton.me pgp:11F9B9631297C6E8A6ABAEB20F35F [4 hosts, inv_str 2/6] || Steve <tor@digital-world.dev> [3 hosts, inv_str 1/3] || notlight@tutamail.com [3 hosts, inv_str 1/3] || tor@zgato.ru [4 hosts, inv_str 3/6] || NN <relay-ops AT noonion dot de> [3 hosts, inv_str 2/3] || freedomfr@pm.me [4 hosts, inv_str 5/6] || notlight@tutamail.com [3 hosts, inv_str 1/3] || Alpenwall email:alpenwall[]proton.me pgp:11F9B9631297C6E8A6ABAEB20F35F [6 hosts, inv_str 8/15] || email:forest-relay-contact[]cryptolab.net pgp:BCBAE3E9CB8E2FE23F29DC58 [3 hosts, inv_str 1/3] || Steve <tor@digital-world.dev> [3 hosts, inv_str 2/3] || tor@dst.ca [4 hosts, inv_str 0/6] || email:Quetzalcoatl_relays[]proton.me url:https://quetzalcoatl-relays.o [3 hosts, inv_str 2/3] || email:tor[]1aeo.com url:https://www.1aeo.com proof:uri-familyid-ed2551 [5 hosts, inv_str 4/10] || Uu77bBt0eDko5iDrRNiXt2quIVPMNKvILk1eqJbAVk9e@posteo.ch [3 hosts, inv_str 1/3] || notlight@tutamail.com [4 hosts, inv_str 3/6] || email:info[]osservatorionessuno.org url:https://osservatorionessuno.or [4 hosts, inv_str 5/6] || printerexpert@mail2tor.com [3 hosts, inv_str 3/3] || Bastiaan Brink <b@stiaanbr.ink> | AS215248 NOC +31 85 369 5034 [4 hosts, inv_str 0/6] || Alpenwall email:alpenwall[]proton.me pgp:11F9B9631297C6E8A6ABAEB20F35F [5 hosts, inv_str 2/10] || 0xFFFFFFFF <tormaster AT kkb-clan dot de> [3 hosts, inv_str 0/3] || email:tor[]1aeo.com url:https://www.1aeo.com proof:uri-familyid-ed2551 [4 hosts, inv_str 0/6] || email:tech[]emeraldonion.org abuse:tech[]emeraldonion.org mastodon:htt [96 hosts, inv_str 2377/4560] || thetordoor [AT] proton [DOT] me [98 hosts, inv_str 1045/4753] || notlight@tutamail.com [4 hosts, inv_str 5/6] || email:info[]osservatorionessuno.org url:https://osservatorionessuno.or [3 hosts, inv_str 3/3] || email:tor[]1aeo.com url:https://www.1aeo.com proof:uri-familyid-ed2551 [4 hosts, inv_str 0/6] || anyone-motor-cycle@duck.com [3 hosts, inv_str 0/3] || email:Quetzalcoatl_relays[]proton.me url:https://quetzalcoatl-relays.o [3 hosts, inv_str 0/3] || printerexpert@mail2tor.com [3 hosts, inv_str 2/3] || NN <relay-ops AT noonion dot de> [3 hosts, inv_str 1/3] || printerexpert@mail2tor.com [3 hosts, inv_str 3/3] || email:john[]quintex.com url:https://www.quintex.com proof:uri-rsa abus [100 hosts, inv_str 1736/4950] || Alpenwall email:alpenwall[]proton.me pgp:11F9B9631297C6E8A6ABAEB20F35F [5 hosts, inv_str 4/10] || email:info[]osservatorionessuno.org url:https://osservatorionessuno.or [3 hosts, inv_str 1/3] || tor@kllx.eu [22 hosts, inv_str 130/231] || notlight@tutamail.com [4 hosts, inv_str 4/6] || email:Quetzalcoatl_relays[]proton.me url:https://quetzalcoatl-relays.o [4 hosts, inv_str 6/6] || Steve <tor@digital-world.dev> [3 hosts, inv_str 0/3] || printerexpert@mail2tor.com [3 hosts, inv_str 1/3] || email:info[]osservatorionessuno.org url:https://osservatorionessuno.or [3 hosts, inv_str 1/3] || printerexpert@mail2tor.com [3 hosts, inv_str 2/3] || someone < tor27 AT nurfuerspam DOT de > [3 hosts, inv_str 1/3] || KeFF NOC <noc AT keff dot org> [7 hosts, inv_str 15/21] || 0xFFFFFFFF <tormaster AT kkb-clan dot de> [3 hosts, inv_str 2/3] || url:https://ssdnodes.com email:tor-relays[]ssdnodes.com hoster:ssdnode [4 hosts, inv_str 4/6] || email:info[]osservatorionessuno.org url:https://osservatorionessuno.or [4 hosts, inv_str 4/6] || wxw at safe-mail dot net [17 hosts, inv_str 71/136] || email:Quetzalcoatl_relays[]proton.me url:https://quetzalcoatl-relays.o [5 hosts, inv_str 4/10] || RandomPerson <skynet@academyforinternetresearch.org> [9 hosts, inv_str 8/36] || notlight@tutamail.com [4 hosts, inv_str 3/6] || email:Quetzalcoatl_relays[]proton.me url:https://quetzalcoatl-relays.o [3 hosts, inv_str 0/3] || Steve <tor@digital-world.dev> [3 hosts, inv_str 1/3] || NN <relay-ops AT noonion dot de> [5 hosts, inv_str 7/10] || email:info[]osservatorionessuno.org url:https://osservatorionessuno.or [3 hosts, inv_str 1/3] || email:Quetzalcoatl_relays[]proton.me url:https://quetzalcoatl-relays.o [3 hosts, inv_str 0/3] || Alpenwall email:alpenwall[]proton.me pgp:11F9B9631297C6E8A6ABAEB20F35F [4 hosts, inv_str 2/6] || notlight@tutamail.com [3 hosts, inv_str 2/3] || hello@relaymagic.org (relaymagic.org/contact) [3 hosts, inv_str 1/3] || email:info[]osservatorionessuno.org url:https://osservatorionessuno.or [3 hosts, inv_str 2/3] || email:admin@for-privacy.net url:for-privacy.net proof:dns-rsa abuse:ab [33 hosts, inv_str 238/528] || Alpenwall email:alpenwall[]proton.me pgp:11F9B9631297C6E8A6ABAEB20F35F [12 hosts, inv_str 24/66] || email:john[]quintex.com url:https://www.quintex.com proof:uri-rsa abus [4 hosts, inv_str 4/6] || Random Person nobody@tor.org [3 hosts, inv_str 1/3] || email:tor[]1aeo.com url:https://www.1aeo.com proof:uri-familyid-ed2551 [12 hosts, inv_str 24/66] || notlight@tutamail.com [3 hosts, inv_str 1/3] || escapemeplz@proton.me [5 hosts, inv_str 1/10] || email:john[]quintex.com url:https://www.quintex.com proof:uri-rsa abus [100 hosts, inv_str 1711/4950] || url:https://ssdnodes.com email:tor-relays[]ssdnodes.com hoster:ssdnode [8 hosts, inv_str 10/28] || notlight@tutamail.com [3 hosts, inv_str 0/3] || email:john[]quintex.com url:https://www.quintex.com proof:uri-rsa abus [98 hosts, inv_str 2616/4753]"
2026-07-10 08:18:32,2026-07-10 10:24:22,4,26,4,"email:admin[]prsv.ch url:https://prsv.ch/ proof:uri-rsa ciissversion:2 [15 hosts, inv_str 58/105] || NN <relay-ops AT noonion dot de> [3 hosts, inv_str 3/3] || email:Quetzalcoatl_relays[]proton.me url:https://quetzalcoatl-relays.o [4 hosts, inv_str 3/6] || notlight@tutamail.com [4 hosts, inv_str 2/6]"
2026-07-10 10:53:30,2026-07-11 17:39:37,33,1809,30,"email:admin[]prsv.ch url:https://prsv.ch/ proof:uri-rsa ciissversion:2 [26 hosts, inv_str 219/325] || notlight@tutamail.com [3 hosts, inv_str 0/3] || email:info[]osservatorionessuno.org url:https://osservatorionessuno.or [3 hosts, inv_str 1/3] || Uu77bBt0eDko5iDrRNiXt2quIVPMNKvILk1eqJbAVk9e@posteo.ch [3 hosts, inv_str 3/3] || email:Quetzalcoatl_relays[]proton.me url:https://quetzalcoatl-relays.o [4 hosts, inv_str 3/6] || Alpenwall email:alpenwall[]proton.me pgp:11F9B9631297C6E8A6ABAEB20F35F [3 hosts, inv_str 1/3] || NN <relay-ops AT noonion dot de> [3 hosts, inv_str 3/3] || email:mail[]nothingtohide.nl url:nothingtohide.nl proof:uri-rsa abuse: [46 hosts, inv_str 26/1035] || printerexpert@mail2tor.com [3 hosts, inv_str 2/3] || url:relayon.org proof:uri-rsa abuse:abuse[]relayon.org ciissversion:2 [21 hosts, inv_str 0/210] || email:mail[]nothingtohide.nl url:nothingtohide.nl proof:uri-rsa abuse: [154 hosts, inv_str 6600/11781] || email:Quetzalcoatl_relays[]proton.me url:https://quetzalcoatl-relays.o [4 hosts, inv_str 1/6] || Alpenwall email:alpenwall[]proton.me pgp:11F9B9631297C6E8A6ABAEB20F35F [9 hosts, inv_str 14/36] || notlight@tutamail.com [5 hosts, inv_str 6/10] || NN <relay-ops AT noonion dot de> [4 hosts, inv_str 4/6] || email:Quetzalcoatl_relays[]proton.me url:https://quetzalcoatl-relays.o [3 hosts, inv_str 2/3] || Alpenwall email:alpenwall[]proton.me pgp:11F9B9631297C6E8A6ABAEB20F35F [3 hosts, inv_str 2/3] || anyone-motor-cycle@duck.com [3 hosts, inv_str 0/3] || notlight@tutamail.com [3 hosts, inv_str 2/3] || email:Quetzalcoatl_relays[]proton.me url:https://quetzalcoatl-relays.o [4 hosts, inv_str 2/6] || nano-tor-relays@proton.me [3 hosts, inv_str 1/3] || Brandon Kuschel <tor AT NOSPAM brandonkuschel dot com> [5 hosts, inv_str 0/10] || email:Quetzalcoatl_relays[]proton.me url:https://quetzalcoatl-relays.o [7 hosts, inv_str 13/21] || Steve <tor@digital-world.dev> [3 hosts, inv_str 1/3] || notlight@tutamail.com [5 hosts, inv_str 6/10] || email:Quetzalcoatl_relays[]proton.me url:https://quetzalcoatl-relays.o [16 hosts, inv_str 69/120] || Alpenwall email:alpenwall[]proton.me pgp:11F9B9631297C6E8A6ABAEB20F35F [6 hosts, inv_str 12/15] || NN <relay-ops AT noonion dot de> [3 hosts, inv_str 3/3] || email:info[]osservatorionessuno.org url:https://osservatorionessuno.or [3 hosts, inv_str 2/3] || Steve <tor@digital-world.dev> [3 hosts, inv_str 3/3] || tor@zgato.ru [3 hosts, inv_str 1/3] || printerexpert@mail2tor.com [5 hosts, inv_str 7/10] || Steve <tor@digital-world.dev> [4 hosts, inv_str 2/6] || notlight@tutamail.com [3 hosts, inv_str 1/3] || 0XEA6084D3607F9E6A [3 hosts, inv_str 1/3] || NN <relay-ops AT noonion dot de> [3 hosts, inv_str 3/3] || notlight@tutamail.com [3 hosts, inv_str 2/3] || Alpenwall email:alpenwall[]proton.me pgp:11F9B9631297C6E8A6ABAEB20F35F [3 hosts, inv_str 3/3] || your@e-mail [3 hosts, inv_str 1/3] || email:admin@gjan.info pgp:FECDEB1EF59273C0C5A3670CF9EF0D6BED5CB330 [3 hosts, inv_str 2/3] || KeFF NOC <noc AT keff dot org> [5 hosts, inv_str 6/10] || email:Quetzalcoatl_relays[]proton.me url:https://quetzalcoatl-relays.o [5 hosts, inv_str 7/10] || NN <relay-ops AT noonion dot de> [4 hosts, inv_str 3/6] || Alpenwall email:alpenwall[]proton.me pgp:11F9B9631297C6E8A6ABAEB20F35F [7 hosts, inv_str 12/21] || email:Quetzalcoatl_relays[]proton.me url:https://quetzalcoatl-relays.o [8 hosts, inv_str 15/28] || notlight@tutamail.com [4 hosts, inv_str 6/6] || c99058397@gmail.com [3 hosts, inv_str 1/3] || your@e-mail [3 hosts, inv_str 1/3] || printerexpert@mail2tor.com [3 hosts, inv_str 2/3] || RandomPerson <skynet@academyforinternetresearch.org> [6 hosts, inv_str 4/15] || email:mail[]nothingtohide.nl url:nothingtohide.nl proof:uri-rsa abuse: [46 hosts, inv_str 306/1035] || NN <relay-ops AT noonion dot de> [4 hosts, inv_str 3/6] || Alpenwall email:alpenwall[]proton.me pgp:11F9B9631297C6E8A6ABAEB20F35F [9 hosts, inv_str 18/36] || email:info[]osservatorionessuno.org url:https://osservatorionessuno.or [3 hosts, inv_str 1/3] || c99058397@gmail.com [3 hosts, inv_str 1/3] || notlight@tutamail.com [4 hosts, inv_str 3/6] || email:Quetzalcoatl_relays[]proton.me url:https://quetzalcoatl-relays.o [8 hosts, inv_str 13/28] || Alpenwall email:alpenwall[]proton.me pgp:11F9B9631297C6E8A6ABAEB20F35F [3 hosts, inv_str 1/3] || printerexpert@mail2tor.com [3 hosts, inv_str 1/3] || NN <relay-ops AT noonion dot de> [4 hosts, inv_str 6/6] || email:info[]osservatorionessuno.org url:https://osservatorionessuno.or [3 hosts, inv_str 1/3] || email:Quetzalcoatl_relays[]proton.me url:https://quetzalcoatl-relays.o [4 hosts, inv_str 2/6] || email:admin@for-privacy.net url:for-privacy.net proof:dns-rsa abuse:ab [32 hosts, inv_str 204/496] || email:tor[]1aeo.com url:https://www.1aeo.com proof:uri-familyid-ed2551 [773 hosts, inv_str 98621/298378] || NN <relay-ops AT noonion dot de> [4 hosts, inv_str 5/6] || email:info[]osservatorionessuno.org url:https://osservatorionessuno.or [5 hosts, inv_str 2/10] || email:Quetzalcoatl_relays[]proton.me url:https://quetzalcoatl-relays.o [4 hosts, inv_str 3/6] || url:relayon.org proof:uri-rsa abuse:abuse[]relayon.org ciissversion:2 [21 hosts, inv_str 0/210] || <trly1 AT proton dot me> [3 hosts, inv_str 1/3] || your@e-mail [3 hosts, inv_str 1/3] || url:https://ssdnodes.com email:tor-relays[]ssdnodes.com hoster:ssdnode [7 hosts, inv_str 11/21] || url:relayon.org proof:uri-rsa abuse:abuse[]relayon.org ciissversion:2 [62 hosts, inv_str 0/1891] || NN <relay-ops AT noonion dot de> [3 hosts, inv_str 2/3] || email:Quetzalcoatl_relays[]proton.me url:https://quetzalcoatl-relays.o [3 hosts, inv_str 1/3] || email:info[]osservatorionessuno.org url:https://osservatorionessuno.or [4 hosts, inv_str 1/6] || c99058397@gmail.com [3 hosts, inv_str 2/3] || justbits@tutamail.com [3 hosts, inv_str 3/3] || email:Quetzalcoatl_relays[]proton.me url:https://quetzalcoatl-relays.o [4 hosts, inv_str 4/6] || email:admin[@]unredacted.org url:unredacted.org proof:dns-familyid-ed2 [123 hosts, inv_str 2795/7503] || NN <relay-ops AT noonion dot de> [3 hosts, inv_str 2/3] || email:Quetzalcoatl_relays[]proton.me url:https://quetzalcoatl-relays.o [3 hosts, inv_str 1/3] || email:mail[]nothingtohide.nl url:nothingtohide.nl proof:uri-rsa abuse: [46 hosts, inv_str 0/1035] || email:info[]osservatorionessuno.org url:https://osservatorionessuno.or [5 hosts, inv_str 2/10] || tor@kllx.eu [22 hosts, inv_str 157/231] || notlight@tutamail.com [3 hosts, inv_str 1/3] || Steve <tor@digital-world.dev> [3 hosts, inv_str 2/3] || tor@zgato.ru [3 hosts, inv_str 3/3] || NN <relay-ops AT noonion dot de> [3 hosts, inv_str 2/3] || email:info[]osservatorionessuno.org url:https://osservatorionessuno.or [4 hosts, inv_str 2/6] || email:admin[]prsv.ch url:https://prsv.ch/ proof:uri-rsa ciissversion:2 [18 hosts, inv_str 72/153] || notlight@tutamail.com [5 hosts, inv_str 4/10] || email:Quetzalcoatl_relays[]proton.me url:https://quetzalcoatl-relays.o [8 hosts, inv_str 13/28] || Alpenwall email:alpenwall[]proton.me pgp:11F9B9631297C6E8A6ABAEB20F35F [3 hosts, inv_str 2/3] || https://exitnode.dk/ [7 hosts, inv_str 8/21] || NN <relay-ops AT noonion dot de> [3 hosts, inv_str 2/3] || email:info[]osservatorionessuno.org url:https://osservatorionessuno.or [4 hosts, inv_str 2/6] || notlight@tutamail.com [6 hosts, inv_str 5/15] || email:Quetzalcoatl_relays[]proton.me url:https://quetzalcoatl-relays.o [3 hosts, inv_str 2/3] || Alpenwall email:alpenwall[]proton.me pgp:11F9B9631297C6E8A6ABAEB20F35F [4 hosts, inv_str 1/6] || NN <relay-ops AT noonion dot de> [3 hosts, inv_str 2/3] || 0xa1@mailbox.org [4 hosts, inv_str 4/6] || email:toralf.foerster[]gmx.de gpg:1A376F994A9D026F13E24DCFC4EACDDE0076 [3 hosts, inv_str 1/3] || notlight@tutamail.com [3 hosts, inv_str 0/3] || 0xa1@mailbox.org [5 hosts, inv_str 4/10] || Alpenwall email:alpenwall[]proton.me pgp:11F9B9631297C6E8A6ABAEB20F35F [4 hosts, inv_str 3/6] || anyone-motor-cycle@duck.com [3 hosts, inv_str 2/3] || Steve <tor@digital-world.dev> [3 hosts, inv_str 2/3] || Digitalcourage e.V. email:tor-abuse[]digitalcourage.de abuse:tor-abuse [3 hosts, inv_str 0/3] || NN <relay-ops AT noonion dot de> [4 hosts, inv_str 2/6] || email:john[]quintex.com url:https://www.quintex.com proof:uri-rsa abus [22 hosts, inv_str 157/231] || email:Quetzalcoatl_relays[]proton.me url:https://quetzalcoatl-relays.o [3 hosts, inv_str 2/3]"
2026-07-11 17:50:42,2026-07-11 18:35:02,3,13,4,"email:admin[]prsv.ch url:https://prsv.ch/ proof:uri-rsa ciissversion:2 [5 hosts, inv_str 4/10] || email:Quetzalcoatl_relays[]proton.me url:https://quetzalcoatl-relays.o [4 hosts, inv_str 5/6] || email:toralf.foerster[]gmx.de gpg:1A376F994A9D026F13E24DCFC4EACDDE0076 [4 hosts, inv_str 4/6]"
2026-07-11 18:47:13,2026-07-12 23:39:35,31,491,32,"email:admin[]prsv.ch url:https://prsv.ch/ proof:uri-rsa ciissversion:2 [26 hosts, inv_str 211/325] || email:Quetzalcoatl_relays[]proton.me url:https://quetzalcoatl-relays.o [13 hosts, inv_str 48/78] || Alpenwall email:alpenwall[]proton.me pgp:11F9B9631297C6E8A6ABAEB20F35F [7 hosts, inv_str 8/21] || email:info[]osservatorionessuno.org url:https://osservatorionessuno.or [4 hosts, inv_str 5/6] || Steve <tor@digital-world.dev> [3 hosts, inv_str 2/3] || NN <relay-ops AT noonion dot de> [4 hosts, inv_str 4/6] || email:Quetzalcoatl_relays[]proton.me url:https://quetzalcoatl-relays.o [3 hosts, inv_str 2/3] || printerexpert@mail2tor.com [4 hosts, inv_str 3/6] || email:info[]osservatorionessuno.org url:https://osservatorionessuno.or [4 hosts, inv_str 3/6] || KeFF NOC <noc AT keff dot org> [3 hosts, inv_str 1/3] || kopfschusskorl@gmail.com [3 hosts, inv_str 3/3] || email:Quetzalcoatl_relays[]proton.me url:https://quetzalcoatl-relays.o [7 hosts, inv_str 14/21] || Alpenwall email:alpenwall[]proton.me pgp:11F9B9631297C6E8A6ABAEB20F35F [7 hosts, inv_str 13/21] || email:r3bo0tbx1[]brokenbotnet.com url:https://relays.brokenbotnet.com  [5 hosts, inv_str 3/10] || tor@zgato.ru [4 hosts, inv_str 2/6] || email:tor[]1aeo.com url:https://www.1aeo.com proof:uri-familyid-ed2551 [48 hosts, inv_str 539/1128] || email:Quetzalcoatl_relays[]proton.me url:https://quetzalcoatl-relays.o [4 hosts, inv_str 4/6] || NN <relay-ops AT noonion dot de> [3 hosts, inv_str 1/3] || RandomPerson <skynet@academyforinternetresearch.org> [7 hosts, inv_str 8/21] || tr0419@proton.me [3 hosts, inv_str 3/3] || email:info[]osservatorionessuno.org url:https://osservatorionessuno.or [5 hosts, inv_str 5/10] || email:Quetzalcoatl_relays[]proton.me url:https://quetzalcoatl-relays.o [3 hosts, inv_str 2/3] || email:tor[]1aeo.com url:https://www.1aeo.com proof:uri-familyid-ed2551 [24 hosts, inv_str 126/276] || tor@zgato.ru [4 hosts, inv_str 1/6] || NN <relay-ops AT noonion dot de> [3 hosts, inv_str 0/3] || Steve <tor@digital-world.dev> [3 hosts, inv_str 1/3] || email:info[]osservatorionessuno.org url:https://osservatorionessuno.or [3 hosts, inv_str 0/3] || hello@relaymagic.org (relaymagic.org/contact) [3 hosts, inv_str 1/3] || NN <relay-ops AT noonion dot de> [4 hosts, inv_str 0/6] || tor@zgato.ru [3 hosts, inv_str 3/3] || Alpenwall email:alpenwall[]proton.me pgp:11F9B9631297C6E8A6ABAEB20F35F [7 hosts, inv_str 5/21] || email:Quetzalcoatl_relays[]proton.me url:https://quetzalcoatl-relays.o [4 hosts, inv_str 0/6] || email:info[]osservatorionessuno.org url:https://osservatorionessuno.or [3 hosts, inv_str 2/3] || Steve <tor@digital-world.dev> [3 hosts, inv_str 1/3] || email:info[]osservatorionessuno.org url:https://osservatorionessuno.or [3 hosts, inv_str 1/3] || email:Quetzalcoatl_relays[]proton.me url:https://quetzalcoatl-relays.o [3 hosts, inv_str 1/3] || NN <relay-ops AT noonion dot de> [4 hosts, inv_str 3/6] || tor@zgato.ru [3 hosts, inv_str 3/3] || email:info[]osservatorionessuno.org url:https://osservatorionessuno.or [3 hosts, inv_str 2/3] || printerexpert@mail2tor.com [3 hosts, inv_str 2/3] || url:https://ssdnodes.com email:tor-relays[]ssdnodes.com hoster:ssdnode [7 hosts, inv_str 14/21] || khankrum359@gmail.com [3 hosts, inv_str 2/3] || email:forest-relay-contact[]cryptolab.net pgp:BCBAE3E9CB8E2FE23F29DC58 [3 hosts, inv_str 3/3] || hiwi  <hiwi AT nurfuerspam dot de> [3 hosts, inv_str 1/3] || DFRI email:tor[]dfri.se url:https://dfri.se proof:dns-familyid-ed25519 [19 hosts, inv_str 89/171] || F3 Netze <abuse@f3netze.de> email:abuse[]f3netze.de abuse:abuse[]f3net [8 hosts, inv_str 12/28] || NN <relay-ops AT noonion dot de> [3 hosts, inv_str 0/3] || justbits@tutamail.com [3 hosts, inv_str 2/3] || email:info[]osservatorionessuno.org url:https://osservatorionessuno.or [5 hosts, inv_str 8/10] || Alpenwall email:alpenwall[]proton.me pgp:11F9B9631297C6E8A6ABAEB20F35F [3 hosts, inv_str 1/3] || Uu77bBt0eDko5iDrRNiXt2quIVPMNKvILk1eqJbAVk9e@posteo.ch [3 hosts, inv_str 0/3] || tor@kllx.eu [22 hosts, inv_str 138/231] || email:Quetzalcoatl_relays[]proton.me url:https://quetzalcoatl-relays.o [3 hosts, inv_str 2/3] || NN <relay-ops AT noonion dot de> [3 hosts, inv_str 0/3] || email:Quetzalcoatl_relays[]proton.me url:https://quetzalcoatl-relays.o [3 hosts, inv_str 2/3] || email:Quetzalcoatl_relays[]proton.me url:https://quetzalcoatl-relays.o [5 hosts, inv_str 1/10] || NN <relay-ops AT noonion dot de> [5 hosts, inv_str 3/10] || tor@zgato.ru [3 hosts, inv_str 0/3] || url:katawaredoki.net proof:dns-familyid-ed25519 ciissversion:3 btc:bc1 [4 hosts, inv_str 5/6] || printerexpert@mail2tor.com [3 hosts, inv_str 1/3] || NN <relay-ops AT noonion dot de> [4 hosts, inv_str 3/6] || Alpenwall email:alpenwall[]proton.me pgp:11F9B9631297C6E8A6ABAEB20F35F [5 hosts, inv_str 5/10] || email:info[]osservatorionessuno.org url:https://osservatorionessuno.or [3 hosts, inv_str 2/3] || email:Quetzalcoatl_relays[]proton.me url:https://quetzalcoatl-relays.o [7 hosts, inv_str 10/21] || printerexpert@mail2tor.com [4 hosts, inv_str 3/6] || NN <relay-ops AT noonion dot de> [4 hosts, inv_str 2/6] || anyone-motor-cycle@duck.com [3 hosts, inv_str 0/3] || email:Quetzalcoatl_relays[]proton.me url:https://quetzalcoatl-relays.o [6 hosts, inv_str 7/15] || Alpenwall email:alpenwall[]proton.me pgp:11F9B9631297C6E8A6ABAEB20F35F [5 hosts, inv_str 5/10] || Steve <tor@digital-world.dev> [3 hosts, inv_str 2/3] || email:info[]osservatorionessuno.org url:https://osservatorionessuno.or [4 hosts, inv_str 3/6] || email:john[]quintex.com url:https://www.quintex.com proof:uri-rsa abus [12 hosts, inv_str 35/66] || F3 Netze <abuse@f3netze.de> email:abuse[]f3netze.de abuse:abuse[]f3net [4 hosts, inv_str 4/6] || F3 Netze <abuse@f3netze.de> email:abuse[]f3netze.de abuse:abuse[]f3net [4 hosts, inv_str 0/6] || F3 Netze <abuse@f3netze.de> email:abuse[]f3netze.de abuse:abuse[]f3net [8 hosts, inv_str 6/28] || Bastiaan Brink <b@stiaanbr.ink> | AS215248 NOC +31 85 369 5034 [9 hosts, inv_str 21/36] || relay@canine.lat [3 hosts, inv_str 1/3] || email:john[]quintex.com url:https://www.quintex.com proof:uri-rsa abus [20 hosts, inv_str 110/190] || KeFF NOC <noc AT keff dot org> [4 hosts, inv_str 3/6] || Alpenwall email:alpenwall[]proton.me pgp:11F9B9631297C6E8A6ABAEB20F35F [3 hosts, inv_str 3/3] || Bastiaan Brink <b@stiaanbr.ink> | AS215248 NOC +31 85 369 5034 [9 hosts, inv_str 1/36] || Alpenwall email:alpenwall[]proton.me pgp:11F9B9631297C6E8A6ABAEB20F35F [3 hosts, inv_str 1/3]"
2026-07-12 23:56:36,2026-07-13 17:05:02,21,209,11,"Alpenwall email:alpenwall[]proton.me pgp:11F9B9631297C6E8A6ABAEB20F35F [4 hosts, inv_str 3/6] || RandomPerson <skynet@academyforinternetresearch.org> [6 hosts, inv_str 2/15] || email:admin[]prsv.ch url:https://prsv.ch/ proof:uri-rsa ciissversion:2 [21 hosts, inv_str 133/210] || Bastiaan Brink <b@stiaanbr.ink> | AS215248 NOC +31 85 369 5034 [8 hosts, inv_str 1/28] || email:john[]quintex.com url:https://www.quintex.com proof:uri-rsa abus [3 hosts, inv_str 1/3] || ContactInfo email:knight AT germancraft dot net url:germancraft.net pr [3 hosts, inv_str 1/3] || Alpenwall email:alpenwall[]proton.me pgp:11F9B9631297C6E8A6ABAEB20F35F [3 hosts, inv_str 1/3] || NN <relay-ops AT noonion dot de> [3 hosts, inv_str 2/3] || email:john[]quintex.com url:https://www.quintex.com proof:uri-rsa abus [7 hosts, inv_str 8/21] || hello@relaymagic.org (relaymagic.org/contact) [3 hosts, inv_str 0/3] || email:tor[]1aeo.com url:https://www.1aeo.com proof:uri-familyid-ed2551 [24 hosts, inv_str 92/276] || email:john[]quintex.com url:https://www.quintex.com proof:uri-rsa abus [3 hosts, inv_str 1/3] || email:info[]osservatorionessuno.org url:https://osservatorionessuno.or [3 hosts, inv_str 1/3] || Steve <tor@digital-world.dev> [3 hosts, inv_str 2/3] || tor@zgato.ru [3 hosts, inv_str 2/3] || email:Quetzalcoatl_relays[]proton.me url:https://quetzalcoatl-relays.o [3 hosts, inv_str 1/3] || url:https://ssdnodes.com email:tor-relays[]ssdnodes.com hoster:ssdnode [8 hosts, inv_str 12/28] || email:info[]osservatorionessuno.org url:https://osservatorionessuno.or [3 hosts, inv_str 2/3] || email:forest-relay-contact[]cryptolab.net pgp:BCBAE3E9CB8E2FE23F29DC58 [3 hosts, inv_str 2/3] || Steve <tor@digital-world.dev> [3 hosts, inv_str 2/3] || justbits@tutamail.com [3 hosts, inv_str 3/3] || Uu77bBt0eDko5iDrRNiXt2quIVPMNKvILk1eqJbAVk9e@posteo.ch [3 hosts, inv_str 1/3] || email:info[]osservatorionessuno.org url:https://osservatorionessuno.or [3 hosts, inv_str 3/3] || email:Quetzalcoatl_relays[]proton.me url:https://quetzalcoatl-relays.o [6 hosts, inv_str 13/15] || email:admin[]stormycloud.org url:https://stormycloud.org proof:uri-fam [8 hosts, inv_str 20/28] || NN <relay-ops AT noonion dot de> [3 hosts, inv_str 0/3] || email:info[]osservatorionessuno.org url:https://osservatorionessuno.or [3 hosts, inv_str 3/3] || Alpenwall email:alpenwall[]proton.me pgp:11F9B9631297C6E8A6ABAEB20F35F [10 hosts, inv_str 17/45] || tor@zgato.ru [3 hosts, inv_str 3/3] || email:info[]osservatorionessuno.org url:https://osservatorionessuno.or [5 hosts, inv_str 8/10] || printerexpert@mail2tor.com [4 hosts, inv_str 1/6] || your@e-mail [3 hosts, inv_str 1/3] || NN <relay-ops AT noonion dot de> [3 hosts, inv_str 2/3] || email:admin[]prsv.ch url:https://prsv.ch/ proof:uri-rsa ciissversion:2 [14 hosts, inv_str 51/91] || email:info[]osservatorionessuno.org url:https://osservatorionessuno.or [4 hosts, inv_str 6/6] || email:Quetzalcoatl_relays[]proton.me url:https://quetzalcoatl-relays.o [6 hosts, inv_str 7/15] || anyone-motor-cycle@duck.com [3 hosts, inv_str 0/3] || Bastiaan Brink <b@stiaanbr.ink> | AS215248 NOC +31 85 369 5034 [8 hosts, inv_str 5/28]"
2026-07-13 17:53:10,2026-07-14 08:24:31,17,278,16,"email:Quetzalcoatl_relays[]proton.me url:https://quetzalcoatl-relays.o [3 hosts, inv_str 2/3] || email:admin[]prsv.ch url:https://prsv.ch/ proof:uri-rsa ciissversion:2 [28 hosts, inv_str 218/378] || email:usura[]sabotage.org url:https://sabotage.net proof:uri-rsa abuse [17 hosts, inv_str 54/136] || email:toralf.foerster[]gmx.de gpg:1A376F994A9D026F13E24DCFC4EACDDE0076 [5 hosts, inv_str 5/10] || email:usura[]sabotage.org url:https://sabotage.net proof:uri-rsa abuse [3 hosts, inv_str 0/3] || KeFF NOC <noc AT keff dot org> [3 hosts, inv_str 1/3] || email:info[]osservatorionessuno.org url:https://osservatorionessuno.or [3 hosts, inv_str 1/3] || email:Quetzalcoatl_relays[]proton.me url:https://quetzalcoatl-relays.o [3 hosts, inv_str 1/3] || email:usura[]sabotage.org url:https://sabotage.net proof:uri-rsa abuse [3 hosts, inv_str 1/3] || email:john[]quintex.com url:https://www.quintex.com proof:uri-rsa abus [4 hosts, inv_str 6/6] || email:Quetzalcoatl_relays[]proton.me url:https://quetzalcoatl-relays.o [6 hosts, inv_str 5/15] || RandomPerson <skynet@academyforinternetresearch.org> [7 hosts, inv_str 7/21] || 0xFFFFFFFF <tormaster AT kkb-clan dot de> [3 hosts, inv_str 0/3] || wxw at safe-mail dot net [14 hosts, inv_str 62/91] || email:Quetzalcoatl_relays[]proton.me url:https://quetzalcoatl-relays.o [4 hosts, inv_str 2/6] || hello@relaymagic.org (relaymagic.org/contact) [3 hosts, inv_str 0/3] || email:Quetzalcoatl_relays[]proton.me url:https://quetzalcoatl-relays.o [3 hosts, inv_str 1/3] || email:admin@for-privacy.net url:for-privacy.net proof:dns-rsa abuse:ab [32 hosts, inv_str 222/496] || Satanist <admin AT 2cb dot su> [8 hosts, inv_str 8/28] || email:john[]quintex.com url:https://www.quintex.com proof:uri-rsa abus [99 hosts, inv_str 2531/4851] || email:info[]osservatorionessuno.org url:https://osservatorionessuno.or [3 hosts, inv_str 2/3] || url:https://ssdnodes.com email:tor-relays[]ssdnodes.com hoster:ssdnode [9 hosts, inv_str 15/36] || email:Quetzalcoatl_relays[]proton.me url:https://quetzalcoatl-relays.o [5 hosts, inv_str 2/10] || email:forest-relay-contact[]cryptolab.net pgp:BCBAE3E9CB8E2FE23F29DC58 [4 hosts, inv_str 4/6] || NN <relay-ops AT noonion dot de> [3 hosts, inv_str 0/3] || Digitalcourage e.V. email:tor-abuse[]digitalcourage.de abuse:tor-abuse [3 hosts, inv_str 1/3]"
2026-07-14 09:10:47,2026-07-14 13:27:38,7,55,4,"email:admin[]prsv.ch url:https://prsv.ch/ proof:uri-rsa ciissversion:2 [8 hosts, inv_str 12/28] || email:john[]quintex.com url:https://www.quintex.com proof:uri-rsa abus [8 hosts, inv_str 15/28] || email:info[]osservatorionessuno.org url:https://osservatorionessuno.or [3 hosts, inv_str 1/3] || email:admin[]prsv.ch url:https://prsv.ch/ proof:uri-rsa ciissversion:2 [15 hosts, inv_str 42/105] || email:Quetzalcoatl_relays[]proton.me url:https://quetzalcoatl-relays.o [4 hosts, inv_str 5/6] || your@e-mail [3 hosts, inv_str 2/3] || email:tor[]1aeo.com url:https://www.1aeo.com proof:uri-familyid-ed2551 [4 hosts, inv_str 0/6] || email:john[]quintex.com url:https://www.quintex.com proof:uri-rsa abus [4 hosts, inv_str 3/6] || email:usura[]sabotage.org url:https://sabotage.net proof:uri-rsa abuse [6 hosts, inv_str 0/15]"
2026-07-14 13:50:46,2026-07-14 14:44:14,2,13,0,"email:admin[]prsv.ch url:https://prsv.ch/ proof:uri-rsa ciissversion:2 [9 hosts, inv_str 17/36] || Alpenwall email:alpenwall[]proton.me pgp:11F9B9631297C6E8A6ABAEB20F35F [4 hosts, inv_str 2/6]"
2026-07-14 15:23:27,2026-07-15 07:16:04,30,341,14,"email:Quetzalcoatl_relays[]proton.me url:https://quetzalcoatl-relays.o [3 hosts, inv_str 3/3] || Henrik Kramselund <hlk AT zencurity dot com> [3 hosts, inv_str 3/3] || email:admin[]prsv.ch url:https://prsv.ch/ proof:uri-rsa ciissversion:2 [32 hosts, inv_str 222/496] || anyone-motor-cycle@duck.com [3 hosts, inv_str 1/3] || email:usura[]sabotage.org url:https://sabotage.net proof:uri-rsa abuse [3 hosts, inv_str 3/3] || tor@qbix.mozmail.com [3 hosts, inv_str 2/3] || email:tor[]1aeo.com url:https://www.1aeo.com proof:uri-familyid-ed2551 [9 hosts, inv_str 8/36] || email:tor@1aeo.com url:https://www.1aeo.com proof:uri-familyid-ed25519 [8 hosts, inv_str 0/28] || printerexpert@mail2tor.com [4 hosts, inv_str 2/6] || email:john[]quintex.com url:https://www.quintex.com proof:uri-rsa abus [23 hosts, inv_str 165/253] || email:Quetzalcoatl_relays[]proton.me url:https://quetzalcoatl-relays.o [5 hosts, inv_str 3/10] || tor@zgato.ru [3 hosts, inv_str 2/3] || email:info[]osservatorionessuno.org url:https://osservatorionessuno.or [3 hosts, inv_str 0/3] || email:admin[]stormycloud.org url:https://stormycloud.org proof:uri-fam [6 hosts, inv_str 6/15] || email:tor@1aeo.com url:https://www.1aeo.com proof:uri-familyid-ed25519 [4 hosts, inv_str 0/6] || Alpenwall email:alpenwall[]proton.me pgp:11F9B9631297C6E8A6ABAEB20F35F [3 hosts, inv_str 3/3] || printerexpert@mail2tor.com [3 hosts, inv_str 3/3] || email:tech[]emeraldonion.org abuse:tech[]emeraldonion.org mastodon:htt [19 hosts, inv_str 84/171] || full.frame4647@diversifiedwaysholdings.com [4 hosts, inv_str 2/6] || someone < tor27 AT nurfuerspam DOT de > [3 hosts, inv_str 0/3] || email:Quetzalcoatl_relays[]proton.me url:https://quetzalcoatl-relays.o [3 hosts, inv_str 1/3] || dump(@)norvi.tech [6 hosts, inv_str 8/15] || wxw at safe-mail dot net [3 hosts, inv_str 1/3] || email:tor[]1aeo.com url:https://www.1aeo.com proof:uri-familyid-ed2551 [48 hosts, inv_str 555/1128] || printerexpert@mail2tor.com [3 hosts, inv_str 1/3] || RandomPerson <skynet@academyforinternetresearch.org> [8 hosts, inv_str 8/28] || tor@zgato.ru [3 hosts, inv_str 0/3] || NN <relay-ops AT noonion dot de> [3 hosts, inv_str 0/3] || email:forest-relay-contact[]cryptolab.net pgp:BCBAE3E9CB8E2FE23F29DC58 [5 hosts, inv_str 4/10] || email:tor[]1aeo.com url:https://www.1aeo.com proof:uri-familyid-ed2551 [4 hosts, inv_str 0/6] || email:tor[]1aeo.com url:https://www.1aeo.com proof:uri-familyid-ed2551 [4 hosts, inv_str 0/6] || <trly1 AT proton dot me> [3 hosts, inv_str 3/3] || Steve <tor@digital-world.dev> [3 hosts, inv_str 1/3] || NN <relay-ops AT noonion dot de> [3 hosts, inv_str 2/3] || email:Quetzalcoatl_relays[]proton.me url:https://quetzalcoatl-relays.o [4 hosts, inv_str 2/6] || kopfschusskorl@gmail.com [3 hosts, inv_str 0/3] || Alpenwall email:alpenwall[]proton.me pgp:11F9B9631297C6E8A6ABAEB20F35F [6 hosts, inv_str 11/15] || email:tor[]1aeo.com url:https://www.1aeo.com proof:uri-familyid-ed2551 [4 hosts, inv_str 0/6] || email:tor@1aeo.com url:https://www.1aeo.com proof:uri-familyid-ed25519 [4 hosts, inv_str 4/6] || hello@relaymagic.org (relaymagic.org/contact) [3 hosts, inv_str 1/3] || email:info[]osservatorionessuno.org url:https://osservatorionessuno.or [4 hosts, inv_str 3/6] || email:admin@for-privacy.net url:for-privacy.net proof:dns-rsa abuse:ab [32 hosts, inv_str 209/496] || NN <relay-ops AT noonion dot de> [3 hosts, inv_str 1/3] || email:info[]osservatorionessuno.org url:https://osservatorionessuno.or [3 hosts, inv_str 1/3] || hwangchulsoo@proton.me [5 hosts, inv_str 2/10] || email:Quetzalcoatl_relays[]proton.me url:https://quetzalcoatl-relays.o [3 hosts, inv_str 0/3] || email:tor[]1aeo.com url:https://www.1aeo.com proof:uri-familyid-ed2551 [8 hosts, inv_str 0/28] || url:https://ssdnodes.com email:tor-relays[]ssdnodes.com hoster:ssdnode [9 hosts, inv_str 15/36] || NN <relay-ops AT noonion dot de> [4 hosts, inv_str 2/6] || your@e-mail [3 hosts, inv_str 3/3]"
2026-07-15 07:58:53,2026-07-15 14:50:21,8,82,6,"email:Quetzalcoatl_relays[]proton.me url:https://quetzalcoatl-relays.o [6 hosts, inv_str 5/15] || Alpenwall email:alpenwall[]proton.me pgp:11F9B9631297C6E8A6ABAEB20F35F [7 hosts, inv_str 7/21] || email:admin[]prsv.ch url:https://prsv.ch/ proof:uri-rsa ciissversion:2 [27 hosts, inv_str 270/351] || Steve <tor@digital-world.dev> [3 hosts, inv_str 2/3] || email:tor[]1aeo.com url:https://www.1aeo.com proof:uri-familyid-ed2551 [4 hosts, inv_str 0/6] || F3 Netze <abuse@f3netze.de> email:abuse[]f3netze.de abuse:abuse[]f3net [4 hosts, inv_str 1/6] || F3 Netze <abuse@f3netze.de> email:abuse[]f3netze.de abuse:abuse[]f3net [4 hosts, inv_str 2/6] || F3 Netze <abuse@f3netze.de> email:abuse[]f3netze.de abuse:abuse[]f3net [8 hosts, inv_str 14/28] || Alpenwall email:alpenwall[]proton.me pgp:11F9B9631297C6E8A6ABAEB20F35F [8 hosts, inv_str 16/28] || email:tor[]1aeo.com url:https://www.1aeo.com proof:uri-familyid-ed2551 [4 hosts, inv_str 0/6] || email:tor[]1aeo.com url:https://www.1aeo.com proof:uri-familyid-ed2551 [4 hosts, inv_str 0/6] || Steve <tor@digital-world.dev> [3 hosts, inv_str 1/3]"
2026-07-15 15:21:01,2026-07-15 17:11:10,5,37,3,"email:admin[]prsv.ch url:https://prsv.ch/ proof:uri-rsa ciissversion:2 [19 hosts, inv_str 86/171] || email:tor[]1aeo.com url:https://www.1aeo.com proof:uri-familyid-ed2551 [4 hosts, inv_str 0/6] || email:Quetzalcoatl_relays[]proton.me url:https://quetzalcoatl-relays.o [3 hosts, inv_str 3/3] || Steve <tor@digital-world.dev> [3 hosts, inv_str 3/3] || john_rt291141(at)proton(dot)me [8 hosts, inv_str 10/28]"
2026-07-15 18:13:53,2026-07-16 05:22:12,14,153,3,"email:admin[]prsv.ch url:https://prsv.ch/ proof:uri-rsa ciissversion:2 [20 hosts, inv_str 133/190] || Steve <tor@digital-world.dev> [3 hosts, inv_str 2/3] || your@e-mail [3 hosts, inv_str 3/3] || email:toralf.foerster[]gmx.de gpg:1A376F994A9D026F13E24DCFC4EACDDE0076 [4 hosts, inv_str 5/6] || printerexpert@mail2tor.com [3 hosts, inv_str 2/3] || NN <relay-ops AT noonion dot de> [3 hosts, inv_str 1/3] || Steve <tor@digital-world.dev> [3 hosts, inv_str 2/3] || printerexpert@mail2tor.com [3 hosts, inv_str 2/3] || NN <relay-ops AT noonion dot de> [4 hosts, inv_str 3/6] || <trly1 AT proton dot me> [3 hosts, inv_str 3/3] || Steve <tor@digital-world.dev> [4 hosts, inv_str 3/6] || RandomPerson <skynet@academyforinternetresearch.org> [6 hosts, inv_str 2/15] || Brandon Kuschel <tor AT NOSPAM brandonkuschel dot com> [10 hosts, inv_str 32/45] || dirty_diana0@proton.me [3 hosts, inv_str 1/3] || printerexpert@mail2tor.com [3 hosts, inv_str 0/3] || NN <relay-ops AT noonion dot de> [3 hosts, inv_str 1/3] || your@e-mail [3 hosts, inv_str 2/3] || Steve <tor@digital-world.dev> [3 hosts, inv_str 1/3] || NN <relay-ops AT noonion dot de> [3 hosts, inv_str 1/3] || hello@relaymagic.org (relaymagic.org/contact) [3 hosts, inv_str 1/3] || your@e-mail [3 hosts, inv_str 2/3] || email:john[]quintex.com url:https://www.quintex.com proof:uri-rsa abus [20 hosts, inv_str 114/190] || Steve <tor@digital-world.dev> [3 hosts, inv_str 1/3] || email:admin@for-privacy.net url:for-privacy.net proof:dns-rsa abuse:ab [32 hosts, inv_str 198/496] || iwannagohom3@proton.me [5 hosts, inv_str 3/10]"
2026-07-16 05:45:40,2026-07-18 07:24:52,35,925,69,"email:admin[]prsv.ch url:https://prsv.ch/ proof:uri-rsa ciissversion:2 [12 hosts, inv_str 31/66] || url:https://ssdnodes.com email:tor-relays[]ssdnodes.com hoster:ssdnode [9 hosts, inv_str 17/36] || tor [] wurzelmann.at [7 hosts, inv_str 8/21] || NN <relay-ops AT noonion dot de> [3 hosts, inv_str 1/3] || Steve <tor@digital-world.dev> [3 hosts, inv_str 0/3] || email:admin[]prsv.ch url:https://prsv.ch/ proof:uri-rsa ciissversion:2 [52 hosts, inv_str 605/1326] || Digitalcourage e.V. email:tor-abuse[]digitalcourage.de abuse:tor-abuse [15 hosts, inv_str 44/105] || Steve <tor@digital-world.dev> [3 hosts, inv_str 2/3] || NN <relay-ops AT noonion dot de> [3 hosts, inv_str 1/3] || tor-master tor-master@lysator.liu.se [3 hosts, inv_str 1/3] || email:toralf.foerster[]gmx.de gpg:1A376F994A9D026F13E24DCFC4EACDDE0076 [5 hosts, inv_str 4/10] || Steve <tor@digital-world.dev> [3 hosts, inv_str 2/3] || NN <relay-ops AT noonion dot de> [3 hosts, inv_str 1/3] || email:Quetzalcoatl_relays[]proton.me url:https://quetzalcoatl-relays.o [21 hosts, inv_str 160/210] || @zion:matrix.org [3 hosts, inv_str 2/3] || 85CehNxggRdCKDyrTH6eSYZPqDoibA8MgBP5iAU1qqvJD7W3gEH8tK1MCSdd5HxiyoMqU2 [4 hosts, inv_str 0/6] || email:Quetzalcoatl_relays[]proton.me url:https://quetzalcoatl-relays.o [25 hosts, inv_str 116/300] || email:toralf.foerster[]gmx.de gpg:1A376F994A9D026F13E24DCFC4EACDDE0076 [3 hosts, inv_str 1/3] || NN <relay-ops AT noonion dot de> [3 hosts, inv_str 1/3] || your@e-mail [3 hosts, inv_str 2/3] || printerexpert@mail2tor.com [3 hosts, inv_str 2/3] || email:toralf.foerster[]gmx.de gpg:1A376F994A9D026F13E24DCFC4EACDDE0076 [4 hosts, inv_str 4/6] || email:john[]quintex.com url:https://www.quintex.com proof:uri-rsa abus [10 hosts, inv_str 24/45] || Steve <tor@digital-world.dev> [3 hosts, inv_str 2/3] || NN <relay-ops AT noonion dot de> [3 hosts, inv_str 1/3] || your@e-mail [3 hosts, inv_str 2/3] || email:Quetzalcoatl_relays[]proton.me url:https://quetzalcoatl-relays.o [13 hosts, inv_str 59/78] || email:Quetzalcoatl_relays[]proton.me url:https://quetzalcoatl-relays.o [18 hosts, inv_str 89/153] || 🧅 [4 hosts, inv_str 5/6] || NN <relay-ops AT noonion dot de> [3 hosts, inv_str 1/3] || your@e-mail [3 hosts, inv_str 2/3] || Brandon Kuschel <tor AT NOSPAM brandonkuschel dot com> [3 hosts, inv_str 2/3] || NN <relay-ops AT noonion dot de> [3 hosts, inv_str 1/3] || email:forest-relay-contact[]cryptolab.net pgp:BCBAE3E9CB8E2FE23F29DC58 [3 hosts, inv_str 2/3] || NN <relay-ops AT noonion dot de> [3 hosts, inv_str 2/3] || tor@kllx.eu [4 hosts, inv_str 5/6] || Steve <tor@digital-world.dev> [3 hosts, inv_str 1/3] || tor@zgato.ru [6 hosts, inv_str 7/15] || email:info[]osservatorionessuno.org url:https://osservatorionessuno.or [4 hosts, inv_str 4/6] || NN <relay-ops AT noonion dot de> [3 hosts, inv_str 1/3] || Steve <tor@digital-world.dev> [3 hosts, inv_str 0/3] || RandomPerson <skynet@academyforinternetresearch.org> [4 hosts, inv_str 3/6] || NN <relay-ops AT noonion dot de> [3 hosts, inv_str 1/3] || email:info[]osservatorionessuno.org url:https://osservatorionessuno.or [3 hosts, inv_str 2/3] || Steve <tor@digital-world.dev> [3 hosts, inv_str 2/3] || email:john[]quintex.com url:https://www.quintex.com proof:uri-rsa abus [100 hosts, inv_str 2132/4950] || hello@relaymagic.org (relaymagic.org/contact) [3 hosts, inv_str 0/3] || email:info[]osservatorionessuno.org url:https://osservatorionessuno.or [4 hosts, inv_str 4/6] || NN <relay-ops AT noonion dot de> [3 hosts, inv_str 1/3] || Steve <tor@digital-world.dev> [3 hosts, inv_str 2/3] || email:tor[]r0cket.net url:https://tor.r0cket.net/ proof:uri-rsa abuse: [10 hosts, inv_str 20/45] || email:info[]osservatorionessuno.org url:https://osservatorionessuno.or [4 hosts, inv_str 5/6] || url:https://ssdnodes.com email:tor-relays[]ssdnodes.com hoster:ssdnode [9 hosts, inv_str 19/36] || tor@zgato.ru [3 hosts, inv_str 1/3] || email:admin[]fluffypancakes.dev url:fluffypancakes.dev proof:uri-famil [3 hosts, inv_str 1/3] || printerexpert@mail2tor.com [3 hosts, inv_str 3/3] || printerexpert@mail2tor.com [4 hosts, inv_str 3/6] || your@e-mail [3 hosts, inv_str 2/3] || NN <relay-ops AT noonion dot de> [3 hosts, inv_str 1/3] || email:info[]osservatorionessuno.org url:https://osservatorionessuno.or [4 hosts, inv_str 3/6] || io@nicolo.ovh [5 hosts, inv_str 0/10] || Steve <tor@digital-world.dev> [3 hosts, inv_str 2/3] || fumonion [] protonmail (dot) com [5 hosts, inv_str 3/10] || your@e-mail [4 hosts, inv_str 5/6] || NN <relay-ops AT noonion dot de> [3 hosts, inv_str 1/3] || email:info[]osservatorionessuno.org url:https://osservatorionessuno.or [4 hosts, inv_str 3/6] || Steve <tor@digital-world.dev> [3 hosts, inv_str 2/3] || printerexpert@mail2tor.com [3 hosts, inv_str 3/3] || NN <relay-ops AT noonion dot de> [3 hosts, inv_str 1/3] || email:tor[]1aeo.com url:https://www.1aeo.com proof:uri-familyid-ed2551 [4 hosts, inv_str 2/6] || email:info[]osservatorionessuno.org url:https://osservatorionessuno.or [4 hosts, inv_str 2/6] || Steve <tor@digital-world.dev> [3 hosts, inv_str 1/3] || Alpenwall email:alpenwall[]proton.me pgp:11F9B9631297C6E8A6ABAEB20F35F [3 hosts, inv_str 1/3] || NN <relay-ops AT noonion dot de> [3 hosts, inv_str 1/3] || Uu77bBt0eDko5iDrRNiXt2quIVPMNKvILk1eqJbAVk9e@posteo.ch [3 hosts, inv_str 0/3] || email:info[]osservatorionessuno.org url:https://osservatorionessuno.or [4 hosts, inv_str 1/6] || email:tor[]1aeo.com url:https://www.1aeo.com proof:uri-familyid-ed2551 [4 hosts, inv_str 0/6] || email:Quetzalcoatl_relays[]proton.me url:https://quetzalcoatl-relays.o [10 hosts, inv_str 26/45] || email:tor[]1aeo.com url:https://www.1aeo.com proof:uri-familyid-ed2551 [4 hosts, inv_str 0/6] || email:Quetzalcoatl_relays[]proton.me url:https://quetzalcoatl-relays.o [3 hosts, inv_str 1/3] || email:info[]osservatorionessuno.org url:https://osservatorionessuno.or [4 hosts, inv_str 1/6] || email:toralf.foerster[]gmx.de gpg:1A376F994A9D026F13E24DCFC4EACDDE0076 [4 hosts, inv_str 2/6] || printerexpert@mail2tor.com [4 hosts, inv_str 4/6] || NN <relay-ops AT noonion dot de> [4 hosts, inv_str 1/6] || email:toralf.foerster[]gmx.de gpg:1A376F994A9D026F13E24DCFC4EACDDE0076 [3 hosts, inv_str 1/3] || Steve <tor@digital-world.dev> [3 hosts, inv_str 3/3] || email:info[]osservatorionessuno.org url:https://osservatorionessuno.or [4 hosts, inv_str 2/6] || NN <relay-ops AT noonion dot de> [3 hosts, inv_str 1/3] || your@e-mail [3 hosts, inv_str 2/3] || email:info[]osservatorionessuno.org url:https://osservatorionessuno.or [4 hosts, inv_str 2/6] || Steve <tor@digital-world.dev> [3 hosts, inv_str 2/3] || contact(at)greektor(dot)net [5 hosts, inv_str 2/10] || Alpenwall email:alpenwall[]proton.me pgp:11F9B9631297C6E8A6ABAEB20F35F [7 hosts, inv_str 6/21] || email:admin[]stormycloud.org url:https://stormycloud.org proof:uri-fam [3 hosts, inv_str 0/3] || vollborn@quantentunnel.de [3 hosts, inv_str 2/3] || printerexpert@mail2tor.com [3 hosts, inv_str 1/3] || email:toralf.foerster[]gmx.de gpg:1A376F994A9D026F13E24DCFC4EACDDE0076 [3 hosts, inv_str 0/3] || printerexpert@mail2tor.com [3 hosts, inv_str 2/3] || NN <relay-ops AT noonion dot de> [3 hosts, inv_str 1/3] || Kristoffer Rath Hansen <kristoffer AT rathhansen dot com> [3 hosts, inv_str 1/3] || Alpenwall email:alpenwall[]proton.me pgp:11F9B9631297C6E8A6ABAEB20F35F [3 hosts, inv_str 3/3] || email:info[]osservatorionessuno.org url:https://osservatorionessuno.or [4 hosts, inv_str 2/6] || Steve <tor@digital-world.dev> [3 hosts, inv_str 1/3] || email:Quetzalcoatl_relays[]proton.me url:https://quetzalcoatl-relays.o [3 hosts, inv_str 2/3] || RandomPerson <skynet@academyforinternetresearch.org> [7 hosts, inv_str 5/21] || email:Quetzalcoatl_relays[]proton.me url:https://quetzalcoatl-relays.o [3 hosts, inv_str 1/3] || Alpenwall email:alpenwall[]proton.me pgp:11F9B9631297C6E8A6ABAEB20F35F [4 hosts, inv_str 2/6] || email:info[]osservatorionessuno.org url:https://osservatorionessuno.or [4 hosts, inv_str 1/6] || printerexpert@mail2tor.com [7 hosts, inv_str 10/21] || NN <relay-ops AT noonion dot de> [3 hosts, inv_str 1/3] || Steve <tor@digital-world.dev> [3 hosts, inv_str 2/3] || Alpenwall email:alpenwall[]proton.me pgp:11F9B9631297C6E8A6ABAEB20F35F [5 hosts, inv_str 5/10] || Artikel10 url:artikel10.org email:info[]artikel10.org abuse:abuse[]art [4 hosts, inv_str 5/6] || email:info[]osservatorionessuno.org url:https://osservatorionessuno.or [4 hosts, inv_str 0/6] || printerexpert@mail2tor.com [3 hosts, inv_str 2/3] || hello@relaymagic.org (relaymagic.org/contact) [3 hosts, inv_str 1/3] || email:toralf.foerster[]gmx.de gpg:1A376F994A9D026F13E24DCFC4EACDDE0076 [3 hosts, inv_str 2/3] || email:Quetzalcoatl_relays[]proton.me url:https://quetzalcoatl-relays.o [3 hosts, inv_str 0/3] || Artikel10 url:artikel10.org email:info[]artikel10.org abuse:abuse[]art [32 hosts, inv_str 272/496] || printerexpert@mail2tor.com [3 hosts, inv_str 1/3] || tor@zgato.ru [3 hosts, inv_str 2/3] || email:tor[]1aeo.com url:https://www.1aeo.com proof:uri-familyid-ed2551 [120 hosts, inv_str 3763/7140] || email:Quetzalcoatl_relays[]proton.me url:https://quetzalcoatl-relays.o [5 hosts, inv_str 8/10] || email:admin[]prsv.ch url:https://prsv.ch/ proof:uri-rsa ciissversion:2 [14 hosts, inv_str 67/91] || url:https://ssdnodes.com email:tor-relays[]ssdnodes.com hoster:ssdnode [9 hosts, inv_str 21/36] || NN <relay-ops AT noonion dot de> [3 hosts, inv_str 1/3] || email:Quetzalcoatl_relays[]proton.me url:https://quetzalcoatl-relays.o [3 hosts, inv_str 2/3] || email:tor[]r0cket.net url:https://tor.r0cket.net/ proof:uri-rsa abuse: [6 hosts, inv_str 7/15] || Steve <tor@digital-world.dev> [3 hosts, inv_str 3/3] || Alpenwall email:alpenwall[]proton.me pgp:11F9B9631297C6E8A6ABAEB20F35F [34 hosts, inv_str 229/561] || email:info[]osservatorionessuno.org url:https://osservatorionessuno.or [4 hosts, inv_str 3/6] || StarApps GmbH, Switzerland url:starapps-ltd.com proof:uri-rsa ciissver [3 hosts, inv_str 2/3] || email:Quetzalcoatl_relays[]proton.me url:https://quetzalcoatl-relays.o [4 hosts, inv_str 4/6] || email:forest-relay-contact[]cryptolab.net pgp:BCBAE3E9CB8E2FE23F29DC58 [3 hosts, inv_str 2/3]"
2026-07-18 07:46:38,2026-07-19 20:53:14,35,861,12,"printerexpert@mail2tor.com [5 hosts, inv_str 2/10] || email:admin[]prsv.ch url:https://prsv.ch/ proof:uri-rsa ciissversion:2 [13 hosts, inv_str 43/78] || email:denny.obreham[]a-n-o-n-y-m-e.net url:https://a-n-o-n-y-m-e.net p [3 hosts, inv_str 1/3] || Kristoffer Rath Hansen <kristoffer AT rathhansen dot com> [4 hosts, inv_str 1/6] || email:toralf.foerster[]gmx.de gpg:1A376F994A9D026F13E24DCFC4EACDDE0076 [4 hosts, inv_str 5/6] || email:tor[]1aeo.com url:https://www.1aeo.com proof:uri-familyid-ed2551 [28 hosts, inv_str 3/378] || Steve <tor@digital-world.dev> [3 hosts, inv_str 1/3] || email:info[]osservatorionessuno.org url:https://osservatorionessuno.or [4 hosts, inv_str 2/6] || email:Quetzalcoatl_relays[]proton.me url:https://quetzalcoatl-relays.o [6 hosts, inv_str 11/15] || tor@zgato.ru [3 hosts, inv_str 1/3] || Bastiaan Brink <b@stiaanbr.ink> | AS215248 NOC +31 85 369 5034 [8 hosts, inv_str 3/28] || email:tor[]1aeo.com url:https://www.1aeo.com proof:uri-familyid-ed2551 [28 hosts, inv_str 5/378] || email:admin[]prsv.ch url:https://prsv.ch/ proof:uri-rsa ciissversion:2 [11 hosts, inv_str 27/55] || email:tor[]1aeo.com url:https://www.1aeo.com proof:uri-familyid-ed2551 [28 hosts, inv_str 3/378] || email:info[]osservatorionessuno.org url:https://osservatorionessuno.or [4 hosts, inv_str 2/6] || printerexpert@mail2tor.com [4 hosts, inv_str 5/6] || Steve <tor@digital-world.dev> [3 hosts, inv_str 1/3] || email:Quetzalcoatl_relays[]proton.me url:https://quetzalcoatl-relays.o [5 hosts, inv_str 5/10] || Alpenwall email:alpenwall[]proton.me pgp:11F9B9631297C6E8A6ABAEB20F35F [3 hosts, inv_str 2/3] || Uu77bBt0eDko5iDrRNiXt2quIVPMNKvILk1eqJbAVk9e@posteo.ch [3 hosts, inv_str 2/3] || email:admin[]prsv.ch url:https://prsv.ch/ proof:uri-rsa ciissversion:2 [65 hosts, inv_str 895/2080] || your@e-mail [3 hosts, inv_str 3/3] || email:Quetzalcoatl_relays[]proton.me url:https://quetzalcoatl-relays.o [4 hosts, inv_str 3/6] || email:info[]osservatorionessuno.org url:https://osservatorionessuno.or [4 hosts, inv_str 2/6] || Tor Manager email:<tor@ibiblio.org> url:www.ibiblio.org proof:uri-rsa  [3 hosts, inv_str 3/3] || Steve <tor@digital-world.dev> [3 hosts, inv_str 1/3] || email:toralf.foerster[]gmx.de gpg:1A376F994A9D026F13E24DCFC4EACDDE0076 [3 hosts, inv_str 3/3] || email:abuse[]artikel5ev.de url:https://artikel5ev.de proof:uri-rsa cii [9 hosts, inv_str 26/36] || your@e-mail [3 hosts, inv_str 3/3] || email:info[]osservatorionessuno.org url:https://osservatorionessuno.or [4 hosts, inv_str 2/6] || email:toralf.foerster[]gmx.de gpg:1A376F994A9D026F13E24DCFC4EACDDE0076 [4 hosts, inv_str 4/6] || email:Quetzalcoatl_relays[]proton.me url:https://quetzalcoatl-relays.o [3 hosts, inv_str 2/3] || Steve <tor@digital-world.dev> [3 hosts, inv_str 1/3] || email:Quetzalcoatl_relays[]proton.me url:https://quetzalcoatl-relays.o [3 hosts, inv_str 0/3] || your@e-mail [3 hosts, inv_str 3/3] || email:info[]osservatorionessuno.org url:https://osservatorionessuno.or [5 hosts, inv_str 3/10] || email:Quetzalcoatl_relays[]proton.me url:https://quetzalcoatl-relays.o [4 hosts, inv_str 1/6] || your@e-mail [3 hosts, inv_str 3/3] || email:Quetzalcoatl_relays[]proton.me url:https://quetzalcoatl-relays.o [3 hosts, inv_str 3/3] || email:info[]osservatorionessuno.org url:https://osservatorionessuno.or [4 hosts, inv_str 4/6] || Alpenwall email:alpenwall[]proton.me pgp:11F9B9631297C6E8A6ABAEB20F35F [3 hosts, inv_str 2/3] || Steve <tor@digital-world.dev> [3 hosts, inv_str 3/3] || email:info[]osservatorionessuno.org url:https://osservatorionessuno.or [4 hosts, inv_str 6/6] || email:Quetzalcoatl_relays[]proton.me url:https://quetzalcoatl-relays.o [4 hosts, inv_str 3/6] || your@e-mail [3 hosts, inv_str 2/3] || email:Quetzalcoatl_relays[]proton.me url:https://quetzalcoatl-relays.o [3 hosts, inv_str 2/3] || printerexpert@mail2tor.com [4 hosts, inv_str 2/6] || email:info[]osservatorionessuno.org url:https://osservatorionessuno.or [4 hosts, inv_str 1/6] || Steve <tor@digital-world.dev> [3 hosts, inv_str 3/3] || email:info[]osservatorionessuno.org url:https://osservatorionessuno.or [5 hosts, inv_str 4/10] || email:Quetzalcoatl_relays[]proton.me url:https://quetzalcoatl-relays.o [5 hosts, inv_str 9/10] || email:tor[]1aeo.com url:https://www.1aeo.com proof:uri-familyid-ed2551 [4 hosts, inv_str 1/6] || KeFF NOC <noc AT keff dot org> [7 hosts, inv_str 13/21] || vollborn@quantentunnel.de [4 hosts, inv_str 1/6] || your@e-mail [3 hosts, inv_str 1/3] || email:Quetzalcoatl_relays[]proton.me url:https://quetzalcoatl-relays.o [5 hosts, inv_str 9/10] || Steve <tor@digital-world.dev> [3 hosts, inv_str 1/3] || Alpenwall email:alpenwall[]proton.me pgp:11F9B9631297C6E8A6ABAEB20F35F [4 hosts, inv_str 2/6] || email:tor[]1aeo.com url:https://www.1aeo.com proof:uri-familyid-ed2551 [4 hosts, inv_str 0/6] || email:forest-relay-contact[]cryptolab.net pgp:BCBAE3E9CB8E2FE23F29DC58 [3 hosts, inv_str 2/3] || email:info[]osservatorionessuno.org url:https://osservatorionessuno.or [3 hosts, inv_str 1/3] || tor@zgato.ru [3 hosts, inv_str 2/3] || RandomPerson <skynet@academyforinternetresearch.org> [7 hosts, inv_str 1/21] || tr0419@proton.me [3 hosts, inv_str 2/3] || Digitalcourage e.V. email:tor-abuse[]digitalcourage.de abuse:tor-abuse [3 hosts, inv_str 1/3] || Steve <tor@digital-world.dev> [3 hosts, inv_str 2/3] || Alpenwall email:alpenwall[]proton.me pgp:11F9B9631297C6E8A6ABAEB20F35F [5 hosts, inv_str 2/10] || email:info[]osservatorionessuno.org url:https://osservatorionessuno.or [4 hosts, inv_str 5/6] || vollborn@quantentunnel.de [3 hosts, inv_str 2/3] || your@e-mail [3 hosts, inv_str 1/3] || email:Quetzalcoatl_relays[]proton.me url:https://quetzalcoatl-relays.o [3 hosts, inv_str 2/3] || printerexpert@mail2tor.com [6 hosts, inv_str 8/15] || nano-tor-relays@proton.me [4 hosts, inv_str 2/6] || Alpenwall email:alpenwall[]proton.me pgp:11F9B9631297C6E8A6ABAEB20F35F [5 hosts, inv_str 4/10] || email:Quetzalcoatl_relays[]proton.me url:https://quetzalcoatl-relays.o [5 hosts, inv_str 6/10] || <trly1 AT proton dot me> [3 hosts, inv_str 2/3] || tor@zgato.ru [3 hosts, inv_str 2/3] || Alpenwall email:alpenwall[]proton.me pgp:11F9B9631297C6E8A6ABAEB20F35F [9 hosts, inv_str 17/36] || Steve <tor@digital-world.dev> [3 hosts, inv_str 1/3] || your@e-mail [3 hosts, inv_str 1/3] || email:info[]osservatorionessuno.org url:https://osservatorionessuno.or [4 hosts, inv_str 0/6] || hello@relaymagic.org (relaymagic.org/contact) [3 hosts, inv_str 1/3] || email:Quetzalcoatl_relays[]proton.me url:https://quetzalcoatl-relays.o [5 hosts, inv_str 4/10] || <trly1 AT proton dot me> [3 hosts, inv_str 2/3] || email:admin@for-privacy.net url:for-privacy.net proof:dns-rsa abuse:ab [32 hosts, inv_str 246/496] || email:Quetzalcoatl_relays[]proton.me url:https://quetzalcoatl-relays.o [5 hosts, inv_str 8/10] || Alpenwall email:alpenwall[]proton.me pgp:11F9B9631297C6E8A6ABAEB20F35F [7 hosts, inv_str 12/21] || your@e-mail [3 hosts, inv_str 1/3] || Steve <tor@digital-world.dev> [3 hosts, inv_str 0/3] || email:info[]osservatorionessuno.org url:https://osservatorionessuno.or [4 hosts, inv_str 1/6] || Digitalcourage e.V. email:tor-abuse[]digitalcourage.de abuse:tor-abuse [3 hosts, inv_str 3/3] || <trly1 AT proton dot me> [3 hosts, inv_str 2/3] || url:https://ssdnodes.com email:tor-relays[]ssdnodes.com hoster:ssdnode [9 hosts, inv_str 21/36] || email:Quetzalcoatl_relays[]proton.me url:https://quetzalcoatl-relays.o [4 hosts, inv_str 3/6] || tor@zgato.ru [3 hosts, inv_str 2/3] || Steve <tor@digital-world.dev> [3 hosts, inv_str 0/3] || your@e-mail [3 hosts, inv_str 1/3] || printerexpert@mail2tor.com [3 hosts, inv_str 3/3] || email:info[]osservatorionessuno.org url:https://osservatorionessuno.or [4 hosts, inv_str 1/6] || email:Quetzalcoatl_relays[]proton.me url:https://quetzalcoatl-relays.o [3 hosts, inv_str 3/3] || printerexpert@mail2tor.com [3 hosts, inv_str 2/3] || Steve <tor@digital-world.dev> [3 hosts, inv_str 3/3] || <trly1 AT proton dot me> [3 hosts, inv_str 2/3] || NN <relay-ops AT noonion dot de> [3 hosts, inv_str 1/3] || email:Quetzalcoatl_relays[]proton.me url:https://quetzalcoatl-relays.o [3 hosts, inv_str 1/3] || email:info[]osservatorionessuno.org url:https://osservatorionessuno.or [4 hosts, inv_str 3/6] || NN <relay-ops AT noonion dot de> [4 hosts, inv_str 1/6] || <trly1 AT proton dot me> [3 hosts, inv_str 2/3] || printerexpert@mail2tor.com [4 hosts, inv_str 3/6] || Steve <tor@digital-world.dev> [3 hosts, inv_str 1/3] || email:info[]osservatorionessuno.org url:https://osservatorionessuno.or [4 hosts, inv_str 2/6] || email:Quetzalcoatl_relays[]proton.me url:https://quetzalcoatl-relays.o [3 hosts, inv_str 3/3] || Alpenwall email:alpenwall[]proton.me pgp:11F9B9631297C6E8A6ABAEB20F35F [3 hosts, inv_str 2/3] || vollborn@quantentunnel.de [3 hosts, inv_str 3/3] || email:Quetzalcoatl_relays[]proton.me url:https://quetzalcoatl-relays.o [3 hosts, inv_str 2/3] || Uu77bBt0eDko5iDrRNiXt2quIVPMNKvILk1eqJbAVk9e@posteo.ch [3 hosts, inv_str 1/3] || Alpenwall email:alpenwall[]proton.me pgp:11F9B9631297C6E8A6ABAEB20F35F [3 hosts, inv_str 1/3] || <trly1 AT proton dot me> [3 hosts, inv_str 1/3] || tor@zgato.ru [3 hosts, inv_str 1/3] || email:Quetzalcoatl_relays[]proton.me url:https://quetzalcoatl-relays.o [3 hosts, inv_str 1/3] || email:info[]osservatorionessuno.org url:https://osservatorionessuno.or [4 hosts, inv_str 2/6] || Steve <tor@digital-world.dev> [3 hosts, inv_str 0/3] || Behemoth Project Anonimity <scammer-spammer-cancer@encrypt.co.il> [5 hosts, inv_str 6/10] || email:Quetzalcoatl_relays[]proton.me url:https://quetzalcoatl-relays.o [5 hosts, inv_str 5/10] || <trly1 AT proton dot me> [3 hosts, inv_str 1/3] || Alpenwall email:alpenwall[]proton.me pgp:11F9B9631297C6E8A6ABAEB20F35F [3 hosts, inv_str 1/3] || NN <relay-ops AT noonion dot de> [3 hosts, inv_str 0/3] || tor@zgato.ru [3 hosts, inv_str 2/3] || your@e-mail [3 hosts, inv_str 0/3] || Steve <tor@digital-world.dev> [3 hosts, inv_str 0/3] || email:Quetzalcoatl_relays[]proton.me url:https://quetzalcoatl-relays.o [5 hosts, inv_str 5/10] || nano-tor-relays@proton.me [3 hosts, inv_str 1/3] || contact.broiling074@passinbox.com [3 hosts, inv_str 0/3] || email:info[]osservatorionessuno.org url:https://osservatorionessuno.or [3 hosts, inv_str 2/3] || email:admin[]stormycloud.org url:https://stormycloud.org proof:uri-fam [3 hosts, inv_str 0/3] || This Relay is operated as part of a research effort to measure how Oni [3 hosts, inv_str 1/3] || email:admin[@]unredacted.org url:unredacted.org proof:dns-familyid-ed2 [122 hosts, inv_str 2755/7381] || anyone-motor-cycle@duck.com [3 hosts, inv_str 1/3] || NN <relay-ops AT noonion dot de> [4 hosts, inv_str 1/6] || email:abuse-ripe[]digitale-gesellschaft.ch url:https://www.digitale-ge [3 hosts, inv_str 2/3] || email:admin[]stormycloud.org url:https://stormycloud.org proof:uri-fam [6 hosts, inv_str 8/15] || your@e-mail [3 hosts, inv_str 1/3] || Steve <tor@digital-world.dev> [3 hosts, inv_str 2/3] || email:info[]osservatorionessuno.org url:https://osservatorionessuno.or [3 hosts, inv_str 1/3] || email:info[]osservatorionessuno.org url:https://osservatorionessuno.or [4 hosts, inv_str 4/6] || NN <relay-ops AT noonion dot de> [4 hosts, inv_str 1/6] || email:toralf.foerster[]gmx.de gpg:1A376F994A9D026F13E24DCFC4EACDDE0076 [5 hosts, inv_str 5/10] || email:info[]osservatorionessuno.org url:https://osservatorionessuno.or [4 hosts, inv_str 4/6] || Steve <tor@digital-world.dev> [3 hosts, inv_str 3/3] || printerexpert@mail2tor.com [3 hosts, inv_str 1/3]"
2026-07-19 21:16:19,2026-07-20 20:21:06,29,435,29,"email:admin[]prsv.ch url:https://prsv.ch/ proof:uri-rsa ciissversion:2 [29 hosts, inv_str 257/406] || Steve <tor@digital-world.dev> [3 hosts, inv_str 0/3] || NN <relay-ops AT noonion dot de> [5 hosts, inv_str 5/10] || KeFF NOC <noc AT keff dot org> [3 hosts, inv_str 2/3] || / [7 hosts, inv_str 11/21] || Steve <tor@digital-world.dev> [3 hosts, inv_str 3/3] || email:info[]osservatorionessuno.org url:https://osservatorionessuno.or [4 hosts, inv_str 4/6] || 0xFFFFFFFF <tormaster AT kkb-clan dot de> [3 hosts, inv_str 3/3] || Steve <tor@digital-world.dev> [3 hosts, inv_str 2/3] || RandomPerson <skynet@academyforinternetresearch.org> [11 hosts, inv_str 17/55] || NN <relay-ops AT noonion dot de> [3 hosts, inv_str 0/3] || printerexpert@mail2tor.com [4 hosts, inv_str 3/6] || Alpenwall email:alpenwall[]proton.me pgp:11F9B9631297C6E8A6ABAEB20F35F [7 hosts, inv_str 4/21] || email:info[]osservatorionessuno.org url:https://osservatorionessuno.or [4 hosts, inv_str 4/6] || nano-tor-relays@proton.me [3 hosts, inv_str 2/3] || Steve <tor@digital-world.dev> [3 hosts, inv_str 0/3] || Alpenwall email:alpenwall[]proton.me pgp:11F9B9631297C6E8A6ABAEB20F35F [3 hosts, inv_str 1/3] || Steve <tor@digital-world.dev> [3 hosts, inv_str 0/3] || NN <relay-ops AT noonion dot de> [4 hosts, inv_str 4/6] || hello@relaymagic.org (relaymagic.org/contact) [3 hosts, inv_str 1/3] || email:info[]osservatorionessuno.org url:https://osservatorionessuno.or [4 hosts, inv_str 4/6] || Alpenwall email:alpenwall[]proton.me pgp:11F9B9631297C6E8A6ABAEB20F35F [3 hosts, inv_str 1/3] || email:Quetzalcoatl_relays[]proton.me url:https://quetzalcoatl-relays.o [5 hosts, inv_str 6/10] || nano-tor-relays@proton.me [3 hosts, inv_str 2/3] || Steve <tor@digital-world.dev> [3 hosts, inv_str 0/3] || NN <relay-ops AT noonion dot de> [3 hosts, inv_str 0/3] || email:info[]osservatorionessuno.org url:https://osservatorionessuno.or [4 hosts, inv_str 3/6] || Steve <tor@digital-world.dev> [3 hosts, inv_str 1/3] || NN <relay-ops AT noonion dot de> [4 hosts, inv_str 4/6] || url:https://ssdnodes.com email:tor-relays[]ssdnodes.com hoster:ssdnode [9 hosts, inv_str 18/36] || Alpenwall email:alpenwall[]proton.me pgp:11F9B9631297C6E8A6ABAEB20F35F [9 hosts, inv_str 22/36] || nano-tor-relays@proton.me [3 hosts, inv_str 2/3] || email:info[]osservatorionessuno.org url:https://osservatorionessuno.or [4 hosts, inv_str 3/6] || NN <relay-ops AT noonion dot de> [5 hosts, inv_str 5/10] || Digitalcourage e.V. email:tor-abuse[]digitalcourage.de abuse:tor-abuse [3 hosts, inv_str 1/3] || Steve <tor@digital-world.dev> [3 hosts, inv_str 3/3] || email:info[]osservatorionessuno.org url:https://osservatorionessuno.or [4 hosts, inv_str 3/6] || printerexpert@mail2tor.com [3 hosts, inv_str 2/3] || NN <relay-ops AT noonion dot de> [5 hosts, inv_str 6/10] || Steve <tor@digital-world.dev> [3 hosts, inv_str 0/3] || someone < tor27 AT nurfuerspam DOT de > [3 hosts, inv_str 0/3] || nano-tor-relays@proton.me [3 hosts, inv_str 0/3] || email:info[]osservatorionessuno.org url:https://osservatorionessuno.or [4 hosts, inv_str 3/6] || email:info[]osservatorionessuno.org url:https://osservatorionessuno.or [3 hosts, inv_str 0/3] || email:Quetzalcoatl_relays[]proton.me url:https://quetzalcoatl-relays.o [7 hosts, inv_str 17/21] || email:admin[]stormycloud.org url:https://stormycloud.org proof:uri-fam [7 hosts, inv_str 18/21] || NN <relay-ops AT noonion dot de> [4 hosts, inv_str 1/6] || Alpenwall email:alpenwall[]proton.me pgp:11F9B9631297C6E8A6ABAEB20F35F [3 hosts, inv_str 1/3] || email:Quetzalcoatl_relays[]proton.me url:https://quetzalcoatl-relays.o [7 hosts, inv_str 16/21] || anonymous@torproject.org [3 hosts, inv_str 2/3] || email:info[]osservatorionessuno.org url:https://osservatorionessuno.or [5 hosts, inv_str 9/10] || printerexpert@mail2tor.com [4 hosts, inv_str 2/6] || full.frame4647@diversifiedwaysholdings.com [4 hosts, inv_str 0/6] || NN <relay-ops AT noonion dot de> [3 hosts, inv_str 2/3] || full.frame4647@diversifiedwaysholdings.com [5 hosts, inv_str 3/10] || email:Quetzalcoatl_relays[]proton.me url:https://quetzalcoatl-relays.o [3 hosts, inv_str 2/3] || 0xE12ECD2E Nicola Ferralis <feranick AT hotmail dot com> [3 hosts, inv_str 2/3] || anonymous@torproject.org [3 hosts, inv_str 1/3] || anyone-motor-cycle@duck.com [3 hosts, inv_str 0/3] || <trly1 AT proton dot me> [3 hosts, inv_str 1/3] || email:admin@for-privacy.net url:for-privacy.net proof:dns-rsa abuse:ab [3 hosts, inv_str 3/3] || NN <relay-ops AT noonion dot de> [3 hosts, inv_str 2/3] || admin@juchatz.com [4 hosts, inv_str 6/6] || NN <relay-ops AT noonion dot de> [3 hosts, inv_str 3/3] || email:Quetzalcoatl_relays[]proton.me url:https://quetzalcoatl-relays.o [7 hosts, inv_str 14/21] || your@e-mail [3 hosts, inv_str 1/3] || email:info[]osservatorionessuno.org url:https://osservatorionessuno.or [4 hosts, inv_str 2/6] || email:tech[]emeraldonion.org abuse:tech[]emeraldonion.org mastodon:htt [96 hosts, inv_str 2249/4560] || anonymous@torproject.org [3 hosts, inv_str 3/3] || tor@zgato.ru [3 hosts, inv_str 2/3] || email:Quetzalcoatl_relays[]proton.me url:https://quetzalcoatl-relays.o [5 hosts, inv_str 5/10] || NN <relay-ops AT noonion dot de> [4 hosts, inv_str 2/6] || khankrum359@gmail.com [3 hosts, inv_str 1/3] || anonymous@torproject.org [5 hosts, inv_str 4/10] || email:info[]osservatorionessuno.org url:https://osservatorionessuno.or [4 hosts, inv_str 3/6] || anonymous@torproject.org [5 hosts, inv_str 8/10] || email:Quetzalcoatl_relays[]proton.me url:https://quetzalcoatl-relays.o [4 hosts, inv_str 1/6] || Bastiaan Brink <b@stiaanbr.ink> | AS215248 NOC +31 85 369 5034 [5 hosts, inv_str 6/10]"
2026-07-20 20:40:01,2026-07-20 22:51:25,9,56,6,"printerexpert@mail2tor.com [4 hosts, inv_str 3/6] || email:admin[]prsv.ch url:https://prsv.ch/ proof:uri-rsa ciissversion:2 [12 hosts, inv_str 41/66] || tor@kllx.eu [4 hosts, inv_str 3/6] || anonymous@torproject.org [5 hosts, inv_str 8/10] || email:Quetzalcoatl_relays[]proton.me url:https://quetzalcoatl-relays.o [6 hosts, inv_str 5/15] || NN <relay-ops AT noonion dot de> [4 hosts, inv_str 2/6] || printerexpert@mail2tor.com [3 hosts, inv_str 1/3] || someone < tor27 AT nurfuerspam DOT de > [4 hosts, inv_str 3/6] || KeFF NOC <noc AT keff dot org> [6 hosts, inv_str 9/15] || email:info[]osservatorionessuno.org url:https://osservatorionessuno.or [4 hosts, inv_str 5/6] || anonymous@torproject.org [4 hosts, inv_str 2/6]"
2026-07-20 23:11:49,2026-07-21 03:35:30,9,60,3,"email:admin[]prsv.ch url:https://prsv.ch/ proof:uri-rsa ciissversion:2 [13 hosts, inv_str 35/78] || NN <relay-ops AT noonion dot de> [4 hosts, inv_str 1/6] || email:forest-relay-contact[]cryptolab.net pgp:BCBAE3E9CB8E2FE23F29DC58 [3 hosts, inv_str 2/3] || RandomPerson <skynet@academyforinternetresearch.org> [11 hosts, inv_str 8/55] || email:info[]osservatorionessuno.org url:https://osservatorionessuno.or [4 hosts, inv_str 5/6] || printerexpert@mail2tor.com [4 hosts, inv_str 6/6] || email:Quetzalcoatl_relays[]proton.me url:https://quetzalcoatl-relays.o [3 hosts, inv_str 1/3] || NN <relay-ops AT noonion dot de> [4 hosts, inv_str 1/6] || anonymous@torproject.org [4 hosts, inv_str 5/6] || email:info[]osservatorionessuno.org url:https://osservatorionessuno.or [4 hosts, inv_str 6/6] || printerexpert@mail2tor.com [3 hosts, inv_str 1/3] || hello@relaymagic.org (relaymagic.org/contact) [3 hosts, inv_str 0/3]"
2026-07-21 03:48:20,2026-07-21 07:41:46,12,117,0,"Jordan <jordan zero three two one AT gmail dot com> [3 hosts, inv_str 3/3] || <trly1 AT proton dot me> [3 hosts, inv_str 2/3] || anonymous@torproject.org [3 hosts, inv_str 1/3] || email:admin[]prsv.ch url:https://prsv.ch/ proof:uri-rsa ciissversion:2 [13 hosts, inv_str 45/78] || email:john[]quintex.com url:https://www.quintex.com proof:uri-rsa abus [3 hosts, inv_str 3/3] || NN <relay-ops AT noonion dot de> [3 hosts, inv_str 1/3] || email:admin@for-privacy.net url:for-privacy.net proof:dns-rsa abuse:ab [32 hosts, inv_str 227/496] || email:info[]osservatorionessuno.org url:https://osservatorionessuno.or [4 hosts, inv_str 5/6] || email:john[]quintex.com url:https://www.quintex.com proof:uri-rsa abus [6 hosts, inv_str 4/15] || hwangchulsoo@proton.me [5 hosts, inv_str 3/10] || tor@kllx.eu [8 hosts, inv_str 12/28] || email:john[]quintex.com url:https://www.quintex.com proof:uri-rsa abus [3 hosts, inv_str 2/3] || url:https://ssdnodes.com email:tor-relays[]ssdnodes.com hoster:ssdnode [10 hosts, inv_str 27/45] || your@e-mail [3 hosts, inv_str 2/3] || NN <relay-ops AT noonion dot de> [4 hosts, inv_str 2/6] || email:info[]osservatorionessuno.org url:https://osservatorionessuno.or [4 hosts, inv_str 4/6] || email:john[]quintex.com url:https://www.quintex.com proof:uri-rsa abus [10 hosts, inv_str 11/45]"
2026-07-21 07:58:16,2026-07-22 10:45:12,33,586,48,"email:admin[]prsv.ch url:https://prsv.ch/ proof:uri-rsa ciissversion:2 [25 hosts, inv_str 203/300] || anonymous@torproject.org [4 hosts, inv_str 2/6] || email:john[]quintex.com url:https://www.quintex.com proof:uri-rsa abus [7 hosts, inv_str 11/21] || NN <relay-ops AT noonion dot de> [5 hosts, inv_str 4/10] || email:info[]osservatorionessuno.org url:https://osservatorionessuno.or [4 hosts, inv_str 4/6] || email:john[]quintex.com url:https://www.quintex.com proof:uri-rsa abus [10 hosts, inv_str 18/45] || anonymous@torproject.org [6 hosts, inv_str 2/15] || printerexpert@mail2tor.com [4 hosts, inv_str 4/6] || email:john[]quintex.com url:https://www.quintex.com proof:uri-rsa abus [7 hosts, inv_str 13/21] || Chaos Computer Club Wien (C3W) email:anonymity[]c3w.at url:https://c3w [4 hosts, inv_str 1/6] || NN <relay-ops AT noonion dot de> [4 hosts, inv_str 4/6] || email:info[]osservatorionessuno.org url:https://osservatorionessuno.or [4 hosts, inv_str 4/6] || Contact (at)SilSte on chaos.social [tor-relay.co] [4 hosts, inv_str 5/6] || email:john[]quintex.com url:https://www.quintex.com proof:uri-rsa abus [7 hosts, inv_str 13/21] || anonymous@torproject.org [3 hosts, inv_str 2/3] || anonymous@torproject.org [5 hosts, inv_str 3/10] || email:Quetzalcoatl_relays[]proton.me url:https://quetzalcoatl-relays.o [14 hosts, inv_str 42/91] || email:john[]quintex.com url:https://www.quintex.com proof:uri-rsa abus [3 hosts, inv_str 2/3] || your@e-mail [3 hosts, inv_str 2/3] || email:Quetzalcoatl_relays[]proton.me url:https://quetzalcoatl-relays.o [10 hosts, inv_str 22/45] || NN <relay-ops AT noonion dot de> [3 hosts, inv_str 0/3] || email:abuse[]tuxli.org pgp:32A1621FC5290921D720940187AC9FC1F2BCCB30 ur [9 hosts, inv_str 30/36] || anonymous@torproject.org [3 hosts, inv_str 1/3] || anonymous@torproject.org [4 hosts, inv_str 3/6] || email:Quetzalcoatl_relays[]proton.me url:https://quetzalcoatl-relays.o [11 hosts, inv_str 39/55] || email:john[]quintex.com url:https://www.quintex.com proof:uri-rsa abus [4 hosts, inv_str 4/6] || nano-tor-relays@proton.me [4 hosts, inv_str 2/6] || anonymous@torproject.org [9 hosts, inv_str 19/36] || your@e-mail [3 hosts, inv_str 1/3] || printerexpert@mail2tor.com [3 hosts, inv_str 1/3] || email:Quetzalcoatl_relays[]proton.me url:https://quetzalcoatl-relays.o [29 hosts, inv_str 212/406] || email:info[]osservatorionessuno.org url:https://osservatorionessuno.or [3 hosts, inv_str 1/3] || anyone-motor-cycle@duck.com [3 hosts, inv_str 2/3] || email:john[]quintex.com url:https://www.quintex.com proof:uri-rsa abus [5 hosts, inv_str 3/10] || anonymous@torproject.org [5 hosts, inv_str 4/10] || gleepdorf AT proton DOT me [4 hosts, inv_str 4/6] || nano-tor-relays@proton.me [3 hosts, inv_str 2/3] || Alpenwall email:alpenwall[]proton.me pgp:11F9B9631297C6E8A6ABAEB20F35F [3 hosts, inv_str 1/3] || Steve <tor@digital-world.dev> [3 hosts, inv_str 0/3] || your@e-mail [3 hosts, inv_str 1/3] || email:john[]quintex.com url:https://www.quintex.com proof:uri-rsa abus [6 hosts, inv_str 7/15] || anonymous@torproject.org [3 hosts, inv_str 2/3] || email:info[]osservatorionessuno.org url:https://osservatorionessuno.or [4 hosts, inv_str 2/6] || email:admin[]stormycloud.org url:https://stormycloud.org proof:uri-fam [4 hosts, inv_str 2/6] || anonymous@torproject.org [8 hosts, inv_str 17/28] || email:john[]quintex.com url:https://www.quintex.com proof:uri-rsa abus [4 hosts, inv_str 3/6] || tor [] wurzelmann.at [7 hosts, inv_str 13/21] || Foundation for Applied Privacy email:tor[]appliedprivacy.net donationu [15 hosts, inv_str 16/105] || tor@zgato.ru [4 hosts, inv_str 4/6] || nano-tor-relays@proton.me [5 hosts, inv_str 1/10] || email:Quetzalcoatl_relays[]proton.me url:https://quetzalcoatl-relays.o [19 hosts, inv_str 109/171] || email:admin[]prsv.ch url:https://prsv.ch/ proof:uri-rsa ciissversion:2 [23 hosts, inv_str 160/253] || email:info[]osservatorionessuno.org url:https://osservatorionessuno.or [4 hosts, inv_str 3/6] || email:admin[]stormycloud.org url:https://stormycloud.org proof:uri-fam [3 hosts, inv_str 2/3] || email:forest-relay-contact[]cryptolab.net pgp:BCBAE3E9CB8E2FE23F29DC58 [12 hosts, inv_str 44/66] || email:Quetzalcoatl_relays[]proton.me url:https://quetzalcoatl-relays.o [4 hosts, inv_str 3/6] || printerexpert@mail2tor.com [4 hosts, inv_str 3/6] || relay operator - contact: lucasvandekwq [at] rambler [dot] ru [3 hosts, inv_str 3/3] || KeFF NOC <noc AT keff dot org> [4 hosts, inv_str 1/6] || email:Quetzalcoatl_relays[]proton.me url:https://quetzalcoatl-relays.o [5 hosts, inv_str 5/10] || nano-tor-relays@proton.me [4 hosts, inv_str 1/6] || tor@zgato.ru [4 hosts, inv_str 1/6] || none [3 hosts, inv_str 3/3] || email:Quetzalcoatl_relays[]proton.me url:https://quetzalcoatl-relays.o [3 hosts, inv_str 1/3] || RandomPerson <skynet@academyforinternetresearch.org> [11 hosts, inv_str 20/55] || contact.broiling074@passinbox.com [3 hosts, inv_str 2/3] || Jordan <jordan zero three two one AT gmail dot com> [3 hosts, inv_str 3/3] || NN <relay-ops AT noonion dot de> [4 hosts, inv_str 4/6] || email:Quetzalcoatl_relays[]proton.me url:https://quetzalcoatl-relays.o [3 hosts, inv_str 2/3] || anonymous@torproject.org [3 hosts, inv_str 1/3] || email:info[]osservatorionessuno.org url:https://osservatorionessuno.or [4 hosts, inv_str 2/6] || email:Quetzalcoatl_relays[]proton.me url:https://quetzalcoatl-relays.o [3 hosts, inv_str 1/3] || nano-tor-relays@proton.me [3 hosts, inv_str 2/3] || Artikel10 url:artikel10.org email:info[]artikel10.org abuse:abuse[]art [4 hosts, inv_str 0/6] || email:Quetzalcoatl_relays[]proton.me url:https://quetzalcoatl-relays.o [6 hosts, inv_str 9/15] || Jordan <jordan zero three two one AT gmail dot com> [3 hosts, inv_str 0/3] || hello@relaymagic.org (relaymagic.org/contact) [3 hosts, inv_str 0/3] || tor@zgato.ru [4 hosts, inv_str 3/6] || relay operator - contact: lucasvandekwq [at] rambler [dot] ru [3 hosts, inv_str 3/3] || email:admin@for-privacy.net url:for-privacy.net proof:dns-rsa abuse:ab [32 hosts, inv_str 205/496] || email:Quetzalcoatl_relays[]proton.me url:https://quetzalcoatl-relays.o [9 hosts, inv_str 23/36] || email:Quetzalcoatl_relays[]proton.me url:https://quetzalcoatl-relays.o [5 hosts, inv_str 6/10] || email:forest-relay-contact[]cryptolab.net pgp:BCBAE3E9CB8E2FE23F29DC58 [22 hosts, inv_str 107/231] || nano-tor-relays@proton.me [4 hosts, inv_str 2/6] || email:info[]osservatorionessuno.org url:https://osservatorionessuno.or [3 hosts, inv_str 1/3] || url:https://ssdnodes.com email:tor-relays[]ssdnodes.com hoster:ssdnode [9 hosts, inv_str 20/36] || NN <relay-ops AT noonion dot de> [3 hosts, inv_str 3/3] || email:Quetzalcoatl_relays[]proton.me url:https://quetzalcoatl-relays.o [3 hosts, inv_str 1/3] || ContactInfo email:knight AT germancraft dot net url:germancraft.net pr [4 hosts, inv_str 6/6] || tor@kllx.eu [24 hosts, inv_str 204/276] || email:info[]osservatorionessuno.org url:https://osservatorionessuno.or [3 hosts, inv_str 1/3] || email:john[]quintex.com url:https://www.quintex.com proof:uri-rsa abus [3 hosts, inv_str 2/3]"
2026-07-22 11:34:41,2026-07-22 12:15:45,2,8,0,"email:admin[]prsv.ch url:https://prsv.ch/ proof:uri-rsa ciissversion:2 [5 hosts, inv_str 7/10] || Uu77bBt0eDko5iDrRNiXt2quIVPMNKvILk1eqJbAVk9e@posteo.ch [3 hosts, inv_str 1/3]"
2026-07-22 12:45:30,2026-07-22 13:43:39,3,12,0,"email:admin[]prsv.ch url:https://prsv.ch/ proof:uri-rsa ciissversion:2 [5 hosts, inv_str 9/10] || printerexpert@mail2tor.com [4 hosts, inv_str 5/6] || NN <relay-ops AT noonion dot de> [3 hosts, inv_str 2/3]"
2026-07-22 14:48:59,2026-07-22 16:42:58,4,18,0,"email:admin[]prsv.ch url:https://prsv.ch/ proof:uri-rsa ciissversion:2 [9 hosts, inv_str 24/36] || email:john[]quintex.com url:https://www.quintex.com proof:uri-rsa abus [3 hosts, inv_str 2/3] || abuse@doggett.tech [3 hosts, inv_str 2/3] || anyone-motor-cycle@duck.com [3 hosts, inv_str 0/3]"
2026-07-22 17:26:14,2026-07-22 19:45:28,4,16,0,"Satanist <admin AT 2cb dot su> [4 hosts, inv_str 3/6] || email:admin[]prsv.ch url:https://prsv.ch/ proof:uri-rsa ciissversion:2 [5 hosts, inv_str 8/10] || email:john[]quintex.com url:https://www.quintex.com proof:uri-rsa abus [3 hosts, inv_str 2/3] || Chaos Computer Club Wien (C3W) email:anonymity[]c3w.at url:https://c3w [4 hosts, inv_str 1/6]"
2026-07-22 20:14:06,2026-07-22 20:33:41,2,8,0,"relay operator - contact: lucasvandekwq [at] rambler [dot] ru [3 hosts, inv_str 1/3] || email:admin[]prsv.ch url:https://prsv.ch/ proof:uri-rsa ciissversion:2 [5 hosts, inv_str 7/10]"
2026-07-23 00:09:08,2026-07-23 02:39:53,6,37,0,"email:john[]quintex.com url:https://www.quintex.com proof:uri-rsa abus [3 hosts, inv_str 0/3] || email:forest-relay-contact[]cryptolab.net pgp:BCBAE3E9CB8E2FE23F29DC58 [3 hosts, inv_str 0/3] || email:admin[]prsv.ch url:https://prsv.ch/ proof:uri-rsa ciissversion:2 [8 hosts, inv_str 16/28] || anonymous@torproject.org [10 hosts, inv_str 22/45] || full.frame4647@diversifiedwaysholdings.com [9 hosts, inv_str 0/36] || Artikel10 url:artikel10.org email:info[]artikel10.org abuse:abuse[]art [4 hosts, inv_str 0/6]"
2026-07-23 03:35:36,2026-07-23 04:22:48,4,29,0,"anonymous@torproject.org [5 hosts, inv_str 5/10] || email:admin[]prsv.ch url:https://prsv.ch/ proof:uri-rsa ciissversion:2 [6 hosts, inv_str 7/15] || relay // at // pommespanzer // dot // cc [9 hosts, inv_str 18/36] || DFRI email:tor[]dfri.se url:https://dfri.se proof:dns-familyid-ed25519 [9 hosts, inv_str 20/36]"
2026-07-23 04:46:41,2026-07-23 10:22:14,10,83,0,"email:admin[]prsv.ch url:https://prsv.ch/ proof:uri-rsa ciissversion:2 [7 hosts, inv_str 10/21] || NN <relay-ops AT noonion dot de> [3 hosts, inv_str 1/3] || anonymous@torproject.org [3 hosts, inv_str 0/3] || email:john[]quintex.com url:https://www.quintex.com proof:uri-rsa abus [4 hosts, inv_str 1/6] || DFRI email:tor[]dfri.se url:https://dfri.se proof:dns-familyid-ed25519 [10 hosts, inv_str 36/45] || email:forest-relay-contact[]cryptolab.net pgp:BCBAE3E9CB8E2FE23F29DC58 [12 hosts, inv_str 34/66] || url:https://ssdnodes.com email:tor-relays[]ssdnodes.com hoster:ssdnode [3 hosts, inv_str 2/3] || anonymous@torproject.org [3 hosts, inv_str 2/3] || ShangTaiSi+TorService@gmail.com [3 hosts, inv_str 1/3] || url:https://ssdnodes.com email:tor-relays[]ssdnodes.com hoster:ssdnode [6 hosts, inv_str 3/15] || io@nicolo.ovh [5 hosts, inv_str 1/10] || email:admin[]prsv.ch url:https://prsv.ch/ proof:uri-rsa ciissversion:2 [9 hosts, inv_str 20/36] || anonymous@torproject.org [6 hosts, inv_str 6/15] || NN <relay-ops AT noonion dot de> [3 hosts, inv_str 1/3] || your@e-mail [3 hosts, inv_str 2/3] || email:john[]quintex.com url:https://www.quintex.com proof:uri-rsa abus [3 hosts, inv_str 1/3]"
2026-07-23 11:30:08,2026-07-23 13:01:34,4,26,0,"@zion:matrix.org [3 hosts, inv_str 1/3] || email:admin[]prsv.ch url:https://prsv.ch/ proof:uri-rsa ciissversion:2 [8 hosts, inv_str 22/28] || flowjob(at)protonmail(dot)ch [9 hosts, inv_str 11/36] || email:john[]quintex.com url:https://www.quintex.com proof:uri-rsa abus [6 hosts, inv_str 8/15]"
2026-07-23 13:24:35,2026-07-23 20:16:32,7,48,0,"email:admin[]prsv.ch url:https://prsv.ch/ proof:uri-rsa ciissversion:2 [15 hosts, inv_str 50/105] || Uu77bBt0eDko5iDrRNiXt2quIVPMNKvILk1eqJbAVk9e@posteo.ch [3 hosts, inv_str 0/3] || wxw at safe-mail dot net [17 hosts, inv_str 69/136] || anyone-motor-cycle@duck.com [3 hosts, inv_str 1/3] || email:toralf.foerster[]gmx.de gpg:1A376F994A9D026F13E24DCFC4EACDDE0076 [4 hosts, inv_str 2/6] || email:john[]quintex.com url:https://www.quintex.com proof:uri-rsa abus [3 hosts, inv_str 2/3] || NN <relay-ops AT noonion dot de> [3 hosts, inv_str 2/3]"
2026-07-23 20:36:53,2026-07-24 05:05:37,14,172,11,"email:admin[]prsv.ch url:https://prsv.ch/ proof:uri-rsa ciissversion:2 [32 hosts, inv_str 279/496] || anonymous@torproject.org [3 hosts, inv_str 3/3] || NN <relay-ops AT noonion dot de> [3 hosts, inv_str 2/3] || anonymous@torproject.org [5 hosts, inv_str 9/10] || email:Quetzalcoatl_relays[]proton.me url:https://quetzalcoatl-relays.o [4 hosts, inv_str 4/6] || <trly1 AT proton dot me> [3 hosts, inv_str 1/3] || Satanist <admin AT 2cb dot su> [3 hosts, inv_str 2/3] || email:Quetzalcoatl_relays[]proton.me url:https://quetzalcoatl-relays.o [8 hosts, inv_str 17/28] || email:john[]quintex.com url:https://www.quintex.com proof:uri-rsa abus [3 hosts, inv_str 0/3] || RandomPerson <skynet@academyforinternetresearch.org> [10 hosts, inv_str 13/45] || printerexpert@mail2tor.com [6 hosts, inv_str 8/15] || email:forest-relay-contact[]cryptolab.net pgp:BCBAE3E9CB8E2FE23F29DC58 [3 hosts, inv_str 3/3] || email:Quetzalcoatl_relays[]proton.me url:https://quetzalcoatl-relays.o [3 hosts, inv_str 2/3] || email:john[]quintex.com url:https://www.quintex.com proof:uri-rsa abus [3 hosts, inv_str 1/3] || 0xFFFFFFFF Random Person <nobody AT example dot com> [3 hosts, inv_str 2/3] || email:admin[]prsv.ch url:https://prsv.ch/ proof:uri-rsa ciissversion:2 [14 hosts, inv_str 53/91] || NN <relay-ops AT noonion dot de> [3 hosts, inv_str 0/3] || email:john[]quintex.com url:https://www.quintex.com proof:uri-rsa abus [3 hosts, inv_str 2/3] || email:forest-relay-contact[]cryptolab.net pgp:BCBAE3E9CB8E2FE23F29DC58 [3 hosts, inv_str 2/3] || iwannagohom3@proton.me [5 hosts, inv_str 3/10] || email:john[]quintex.com url:https://www.quintex.com proof:uri-rsa abus [3 hosts, inv_str 0/3] || email:Quetzalcoatl_relays[]proton.me url:https://quetzalcoatl-relays.o [3 hosts, inv_str 1/3] || relay // at // pommespanzer // dot // cc [8 hosts, inv_str 12/28] || email:admin@for-privacy.net url:for-privacy.net proof:dns-rsa abuse:ab [32 hosts, inv_str 214/496] || email:john[]quintex.com url:https://www.quintex.com proof:uri-rsa abus [3 hosts, inv_str 1/3] || NN <relay-ops AT noonion dot de> [3 hosts, inv_str 3/3]"
2026-07-24 05:27:49,2026-07-24 22:22:57,18,217,20,"email:admin[]prsv.ch url:https://prsv.ch/ proof:uri-rsa ciissversion:2 [34 hosts, inv_str 310/561] || url:https://ssdnodes.com email:tor-relays[]ssdnodes.com hoster:ssdnode [9 hosts, inv_str 22/36] || NN <relay-ops AT noonion dot de> [4 hosts, inv_str 2/6] || Alpenwall email:alpenwall[]proton.me pgp:11F9B9631297C6E8A6ABAEB20F35F [3 hosts, inv_str 1/3] || email:Quetzalcoatl_relays[]proton.me url:https://quetzalcoatl-relays.o [10 hosts, inv_str 23/45] || relay operator - contact: lucasvandekwq [at] rambler [dot] ru [3 hosts, inv_str 0/3] || anonymous@torproject.org [3 hosts, inv_str 2/3] || nano-tor-relays@proton.me [3 hosts, inv_str 3/3] || email:info[]osservatorionessuno.org url:https://osservatorionessuno.or [3 hosts, inv_str 0/3] || email:john[]quintex.com url:https://www.quintex.com proof:uri-rsa abus [4 hosts, inv_str 1/6] || email:john[]quintex.com url:https://www.quintex.com proof:uri-rsa abus [3 hosts, inv_str 2/3] || NN <relay-ops AT noonion dot de> [3 hosts, inv_str 1/3] || Alpenwall email:alpenwall[]proton.me pgp:11F9B9631297C6E8A6ABAEB20F35F [3 hosts, inv_str 0/3] || email:Quetzalcoatl_relays[]proton.me url:https://quetzalcoatl-relays.o [7 hosts, inv_str 5/21] || email:info[]osservatorionessuno.org url:https://osservatorionessuno.or [4 hosts, inv_str 3/6] || nano-tor-relays@proton.me [4 hosts, inv_str 6/6] || email:Quetzalcoatl_relays[]proton.me url:https://quetzalcoatl-relays.o [3 hosts, inv_str 1/3] || mevolzdev@proton.me [3 hosts, inv_str 1/3] || Uu77bBt0eDko5iDrRNiXt2quIVPMNKvILk1eqJbAVk9e@posteo.ch [3 hosts, inv_str 1/3] || email:tor[]1aeo.com url:https://www.1aeo.com proof:uri-familyid-ed2551 [14 hosts, inv_str 39/91] || email:Quetzalcoatl_relays[]proton.me url:https://quetzalcoatl-relays.o [11 hosts, inv_str 16/55] || NN <relay-ops AT noonion dot de> [4 hosts, inv_str 1/6] || Alpenwall email:alpenwall[]proton.me pgp:11F9B9631297C6E8A6ABAEB20F35F [3 hosts, inv_str 1/3] || email:info[]osservatorionessuno.org url:https://osservatorionessuno.or [3 hosts, inv_str 2/3] || nano-tor-relays@proton.me [7 hosts, inv_str 15/21] || printerexpert@mail2tor.com [4 hosts, inv_str 2/6] || relay operator - contact: lucasvandekwq [at] rambler [dot] ru [3 hosts, inv_str 1/3] || anonymous@torproject.org [6 hosts, inv_str 11/15] || tor@zgato.ru [3 hosts, inv_str 2/3] || email:info[]osservatorionessuno.org url:https://osservatorionessuno.or [3 hosts, inv_str 2/3] || anyone-motor-cycle@duck.com [3 hosts, inv_str 1/3] || tor@zgato.ru [3 hosts, inv_str 0/3] || email:info[]osservatorionessuno.org url:https://osservatorionessuno.or [3 hosts, inv_str 1/3] || email:Quetzalcoatl_relays[]proton.me url:https://quetzalcoatl-relays.o [4 hosts, inv_str 3/6] || email:Quetzalcoatl_relays[]proton.me url:https://quetzalcoatl-relays.o [5 hosts, inv_str 4/10] || printerexpert@mail2tor.com [3 hosts, inv_str 1/3] || email:info[]osservatorionessuno.org url:https://osservatorionessuno.or [3 hosts, inv_str 2/3] || email:Quetzalcoatl_relays[]proton.me url:https://quetzalcoatl-relays.o [3 hosts, inv_str 2/3] || NN <relay-ops AT noonion dot de> [3 hosts, inv_str 0/3] || Hurdy-Gurdy <admin AT my-mail dot rocks> [4 hosts, inv_str 2/6] || email:info[]osservatorionessuno.org url:https://osservatorionessuno.or [3 hosts, inv_str 3/3] || KeFF NOC <noc AT keff dot org> [7 hosts, inv_str 5/21] || email:john[]quintex.com url:https://www.quintex.com proof:uri-rsa abus [3 hosts, inv_str 1/3]"
2026-07-24 22:44:19,2026-07-25 01:48:20,9,57,3,"email:admin[]prsv.ch url:https://prsv.ch/ proof:uri-rsa ciissversion:2 [13 hosts, inv_str 59/78] || Neel Chauhan <neel AT neelc DOT org> [4 hosts, inv_str 1/6] || contact.broiling074@passinbox.com [3 hosts, inv_str 2/3] || https://exitnode.dk/ [8 hosts, inv_str 9/28] || RandomPerson <skynet@academyforinternetresearch.org> [11 hosts, inv_str 17/55] || email:info[]osservatorionessuno.org url:https://osservatorionessuno.or [3 hosts, inv_str 2/3] || your@e-mail [3 hosts, inv_str 1/3] || printerexpert@mail2tor.com [6 hosts, inv_str 4/15] || email:Quetzalcoatl_relays[]proton.me url:https://quetzalcoatl-relays.o [3 hosts, inv_str 0/3] || printerexpert@mail2tor.com [3 hosts, inv_str 1/3]"
2026-07-25 02:02:03,2026-07-25 08:40:24,11,79,11,"email:admin[]prsv.ch url:https://prsv.ch/ proof:uri-rsa ciissversion:2 [22 hosts, inv_str 178/231] || email:info[]osservatorionessuno.org url:https://osservatorionessuno.or [3 hosts, inv_str 1/3] || printerexpert@mail2tor.com [3 hosts, inv_str 2/3] || email:Quetzalcoatl_relays[]proton.me url:https://quetzalcoatl-relays.o [9 hosts, inv_str 14/36] || hello@relaymagic.org (relaymagic.org/contact) [3 hosts, inv_str 1/3] || Steve <tor@digital-world.dev> [3 hosts, inv_str 0/3] || nano-tor-relays@proton.me [3 hosts, inv_str 1/3] || email:john[]quintex.com url:https://www.quintex.com proof:uri-rsa abus [3 hosts, inv_str 2/3] || anonymous@torproject.org [4 hosts, inv_str 5/6] || NN <relay-ops AT noonion dot de> [3 hosts, inv_str 1/3] || url:https://ssdnodes.com email:tor-relays[]ssdnodes.com hoster:ssdnode [9 hosts, inv_str 23/36] || email:Quetzalcoatl_relays[]proton.me url:https://quetzalcoatl-relays.o [5 hosts, inv_str 7/10] || email:info[]osservatorionessuno.org url:https://osservatorionessuno.or [3 hosts, inv_str 1/3] || anonymous@torproject.org [3 hosts, inv_str 1/3] || printerexpert@mail2tor.com [3 hosts, inv_str 3/3]"
2026-07-25 09:11:02,2026-07-25 11:32:44,4,81,0,"email:admin[]prsv.ch url:https://prsv.ch/ proof:uri-rsa ciissversion:2 [13 hosts, inv_str 39/78] || NN <relay-ops AT noonion dot de> [3 hosts, inv_str 1/3] || email:john[]quintex.com url:https://www.quintex.com proof:uri-rsa abus [59 hosts, inv_str 701/1711] || anonymous@torproject.org [3 hosts, inv_str 2/3] || anonymous@torproject.org [3 hosts, inv_str 0/3]"
2026-07-25 11:43:11,2026-07-25 14:09:05,5,38,0,"NN <relay-ops AT noonion dot de> [3 hosts, inv_str 1/3] || email:admin[]prsv.ch url:https://prsv.ch/ proof:uri-rsa ciissversion:2 [22 hosts, inv_str 149/231] || Uu77bBt0eDko5iDrRNiXt2quIVPMNKvILk1eqJbAVk9e@posteo.ch [3 hosts, inv_str 0/3] || bienwald-torservers@outlook.de [4 hosts, inv_str 5/6] || printerexpert@mail2tor.com [3 hosts, inv_str 1/3] || NN <relay-ops AT noonion dot de> [3 hosts, inv_str 1/3]"
2026-07-25 16:45:20,2026-07-25 17:38:06,3,16,3,"email:admin[]prsv.ch url:https://prsv.ch/ proof:uri-rsa ciissversion:2 [10 hosts, inv_str 34/45] || printerexpert@mail2tor.com [3 hosts, inv_str 1/3] || email:Quetzalcoatl_relays[]proton.me url:https://quetzalcoatl-relays.o [3 hosts, inv_str 2/3]"
2026-07-25 17:58:24,2026-07-26 00:40:28,13,86,9,"email:admin[]prsv.ch url:https://prsv.ch/ proof:uri-rsa ciissversion:2 [21 hosts, inv_str 139/210] || bienwald-torservers@outlook.de [4 hosts, inv_str 4/6] || anonymous@torproject.org [3 hosts, inv_str 2/3] || NN <relay-ops AT noonion dot de> [3 hosts, inv_str 1/3] || Random Person nobody@tor.org [3 hosts, inv_str 2/3] || printerexpert@mail2tor.com [4 hosts, inv_str 1/6] || anonymous@torproject.org [3 hosts, inv_str 2/3] || abuse@datalix.de [3 hosts, inv_str 1/3] || printerexpert@mail2tor.com [4 hosts, inv_str 2/6] || email:Quetzalcoatl_relays[]proton.me url:https://quetzalcoatl-relays.o [3 hosts, inv_str 2/3] || email:john[]quintex.com url:https://www.quintex.com proof:uri-rsa abus [6 hosts, inv_str 3/15] || printerexpert@mail2tor.com [3 hosts, inv_str 1/3] || NN <relay-ops AT noonion dot de> [3 hosts, inv_str 2/3] || < asara AT devvul DOT com > [4 hosts, inv_str 1/6] || email:Quetzalcoatl_relays[]proton.me url:https://quetzalcoatl-relays.o [3 hosts, inv_str 2/3] || email:info[]osservatorionessuno.org url:https://osservatorionessuno.or [3 hosts, inv_str 1/3] || RandomPerson <skynet@academyforinternetresearch.org> [10 hosts, inv_str 5/45] || tr0419@proton.me [3 hosts, inv_str 2/3]"
2026-07-26 01:00:53,2026-07-26 12:29:10,16,291,46,"email:admin[]prsv.ch url:https://prsv.ch/ proof:uri-rsa ciissversion:2 [16 hosts, inv_str 62/120] || <trly1 AT proton dot me> [3 hosts, inv_str 1/3] || NN <relay-ops AT noonion dot de> [4 hosts, inv_str 1/6] || hello@relaymagic.org (relaymagic.org/contact) [3 hosts, inv_str 1/3] || email:Quetzalcoatl_relays[]proton.me url:https://quetzalcoatl-relays.o [12 hosts, inv_str 48/66] || Steve <tor@digital-world.dev> [3 hosts, inv_str 0/3] || email:admin[]prsv.ch url:https://prsv.ch/ proof:uri-rsa ciissversion:2 [7 hosts, inv_str 11/21] || email:info[]osservatorionessuno.org url:https://osservatorionessuno.or [4 hosts, inv_str 2/6] || email:forest-relay-contact[]cryptolab.net pgp:BCBAE3E9CB8E2FE23F29DC58 [46 hosts, inv_str 515/1035] || email:admin@for-privacy.net url:for-privacy.net proof:dns-rsa abuse:ab [32 hosts, inv_str 163/496] || anonymous@torproject.org [3 hosts, inv_str 1/3] || email:info[]osservatorionessuno.org url:https://osservatorionessuno.or [4 hosts, inv_str 3/6] || url:https://ssdnodes.com email:tor-relays[]ssdnodes.com hoster:ssdnode [9 hosts, inv_str 11/36] || email:admin[]prsv.ch url:https://prsv.ch/ proof:uri-rsa ciissversion:2 [16 hosts, inv_str 79/120] || email:Quetzalcoatl_relays[]proton.me url:https://quetzalcoatl-relays.o [43 hosts, inv_str 538/903] || Alpenwall email:alpenwall[]proton.me pgp:11F9B9631297C6E8A6ABAEB20F35F [16 hosts, inv_str 45/120] || nano-tor-relays@proton.me [7 hosts, inv_str 9/21] || email:tor[]1aeo.com url:https://www.1aeo.com proof:uri-familyid-ed2551 [5 hosts, inv_str 4/10] || Steve <tor@digital-world.dev> [3 hosts, inv_str 1/3] || email:admin[]stormycloud.org url:https://stormycloud.org proof:uri-fam [8 hosts, inv_str 14/28] || email:info[]osservatorionessuno.org url:https://osservatorionessuno.or [4 hosts, inv_str 3/6] || email:admin[]prsv.ch url:https://prsv.ch/ proof:uri-rsa ciissversion:2 [20 hosts, inv_str 126/190] || Uu77bBt0eDko5iDrRNiXt2quIVPMNKvILk1eqJbAVk9e@posteo.ch [3 hosts, inv_str 1/3] || email:Quetzalcoatl_relays[]proton.me url:https://quetzalcoatl-relays.o [4 hosts, inv_str 4/6] || nano-tor-relays@proton.me [4 hosts, inv_str 1/6] || anonymous@torproject.org [3 hosts, inv_str 1/3] || email:Quetzalcoatl_relays[]proton.me url:https://quetzalcoatl-relays.o [5 hosts, inv_str 3/10] || NN <relay-ops AT noonion dot de> [4 hosts, inv_str 3/6]"
2026-07-26 12:56:45,2026-07-26 14:29:30,3,17,0,"email:admin[]prsv.ch url:https://prsv.ch/ proof:uri-rsa ciissversion:2 [9 hosts, inv_str 28/36] || <trly1 AT proton dot me> [3 hosts, inv_str 1/3] || tor@zgato.ru [5 hosts, inv_str 1/10]"
2026-07-26 14:59:04,2026-07-26 22:42:40,4,40,0,"email:admin[]prsv.ch url:https://prsv.ch/ proof:uri-rsa ciissversion:2 [24 hosts, inv_str 168/276] || printerexpert@mail2tor.com [3 hosts, inv_str 0/3] || email:info[]osservatorionessuno.org url:https://osservatorionessuno.or [4 hosts, inv_str 5/6] || email:info[]osservatorionessuno.org url:https://osservatorionessuno.or [3 hosts, inv_str 1/3] || email:info[]osservatorionessuno.org url:https://osservatorionessuno.or [3 hosts, inv_str 1/3] || NN <relay-ops AT noonion dot de> [3 hosts, inv_str 1/3]"
2026-07-26 23:04:07,2026-07-27 18:15:02,17,145,7,"email:admin[]prsv.ch url:https://prsv.ch/ proof:uri-rsa ciissversion:2 [38 hosts, inv_str 344/703] || RandomPerson <skynet@academyforinternetresearch.org> [11 hosts, inv_str 9/55] || Artikel10 url:artikel10.org email:info[]artikel10.org abuse:abuse[]art [4 hosts, inv_str 0/6] || tor@zgato.ru [3 hosts, inv_str 0/3] || hello@relaymagic.org (relaymagic.org/contact) [3 hosts, inv_str 0/3] || printerexpert@mail2tor.com [4 hosts, inv_str 2/6] || email:info[]osservatorionessuno.org url:https://osservatorionessuno.or [3 hosts, inv_str 3/3] || hwangchulsoo@proton.me [5 hosts, inv_str 4/10] || rulemyfuture22@proton.me [5 hosts, inv_str 9/10] || url:https://ssdnodes.com email:tor-relays[]ssdnodes.com hoster:ssdnode [8 hosts, inv_str 4/28] || Uu77bBt0eDko5iDrRNiXt2quIVPMNKvILk1eqJbAVk9e@posteo.ch [3 hosts, inv_str 2/3] || NN <relay-ops AT noonion dot de> [4 hosts, inv_str 3/6] || email:Quetzalcoatl_relays[]proton.me url:https://quetzalcoatl-relays.o [3 hosts, inv_str 1/3] || john_rt291141(at)proton(dot)me [8 hosts, inv_str 8/28] || printerexpert@mail2tor.com [3 hosts, inv_str 3/3] || anonymous@torproject.org [4 hosts, inv_str 1/6] || NN <relay-ops AT noonion dot de> [4 hosts, inv_str 3/6] || email:Quetzalcoatl_relays[]proton.me url:https://quetzalcoatl-relays.o [3 hosts, inv_str 2/3] || printerexpert@mail2tor.com [3 hosts, inv_str 0/3] || NN <relay-ops AT noonion dot de> [3 hosts, inv_str 2/3] || email:Quetzalcoatl_relays[]proton.me url:https://quetzalcoatl-relays.o [3 hosts, inv_str 2/3] || printerexpert@mail2tor.com [4 hosts, inv_str 5/6] || your@e-mail [3 hosts, inv_str 0/3] || anyone-motor-cycle@duck.com [3 hosts, inv_str 1/3] || anonymous@torproject.org [3 hosts, inv_str 2/3] || printerexpert@mail2tor.com [3 hosts, inv_str 2/3] || Artikel10 url:artikel10.org email:info[]artikel10.org abuse:abuse[]art [4 hosts, inv_str 0/6]"
2026-07-27 18:55:51,2026-07-28 16:01:47,44,1251,28,"email:admin[]prsv.ch url:https://prsv.ch/ proof:uri-rsa ciissversion:2 [24 hosts, inv_str 164/276] || email:Quetzalcoatl_relays[]proton.me url:https://quetzalcoatl-relays.o [4 hosts, inv_str 4/6] || F3 Netze <abuse@f3netze.de> email:abuse[]f3netze.de abuse:abuse[]f3net [4 hosts, inv_str 0/6] || F3 Netze <abuse@f3netze.de> email:abuse[]f3netze.de abuse:abuse[]f3net [8 hosts, inv_str 6/28] || Tor Avenue Research <CHANGEME> [5 hosts, inv_str 3/10] || printerexpert@mail2tor.com [3 hosts, inv_str 1/3] || tor-operator@theu.li [13 hosts, inv_str 42/78] || Tor Avenue Operator [5 hosts, inv_str 4/10] || relay operator - contact: lucasvandekwq [at] rambler [dot] ru [4 hosts, inv_str 0/6] || email:Quetzalcoatl_relays[]proton.me url:https://quetzalcoatl-relays.o [4 hosts, inv_str 3/6] || printerexpert@mail2tor.com [4 hosts, inv_str 2/6] || RandomPerson <skynet@academyforinternetresearch.org> [11 hosts, inv_str 18/55] || printerexpert@mail2tor.com [4 hosts, inv_str 2/6] || anonymous@torproject.org [5 hosts, inv_str 3/10] || Artikel10 url:artikel10.org email:info[]artikel10.org abuse:abuse[]art [4 hosts, inv_str 0/6] || Uu77bBt0eDko5iDrRNiXt2quIVPMNKvILk1eqJbAVk9e@posteo.ch [3 hosts, inv_str 2/3] || hello@relaymagic.org (relaymagic.org/contact) [3 hosts, inv_str 0/3] || NN <relay-ops AT noonion dot de> [3 hosts, inv_str 1/3] || email:admin@for-privacy.net url:for-privacy.net proof:dns-rsa abuse:ab [32 hosts, inv_str 225/496] || anonymous@torproject.org [11 hosts, inv_str 15/55] || tor@kllx.eu [4 hosts, inv_str 0/6] || RandomPerson <skynet@academyforinternetresearch.org> [20 hosts, inv_str 96/190] || gdhong2896@proton.me [4 hosts, inv_str 5/6] || hwangminzi@proton.me [8 hosts, inv_str 24/28] || escapemeplz@proton.me [12 hosts, inv_str 30/66] || email:tor[]r0cket.net url:https://tor.r0cket.net/ proof:uri-rsa abuse: [12 hosts, inv_str 36/66] || email:abuse[]tuxli.org pgp:32A1621FC5290921D720940187AC9FC1F2BCCB30 ur [3 hosts, inv_str 1/3] || hwangminjun@proton.me [10 hosts, inv_str 21/45] || email:admin[]stormycloud.org url:https://stormycloud.org proof:uri-fam [9 hosts, inv_str 14/36] || FreeExitProvider(at)protonmail(dot)com [tor-relay.co] [3 hosts, inv_str 2/3] || palcon3423@proton.me [7 hosts, inv_str 4/21] || hwangchulsoo@proton.me [22 hosts, inv_str 117/231] || email:admin[]prsv.ch url:https://prsv.ch/ proof:uri-rsa ciissversion:2 [28 hosts, inv_str 186/378] || arieti009@proton.me [8 hosts, inv_str 12/28] || Telegram: @yungbtc [6 hosts, inv_str 11/15] || url:https://ssdnodes.com email:tor-relays[]ssdnodes.com hoster:ssdnode [9 hosts, inv_str 20/36] || email:tor[]1aeo.com url:https://www.1aeo.com proof:uri-familyid-ed2551 [773 hosts, inv_str 254410/298378] || Bastiaan Brink <b@stiaanbr.ink> | AS215248 NOC +31 85 369 5034 [6 hosts, inv_str 4/15] || iwannagohom3@proton.me [5 hosts, inv_str 6/10] || email:support@unshakled.org url:unshakled.org proof:uri-rsa abuse:abus [3 hosts, inv_str 1/3] || rulemyfuture22@proton.me [3 hosts, inv_str 3/3] || email:mocha-dreary-chive[]duck.com ciissversion:3 [3 hosts, inv_str 0/3] || printerexpert@mail2tor.com [3 hosts, inv_str 2/3] || tor@kllx.eu [4 hosts, inv_str 0/6] || NN <relay-ops AT noonion dot de> [3 hosts, inv_str 2/3] || email:tor[]1aeo.com url:https://www.1aeo.com proof:uri-familyid-ed2551 [4 hosts, inv_str 0/6] || email:Quetzalcoatl_relays[]proton.me url:https://quetzalcoatl-relays.o [3 hosts, inv_str 1/3] || email:tor[]1aeo.com url:https://www.1aeo.com proof:uri-familyid-ed2551 [4 hosts, inv_str 0/6] || khankrum359@gmail.com [3 hosts, inv_str 1/3] || email:tor[]1aeo.com url:https://www.1aeo.com proof:uri-familyid-ed2551 [4 hosts, inv_str 0/6] || printerexpert@mail2tor.com [4 hosts, inv_str 1/6] || email:Quetzalcoatl_relays[]proton.me url:https://quetzalcoatl-relays.o [8 hosts, inv_str 15/28] || NN <relay-ops AT noonion dot de> [3 hosts, inv_str 0/3] || email:tor[]1aeo.com url:https://www.1aeo.com proof:uri-familyid-ed2551 [4 hosts, inv_str 0/6] || ContactInfo email:knight AT germancraft dot net url:germancraft.net pr [3 hosts, inv_str 2/3] || email:tor[]1aeo.com url:https://www.1aeo.com proof:uri-familyid-ed2551 [4 hosts, inv_str 0/6] || email:tor[]1aeo.com url:https://www.1aeo.com proof:uri-familyid-ed2551 [4 hosts, inv_str 0/6] || email:Quetzalcoatl_relays[]proton.me url:https://quetzalcoatl-relays.o [4 hosts, inv_str 1/6] || <trly1 AT proton dot me> [3 hosts, inv_str 0/3] || email:tor[]1aeo.com url:https://www.1aeo.com proof:uri-familyid-ed2551 [4 hosts, inv_str 0/6] || Alpenwall email:alpenwall[]proton.me pgp:11F9B9631297C6E8A6ABAEB20F35F [3 hosts, inv_str 1/3] || email:Quetzalcoatl_relays[]proton.me url:https://quetzalcoatl-relays.o [7 hosts, inv_str 7/21] || Digitalcourage e.V. email:tor-abuse[]digitalcourage.de abuse:tor-abuse [5 hosts, inv_str 4/10] || tor@dst.ca [4 hosts, inv_str 0/6] || email:tor[]1aeo.com url:https://www.1aeo.com proof:uri-familyid-ed2551 [4 hosts, inv_str 0/6] || email:Quetzalcoatl_relays[]proton.me url:https://quetzalcoatl-relays.o [14 hosts, inv_str 55/91] || tor@dst.ca [3 hosts, inv_str 0/3] || printerexpert@mail2tor.com [3 hosts, inv_str 1/3] || Digitalcourage e.V. email:tor-abuse[]digitalcourage.de abuse:tor-abuse [7 hosts, inv_str 10/21] || your@e-mail [3 hosts, inv_str 1/3] || Digitalcourage e.V. email:tor-abuse[]digitalcourage.de abuse:tor-abuse [6 hosts, inv_str 10/15] || email:Quetzalcoatl_relays[]proton.me url:https://quetzalcoatl-relays.o [4 hosts, inv_str 1/6] || Alpenwall email:alpenwall[]proton.me pgp:11F9B9631297C6E8A6ABAEB20F35F [4 hosts, inv_str 4/6] || anyone-motor-cycle@duck.com [3 hosts, inv_str 0/3]"
2026-07-28 16:51:09,2026-07-28 17:46:21,3,18,0,"KeFF NOC <noc AT keff dot org> [8 hosts, inv_str 8/28] || email:admin[]prsv.ch url:https://prsv.ch/ proof:uri-rsa ciissversion:2 [6 hosts, inv_str 11/15] || Artikel10 url:artikel10.org email:info[]artikel10.org abuse:abuse[]art [4 hosts, inv_str 0/6]"
2026-07-28 18:06:35,2026-07-29 01:31:49,10,77,0,"email:admin[]prsv.ch url:https://prsv.ch/ proof:uri-rsa ciissversion:2 [8 hosts, inv_str 15/28] || printerexpert@mail2tor.com [5 hosts, inv_str 8/10] || your@e-mail [3 hosts, inv_str 1/3] || printerexpert@mail2tor.com [4 hosts, inv_str 5/6] || someone < tor27 AT nurfuerspam DOT de > [4 hosts, inv_str 0/6] || email:info[]osservatorionessuno.org url:https://osservatorionessuno.or [3 hosts, inv_str 1/3] || printerexpert@mail2tor.com [4 hosts, inv_str 3/6] || NN <relay-ops AT noonion dot de> [3 hosts, inv_str 3/3] || email:admin[]prsv.ch url:https://prsv.ch/ proof:uri-rsa ciissversion:2 [6 hosts, inv_str 3/15] || anonymous@torproject.org [5 hosts, inv_str 5/10] || RandomPerson <skynet@academyforinternetresearch.org> [12 hosts, inv_str 0/66] || KeFF NOC <noc AT keff dot org> [4 hosts, inv_str 4/6] || printerexpert@mail2tor.com [5 hosts, inv_str 6/10] || Tor Avenue Operator <ryzi@tutamail.com> [5 hosts, inv_str 4/10] || NN <relay-ops AT noonion dot de> [3 hosts, inv_str 1/3] || printerexpert@mail2tor.com [3 hosts, inv_str 2/3]"
2026-07-29 01:53:44,2026-07-29 07:18:10,18,143,3,"email:admin[]prsv.ch url:https://prsv.ch/ proof:uri-rsa ciissversion:2 [14 hosts, inv_str 38/91] || hello@relaymagic.org (relaymagic.org/contact) [3 hosts, inv_str 0/3] || printerexpert@mail2tor.com [3 hosts, inv_str 1/3] || email:Quetzalcoatl_relays[]proton.me url:https://quetzalcoatl-relays.o [3 hosts, inv_str 0/3] || email:abuse[]tuxli.org pgp:32A1621FC5290921D720940187AC9FC1F2BCCB30 ur [5 hosts, inv_str 3/10] || email:admin@for-privacy.net url:for-privacy.net proof:dns-rsa abuse:ab [32 hosts, inv_str 168/496] || email:info[]osservatorionessuno.org url:https://osservatorionessuno.or [4 hosts, inv_str 2/6] || Chaos Computer Club Wien (C3W) email:anonymity[]c3w.at url:https://c3w [4 hosts, inv_str 0/6] || email:admin[]stormycloud.org url:https://stormycloud.org proof:uri-fam [6 hosts, inv_str 6/15] || hwangminjun@proton.me [7 hosts, inv_str 8/21] || RandomPerson <skynet@academyforinternetresearch.org> [12 hosts, inv_str 32/66] || Bastiaan Brink <b@stiaanbr.ink> | AS215248 NOC +31 85 369 5034 [3 hosts, inv_str 2/3] || hwangchulsoo@proton.me [12 hosts, inv_str 39/66] || email:admin[]fluffypancakes.dev url:fluffypancakes.dev proof:uri-famil [3 hosts, inv_str 2/3] || escapemeplz@proton.me [13 hosts, inv_str 47/78] || arieti009@proton.me [4 hosts, inv_str 1/6] || url:https://ssdnodes.com email:tor-relays[]ssdnodes.com hoster:ssdnode [9 hosts, inv_str 11/36] || email:tor[]r0cket.net url:https://tor.r0cket.net/ proof:uri-rsa abuse: [3 hosts, inv_str 1/3] || arieti009@proton.me [3 hosts, inv_str 0/3]"
2026-07-29 08:54:10,2026-07-29 15:40:40,9,56,5,"email:admin[]prsv.ch url:https://prsv.ch/ proof:uri-rsa ciissversion:2 [9 hosts, inv_str 27/36] || F3 Netze <abuse@f3netze.de> email:abuse[]f3netze.de abuse:abuse[]f3net [4 hosts, inv_str 0/6] || email:Quetzalcoatl_relays[]proton.me url:https://quetzalcoatl-relays.o [3 hosts, inv_str 1/3] || printerexpert@mail2tor.com [3 hosts, inv_str 2/3] || +42777 [4 hosts, inv_str 2/6] || printerexpert@mail2tor.com [4 hosts, inv_str 4/6] || chapman.shoop@riseup.net [8 hosts, inv_str 20/28] || NN <relay-ops AT noonion dot de> [3 hosts, inv_str 3/3] || anonymous@torproject.org [4 hosts, inv_str 0/6] || email:Quetzalcoatl_relays[]proton.me url:https://quetzalcoatl-relays.o [3 hosts, inv_str 0/3] || tor@dst.ca [4 hosts, inv_str 3/6] || printerexpert@mail2tor.com [3 hosts, inv_str 1/3] || anonymous@torproject.org [4 hosts, inv_str 4/6]"
2026-07-29 16:09:28,2026-07-29 20:28:39,7,41,3,"email:admin[]prsv.ch url:https://prsv.ch/ proof:uri-rsa ciissversion:2 [6 hosts, inv_str 10/15] || tor@kllx.eu [4 hosts, inv_str 0/6] || printerexpert@mail2tor.com [4 hosts, inv_str 1/6] || akifsevinc [at] proton [dot] com [3 hosts, inv_str 2/3] || email:admin[]prsv.ch url:https://prsv.ch/ proof:uri-rsa ciissversion:2 [7 hosts, inv_str 11/21] || NN <relay-ops AT noonion dot de> [3 hosts, inv_str 1/3] || akifsevinc [at] proton [dot] com [3 hosts, inv_str 1/3] || email:Quetzalcoatl_relays[]proton.me url:https://quetzalcoatl-relays.o [3 hosts, inv_str 3/3] || printerexpert@mail2tor.com [5 hosts, inv_str 5/10] || anonymous@torproject.org [3 hosts, inv_str 2/3]"
2026-07-29 20:37:11,2026-07-29 21:14:13,3,104,0,"email:tech[]emeraldonion.org abuse:tech[]emeraldonion.org mastodon:htt [96 hosts, inv_str 2645/4560] || email:info[]osservatorionessuno.org url:https://osservatorionessuno.or [3 hosts, inv_str 2/3] || email:admin[]prsv.ch url:https://prsv.ch/ proof:uri-rsa ciissversion:2 [5 hosts, inv_str 1/10]"
2026-07-29 21:54:26,2026-07-29 22:41:03,2,9,0,"email:admin[]prsv.ch url:https://prsv.ch/ proof:uri-rsa ciissversion:2 [6 hosts, inv_str 9/15] || printerexpert@mail2tor.com [3 hosts, inv_str 1/3]"
2026-07-29 23:05:18,2026-07-30 06:56:50,8,141,67,"email:Quetzalcoatl_relays[]proton.me url:https://quetzalcoatl-relays.o [3 hosts, inv_str 2/3] || email:admin[]prsv.ch url:https://prsv.ch/ proof:uri-rsa ciissversion:2 [9 hosts, inv_str 28/36] || printerexpert@mail2tor.com [3 hosts, inv_str 0/3] || RandomPerson <skynet@academyforinternetresearch.org> [6 hosts, inv_str 6/15] || email:Quetzalcoatl_relays[]proton.me url:https://quetzalcoatl-relays.o [49 hosts, inv_str 593/1176] || email:info[]osservatorionessuno.org url:https://osservatorionessuno.or [4 hosts, inv_str 1/6] || akifsevinc [at] proton [dot] com [4 hosts, inv_str 4/6] || email:admin[]prsv.ch url:https://prsv.ch/ proof:uri-rsa ciissversion:2 [7 hosts, inv_str 12/21] || printerexpert@mail2tor.com [5 hosts, inv_str 1/10] || email:admin[]prsv.ch url:https://prsv.ch/ proof:uri-rsa ciissversion:2 [10 hosts, inv_str 39/45] || hello@relaymagic.org (relaymagic.org/contact) [3 hosts, inv_str 1/3] || email:info[]osservatorionessuno.org url:https://osservatorionessuno.or [3 hosts, inv_str 1/3] || email:Quetzalcoatl_relays[]proton.me url:https://quetzalcoatl-relays.o [21 hosts, inv_str 130/210] || akifsevinc [at] proton [dot] com [5 hosts, inv_str 0/10] || url:https://ssdnodes.com email:tor-relays[]ssdnodes.com hoster:ssdnode [9 hosts, inv_str 14/36]"
2026-07-30 07:19:52,2026-07-30 10:40:40,3,120,0,"email:admin[]prsv.ch url:https://prsv.ch/ proof:uri-rsa ciissversion:2 [12 hosts, inv_str 33/66] || akifsevinc [at] proton [dot] com [4 hosts, inv_str 4/6] || email:john[]quintex.com url:https://www.quintex.com proof:uri-rsa abus [99 hosts, inv_str 1621/4851] || email:admin[]prsv.ch url:https://prsv.ch/ proof:uri-rsa ciissversion:2 [5 hosts, inv_str 5/10]"
2026-07-30 10:54:00,2026-07-30 14:33:01,6,29,0,"mRtjR4JX6pgJ@protonmail.ch [5 hosts, inv_str 8/10] || email:admin[]prsv.ch url:https://prsv.ch/ proof:uri-rsa ciissversion:2 [11 hosts, inv_str 23/55] || tor@kllx.eu [3 hosts, inv_str 3/3] || email:info[]osservatorionessuno.org url:https://osservatorionessuno.or [3 hosts, inv_str 1/3] || Uu77bBt0eDko5iDrRNiXt2quIVPMNKvILk1eqJbAVk9e@posteo.ch [3 hosts, inv_str 1/3] || hiwi  <hiwi AT nurfuerspam dot de> [4 hosts, inv_str 3/6]"
2026-07-30 14:39:18,2026-07-30 16:23:53,8,132,4,"email:admin[]prsv.ch url:https://prsv.ch/ proof:uri-rsa ciissversion:2 [9 hosts, inv_str 19/36] || NN <relay-ops AT noonion dot de> [4 hosts, inv_str 5/6] || nano-tor-relays@proton.me [3 hosts, inv_str 1/3] || email:john[]quintex.com url:https://www.quintex.com proof:uri-rsa abus [100 hosts, inv_str 2585/4950] || email:Quetzalcoatl_relays[]proton.me url:https://quetzalcoatl-relays.o [4 hosts, inv_str 3/6] || anonymous@torproject.org [6 hosts, inv_str 10/15] || anyone-motor-cycle@duck.com [3 hosts, inv_str 0/3] || Digitalcourage e.V. email:tor-abuse[]digitalcourage.de abuse:tor-abuse [3 hosts, inv_str 1/3]"
2026-07-30 16:42:06,2026-07-30 20:33:16,5,34,7,"email:admin[]prsv.ch url:https://prsv.ch/ proof:uri-rsa ciissversion:2 [13 hosts, inv_str 39/78] || email:Quetzalcoatl_relays[]proton.me url:https://quetzalcoatl-relays.o [4 hosts, inv_str 2/6] || NN <relay-ops AT noonion dot de> [3 hosts, inv_str 2/3] || contact.broiling074@passinbox.com [3 hosts, inv_str 1/3] || email:Quetzalcoatl_relays[]proton.me url:https://quetzalcoatl-relays.o [5 hosts, inv_str 4/10] || printerexpert@mail2tor.com [3 hosts, inv_str 0/3] || NN <relay-ops AT noonion dot de> [3 hosts, inv_str 2/3]"
2026-07-30 20:56:19,2026-07-31 12:42:24,34,532,0,"email:admin[]prsv.ch url:https://prsv.ch/ proof:uri-rsa ciissversion:2 [21 hosts, inv_str 129/210] || 🧅 [4 hosts, inv_str 1/6] || NN <relay-ops AT noonion dot de> [3 hosts, inv_str 2/3] || email:admin[@]unredacted.org url:unredacted.org proof:dns-familyid-ed2 [123 hosts, inv_str 2776/7503] || printerexpert@mail2tor.com [4 hosts, inv_str 2/6] || RandomPerson <skynet@academyforinternetresearch.org> [11 hosts, inv_str 11/55] || NN <relay-ops AT noonion dot de> [3 hosts, inv_str 2/3] || nano-tor-relays@proton.me [4 hosts, inv_str 5/6] || printerexpert@mail2tor.com [3 hosts, inv_str 2/3] || email:forest-relay-contact[]cryptolab.net pgp:BCBAE3E9CB8E2FE23F29DC58 [23 hosts, inv_str 135/253] || akifsevinc [at] proton [dot] com [4 hosts, inv_str 1/6] || email:forest-relay-contact[]cryptolab.net pgp:BCBAE3E9CB8E2FE23F29DC58 [7 hosts, inv_str 15/21] || tor-relay-contact <at> digitalsquid <dot> co <dot> uk [4 hosts, inv_str 0/6] || email:admin@for-privacy.net url:for-privacy.net proof:dns-rsa abuse:ab [32 hosts, inv_str 230/496] || email:info[]osservatorionessuno.org url:https://osservatorionessuno.or [3 hosts, inv_str 0/3] || iwannagohom3@proton.me [9 hosts, inv_str 13/36] || escapemeplz@proton.me [14 hosts, inv_str 41/91] || hwangminzi@proton.me [6 hosts, inv_str 6/15] || gdhong2896@proton.me [4 hosts, inv_str 4/6] || hwangminjun@proton.me [7 hosts, inv_str 11/21] || RandomPerson <skynet@academyforinternetresearch.org> [17 hosts, inv_str 51/136] || hwangchulsoo@proton.me [19 hosts, inv_str 106/171] || palcon3423@proton.me [3 hosts, inv_str 1/3] || ispahan0213@proton.me [4 hosts, inv_str 3/6] || arieti009@proton.me [9 hosts, inv_str 12/36] || Bastiaan Brink <b@stiaanbr.ink> | AS215248 NOC +31 85 369 5034 [6 hosts, inv_str 4/15] || NN <relay-ops AT noonion dot de> [3 hosts, inv_str 0/3] || email:admin[]stormycloud.org url:https://stormycloud.org proof:uri-fam [7 hosts, inv_str 12/21] || Telegram: @yungbtc [5 hosts, inv_str 5/10] || FreeExitProvider(at)protonmail(dot)com [tor-relay.co] [7 hosts, inv_str 12/21] || email:tor[]r0cket.net url:https://tor.r0cket.net/ proof:uri-rsa abuse: [5 hosts, inv_str 7/10] || rulemyfuture22@proton.me [3 hosts, inv_str 2/3] || mRtjR4JX6pgJ@protonmail.ch [3 hosts, inv_str 3/3] || email:tor[]1aeo.com url:https://www.1aeo.com proof:uri-familyid-ed2551 [60 hosts, inv_str 723/1770] || tor@9g4.net [3 hosts, inv_str 1/3] || palcon3423@proton.me [4 hosts, inv_str 4/6] || url:https://ssdnodes.com email:tor-relays[]ssdnodes.com hoster:ssdnode [7 hosts, inv_str 15/21] || email:tor[]1aeo.com url:https://www.1aeo.com proof:uri-familyid-ed2551 [55 hosts, inv_str 495/1485] || akifsevinc [at] proton [dot] com [6 hosts, inv_str 4/15] || anonymous@torproject.org [3 hosts, inv_str 3/3] || tor-master tor-master@lysator.liu.se [3 hosts, inv_str 0/3] || anonymous@torproject.org [5 hosts, inv_str 6/10] || Uu77bBt0eDko5iDrRNiXt2quIVPMNKvILk1eqJbAVk9e@posteo.ch [3 hosts, inv_str 1/3] || NN <relay-ops AT noonion dot de> [3 hosts, inv_str 1/3]"
2026-07-31 13:07:18,2026-07-31 20:37:57,10,138,67,"email:admin[]prsv.ch url:https://prsv.ch/ proof:uri-rsa ciissversion:2 [6 hosts, inv_str 13/15] || anonymous@torproject.org [3 hosts, inv_str 1/3] || email:info[]osservatorionessuno.org url:https://osservatorionessuno.or [3 hosts, inv_str 1/3] || NN <relay-ops AT noonion dot de> [3 hosts, inv_str 1/3] || email:Quetzalcoatl_relays[]proton.me url:https://quetzalcoatl-relays.o [46 hosts, inv_str 566/1035] || email:admin[]prsv.ch url:https://prsv.ch/ proof:uri-rsa ciissversion:2 [7 hosts, inv_str 19/21] || john_rt291141(at)proton(dot)me [13 hosts, inv_str 43/78] || email:info[]osservatorionessuno.org url:https://osservatorionessuno.or [3 hosts, inv_str 2/3] || Random Person nobody@tor.org [3 hosts, inv_str 2/3] || relay operator - contact: lucasvandekwq [at] rambler [dot] ru [11 hosts, inv_str 30/55] || relay operator - contact: lucasvandekwq [at] rambler [dot] ru [3 hosts, inv_str 3/3] || 🧅 [4 hosts, inv_str 5/6] || tor [] wurzelmann.at [7 hosts, inv_str 13/21] || email:Quetzalcoatl_relays[]proton.me url:https://quetzalcoatl-relays.o [22 hosts, inv_str 140/231] || email:info[]osservatorionessuno.org url:https://osservatorionessuno.or [4 hosts, inv_str 2/6]"
2026-07-31 20:49:19,2026-07-31 21:37:44,5,23,0,"email:admin[]prsv.ch url:https://prsv.ch/ proof:uri-rsa ciissversion:2 [11 hosts, inv_str 31/55] || KeFF NOC <noc AT keff dot org> [3 hosts, inv_str 3/3] || Digitalcourage e.V. email:tor-abuse[]digitalcourage.de abuse:tor-abuse [3 hosts, inv_str 1/3] || NN <relay-ops AT noonion dot de> [3 hosts, inv_str 3/3] || email:admin@gjan.info pgp:FECDEB1EF59273C0C5A3670CF9EF0D6BED5CB330 [3 hosts, inv_str 1/3]"
2026-07-31 21:43:42,2026-07-31 23:42:26,9,60,5,"printerexpert@mail2tor.com [3 hosts, inv_str 1/3] || email:admin[]prsv.ch url:https://prsv.ch/ proof:uri-rsa ciissversion:2 [16 hosts, inv_str 69/120] || gleepdorf AT proton DOT me [4 hosts, inv_str 5/6] || url:anders.io proof:dns-rsa ciissversion:2 [3 hosts, inv_str 2/3] || Digitalcourage e.V. email:tor-abuse[]digitalcourage.de abuse:tor-abuse [3 hosts, inv_str 1/3] || email:Quetzalcoatl_relays[]proton.me url:https://quetzalcoatl-relays.o [4 hosts, inv_str 4/6] || email:admin[]fluffypancakes.dev url:fluffypancakes.dev proof:uri-famil [3 hosts, inv_str 3/3] || email:admin[]fluffypancakes.dev url:fluffypancakes.dev proof:uri-famil [19 hosts, inv_str 109/171] || nano-tor-relays@proton.me [5 hosts, inv_str 8/10]"
2026-07-31 23:50:50,2026-08-01 03:37:29,19,193,12,"NN <relay-ops AT noonion dot de> [5 hosts, inv_str 4/10] || url:https://ssdnodes.com email:tor-relays[]ssdnodes.com hoster:ssdnode [3 hosts, inv_str 3/3] || email:admin[]prsv.ch url:https://prsv.ch/ proof:uri-rsa ciissversion:2 [67 hosts, inv_str 1325/2211] || tor@zgato.ru [5 hosts, inv_str 8/10] || RandomPerson <skynet@academyforinternetresearch.org> [10 hosts, inv_str 13/45] || torcontactemail AT proton.me [8 hosts, inv_str 9/28] || khankrum359@gmail.com [3 hosts, inv_str 0/3] || email:info[]osservatorionessuno.org url:https://osservatorionessuno.or [5 hosts, inv_str 2/10] || printerexpert@mail2tor.com [3 hosts, inv_str 1/3] || petertheprofi@pm.me [3 hosts, inv_str 2/3] || Digitalcourage e.V. email:tor-abuse[]digitalcourage.de abuse:tor-abuse [3 hosts, inv_str 1/3] || email:Quetzalcoatl_relays[]proton.me url:https://quetzalcoatl-relays.o [3 hosts, inv_str 1/3] || origameanings@gmail.com [10 hosts, inv_str 1/45] || Alpenwall email:alpenwall[]proton.me pgp:11F9B9631297C6E8A6ABAEB20F35F [5 hosts, inv_str 6/10] || nano-tor-relays@proton.me [3 hosts, inv_str 3/3] || email:Quetzalcoatl_relays[]proton.me url:https://quetzalcoatl-relays.o [12 hosts, inv_str 27/66] || email:admin[]stormycloud.org url:https://stormycloud.org proof:uri-fam [5 hosts, inv_str 4/10] || NN <relay-ops AT noonion dot de> [3 hosts, inv_str 1/3] || email:info[]osservatorionessuno.org url:https://osservatorionessuno.or [4 hosts, inv_str 4/6] || Alpenwall email:alpenwall[]proton.me pgp:11F9B9631297C6E8A6ABAEB20F35F [8 hosts, inv_str 5/28] || Random Person <nobody AT example dot com> [3 hosts, inv_str 0/3] || Steve <tor@digital-world.dev> [3 hosts, inv_str 0/3] || NN <relay-ops AT noonion dot de> [3 hosts, inv_str 0/3] || email:admin[]stormycloud.org url:https://stormycloud.org proof:uri-fam [6 hosts, inv_str 9/15] || hello@relaymagic.org (relaymagic.org/contact) [3 hosts, inv_str 0/3] || nano-tor-relays@proton.me [4 hosts, inv_str 4/6] || tor@zgato.ru [3 hosts, inv_str 3/3]"
2026-08-01 03:51:59,2026-08-01 05:32:56,10,54,5,"email:admin[]prsv.ch url:https://prsv.ch/ proof:uri-rsa ciissversion:2 [12 hosts, inv_str 31/66] || email:Quetzalcoatl_relays[]proton.me url:https://quetzalcoatl-relays.o [4 hosts, inv_str 4/6] || email:admin[]stormycloud.org url:https://stormycloud.org proof:uri-fam [5 hosts, inv_str 4/10] || Digitalcourage e.V. email:tor-abuse[]digitalcourage.de abuse:tor-abuse [4 hosts, inv_str 3/6] || email:abuse[]tuxli.org pgp:32A1621FC5290921D720940187AC9FC1F2BCCB30 ur [5 hosts, inv_str 4/10] || tor@zgato.ru [4 hosts, inv_str 1/6] || NN <relay-ops AT noonion dot de> [6 hosts, inv_str 5/15] || email:info[]osservatorionessuno.org url:https://osservatorionessuno.or [4 hosts, inv_str 1/6] || nano-tor-relays@proton.me [4 hosts, inv_str 3/6] || email:Quetzalcoatl_relays[]proton.me url:https://quetzalcoatl-relays.o [3 hosts, inv_str 0/3] || contact.broiling074@passinbox.com [3 hosts, inv_str 2/3]"
2026-08-01 05:47:52,2026-08-01 07:08:17,17,792,0,"email:forest-relay-contact[]cryptolab.net pgp:BCBAE3E9CB8E2FE23F29DC58 [31 hosts, inv_str 206/465] || hwangchulsoo@proton.me [15 hosts, inv_str 49/105] || escapemeplz@proton.me [11 hosts, inv_str 29/55] || hwangminzi@proton.me [4 hosts, inv_str 4/6] || RandomPerson <skynet@academyforinternetresearch.org> [15 hosts, inv_str 61/105] || email:admin[]prsv.ch url:https://prsv.ch/ proof:uri-rsa ciissversion:2 [10 hosts, inv_str 23/45] || email:tor[]1aeo.com url:https://www.1aeo.com proof:uri-familyid-ed2551 [244 hosts, inv_str 11192/29646] || url:https://ssdnodes.com email:tor-relays[]ssdnodes.com hoster:ssdnode [9 hosts, inv_str 17/36] || hwangminjun@proton.me [9 hosts, inv_str 23/36] || email:admin[]stormycloud.org url:https://stormycloud.org proof:uri-fam [3 hosts, inv_str 1/3] || email:tor[]r0cket.net url:https://tor.r0cket.net/ proof:uri-rsa abuse: [4 hosts, inv_str 1/6] || Bastiaan Brink <b@stiaanbr.ink> | AS215248 NOC +31 85 369 5034 [3 hosts, inv_str 2/3] || Alpenwall email:alpenwall[]proton.me pgp:11F9B9631297C6E8A6ABAEB20F35F [3 hosts, inv_str 0/3] || torcontactemail AT proton.me [3 hosts, inv_str 2/3] || NN <relay-ops AT noonion dot de> [5 hosts, inv_str 4/10] || arieti009@proton.me [5 hosts, inv_str 6/10] || email:info[]osservatorionessuno.org url:https://osservatorionessuno.or [4 hosts, inv_str 2/6] || email:tor[]1aeo.com url:https://www.1aeo.com proof:uri-familyid-ed2551 [414 hosts, inv_str 26519/85491]"
2026-08-01 07:20:39,2026-08-02 10:59:27,42,760,21,"anonymous@torproject.org [7 hosts, inv_str 7/21] || <trly1 AT proton dot me> [3 hosts, inv_str 1/3] || email:admin[]prsv.ch url:https://prsv.ch/ proof:uri-rsa ciissversion:2 [11 hosts, inv_str 34/55] || email:Quetzalcoatl_relays[]proton.me url:https://quetzalcoatl-relays.o [15 hosts, inv_str 77/105] || Digitalcourage e.V. email:tor-abuse[]digitalcourage.de abuse:tor-abuse [3 hosts, inv_str 2/3] || nano-tor-relays@proton.me [5 hosts, inv_str 4/10] || email:info[]osservatorionessuno.org url:https://osservatorionessuno.or [5 hosts, inv_str 5/10] || NN <relay-ops AT noonion dot de> [4 hosts, inv_str 4/6] || Steve <tor@digital-world.dev> [3 hosts, inv_str 1/3] || Digitalcourage e.V. email:tor-abuse[]digitalcourage.de abuse:tor-abuse [3 hosts, inv_str 1/3] || email:admin[]stormycloud.org url:https://stormycloud.org proof:uri-fam [6 hosts, inv_str 8/15] || Random Person nobody@tor.org [4 hosts, inv_str 6/6] || Digitalcourage e.V. email:tor-abuse[]digitalcourage.de abuse:tor-abuse [4 hosts, inv_str 3/6] || <trly1 AT proton dot me> [3 hosts, inv_str 0/3] || email:admin[]prsv.ch url:https://prsv.ch/ proof:uri-rsa ciissversion:2 [12 hosts, inv_str 51/66] || nano-tor-relays@proton.me [3 hosts, inv_str 1/3] || DFRI email:tor[]dfri.se url:https://dfri.se proof:dns-familyid-ed25519 [18 hosts, inv_str 68/153] || email:info[]osservatorionessuno.org url:https://osservatorionessuno.or [4 hosts, inv_str 1/6] || Digitalcourage e.V. email:tor-abuse[]digitalcourage.de abuse:tor-abuse [4 hosts, inv_str 3/6] || email:forest-relay-contact[]cryptolab.net pgp:BCBAE3E9CB8E2FE23F29DC58 [3 hosts, inv_str 0/3] || email:admin[]prsv.ch url:https://prsv.ch/ proof:uri-rsa ciissversion:2 [18 hosts, inv_str 79/153] || NN <relay-ops AT noonion dot de> [3 hosts, inv_str 1/3] || email:info[]osservatorionessuno.org url:https://osservatorionessuno.or [4 hosts, inv_str 3/6] || torrelay@brave.com [3 hosts, inv_str 1/3] || Alpenwall email:alpenwall[]proton.me pgp:11F9B9631297C6E8A6ABAEB20F35F [3 hosts, inv_str 2/3] || Uu77bBt0eDko5iDrRNiXt2quIVPMNKvILk1eqJbAVk9e@posteo.ch [3 hosts, inv_str 0/3] || NN <relay-ops AT noonion dot de> [4 hosts, inv_str 4/6] || email:info[]osservatorionessuno.org url:https://osservatorionessuno.or [3 hosts, inv_str 3/3] || anyone-motor-cycle@duck.com [3 hosts, inv_str 0/3] || email:Quetzalcoatl_relays[]proton.me url:https://quetzalcoatl-relays.o [3 hosts, inv_str 2/3] || so5133@protonmail.com [3 hosts, inv_str 1/3] || bienwald-torservers@outlook.de [3 hosts, inv_str 1/3] || opencommunities __at__ proton.me [3 hosts, inv_str 2/3] || NN <relay-ops AT noonion dot de> [3 hosts, inv_str 2/3] || email:info[]osservatorionessuno.org url:https://osservatorionessuno.or [4 hosts, inv_str 4/6] || printerexpert@mail2tor.com [3 hosts, inv_str 1/3] || so5133@protonmail.com [5 hosts, inv_str 2/10] || email:Quetzalcoatl_relays[]proton.me url:https://quetzalcoatl-relays.o [3 hosts, inv_str 0/3] || nano-tor-relays@proton.me [3 hosts, inv_str 1/3] || pczer@hushmail.com [3 hosts, inv_str 2/3] || admin@freedoom.net [10 hosts, inv_str 36/45] || NN <relay-ops AT noonion dot de> [3 hosts, inv_str 2/3] || email:info[]osservatorionessuno.org url:https://osservatorionessuno.or [5 hosts, inv_str 7/10] || email:Quetzalcoatl_relays[]proton.me url:https://quetzalcoatl-relays.o [3 hosts, inv_str 2/3] || email:admin[]stormycloud.org url:https://stormycloud.org proof:uri-fam [3 hosts, inv_str 1/3] || email:Quetzalcoatl_relays[]proton.me url:https://quetzalcoatl-relays.o [4 hosts, inv_str 0/6] || printerexpert@mail2tor.com [4 hosts, inv_str 5/6] || email:admin[]prsv.ch url:https://prsv.ch/ proof:uri-rsa ciissversion:2 [14 hosts, inv_str 45/91] || email:Quetzalcoatl_relays[]proton.me url:https://quetzalcoatl-relays.o [15 hosts, inv_str 66/105] || NN <relay-ops AT noonion dot de> [6 hosts, inv_str 5/15] || email:info[]osservatorionessuno.org url:https://osservatorionessuno.or [4 hosts, inv_str 6/6] || / [4 hosts, inv_str 0/6] || printerexpert@mail2tor.com [5 hosts, inv_str 6/10] || 88yrvd4RZtK4b2MDDgFsSuYsaoC2L3WLpUKmtjk3NFhKLzBQA8GkHuvCkeQuFCRxEw2HJZ [8 hosts, inv_str 13/28] || tor@0lt.de [4 hosts, inv_str 3/6] || no thanx [3 hosts, inv_str 2/3] || <trly1 AT proton dot me> [3 hosts, inv_str 1/3] || tor@zgato.ru [3 hosts, inv_str 2/3] || Digitalcourage e.V. email:tor-abuse[]digitalcourage.de abuse:tor-abuse [3 hosts, inv_str 2/3] || nano-tor-relays@proton.me [5 hosts, inv_str 4/10] || Steve <tor@digital-world.dev> [3 hosts, inv_str 0/3] || email:admin[]stormycloud.org url:https://stormycloud.org proof:uri-fam [6 hosts, inv_str 12/15] || NN <relay-ops AT noonion dot de> [5 hosts, inv_str 2/10] || email:info[]osservatorionessuno.org url:https://osservatorionessuno.or [4 hosts, inv_str 6/6] || / [4 hosts, inv_str 5/6] || Digitalcourage e.V. email:tor-abuse[]digitalcourage.de abuse:tor-abuse [5 hosts, inv_str 6/10] || RandomPerson <skynet@academyforinternetresearch.org> [12 hosts, inv_str 15/66] || anonymous@torproject.org [4 hosts, inv_str 4/6] || tr0419@proton.me [3 hosts, inv_str 1/3] || email:Quetzalcoatl_relays[]proton.me url:https://quetzalcoatl-relays.o [12 hosts, inv_str 35/66] || Artikel10 url:artikel10.org email:info[]artikel10.org abuse:abuse[]art [4 hosts, inv_str 0/6] || nano-tor-relays@proton.me [4 hosts, inv_str 1/6] || Digitalcourage e.V. email:tor-abuse[]digitalcourage.de abuse:tor-abuse [4 hosts, inv_str 3/6] || tor@zgato.ru [3 hosts, inv_str 0/3] || email:info[]osservatorionessuno.org url:https://osservatorionessuno.or [5 hosts, inv_str 9/10] || NN <relay-ops AT noonion dot de> [5 hosts, inv_str 3/10] || opencommunities __at__ proton.me [7 hosts, inv_str 9/21] || email:admin[]stormycloud.org url:https://stormycloud.org proof:uri-fam [14 hosts, inv_str 31/91] || printerexpert@mail2tor.com [6 hosts, inv_str 12/15] || Digitalcourage e.V. email:tor-abuse[]digitalcourage.de abuse:tor-abuse [4 hosts, inv_str 3/6] || nano-tor-relays@proton.me [3 hosts, inv_str 1/3] || email:r3bo0tbx1[]brokenbotnet.com url:https://relays.brokenbotnet.com  [3 hosts, inv_str 1/3] || KeFF NOC <noc AT keff dot org> [3 hosts, inv_str 3/3] || your@e-mail [3 hosts, inv_str 1/3] || KeFF NOC <noc AT keff dot org> [3 hosts, inv_str 2/3] || anonymous@torproject.org [3 hosts, inv_str 1/3] || NN <relay-ops AT noonion dot de> [5 hosts, inv_str 8/10] || email:info[]osservatorionessuno.org url:https://osservatorionessuno.or [4 hosts, inv_str 6/6] || printerexpert@mail2tor.com [4 hosts, inv_str 2/6] || tor-relay@ahnlak.com [3 hosts, inv_str 0/3] || relay // at // pommespanzer // dot // cc [12 hosts, inv_str 33/66] || email:Quetzalcoatl_relays[]proton.me url:https://quetzalcoatl-relays.o [14 hosts, inv_str 54/91] || contact.broiling074@passinbox.com [3 hosts, inv_str 1/3] || Digitalcourage e.V. email:tor-abuse[]digitalcourage.de abuse:tor-abuse [4 hosts, inv_str 4/6] || email:admin@for-privacy.net url:for-privacy.net proof:dns-rsa abuse:ab [33 hosts, inv_str 222/528] || anonymous@torproject.org [3 hosts, inv_str 0/3] || email:admin[]stormycloud.org url:https://stormycloud.org proof:uri-fam [12 hosts, inv_str 28/66] || email:john[]quintex.com url:https://www.quintex.com proof:uri-rsa abus [99 hosts, inv_str 2163/4851] || Digitalcourage e.V. email:tor-abuse[]digitalcourage.de abuse:tor-abuse [3 hosts, inv_str 3/3] || nano-tor-relays@proton.me [4 hosts, inv_str 5/6] || email:info[]osservatorionessuno.org url:https://osservatorionessuno.or [4 hosts, inv_str 5/6] || NN <relay-ops AT noonion dot de> [5 hosts, inv_str 8/10] || email:forest-relay-contact[]cryptolab.net pgp:BCBAE3E9CB8E2FE23F29DC58 [13 hosts, inv_str 35/78] || email:admin[]stormycloud.org url:https://stormycloud.org proof:uri-fam [3 hosts, inv_str 1/3] || url:https://ssdnodes.com email:tor-relays[]ssdnodes.com hoster:ssdnode [10 hosts, inv_str 21/45] || contact.broiling074@passinbox.com [3 hosts, inv_str 2/3] || Digitalcourage e.V. email:tor-abuse[]digitalcourage.de abuse:tor-abuse [5 hosts, inv_str 3/10] || nano-tor-relays@proton.me [3 hosts, inv_str 3/3] || email:Quetzalcoatl_relays[]proton.me url:https://quetzalcoatl-relays.o [3 hosts, inv_str 2/3] || email:admin[]stormycloud.org url:https://stormycloud.org proof:uri-fam [14 hosts, inv_str 48/91] || NN <relay-ops AT noonion dot de> [4 hosts, inv_str 4/6] || email:info[]osservatorionessuno.org url:https://osservatorionessuno.or [4 hosts, inv_str 5/6] || email:Quetzalcoatl_relays[]proton.me url:https://quetzalcoatl-relays.o [15 hosts, inv_str 68/105] || nano-tor-relays@proton.me [3 hosts, inv_str 3/3] || Alpenwall email:alpenwall[]proton.me pgp:11F9B9631297C6E8A6ABAEB20F35F [3 hosts, inv_str 1/3] || Artikel10 url:artikel10.org email:info[]artikel10.org abuse:abuse[]art [4 hosts, inv_str 0/6] || tor@kllx.eu [4 hosts, inv_str 4/6] || NN <relay-ops AT noonion dot de> [3 hosts, inv_str 0/3] || email:info[]osservatorionessuno.org url:https://osservatorionessuno.or [4 hosts, inv_str 5/6] || your@e-mail [3 hosts, inv_str 2/3] || email: refantastic@4d2.org xmr: 8C3hqrE4kK15Ew3QSoiWasikjVPR1D2Ao4AoSm [3 hosts, inv_str 3/3] || Digitalcourage e.V. email:tor-abuse[]digitalcourage.de abuse:tor-abuse [3 hosts, inv_str 3/3]"
2026-08-02 12:45:23,2026-08-02 14:04:47,3,11,0,"email:admin[]prsv.ch url:https://prsv.ch/ proof:uri-rsa ciissversion:2 [5 hosts, inv_str 7/10] || printerexpert@mail2tor.com [3 hosts, inv_str 0/3] || email:info[]osservatorionessuno.org url:https://osservatorionessuno.or [3 hosts, inv_str 3/3]"
2026-08-02 14:46:22,2026-08-02 18:49:18,11,95,15,"email:admin[]prsv.ch url:https://prsv.ch/ proof:uri-rsa ciissversion:2 [10 hosts, inv_str 19/45] || NN <relay-ops AT noonion dot de> [4 hosts, inv_str 4/6] || email:Quetzalcoatl_relays[]proton.me url:https://quetzalcoatl-relays.o [10 hosts, inv_str 28/45] || Digitalcourage e.V. email:tor-abuse[]digitalcourage.de abuse:tor-abuse [3 hosts, inv_str 2/3] || email:info[]osservatorionessuno.org url:https://osservatorionessuno.or [3 hosts, inv_str 2/3] || email:admin[]stormycloud.org url:https://stormycloud.org proof:uri-fam [14 hosts, inv_str 51/91] || anyone-motor-cycle@duck.com [3 hosts, inv_str 2/3] || nano-tor-relays@proton.me [6 hosts, inv_str 3/15] || contact.broiling074@passinbox.com [3 hosts, inv_str 2/3] || email:Quetzalcoatl_relays[]proton.me url:https://quetzalcoatl-relays.o [10 hosts, inv_str 31/45] || printerexpert@mail2tor.com [3 hosts, inv_str 1/3] || email:admin[]prsv.ch url:https://prsv.ch/ proof:uri-rsa ciissversion:2 [11 hosts, inv_str 22/55] || Digitalcourage e.V. email:tor-abuse[]digitalcourage.de abuse:tor-abuse [4 hosts, inv_str 5/6] || NN <relay-ops AT noonion dot de> [3 hosts, inv_str 2/3] || fumonion [] protonmail (dot) com [3 hosts, inv_str 1/3] || email:Quetzalcoatl_relays[]proton.me url:https://quetzalcoatl-relays.o [5 hosts, inv_str 5/10]"
2026-08-02 19:48:03,2026-08-02 21:25:36,3,13,0,"email:admin[]prsv.ch url:https://prsv.ch/ proof:uri-rsa ciissversion:2 [5 hosts, inv_str 4/10] || printerexpert@mail2tor.com [3 hosts, inv_str 1/3] || email:zwiebel[]quantentunnel.de url:https://doedelkiste.de proof:uri-r [5 hosts, inv_str 6/10]"
2026-08-02 21:57:21,2026-08-03 04:07:31,8,57,0,"email:admin[]prsv.ch url:https://prsv.ch/ proof:uri-rsa ciissversion:2 [5 hosts, inv_str 5/10] || printerexpert@mail2tor.com [3 hosts, inv_str 0/3] || printerexpert@mail2tor.com [8 hosts, inv_str 10/28] || RandomPerson <skynet@academyforinternetresearch.org> [11 hosts, inv_str 17/55] || email:admin[]prsv.ch url:https://prsv.ch/ proof:uri-rsa ciissversion:2 [12 hosts, inv_str 35/66] || Artikel10 url:artikel10.org email:info[]artikel10.org abuse:abuse[]art [4 hosts, inv_str 0/6] || anonymous@torproject.org [3 hosts, inv_str 2/3] || email:info[]osservatorionessuno.org url:https://osservatorionessuno.or [3 hosts, inv_str 1/3] || hello@relaymagic.org (relaymagic.org/contact) [3 hosts, inv_str 1/3] || relay // at // pommespanzer // dot // cc [5 hosts, inv_str 9/10]"
2026-08-03 04:07:32,2026-08-03 05:18:39,3,11,0,"anonymous@torproject.org [4 hosts, inv_str 3/6] || email:admin[]prsv.ch url:https://prsv.ch/ proof:uri-rsa ciissversion:2 [4 hosts, inv_str 5/6] || email:info[]osservatorionessuno.org url:https://osservatorionessuno.or [3 hosts, inv_str 0/3]"
2026-08-03 05:40:25,2026-08-03 07:21:20,2,15,0,"email:admin[]prsv.ch url:https://prsv.ch/ proof:uri-rsa ciissversion:2 [5 hosts, inv_str 3/10] || url:https://ssdnodes.com email:tor-relays[]ssdnodes.com hoster:ssdnode [10 hosts, inv_str 17/45]"
2026-08-03 07:44:24,2026-08-03 08:09:38,2,8,0,"email:admin[]prsv.ch url:https://prsv.ch/ proof:uri-rsa ciissversion:2 [4 hosts, inv_str 2/6] || Artikel10 url:artikel10.org email:info[]artikel10.org abuse:abuse[]art [4 hosts, inv_str 0/6]"
2026-08-03 08:36:05,2026-08-03 14:25:33,6,41,0,"email:admin[]prsv.ch url:https://prsv.ch/ proof:uri-rsa ciissversion:2 [6 hosts, inv_str 6/15] || printerexpert@mail2tor.com [5 hosts, inv_str 4/10] || email:info[]osservatorionessuno.org url:https://osservatorionessuno.or [4 hosts, inv_str 4/6] || email:tor[]1aeo.com url:https://www.1aeo.com proof:uri-familyid-ed2551 [4 hosts, inv_str 0/6] || Uu77bBt0eDko5iDrRNiXt2quIVPMNKvILk1eqJbAVk9e@posteo.ch [3 hosts, inv_str 2/3] || email:admin[]prsv.ch url:https://prsv.ch/ proof:uri-rsa ciissversion:2 [6 hosts, inv_str 6/15] || hades_xxn7[]tutamail {DOT} com [3 hosts, inv_str 1/3] || email:tor[]1aeo.com url:https://www.1aeo.com proof:uri-familyid-ed2551 [4 hosts, inv_str 0/6] || email:info[]osservatorionessuno.org url:https://osservatorionessuno.or [3 hosts, inv_str 1/3] || Uu77bBt0eDko5iDrRNiXt2quIVPMNKvILk1eqJbAVk9e@posteo.ch [3 hosts, inv_str 0/3]"
2026-08-03 16:12:36,2026-08-03 17:11:02,2,7,0,"email:info[]osservatorionessuno.org url:https://osservatorionessuno.or [3 hosts, inv_str 1/3] || email:admin[]prsv.ch url:https://prsv.ch/ proof:uri-rsa ciissversion:2 [4 hosts, inv_str 0/6]"
2026-08-03 17:36:01,2026-08-03 18:14:18,2,104,0,"email:admin[]prsv.ch url:https://prsv.ch/ proof:uri-rsa ciissversion:2 [5 hosts, inv_str 7/10] || email:john[]quintex.com url:https://www.quintex.com proof:uri-rsa abus [99 hosts, inv_str 1985/4851]"
2026-08-03 19:28:35,2026-08-03 21:16:21,5,25,0,"printerexpert@mail2tor.com [3 hosts, inv_str 1/3] || email:admin[]prsv.ch url:https://prsv.ch/ proof:uri-rsa ciissversion:2 [5 hosts, inv_str 6/10] || email:tor[]1aeo.com url:https://www.1aeo.com proof:uri-familyid-ed2551 [4 hosts, inv_str 0/6] || email:info[]osservatorionessuno.org url:https://osservatorionessuno.or [3 hosts, inv_str 2/3] || printerexpert@mail2tor.com [3 hosts, inv_str 2/3] || email:tor[]1aeo.com url:https://www.1aeo.com proof:uri-familyid-ed2551 [4 hosts, inv_str 0/6] || ContactInfo email:knight AT germancraft dot net url:germancraft.net pr [3 hosts, inv_str 1/3]"
2026-08-03 21:48:22,2026-08-03 23:31:20,2,13,0,"email:admin[]prsv.ch url:https://prsv.ch/ proof:uri-rsa ciissversion:2 [5 hosts, inv_str 6/10] || printerexpert@mail2tor.com [4 hosts, inv_str 6/6] || printerexpert@mail2tor.com [4 hosts, inv_str 3/6]"
2026-08-04 00:01:17,2026-08-04 09:49:15,14,186,3,"email:admin[]prsv.ch url:https://prsv.ch/ proof:uri-rsa ciissversion:2 [9 hosts, inv_str 21/36] || printerexpert@mail2tor.com [4 hosts, inv_str 2/6] || tor@breakpointingbad.com [3 hosts, inv_str 0/3] || email:Quetzalcoatl_relays[]proton.me url:https://quetzalcoatl-relays.o [3 hosts, inv_str 0/3] || hello@relaymagic.org (relaymagic.org/contact) [3 hosts, inv_str 1/3] || printerexpert@mail2tor.com [3 hosts, inv_str 2/3] || anonymous@torproject.org [7 hosts, inv_str 14/21] || email:john[]quintex.com url:https://www.quintex.com proof:uri-rsa abus [100 hosts, inv_str 1949/4950] || email:info[]osservatorionessuno.org url:https://osservatorionessuno.or [3 hosts, inv_str 1/3] || url:https://ssdnodes.com email:tor-relays[]ssdnodes.com hoster:ssdnode [10 hosts, inv_str 29/45] || tor@kllx.eu [25 hosts, inv_str 176/300] || NN <relay-ops AT noonion dot de> [3 hosts, inv_str 2/3] || rulemyfuture22@proton.me [3 hosts, inv_str 1/3] || tor@apt96.com [3 hosts, inv_str 1/3] || relay operator - contact: lucasvandekwq [at] rambler [dot] ru [4 hosts, inv_str 4/6] || relay operator - contact: lucasvandekwq [at] rambler [dot] ru [3 hosts, inv_str 0/3]"
2026-08-04 09:49:27,2026-08-04 10:46:21,3,22,0,"printerexpert@mail2tor.com [3 hosts, inv_str 3/3] || email:admin[]stormycloud.org url:https://stormycloud.org proof:uri-fam [15 hosts, inv_str 33/105] || email:admin[]prsv.ch url:https://prsv.ch/ proof:uri-rsa ciissversion:2 [4 hosts, inv_str 3/6]"
2026-08-04 11:21:52,2026-08-04 14:23:29,4,37,0,"email:admin[]prsv.ch url:https://prsv.ch/ proof:uri-rsa ciissversion:2 [8 hosts, inv_str 20/28] || email:admin@for-privacy.net url:for-privacy.net proof:dns-rsa abuse:ab [20 hosts, inv_str 73/190] || akifsevinc [at] proton [dot] com [6 hosts, inv_str 5/15] || email:info[]osservatorionessuno.org url:https://osservatorionessuno.or [3 hosts, inv_str 2/3]"
2026-08-04 15:19:22,2026-08-04 19:32:57,3,13,0,"email:admin[]prsv.ch url:https://prsv.ch/ proof:uri-rsa ciissversion:2 [7 hosts, inv_str 12/21] || anyone-motor-cycle@duck.com [3 hosts, inv_str 1/3] || email:info[]osservatorionessuno.org url:https://osservatorionessuno.or [3 hosts, inv_str 2/3]"
2026-08-04 19:52:34,2026-08-04 21:37:20,3,16,3,"email:admin[]prsv.ch url:https://prsv.ch/ proof:uri-rsa ciissversion:2 [7 hosts, inv_str 9/21] || email:Quetzalcoatl_relays[]proton.me url:https://quetzalcoatl-relays.o [3 hosts, inv_str 2/3] || email:admin[]stormycloud.org url:https://stormycloud.org proof:uri-fam [6 hosts, inv_str 0/15]"
2026-08-04 22:02:09,2026-08-04 23:46:19,3,17,0,"email:admin[]prsv.ch url:https://prsv.ch/ proof:uri-rsa ciissversion:2 [5 hosts, inv_str 8/10] || email:admin[]stormycloud.org url:https://stormycloud.org proof:uri-fam [9 hosts, inv_str 6/36] || printerexpert@mail2tor.com [3 hosts, inv_str 3/3]"
2026-08-05 00:59:17,2026-08-05 02:27:07,4,19,0,"email:admin[]prsv.ch url:https://prsv.ch/ proof:uri-rsa ciissversion:2 [7 hosts, inv_str 13/21] || printerexpert@mail2tor.com [3 hosts, inv_str 1/3] || anonymous@torproject.org [6 hosts, inv_str 11/15] || abuse@doggett.tech [3 hosts, inv_str 2/3]"
2026-08-05 02:29:26,2026-08-05 04:17:10,4,16,3,"email:admin[]prsv.ch url:https://prsv.ch/ proof:uri-rsa ciissversion:2 [7 hosts, inv_str 12/21] || printerexpert@mail2tor.com [3 hosts, inv_str 2/3] || hello@relaymagic.org (relaymagic.org/contact) [3 hosts, inv_str 1/3] || email:Quetzalcoatl_relays[]proton.me url:https://quetzalcoatl-relays.o [3 hosts, inv_str 1/3]"
2026-08-05 04:38:10,2026-08-05 05:31:50,2,15,0,"email:admin[]prsv.ch url:https://prsv.ch/ proof:uri-rsa ciissversion:2 [10 hosts, inv_str 24/45] || kimminsoooo@proton.me [5 hosts, inv_str 2/10]"
2026-08-05 06:07:41,2026-08-05 07:45:20,4,26,0,"email:tor[]r0cket.net url:https://tor.r0cket.net/ proof:uri-rsa abuse: [8 hosts, inv_str 11/28] || url:https://ssdnodes.com email:tor-relays[]ssdnodes.com hoster:ssdnode [10 hosts, inv_str 23/45] || email:admin[]prsv.ch url:https://prsv.ch/ proof:uri-rsa ciissversion:2 [5 hosts, inv_str 7/10] || 0xFFFFFFFF Playstar Network <info ( AT ) playstar ( DOT ) se> [3 hosts, inv_str 1/3]"
2026-08-05 08:49:47,2026-08-05 10:35:30,3,13,3,"email:admin[]prsv.ch url:https://prsv.ch/ proof:uri-rsa ciissversion:2 [5 hosts, inv_str 8/10] || email:Quetzalcoatl_relays[]proton.me url:https://quetzalcoatl-relays.o [3 hosts, inv_str 3/3] || j.abrahim99_at_proton (dot) me [5 hosts, inv_str 6/10]"
2026-08-05 10:59:44,2026-08-05 12:25:08,4,19,0,"email:admin[]prsv.ch url:https://prsv.ch/ proof:uri-rsa ciissversion:2 [7 hosts, inv_str 17/21] || email:tor[]1aeo.com url:https://www.1aeo.com proof:uri-familyid-ed2551 [4 hosts, inv_str 0/6] || tor-relay@ahnlak.com [4 hosts, inv_str 5/6] || email:admin[]stormycloud.org url:https://stormycloud.org proof:uri-fam [4 hosts, inv_str 2/6]"
2026-08-05 12:53:20,2026-08-05 14:15:45,2,9,0,"email:admin[]prsv.ch url:https://prsv.ch/ proof:uri-rsa ciissversion:2 [6 hosts, inv_str 6/15] || Uu77bBt0eDko5iDrRNiXt2quIVPMNKvILk1eqJbAVk9e@posteo.ch [3 hosts, inv_str 3/3]"
2026-08-05 14:48:19,2026-08-05 16:54:52,4,17,0,"email:admin[]prsv.ch url:https://prsv.ch/ proof:uri-rsa ciissversion:2 [7 hosts, inv_str 7/21] || anonymous@torproject.org [3 hosts, inv_str 2/3] || printerexpert@mail2tor.com [4 hosts, inv_str 2/6] || anyone-motor-cycle@duck.com [3 hosts, inv_str 0/3]"
2026-08-05 17:28:55,2026-08-05 19:08:22,2,37,0,"email:admin[]prsv.ch url:https://prsv.ch/ proof:uri-rsa ciissversion:2 [5 hosts, inv_str 8/10] || email:admin@for-privacy.net url:for-privacy.net proof:dns-rsa abuse:ab [32 hosts, inv_str 202/496]"
2026-08-05 19:36:58,2026-08-05 23:34:37,8,69,3,"email:admin[]prsv.ch url:https://prsv.ch/ proof:uri-rsa ciissversion:2 [10 hosts, inv_str 28/45] || printerexpert@mail2tor.com [5 hosts, inv_str 8/10] || akifsevinc [at] proton [dot] com [5 hosts, inv_str 0/10] || email:Quetzalcoatl_relays[]proton.me url:https://quetzalcoatl-relays.o [3 hosts, inv_str 1/3] || Digitalcourage e.V. email:tor-abuse[]digitalcourage.de abuse:tor-abuse [15 hosts, inv_str 47/105] || email:Quetzalcoatl_relays[]proton.me url:https://quetzalcoatl-relays.o [3 hosts, inv_str 1/3] || relay operator - contact: lucasvandekwq [at] rambler [dot] ru [11 hosts, inv_str 15/55] || printerexpert@mail2tor.com [8 hosts, inv_str 13/28] || Henrik Kramselund <hlk AT zencurity dot com> [3 hosts, inv_str 1/3] || ContactInfo relay operator - contact: lucasvandekwq [at] rambler [dot] [3 hosts, inv_str 3/3] || email:admin[]prsv.ch url:https://prsv.ch/ proof:uri-rsa ciissversion:2 [3 hosts, inv_str 1/3]"
2026-08-05 23:41:03,2026-08-06 01:38:54,4,25,1,"email:admin[]prsv.ch url:https://prsv.ch/ proof:uri-rsa ciissversion:2 [6 hosts, inv_str 5/15] || gleepdorf AT proton DOT me [4 hosts, inv_str 2/6] || RandomPerson <skynet@academyforinternetresearch.org> [12 hosts, inv_str 29/66] || anonymous@torproject.org [3 hosts, inv_str 2/3]"
2026-08-06 01:48:14,2026-08-06 02:39:03,3,13,0,"nashepro [at] proton [dot] me [4 hosts, inv_str 3/6] || email:admin[]prsv.ch url:https://prsv.ch/ proof:uri-rsa ciissversion:2 [5 hosts, inv_str 4/10] || Artikel10 url:artikel10.org email:info[]artikel10.org abuse:abuse[]art [4 hosts, inv_str 4/6]"
2026-08-06 02:59:20,2026-08-06 03:45:19,4,43,0,"email:admin[]prsv.ch url:https://prsv.ch/ proof:uri-rsa ciissversion:2 [5 hosts, inv_str 7/10] || hello@relaymagic.org (relaymagic.org/contact) [3 hosts, inv_str 1/3] || Artikel10 url:artikel10.org email:info[]artikel10.org abuse:abuse[]art [32 hosts, inv_str 269/496] || email:info[]osservatorionessuno.org url:https://osservatorionessuno.or [3 hosts, inv_str 3/3]"
2026-08-06 03:54:04,2026-08-06 05:04:23,2,10,0,"email:admin[]prsv.ch url:https://prsv.ch/ proof:uri-rsa ciissversion:2 [5 hosts, inv_str 3/10] || akifsevinc [at] proton [dot] com [5 hosts, inv_str 8/10]"
2026-08-06 06:04:43,2026-08-06 10:56:20,10,54,0,"email:admin[]prsv.ch url:https://prsv.ch/ proof:uri-rsa ciissversion:2 [6 hosts, inv_str 6/15] || torcontactemail AT proton.me [6 hosts, inv_str 3/15] || url:https://ssdnodes.com email:tor-relays[]ssdnodes.com hoster:ssdnode [10 hosts, inv_str 20/45] || email:tor[]r0cket.net url:https://tor.r0cket.net/ proof:uri-rsa abuse: [6 hosts, inv_str 10/15] || 0XEA6084D3607F9E6A [3 hosts, inv_str 3/3] || mRtjR4JX6pgJ@protonmail.ch [3 hosts, inv_str 3/3] || email:info[]osservatorionessuno.org url:https://osservatorionessuno.or [4 hosts, inv_str 1/6] || ? [6 hosts, inv_str 12/15] || printerexpert@mail2tor.com [3 hosts, inv_str 0/3] || email:info[]osservatorionessuno.org url:https://osservatorionessuno.or [3 hosts, inv_str 1/3] || 🧅 [4 hosts, inv_str 3/6]"
2026-08-06 11:19:18,2026-08-06 19:34:45,9,55,0,"email:admin[]prsv.ch url:https://prsv.ch/ proof:uri-rsa ciissversion:2 [14 hosts, inv_str 51/91] || Uu77bBt0eDko5iDrRNiXt2quIVPMNKvILk1eqJbAVk9e@posteo.ch [3 hosts, inv_str 3/3] || anonymous@torproject.org [3 hosts, inv_str 1/3] || flowjob(at)protonmail(dot)ch [11 hosts, inv_str 6/55] || email:zwiebel[]quantentunnel.de url:https://doedelkiste.de proof:uri-r [7 hosts, inv_str 11/21] || tor [] wurzelmann.at [7 hosts, inv_str 11/21] || hiwi  <hiwi AT nurfuerspam dot de> [3 hosts, inv_str 2/3] || printerexpert@mail2tor.com [4 hosts, inv_str 3/6] || someone < tor27 AT nurfuerspam DOT de > [3 hosts, inv_str 1/3]"
2026-08-06 20:00:59,2026-08-06 20:22:21,2,53,0,"email:admin[]prsv.ch url:https://prsv.ch/ proof:uri-rsa ciissversion:2 [4 hosts, inv_str 5/6] || email:john[]quintex.com url:https://www.quintex.com proof:uri-rsa abus [49 hosts, inv_str 409/1176]"
2026-08-06 20:42:29,2026-08-06 22:29:00,2,22,0,"email:admin[]prsv.ch url:https://prsv.ch/ proof:uri-rsa ciissversion:2 [7 hosts, inv_str 12/21] || Foundation for Applied Privacy email:tor[]appliedprivacy.net donationu [15 hosts, inv_str 11/105]"
2026-08-06 22:59:36,2026-08-06 23:54:33,2,15,0,"email:admin[]prsv.ch url:https://prsv.ch/ proof:uri-rsa ciissversion:2 [5 hosts, inv_str 7/10] || abuse@datalix.de [10 hosts, inv_str 16/45]"
2026-08-07 00:17:47,2026-08-07 01:05:32,2,9,0,"email:admin[]prsv.ch url:https://prsv.ch/ proof:uri-rsa ciissversion:2 [5 hosts, inv_str 8/10] || email:info[]osservatorionessuno.org url:https://osservatorionessuno.or [4 hosts, inv_str 6/6]"
2026-08-07 01:08:25,2026-08-07 04:41:04,2,64,0,"email:admin[]prsv.ch url:https://prsv.ch/ proof:uri-rsa ciissversion:2 [61 hosts, inv_str 1114/1830] || pczer@hushmail.com [3 hosts, inv_str 1/3]"
2026-08-07 05:01:48,2026-08-07 07:36:25,8,92,0,"email:admin[]prsv.ch url:https://prsv.ch/ proof:uri-rsa ciissversion:2 [8 hosts, inv_str 18/28] || email:admin@for-privacy.net url:for-privacy.net proof:dns-rsa abuse:ab [32 hosts, inv_str 218/496] || <trly1 AT proton dot me> [3 hosts, inv_str 3/3] || email:forest-relay-contact[]cryptolab.net pgp:BCBAE3E9CB8E2FE23F29DC58 [30 hosts, inv_str 264/435] || email:info[]osservatorionessuno.org url:https://osservatorionessuno.or [3 hosts, inv_str 3/3] || printerexpert@mail2tor.com [3 hosts, inv_str 1/3] || url:https://ssdnodes.com email:tor-relays[]ssdnodes.com hoster:ssdnode [10 hosts, inv_str 18/45] || email:abuse-ripe[]digitale-gesellschaft.ch url:https://www.digitale-ge [3 hosts, inv_str 3/3]"
2026-08-07 08:00:25,2026-08-07 08:52:36,3,11,0,"email:admin[]prsv.ch url:https://prsv.ch/ proof:uri-rsa ciissversion:2 [4 hosts, inv_str 4/6] || tor@zgato.ru [4 hosts, inv_str 2/6] || email:info[]osservatorionessuno.org url:https://osservatorionessuno.or [3 hosts, inv_str 2/3]"
2026-08-07 10:14:19,2026-08-07 14:19:22,6,31,0,"email:admin[]prsv.ch url:https://prsv.ch/ proof:uri-rsa ciissversion:2 [10 hosts, inv_str 26/45] || your@e-mail [4 hosts, inv_str 3/6] || tor@kllx.eu [4 hosts, inv_str 2/6] || printerexpert@mail2tor.com [4 hosts, inv_str 4/6] || abuse@doggett.tech [3 hosts, inv_str 2/3] || printerexpert@mail2tor.com [3 hosts, inv_str 0/3] || petertheprofi@pm.me [3 hosts, inv_str 2/3]"
2026-08-07 14:19:48,2026-08-07 15:49:35,3,14,0,"tor@kllx.eu [5 hosts, inv_str 10/10] || email:admin[]prsv.ch url:https://prsv.ch/ proof:uri-rsa ciissversion:2 [5 hosts, inv_str 6/10] || printerexpert@mail2tor.com [4 hosts, inv_str 4/6]"
2026-08-07 16:12:37,2026-08-07 19:55:20,4,19,3,"email:admin[]prsv.ch url:https://prsv.ch/ proof:uri-rsa ciissversion:2 [6 hosts, inv_str 7/15] || anonymous@torproject.org [3 hosts, inv_str 0/3] || printerexpert@mail2tor.com [4 hosts, inv_str 6/6] || email:Quetzalcoatl_relays[]proton.me url:https://quetzalcoatl-relays.o [3 hosts, inv_str 0/3] || printerexpert@mail2tor.com [3 hosts, inv_str 2/3]"
2026-08-07 20:16:33,2026-08-08 00:35:46,12,95,18,"email:Quetzalcoatl_relays[]proton.me url:https://quetzalcoatl-relays.o [4 hosts, inv_str 1/6] || email:info[]osservatorionessuno.org url:https://osservatorionessuno.or [4 hosts, inv_str 3/6] || email:admin[]prsv.ch url:https://prsv.ch/ proof:uri-rsa ciissversion:2 [10 hosts, inv_str 27/45] || akifsevinc [at] proton [dot] com [7 hosts, inv_str 5/21] || printerexpert@mail2tor.com [4 hosts, inv_str 4/6] || abuse@datalix.de [7 hosts, inv_str 15/21] || email:Quetzalcoatl_relays[]proton.me url:https://quetzalcoatl-relays.o [17 hosts, inv_str 46/136] || Steve <tor@digital-world.dev> [3 hosts, inv_str 1/3] || email:toralf.foerster[]gmx.de gpg:1A376F994A9D026F13E24DCFC4EACDDE0076 [3 hosts, inv_str 3/3] || <trly1 AT proton dot me> [3 hosts, inv_str 1/3] || printerexpert@mail2tor.com [3 hosts, inv_str 1/3] || email:info[]osservatorionessuno.org url:https://osservatorionessuno.or [3 hosts, inv_str 3/3] || email:admin[]prsv.ch url:https://prsv.ch/ proof:uri-rsa ciissversion:2 [8 hosts, inv_str 17/28] || anonymous@torproject.org [5 hosts, inv_str 1/10] || email:forest-relay-contact[]cryptolab.net pgp:BCBAE3E9CB8E2FE23F29DC58 [5 hosts, inv_str 5/10] || email:Quetzalcoatl_relays[]proton.me url:https://quetzalcoatl-relays.o [4 hosts, inv_str 1/6] || RandomPerson <skynet@academyforinternetresearch.org> [5 hosts, inv_str 1/10]"
2026-08-08 01:10:42,2026-08-08 04:11:29,7,48,12,"email:admin[]prsv.ch url:https://prsv.ch/ proof:uri-rsa ciissversion:2 [9 hosts, inv_str 15/36] || email:Quetzalcoatl_relays[]proton.me url:https://quetzalcoatl-relays.o [12 hosts, inv_str 39/66] || printerexpert@mail2tor.com [3 hosts, inv_str 1/3] || hello@relaymagic.org (relaymagic.org/contact) [3 hosts, inv_str 3/3] || relay // at // pommespanzer // dot // cc [9 hosts, inv_str 8/36] || DFRI email:tor[]dfri.se url:https://dfri.se proof:dns-familyid-ed25519 [9 hosts, inv_str 25/36] || solitude(at)montanti(dot)us [3 hosts, inv_str 1/3]"
2026-08-08 04:42:22,2026-08-08 09:59:33,12,103,18,"email:admin[]prsv.ch url:https://prsv.ch/ proof:uri-rsa ciissversion:2 [7 hosts, inv_str 7/21] || email:info[]osservatorionessuno.org url:https://osservatorionessuno.or [4 hosts, inv_str 3/6] || email:Quetzalcoatl_relays[]proton.me url:https://quetzalcoatl-relays.o [14 hosts, inv_str 58/91] || <trly1 AT proton dot me> [3 hosts, inv_str 3/3] || nano-tor-relays@proton.me [7 hosts, inv_str 11/21] || email:forest-relay-contact[]cryptolab.net pgp:BCBAE3E9CB8E2FE23F29DC58 [18 hosts, inv_str 57/153] || email:admin[]prsv.ch url:https://prsv.ch/ proof:uri-rsa ciissversion:2 [10 hosts, inv_str 23/45] || DFRI email:tor[]dfri.se url:https://dfri.se proof:dns-familyid-ed25519 [10 hosts, inv_str 36/45] || email:admin[]stormycloud.org url:https://stormycloud.org proof:uri-fam [3 hosts, inv_str 0/3] || url:https://ssdnodes.com email:tor-relays[]ssdnodes.com hoster:ssdnode [9 hosts, inv_str 23/36] || ContactInfo email:knight AT germancraft dot net url:germancraft.net pr [3 hosts, inv_str 1/3] || tutkfk@protonmail.com [3 hosts, inv_str 3/3] || email:info[]osservatorionessuno.org url:https://osservatorionessuno.or [3 hosts, inv_str 2/3] || email:Quetzalcoatl_relays[]proton.me url:https://quetzalcoatl-relays.o [6 hosts, inv_str 11/15] || Digitalcourage e.V. email:tor-abuse[]digitalcourage.de abuse:tor-abuse [3 hosts, inv_str 0/3]"
2026-08-08 10:20:17,2026-08-08 11:20:53,2,10,4,"email:admin[]prsv.ch url:https://prsv.ch/ proof:uri-rsa ciissversion:2 [6 hosts, inv_str 9/15] || email:Quetzalcoatl_relays[]proton.me url:https://quetzalcoatl-relays.o [4 hosts, inv_str 4/6]"
2026-08-08 11:21:26,2026-08-08 13:38:08,3,19,8,"email:admin[]prsv.ch url:https://prsv.ch/ proof:uri-rsa ciissversion:2 [8 hosts, inv_str 14/28] || email:Quetzalcoatl_relays[]proton.me url:https://quetzalcoatl-relays.o [8 hosts, inv_str 16/28] || email:info[]osservatorionessuno.org url:https://osservatorionessuno.or [3 hosts, inv_str 2/3]"
2026-08-08 14:05:44,2026-08-08 17:30:53,10,38,4,"email:info[]osservatorionessuno.org url:https://osservatorionessuno.or [3 hosts, inv_str 0/3] || Uu77bBt0eDko5iDrRNiXt2quIVPMNKvILk1eqJbAVk9e@posteo.ch [3 hosts, inv_str 0/3] || email:admin[]prsv.ch url:https://prsv.ch/ proof:uri-rsa ciissversion:2 [9 hosts, inv_str 16/36] || anonymous@torproject.org [3 hosts, inv_str 0/3] || fumonion [] protonmail (dot) com [3 hosts, inv_str 2/3] || tor@0lt.de [3 hosts, inv_str 1/3] || anyone-motor-cycle@duck.com [3 hosts, inv_str 1/3] || NN <relay-ops AT noonion dot de> [3 hosts, inv_str 1/3] || email:Quetzalcoatl_relays[]proton.me url:https://quetzalcoatl-relays.o [4 hosts, inv_str 2/6] || Satanist <admin AT 2cb dot su> [4 hosts, inv_str 4/6]"
2026-08-08 17:47:03,2026-08-08 22:25:31,6,59,12,"email:admin[]prsv.ch url:https://prsv.ch/ proof:uri-rsa ciissversion:2 [15 hosts, inv_str 54/105] || email:Quetzalcoatl_relays[]proton.me url:https://quetzalcoatl-relays.o [7 hosts, inv_str 2/21] || NN <relay-ops AT noonion dot de> [3 hosts, inv_str 1/3] || email:Quetzalcoatl_relays[]proton.me url:https://quetzalcoatl-relays.o [4 hosts, inv_str 1/6] || printerexpert@mail2tor.com [4 hosts, inv_str 3/6] || email:info[]osservatorionessuno.org url:https://osservatorionessuno.or [5 hosts, inv_str 7/10] || email:admin[]prsv.ch url:https://prsv.ch/ proof:uri-rsa ciissversion:2 [6 hosts, inv_str 4/15] || email:Quetzalcoatl_relays[]proton.me url:https://quetzalcoatl-relays.o [5 hosts, inv_str 4/10] || printerexpert@mail2tor.com [3 hosts, inv_str 2/3] || anonymous@torproject.org [3 hosts, inv_str 2/3] || printerexpert@mail2tor.com [4 hosts, inv_str 3/6]"
2026-08-08 22:27:20,2026-08-09 16:55:07,22,471,66,"email:Quetzalcoatl_relays[]proton.me url:https://quetzalcoatl-relays.o [14 hosts, inv_str 49/91] || email:admin[]prsv.ch url:https://prsv.ch/ proof:uri-rsa ciissversion:2 [12 hosts, inv_str 24/66] || email:zwiebelrouter[]protonmail[]com ciissversion:3 url:zwiebelrouter. [9 hosts, inv_str 11/36] || RandomPerson <skynet@academyforinternetresearch.org> [5 hosts, inv_str 4/10] || tr0419@proton.me [3 hosts, inv_str 3/3] || contact.broiling074@passinbox.com [3 hosts, inv_str 2/3] || printerexpert@mail2tor.com [3 hosts, inv_str 1/3] || email:tor[]1aeo.com url:https://www.1aeo.com proof:uri-familyid-ed2551 [12 hosts, inv_str 11/66] || email:Quetzalcoatl_relays[]proton.me url:https://quetzalcoatl-relays.o [45 hosts, inv_str 612/990] || hello@relaymagic.org (relaymagic.org/contact) [3 hosts, inv_str 1/3] || relay // at // pommespanzer // dot // cc [8 hosts, inv_str 17/28] || email:admin[]prsv.ch url:https://prsv.ch/ proof:uri-rsa ciissversion:2 [9 hosts, inv_str 20/36] || email:tor[]1aeo.com url:https://www.1aeo.com proof:uri-familyid-ed2551 [157 hosts, inv_str 4932/12246] || email:admin@for-privacy.net url:for-privacy.net proof:dns-rsa abuse:ab [32 hosts, inv_str 205/496] || email:Quetzalcoatl_relays[]proton.me url:https://quetzalcoatl-relays.o [26 hosts, inv_str 176/325] || url:https://ssdnodes.com email:tor-relays[]ssdnodes.com hoster:ssdnode [9 hosts, inv_str 22/36] || NN <relay-ops AT noonion dot de> [3 hosts, inv_str 2/3] || email:admin[]prsv.ch url:https://prsv.ch/ proof:uri-rsa ciissversion:2 [10 hosts, inv_str 26/45] || NN <relay-ops AT noonion dot de> [4 hosts, inv_str 2/6] || email:info[]osservatorionessuno.org url:https://osservatorionessuno.or [3 hosts, inv_str 3/3] || b-javaux.pro@proton.me [3 hosts, inv_str 1/3] || email:john[]quintex.com url:https://www.quintex.com proof:uri-rsa abus [50 hosts, inv_str 299/1225] || NN <relay-ops AT noonion dot de> [3 hosts, inv_str 3/3] || email:admin[]stormycloud.org url:https://stormycloud.org proof:uri-fam [5 hosts, inv_str 6/10] || NN <relay-ops AT noonion dot de> [3 hosts, inv_str 2/3] || KeFF NOC <noc AT keff dot org> [3 hosts, inv_str 2/3] || printerexpert@mail2tor.com [4 hosts, inv_str 2/6] || ContactInfo relay operator - contact: lucasvandekwq [at] rambler [dot] [4 hosts, inv_str 6/6] || relay operator - contact: lucasvandekwq [at] rambler [dot] ru [10 hosts, inv_str 24/45] || NN <relay-ops AT noonion dot de> [4 hosts, inv_str 3/6] || fumonion [] protonmail (dot) com [6 hosts, inv_str 6/15] || anyone-motor-cycle@duck.com [3 hosts, inv_str 2/3] || printerexpert@mail2tor.com [3 hosts, inv_str 2/3]"
2026-08-09 17:20:57,2026-08-09 22:04:41,5,90,0,"email:admin[]prsv.ch url:https://prsv.ch/ proof:uri-rsa ciissversion:2 [71 hosts, inv_str 1409/2485] || anonymous@torproject.org [5 hosts, inv_str 7/10] || printerexpert@mail2tor.com [8 hosts, inv_str 12/28] || b-javaux.pro@proton.me [3 hosts, inv_str 2/3] || email:info[]osservatorionessuno.org url:https://osservatorionessuno.or [3 hosts, inv_str 2/3]"
2026-08-09 22:08:34,2026-08-10 00:25:00,4,88,0,"printerexpert@mail2tor.com [7 hosts, inv_str 10/21] || email:admin[]prsv.ch url:https://prsv.ch/ proof:uri-rsa ciissversion:2 [71 hosts, inv_str 1422/2485] || NN <relay-ops AT noonion dot de> [3 hosts, inv_str 0/3] || RandomPerson <skynet@academyforinternetresearch.org> [7 hosts, inv_str 5/21]"
2026-08-10 00:44:22,2026-08-10 02:15:40,6,43,3,"nano-tor-relays@proton.me [4 hosts, inv_str 3/6] || email:admin[]prsv.ch url:https://prsv.ch/ proof:uri-rsa ciissversion:2 [5 hosts, inv_str 5/10] || mismoculas1977@protonmail.com [25 hosts, inv_str 167/300] || NN <relay-ops AT noonion dot de> [3 hosts, inv_str 3/3] || your@e-mail [3 hosts, inv_str 0/3] || email:Quetzalcoatl_relays[]proton.me url:https://quetzalcoatl-relays.o [3 hosts, inv_str 1/3]"
2026-08-10 02:56:53,2026-08-10 05:56:47,8,125,0,"printerexpert@mail2tor.com [3 hosts, inv_str 3/3] || email:admin[]prsv.ch url:https://prsv.ch/ proof:uri-rsa ciissversion:2 [72 hosts, inv_str 1451/2556] || hello@relaymagic.org (relaymagic.org/contact) [3 hosts, inv_str 0/3] || email:info[]osservatorionessuno.org url:https://osservatorionessuno.or [3 hosts, inv_str 1/3] || NN <relay-ops AT noonion dot de> [3 hosts, inv_str 3/3] || your@e-mail [3 hosts, inv_str 2/3] || email:admin@for-privacy.net url:for-privacy.net proof:dns-rsa abuse:ab [32 hosts, inv_str 249/496] || ContactInfo email:knight AT germancraft dot net url:germancraft.net pr [3 hosts, inv_str 1/3] || email:info[]osservatorionessuno.org url:https://osservatorionessuno.or [3 hosts, inv_str 1/3]"
2026-08-10 05:59:50,2026-08-10 06:31:25,4,17,0,"email:xonumi[]protonmail.ch url:xonumi.com proof:dns-rsa abuse:xonumi[ [3 hosts, inv_str 2/3] || NN <relay-ops AT noonion dot de> [3 hosts, inv_str 3/3] || url:https://ssdnodes.com email:tor-relays[]ssdnodes.com hoster:ssdnode [3 hosts, inv_str 3/3] || email:john[]quintex.com url:https://www.quintex.com proof:uri-rsa abus [8 hosts, inv_str 6/28]"
2026-08-10 06:33:54,2026-08-10 08:12:02,7,33,0,"url:https://ssdnodes.com email:tor-relays[]ssdnodes.com hoster:ssdnode [7 hosts, inv_str 9/21] || fumonion [] protonmail (dot) com [3 hosts, inv_str 0/3] || printerexpert@mail2tor.com [3 hosts, inv_str 0/3] || email:john[]quintex.com url:https://www.quintex.com proof:uri-rsa abus [8 hosts, inv_str 18/28] || email:admin[]prsv.ch url:https://prsv.ch/ proof:uri-rsa ciissversion:2 [6 hosts, inv_str 8/15] || email:info[]osservatorionessuno.org url:https://osservatorionessuno.or [3 hosts, inv_str 1/3] || <trly1 AT proton dot me> [3 hosts, inv_str 3/3]"
2026-08-10 08:32:27,2026-08-10 12:39:26,12,111,5,"email:admin[]prsv.ch url:https://prsv.ch/ proof:uri-rsa ciissversion:2 [9 hosts, inv_str 6/36] || Artikel10 url:artikel10.org email:info[]artikel10.org abuse:abuse[]art [32 hosts, inv_str 30/496] || email:john[]quintex.com url:https://www.quintex.com proof:uri-rsa abus [5 hosts, inv_str 5/10] || NN <relay-ops AT noonion dot de> [3 hosts, inv_str 2/3] || email:john[]quintex.com url:https://www.quintex.com proof:uri-rsa abus [3 hosts, inv_str 0/3] || your@e-mail [4 hosts, inv_str 4/6] || email:john[]quintex.com url:https://www.quintex.com proof:uri-rsa abus [4 hosts, inv_str 3/6] || KeFF NOC <noc AT keff dot org> [13 hosts, inv_str 16/78] || FatsTor <tor AT stafverhaegen dot be> [3 hosts, inv_str 0/3] || anonymous@torproject.org [3 hosts, inv_str 2/3] || NN <relay-ops AT noonion dot de> [3 hosts, inv_str 3/3] || email:Quetzalcoatl_relays[]proton.me url:https://quetzalcoatl-relays.o [4 hosts, inv_str 2/6] || Random Person nobody@tor.org [4 hosts, inv_str 1/6] || stealthprivacy.eu [6 hosts, inv_str 5/15] || Digitalcourage e.V. email:tor-abuse[]digitalcourage.de abuse:tor-abuse [15 hosts, inv_str 41/105]"
2026-08-10 12:54:26,2026-08-10 17:45:21,11,69,4,"email:admin[]prsv.ch url:https://prsv.ch/ proof:uri-rsa ciissversion:2 [10 hosts, inv_str 15/45] || email:john[]quintex.com url:https://www.quintex.com proof:uri-rsa abus [3 hosts, inv_str 2/3] || email:Quetzalcoatl_relays[]proton.me url:https://quetzalcoatl-relays.o [3 hosts, inv_str 0/3] || Uu77bBt0eDko5iDrRNiXt2quIVPMNKvILk1eqJbAVk9e@posteo.ch [3 hosts, inv_str 0/3] || email:Quetzalcoatl_relays[]proton.me url:https://quetzalcoatl-relays.o [3 hosts, inv_str 0/3] || email:john[]quintex.com url:https://www.quintex.com proof:uri-rsa abus [4 hosts, inv_str 1/6] || email:info[]osservatorionessuno.org url:https://osservatorionessuno.or [3 hosts, inv_str 0/3] || b-javaux.pro@proton.me [5 hosts, inv_str 6/10] || email:john[]quintex.com url:https://www.quintex.com proof:uri-rsa abus [3 hosts, inv_str 0/3] || anyone-motor-cycle@duck.com [3 hosts, inv_str 0/3] || email:info[]osservatorionessuno.org url:https://osservatorionessuno.or [3 hosts, inv_str 1/3] || hi@agfid.com [13 hosts, inv_str 26/78] || email:john[]quintex.com url:https://www.quintex.com proof:uri-rsa abus [4 hosts, inv_str 1/6] || bienwald-torservers@outlook.de [3 hosts, inv_str 3/3] || nano-tor-relays@proton.me [3 hosts, inv_str 1/3] || themadhacker email:themadhacker[]themadhacker.net url:https://themadha [3 hosts, inv_str 1/3]"
2026-08-10 18:08:05,2026-08-10 21:08:19,6,33,1,"email:admin[]prsv.ch url:https://prsv.ch/ proof:uri-rsa ciissversion:2 [9 hosts, inv_str 19/36] || email:info[]osservatorionessuno.org url:https://osservatorionessuno.or [4 hosts, inv_str 2/6] || email:john[]quintex.com url:https://www.quintex.com proof:uri-rsa abus [3 hosts, inv_str 2/3] || email:john[]quintex.com url:https://www.quintex.com proof:uri-rsa abus [3 hosts, inv_str 3/3] || gleepdorf AT proton DOT me [4 hosts, inv_str 3/6] || printerexpert@mail2tor.com [3 hosts, inv_str 2/3] || email:admin[]fluffypancakes.dev url:fluffypancakes.dev proof:uri-famil [4 hosts, inv_str 2/6] || email:info[]osservatorionessuno.org url:https://osservatorionessuno.or [3 hosts, inv_str 1/3]"
2026-08-10 22:26:11,2026-08-11 01:35:03,9,44,7,"email:john[]quintex.com url:https://www.quintex.com proof:uri-rsa abus [3 hosts, inv_str 2/3] || email:admin[]prsv.ch url:https://prsv.ch/ proof:uri-rsa ciissversion:2 [7 hosts, inv_str 15/21] || NN <relay-ops AT noonion dot de> [3 hosts, inv_str 1/3] || email:Quetzalcoatl_relays[]proton.me url:https://quetzalcoatl-relays.o [6 hosts, inv_str 9/15] || Steve <tor@digital-world.dev> [3 hosts, inv_str 3/3] || email:admin[]prsv.ch url:https://prsv.ch/ proof:uri-rsa ciissversion:2 [6 hosts, inv_str 9/15] || / [3 hosts, inv_str 1/3] || RandomPerson <skynet@academyforinternetresearch.org> [3 hosts, inv_str 0/3] || 0xFFFFFFFF <tormaster AT kkb-clan dot de> [3 hosts, inv_str 3/3] || email:Quetzalcoatl_relays[]proton.me url:https://quetzalcoatl-relays.o [4 hosts, inv_str 5/6] || email:info[]osservatorionessuno.org url:https://osservatorionessuno.or [3 hosts, inv_str 0/3]"
2026-08-11 02:02:46,2026-08-11 05:47:12,10,73,3,"<trly1 AT proton dot me> [3 hosts, inv_str 1/3] || email:admin[]prsv.ch url:https://prsv.ch/ proof:uri-rsa ciissversion:2 [10 hosts, inv_str 23/45] || NN <relay-ops AT noonion dot de> [3 hosts, inv_str 0/3] || printerexpert@mail2tor.com [4 hosts, inv_str 3/6] || hello@relaymagic.org (relaymagic.org/contact) [3 hosts, inv_str 2/3] || anony@bardbrewss.com [4 hosts, inv_str 0/6] || email:Quetzalcoatl_relays[]proton.me url:https://quetzalcoatl-relays.o [3 hosts, inv_str 3/3] || NN <relay-ops AT noonion dot de> [4 hosts, inv_str 3/6] || tor-relay-contact <at> digitalsquid <dot> co <dot> uk [4 hosts, inv_str 4/6] || email:admin@for-privacy.net url:for-privacy.net proof:dns-rsa abuse:ab [32 hosts, inv_str 252/496] || stealthprivacy.eu [3 hosts, inv_str 2/3]"
2026-08-11 06:01:45,2026-08-11 18:13:17,34,312,17,"email:Quetzalcoatl_relays[]proton.me url:https://quetzalcoatl-relays.o [3 hosts, inv_str 1/3] || RandomPerson <skynet@academyforinternetresearch.org> [21 hosts, inv_str 117/210] || hwangchulsoo@proton.me [24 hosts, inv_str 155/276] || Bastiaan Brink <b@stiaanbr.ink> | AS215248 NOC +31 85 369 5034 [3 hosts, inv_str 2/3] || email:admin[]stormycloud.org url:https://stormycloud.org proof:uri-fam [9 hosts, inv_str 17/36] || arieti009@proton.me [4 hosts, inv_str 0/6] || hwangminjun@proton.me [10 hosts, inv_str 34/45] || gdhong2896@proton.me [4 hosts, inv_str 2/6] || email:admin[]prsv.ch url:https://prsv.ch/ proof:uri-rsa ciissversion:2 [12 hosts, inv_str 33/66] || admin@freedoom.net [8 hosts, inv_str 10/28] || escapemeplz@proton.me [13 hosts, inv_str 42/78] || url:https://ssdnodes.com email:tor-relays[]ssdnodes.com hoster:ssdnode [10 hosts, inv_str 27/45] || email:tor[]r0cket.net url:https://tor.r0cket.net/ proof:uri-rsa abuse: [6 hosts, inv_str 7/15] || D.O. Bronk email:tor-relay@bronk-ict.nl url:bronk-ict.nl proof:dns-rsa [3 hosts, inv_str 1/3] || Brandon Kuschel <tor AT NOSPAM brandonkuschel dot com> [4 hosts, inv_str 6/6] || FreeExitProvider(at)protonmail(dot)com [tor-relay.co] [6 hosts, inv_str 5/15] || kimminsoooo@proton.me [3 hosts, inv_str 2/3] || Bastiaan Brink <b@stiaanbr.ink> | AS215248 NOC +31 85 369 5034 [4 hosts, inv_str 2/6] || nano-tor-relays@proton.me [4 hosts, inv_str 3/6] || Chaos Computer Club Wien (C3W) email:anonymity[]c3w.at url:https://c3w [4 hosts, inv_str 0/6] || hwangminzi@proton.me [3 hosts, inv_str 1/3] || origameanings@gmail.com [3 hosts, inv_str 2/3] || email:Quetzalcoatl_relays[]proton.me url:https://quetzalcoatl-relays.o [3 hosts, inv_str 0/3] || email:info[]osservatorionessuno.org url:https://osservatorionessuno.or [4 hosts, inv_str 2/6] || Brandon Kuschel <tor AT NOSPAM brandonkuschel dot com> [8 hosts, inv_str 18/28] || mismoculas1977@protonmail.com [3 hosts, inv_str 1/3] || Artikel10 url:artikel10.org email:info[]artikel10.org abuse:abuse[]art [32 hosts, inv_str 0/496] || email:Quetzalcoatl_relays[]proton.me url:https://quetzalcoatl-relays.o [3 hosts, inv_str 2/3] || email:Quetzalcoatl_relays[]proton.me url:https://quetzalcoatl-relays.o [4 hosts, inv_str 2/6] || email:john[]quintex.com url:https://www.quintex.com proof:uri-rsa abus [3 hosts, inv_str 3/3] || giannoug|__AT-|gmail{ DOt-}com [3 hosts, inv_str 1/3] || Steve <tor@digital-world.dev> [3 hosts, inv_str 1/3] || nano-tor-relays@proton.me [3 hosts, inv_str 2/3] || nano-tor-relays@proton.me [4 hosts, inv_str 5/6] || email:Quetzalcoatl_relays[]proton.me url:https://quetzalcoatl-relays.o [10 hosts, inv_str 17/45] || NN <relay-ops AT noonion dot de> [3 hosts, inv_str 1/3] || email:admin[]fluffypancakes.dev url:fluffypancakes.dev proof:uri-famil [17 hosts, inv_str 61/136] || email:admin[]fluffypancakes.dev url:fluffypancakes.dev proof:uri-famil [3 hosts, inv_str 2/3] || email:admin[]stormycloud.org url:https://stormycloud.org proof:uri-fam [4 hosts, inv_str 5/6] || https://exitnode.dk/ [3 hosts, inv_str 1/3] || NN <relay-ops AT noonion dot de> [3 hosts, inv_str 2/3] || tutkfk@protonmail.com [3 hosts, inv_str 3/3] || email:Quetzalcoatl_relays[]proton.me url:https://quetzalcoatl-relays.o [12 hosts, inv_str 22/66] || email:info[]osservatorionessuno.org url:https://osservatorionessuno.or [5 hosts, inv_str 3/10] || anyone-motor-cycle@duck.com [3 hosts, inv_str 0/3] || email:admin[]prsv.ch url:https://prsv.ch/ proof:uri-rsa ciissversion:2 [9 hosts, inv_str 18/36] || printerexpert@mail2tor.com [3 hosts, inv_str 1/3]"
2026-08-11 21:00:00,2026-08-11 22:13:00,2,11,0,"email:admin[]prsv.ch url:https://prsv.ch/ proof:uri-rsa ciissversion:2 [8 hosts, inv_str 14/28] || NN <relay-ops AT noonion dot de> [3 hosts, inv_str 2/3]"
2026-08-11 22:38:21,2026-08-12 00:45:37,3,23,0,"email:admin[]prsv.ch url:https://prsv.ch/ proof:uri-rsa ciissversion:2 [9 hosts, inv_str 16/36] || email:forest-relay-contact[]cryptolab.net pgp:BCBAE3E9CB8E2FE23F29DC58 [11 hosts, inv_str 21/55] || RandomPerson <skynet@academyforinternetresearch.org> [3 hosts, inv_str 1/3]"
2026-08-12 00:55:18,2026-08-12 07:34:29,30,859,8,"email:admin[]prsv.ch url:https://prsv.ch/ proof:uri-rsa ciissversion:2 [11 hosts, inv_str 24/55] || email:tor[]1aeo.com url:https://www.1aeo.com proof:uri-familyid-ed2551 [10 hosts, inv_str 0/45] || email:tor[]1aeo.com url:https://www.1aeo.com proof:uri-familyid-ed2551 [60 hosts, inv_str 772/1770] || hello@relaymagic.org (relaymagic.org/contact) [3 hosts, inv_str 1/3] || email:Quetzalcoatl_relays[]proton.me url:https://quetzalcoatl-relays.o [6 hosts, inv_str 3/15] || email:john[]quintex.com url:https://www.quintex.com proof:uri-rsa abus [5 hosts, inv_str 4/10] || email:tor[]1aeo.com url:https://www.1aeo.com proof:uri-familyid-ed2551 [263 hosts, inv_str 4879/34453] || email:admin[]prsv.ch url:https://prsv.ch/ proof:uri-rsa ciissversion:2 [11 hosts, inv_str 23/55] || ContactInfo email:knight AT germancraft dot net url:germancraft.net pr [3 hosts, inv_str 2/3] || b-javaux.pro@proton.me [3 hosts, inv_str 2/3] || email:tor[]1aeo.com url:https://www.1aeo.com proof:uri-familyid-ed2551 [275 hosts, inv_str 11606/37675] || email:forest-relay-contact[]cryptolab.net pgp:BCBAE3E9CB8E2FE23F29DC58 [40 hosts, inv_str 397/780] || email:abuse[]tuxli.org pgp:32A1621FC5290921D720940187AC9FC1F2BCCB30 ur [3 hosts, inv_str 1/3] || email:admin@for-privacy.net url:for-privacy.net proof:dns-rsa abuse:ab [32 hosts, inv_str 230/496] || nano-tor-relays@proton.me [3 hosts, inv_str 3/3] || RandomPerson <skynet@academyforinternetresearch.org> [11 hosts, inv_str 39/55] || email:tor[]r0cket.net url:https://tor.r0cket.net/ proof:uri-rsa abuse: [6 hosts, inv_str 7/15] || email:Quetzalcoatl_relays[]proton.me url:https://quetzalcoatl-relays.o [4 hosts, inv_str 0/6] || escapemeplz@proton.me [12 hosts, inv_str 21/66] || email:admin[]stormycloud.org url:https://stormycloud.org proof:uri-fam [5 hosts, inv_str 5/10] || hwangminzi@proton.me [6 hosts, inv_str 7/15] || palcon3423@proton.me [6 hosts, inv_str 10/15] || hwangchulsoo@proton.me [10 hosts, inv_str 24/45] || url:https://ssdnodes.com email:tor-relays[]ssdnodes.com hoster:ssdnode [5 hosts, inv_str 3/10] || ContactInfo relay operator - contact: lucasvandekwq [at] rambler [dot] [5 hosts, inv_str 5/10] || relay operator - contact: lucasvandekwq [at] rambler [dot] ru [10 hosts, inv_str 19/45] || rulemyfuture22@proton.me [6 hosts, inv_str 5/15] || hwangminjun@proton.me [6 hosts, inv_str 5/15] || arieti009@proton.me [8 hosts, inv_str 12/28] || iwannagohom3@proton.me [4 hosts, inv_str 1/6] || email:r3bo0tbx1[]brokenbotnet.com url:https://relays.brokenbotnet.com  [4 hosts, inv_str 1/6] || url:https://ssdnodes.com email:tor-relays[]ssdnodes.com hoster:ssdnode [5 hosts, inv_str 3/10] || printerexpert@mail2tor.com [3 hosts, inv_str 0/3] || origameanings@gmail.com [3 hosts, inv_str 2/3] || Telegram: @yungbtc [3 hosts, inv_str 0/3] || Chaos Computer Club Wien (C3W) email:anonymity[]c3w.at url:https://c3w [4 hosts, inv_str 4/6] || email:john[]quintex.com url:https://www.quintex.com proof:uri-rsa abus [5 hosts, inv_str 7/10]"
2026-08-12 07:41:18,2026-08-12 11:22:42,8,52,13,"email:admin[]prsv.ch url:https://prsv.ch/ proof:uri-rsa ciissversion:2 [12 hosts, inv_str 34/66] || anonymous@torproject.org [4 hosts, inv_str 6/6] || email:john[]quintex.com url:https://www.quintex.com proof:uri-rsa abus [4 hosts, inv_str 4/6] || email:Quetzalcoatl_relays[]proton.me url:https://quetzalcoatl-relays.o [3 hosts, inv_str 0/3] || Uu77bBt0eDko5iDrRNiXt2quIVPMNKvILk1eqJbAVk9e@posteo.ch [3 hosts, inv_str 0/3] || email:Quetzalcoatl_relays[]proton.me url:https://quetzalcoatl-relays.o [13 hosts, inv_str 42/78] || Alpenwall email:alpenwall[]proton.me pgp:11F9B9631297C6E8A6ABAEB20F35F [3 hosts, inv_str 1/3] || printerexpert@mail2tor.com [4 hosts, inv_str 1/6] || Alpenwall email:alpenwall[]proton.me pgp:11F9B9631297C6E8A6ABAEB20F35F [3 hosts, inv_str 1/3] || email:info[]osservatorionessuno.org url:https://osservatorionessuno.or [3 hosts, inv_str 2/3]"
2026-08-12 11:39:48,2026-08-12 13:08:48,5,22,3,"printerexpert@mail2tor.com [3 hosts, inv_str 1/3] || email:Quetzalcoatl_relays[]proton.me url:https://quetzalcoatl-relays.o [3 hosts, inv_str 0/3] || email:admin[]prsv.ch url:https://prsv.ch/ proof:uri-rsa ciissversion:2 [7 hosts, inv_str 13/21] || NN <relay-ops AT noonion dot de> [3 hosts, inv_str 2/3] || email:john[]quintex.com url:https://www.quintex.com proof:uri-rsa abus [6 hosts, inv_str 9/15]"
2026-08-12 13:39:22,2026-08-12 18:45:06,8,78,6,"email:Quetzalcoatl_relays[]proton.me url:https://quetzalcoatl-relays.o [3 hosts, inv_str 0/3] || email:admin[]prsv.ch url:https://prsv.ch/ proof:uri-rsa ciissversion:2 [5 hosts, inv_str 9/10] || email:admin[]prsv.ch url:https://prsv.ch/ proof:uri-rsa ciissversion:2 [9 hosts, inv_str 12/36] || email:john[]quintex.com url:https://www.quintex.com proof:uri-rsa abus [6 hosts, inv_str 2/15] || email:usura[]sabotage.org url:https://sabotage.net proof:uri-rsa abuse [7 hosts, inv_str 13/21] || email:info[]osservatorionessuno.org url:https://osservatorionessuno.or [3 hosts, inv_str 2/3] || email:info[]osservatorionessuno.org url:https://osservatorionessuno.or [3 hosts, inv_str 0/3] || anyone-motor-cycle@duck.com [3 hosts, inv_str 0/3] || email:john[]quintex.com url:https://www.quintex.com proof:uri-rsa abus [3 hosts, inv_str 3/3] || email:Quetzalcoatl_relays[]proton.me url:https://quetzalcoatl-relays.o [3 hosts, inv_str 2/3] || email:usura[]sabotage.org url:https://sabotage.net proof:uri-rsa abuse [23 hosts, inv_str 181/253] || NN <relay-ops AT noonion dot de> [3 hosts, inv_str 1/3] || email:Quetzalcoatl_relays[]proton.me url:https://quetzalcoatl-relays.o [4 hosts, inv_str 5/6] || printerexpert@mail2tor.com [3 hosts, inv_str 1/3]"
2026-08-12 19:14:28,2026-08-13 05:04:21,10,118,10,"email:john[]quintex.com url:https://www.quintex.com proof:uri-rsa abus [3 hosts, inv_str 2/3] || email:Quetzalcoatl_relays[]proton.me url:https://quetzalcoatl-relays.o [4 hosts, inv_str 1/6] || email:admin[]prsv.ch url:https://prsv.ch/ proof:uri-rsa ciissversion:2 [10 hosts, inv_str 32/45] || email:info[]osservatorionessuno.org url:https://osservatorionessuno.or [3 hosts, inv_str 1/3] || email:john[]quintex.com url:https://www.quintex.com proof:uri-rsa abus [3 hosts, inv_str 1/3] || email:Quetzalcoatl_relays[]proton.me url:https://quetzalcoatl-relays.o [3 hosts, inv_str 1/3] || printerexpert@mail2tor.com [6 hosts, inv_str 8/15] || email:admin[]prsv.ch url:https://prsv.ch/ proof:uri-rsa ciissversion:2 [10 hosts, inv_str 18/45] || email:john[]quintex.com url:https://www.quintex.com proof:uri-rsa abus [4 hosts, inv_str 1/6] || email:info[]osservatorionessuno.org url:https://osservatorionessuno.or [3 hosts, inv_str 2/3] || email:john[]quintex.com url:https://www.quintex.com proof:uri-rsa abus [5 hosts, inv_str 6/10] || RandomPerson <skynet@academyforinternetresearch.org> [5 hosts, inv_str 4/10] || email:Quetzalcoatl_relays[]proton.me url:https://quetzalcoatl-relays.o [5 hosts, inv_str 5/10] || nano-tor-relays@proton.me [4 hosts, inv_str 1/6] || NN <relay-ops AT noonion dot de> [3 hosts, inv_str 2/3] || hello@relaymagic.org (relaymagic.org/contact) [3 hosts, inv_str 0/3] || email:Quetzalcoatl_relays[]proton.me url:https://quetzalcoatl-relays.o [3 hosts, inv_str 0/3] || printerexpert@mail2tor.com [3 hosts, inv_str 2/3] || email:Quetzalcoatl_relays[]proton.me url:https://quetzalcoatl-relays.o [6 hosts, inv_str 5/15] || email:admin@for-privacy.net url:for-privacy.net proof:dns-rsa abuse:ab [32 hosts, inv_str 232/496]"
2026-08-13 05:24:50,2026-08-13 07:27:23,6,43,10,"email:Quetzalcoatl_relays[]proton.me url:https://quetzalcoatl-relays.o [10 hosts, inv_str 24/45] || email:admin[]prsv.ch url:https://prsv.ch/ proof:uri-rsa ciissversion:2 [6 hosts, inv_str 8/15] || printerexpert@mail2tor.com [3 hosts, inv_str 1/3] || email:john[]quintex.com url:https://www.quintex.com proof:uri-rsa abus [3 hosts, inv_str 3/3] || url:https://ssdnodes.com email:tor-relays[]ssdnodes.com hoster:ssdnode [10 hosts, inv_str 28/45] || info@zeyd.eu [7 hosts, inv_str 7/21] || email:john[]quintex.com url:https://www.quintex.com proof:uri-rsa abus [4 hosts, inv_str 1/6]"
2026-08-13 07:34:59,2026-08-13 10:53:22,7,42,11,"email:Quetzalcoatl_relays[]proton.me url:https://quetzalcoatl-relays.o [4 hosts, inv_str 2/6] || email:admin[]prsv.ch url:https://prsv.ch/ proof:uri-rsa ciissversion:2 [10 hosts, inv_str 29/45] || printerexpert@mail2tor.com [3 hosts, inv_str 2/3] || justbits@tutamail.com [3 hosts, inv_str 1/3] || email:john[]quintex.com url:https://www.quintex.com proof:uri-rsa abus [4 hosts, inv_str 1/6] || anonymous@torproject.org [3 hosts, inv_str 1/3] || NN <relay-ops AT noonion dot de> [3 hosts, inv_str 1/3] || email:Quetzalcoatl_relays[]proton.me url:https://quetzalcoatl-relays.o [9 hosts, inv_str 14/36] || email:john[]quintex.com url:https://www.quintex.com proof:uri-rsa abus [3 hosts, inv_str 3/3]"
2026-08-13 11:16:26,2026-08-13 15:27:58,5,65,15,"email:Quetzalcoatl_relays[]proton.me url:https://quetzalcoatl-relays.o [10 hosts, inv_str 26/45] || NN <relay-ops AT noonion dot de> [3 hosts, inv_str 1/3] || email:john[]quintex.com url:https://www.quintex.com proof:uri-rsa abus [4 hosts, inv_str 3/6] || email:admin[]prsv.ch url:https://prsv.ch/ proof:uri-rsa ciissversion:2 [7 hosts, inv_str 13/21] || email:john[]quintex.com url:https://www.quintex.com proof:uri-rsa abus [4 hosts, inv_str 2/6] || email:info[]osservatorionessuno.org url:https://osservatorionessuno.or [4 hosts, inv_str 4/6] || email:john[]quintex.com url:https://www.quintex.com proof:uri-rsa abus [4 hosts, inv_str 3/6] || email:admin[]prsv.ch url:https://prsv.ch/ proof:uri-rsa ciissversion:2 [6 hosts, inv_str 11/15] || NN <relay-ops AT noonion dot de> [3 hosts, inv_str 1/3] || email:Quetzalcoatl_relays[]proton.me url:https://quetzalcoatl-relays.o [4 hosts, inv_str 2/6] || email:john[]quintex.com url:https://www.quintex.com proof:uri-rsa abus [4 hosts, inv_str 4/6] || email:Quetzalcoatl_relays[]proton.me url:https://quetzalcoatl-relays.o [6 hosts, inv_str 6/15] || email:admin[]prsv.ch url:https://prsv.ch/ proof:uri-rsa ciissversion:2 [6 hosts, inv_str 9/15]"
2026-08-13 15:33:28,2026-08-13 20:42:26,5,26,4,"email:admin[]prsv.ch url:https://prsv.ch/ proof:uri-rsa ciissversion:2 [9 hosts, inv_str 24/36] || anyone-motor-cycle@duck.com [3 hosts, inv_str 2/3] || email:Quetzalcoatl_relays[]proton.me url:https://quetzalcoatl-relays.o [4 hosts, inv_str 2/6] || email:john[]quintex.com url:https://www.quintex.com proof:uri-rsa abus [3 hosts, inv_str 1/3] || printerexpert@mail2tor.com [3 hosts, inv_str 1/3] || email:john[]quintex.com url:https://www.quintex.com proof:uri-rsa abus [4 hosts, inv_str 5/6]"
2026-08-13 21:03:51,2026-08-13 23:31:38,7,71,12,"email:Quetzalcoatl_relays[]proton.me url:https://quetzalcoatl-relays.o [3 hosts, inv_str 1/3] || email:admin[]prsv.ch url:https://prsv.ch/ proof:uri-rsa ciissversion:2 [8 hosts, inv_str 14/28] || dplus26@fastmail.com [3 hosts, inv_str 2/3] || Artikel10 url:artikel10.org email:info[]artikel10.org abuse:abuse[]art [32 hosts, inv_str 58/496] || NN <relay-ops AT noonion dot de> [3 hosts, inv_str 1/3] || email:Quetzalcoatl_relays[]proton.me url:https://quetzalcoatl-relays.o [11 hosts, inv_str 37/55] || email:info[]osservatorionessuno.org url:https://osservatorionessuno.or [3 hosts, inv_str 2/3] || Dave Null <dave@null.net> url:flashdance.cx proof:dns [8 hosts, inv_str 9/28]"
2026-08-13 23:51:29,2026-08-14 01:37:25,6,26,3,"email:admin[]prsv.ch url:https://prsv.ch/ proof:uri-rsa ciissversion:2 [9 hosts, inv_str 13/36] || / [3 hosts, inv_str 0/3] || RandomPerson <skynet@academyforinternetresearch.org> [4 hosts, inv_str 0/6] || email:forest-relay-contact[]cryptolab.net pgp:BCBAE3E9CB8E2FE23F29DC58 [3 hosts, inv_str 3/3] || email:Quetzalcoatl_relays[]proton.me url:https://quetzalcoatl-relays.o [3 hosts, inv_str 0/3] || email:john[]quintex.com url:https://www.quintex.com proof:uri-rsa abus [4 hosts, inv_str 3/6]"
2026-08-14 02:15:24,2026-08-14 03:57:19,3,11,0,"email:admin[]prsv.ch url:https://prsv.ch/ proof:uri-rsa ciissversion:2 [5 hosts, inv_str 8/10] || email:info[]osservatorionessuno.org url:https://osservatorionessuno.or [3 hosts, inv_str 2/3] || hello@relaymagic.org (relaymagic.org/contact) [3 hosts, inv_str 2/3]"
2026-08-14 04:10:52,2026-08-14 04:26:44,2,6,0,"email:forest-relay-contact[]cryptolab.net pgp:BCBAE3E9CB8E2FE23F29DC58 [3 hosts, inv_str 2/3] || email:admin[]prsv.ch url:https://prsv.ch/ proof:uri-rsa ciissversion:2 [3 hosts, inv_str 3/3]"
2026-08-14 04:47:29,2026-08-15 06:26:18,26,833,42,"email:tor[]1aeo.com url:https://www.1aeo.com proof:uri-familyid-ed2551 [14 hosts, inv_str 0/91] || email:admin[]prsv.ch url:https://prsv.ch/ proof:uri-rsa ciissversion:2 [32 hosts, inv_str 273/496] || email:info[]osservatorionessuno.org url:https://osservatorionessuno.or [3 hosts, inv_str 0/3] || gleepdorf AT proton DOT me [4 hosts, inv_str 4/6] || email:tor[]1aeo.com url:https://www.1aeo.com proof:uri-familyid-ed2551 [261 hosts, inv_str 9985/33930] || url:https://ssdnodes.com email:tor-relays[]ssdnodes.com hoster:ssdnode [10 hosts, inv_str 27/45] || email:john[]quintex.com url:https://www.quintex.com proof:uri-rsa abus [4 hosts, inv_str 3/6] || email:Quetzalcoatl_relays[]proton.me url:https://quetzalcoatl-relays.o [4 hosts, inv_str 2/6] || justbits@tutamail.com [3 hosts, inv_str 2/3] || email:john[]quintex.com url:https://www.quintex.com proof:uri-rsa abus [4 hosts, inv_str 5/6] || email:Quetzalcoatl_relays[]proton.me url:https://quetzalcoatl-relays.o [3 hosts, inv_str 3/3] || email:info[]osservatorionessuno.org url:https://osservatorionessuno.or [4 hosts, inv_str 3/6] || NN <relay-ops AT noonion dot de> [3 hosts, inv_str 2/3] || email:Quetzalcoatl_relays[]proton.me url:https://quetzalcoatl-relays.o [3 hosts, inv_str 0/3] || email:john[]quintex.com url:https://www.quintex.com proof:uri-rsa abus [3 hosts, inv_str 1/3] || email:john[]quintex.com url:https://www.quintex.com proof:uri-rsa abus [3 hosts, inv_str 1/3] || email:john[]quintex.com url:https://www.quintex.com proof:uri-rsa abus [6 hosts, inv_str 6/15] || Steve <tor@digital-world.dev> [3 hosts, inv_str 3/3] || NN <relay-ops AT noonion dot de> [3 hosts, inv_str 1/3] || email:Quetzalcoatl_relays[]proton.me url:https://quetzalcoatl-relays.o [3 hosts, inv_str 0/3] || email:john[]quintex.com url:https://www.quintex.com proof:uri-rsa abus [6 hosts, inv_str 8/15] || releafaddress@proton.me [3 hosts, inv_str 2/3] || email:john[]quintex.com url:https://www.quintex.com proof:uri-rsa abus [5 hosts, inv_str 4/10] || email:Quetzalcoatl_relays[]proton.me url:https://quetzalcoatl-relays.o [3 hosts, inv_str 3/3] || email:john[]quintex.com url:https://www.quintex.com proof:uri-rsa abus [4 hosts, inv_str 1/6] || email:Quetzalcoatl_relays[]proton.me url:https://quetzalcoatl-relays.o [32 hosts, inv_str 323/496] || NN <relay-ops AT noonion dot de> [3 hosts, inv_str 2/3] || email:admin[]prsv.ch url:https://prsv.ch/ proof:uri-rsa ciissversion:2 [22 hosts, inv_str 135/231] || anyone-motor-cycle@duck.com [3 hosts, inv_str 1/3] || email:john[]quintex.com url:https://www.quintex.com proof:uri-rsa abus [4 hosts, inv_str 5/6] || Steve <tor@digital-world.dev> [3 hosts, inv_str 0/3] || printerexpert@mail2tor.com [3 hosts, inv_str 1/3] || Alpenwall email:alpenwall[]proton.me pgp:11F9B9631297C6E8A6ABAEB20F35F [13 hosts, inv_str 56/78] || NN <relay-ops AT noonion dot de> [3 hosts, inv_str 1/3] || ContactInfo email:knight AT germancraft dot net url:germancraft.net pr [3 hosts, inv_str 1/3] || email:info[]osservatorionessuno.org url:https://osservatorionessuno.or [3 hosts, inv_str 1/3] || email:admin@for-privacy.net url:for-privacy.net proof:dns-rsa abuse:ab [32 hosts, inv_str 2/496] || tor@kllx.eu [7 hosts, inv_str 8/21] || email:john[]quintex.com url:https://www.quintex.com proof:uri-rsa abus [3 hosts, inv_str 1/3] || tor@bizarreworker.de [3 hosts, inv_str 1/3] || bienwald-torservers@outlook.de [4 hosts, inv_str 2/6] || email:john[]quintex.com url:https://www.quintex.com proof:uri-rsa abus [6 hosts, inv_str 6/15] || email:admin@for-privacy.net url:for-privacy.net proof:dns-rsa abuse:ab [3 hosts, inv_str 2/3] || email:john[]quintex.com url:https://www.quintex.com proof:uri-rsa abus [8 hosts, inv_str 11/28] || email:info[]osservatorionessuno.org url:https://osservatorionessuno.or [3 hosts, inv_str 1/3] || Artikel10 url:artikel10.org email:info[]artikel10.org abuse:abuse[]art [32 hosts, inv_str 0/496] || email:Quetzalcoatl_relays[]proton.me url:https://quetzalcoatl-relays.o [5 hosts, inv_str 2/10] || email:john[]quintex.com url:https://www.quintex.com proof:uri-rsa abus [7 hosts, inv_str 6/21] || DFRI email:tor[]dfri.se url:https://dfri.se proof:dns-familyid-ed25519 [6 hosts, inv_str 3/15] || email:admin@for-privacy.net url:for-privacy.net proof:dns-rsa abuse:ab [3 hosts, inv_str 1/3] || email:Quetzalcoatl_relays[]proton.me url:https://quetzalcoatl-relays.o [24 hosts, inv_str 175/276] || email:john[]quintex.com url:https://www.quintex.com proof:uri-rsa abus [6 hosts, inv_str 4/15] || email:info[]osservatorionessuno.org url:https://osservatorionessuno.or [4 hosts, inv_str 1/6] || RandomPerson <skynet@academyforinternetresearch.org> [4 hosts, inv_str 3/6] || email:john[]quintex.com url:https://www.quintex.com proof:uri-rsa abus [5 hosts, inv_str 9/10] || email:admin[]prsv.ch url:https://prsv.ch/ proof:uri-rsa ciissversion:2 [13 hosts, inv_str 48/78] || printerexpert@mail2tor.com [3 hosts, inv_str 3/3] || email:john[]quintex.com url:https://www.quintex.com proof:uri-rsa abus [4 hosts, inv_str 2/6] || nano-tor-relays@proton.me [3 hosts, inv_str 2/3] || email:info[]osservatorionessuno.org url:https://osservatorionessuno.or [4 hosts, inv_str 3/6] || email:admin[]stormycloud.org url:https://stormycloud.org proof:uri-fam [4 hosts, inv_str 3/6] || email:admin[]prsv.ch url:https://prsv.ch/ proof:uri-rsa ciissversion:2 [70 hosts, inv_str 1194/2415] || email:admin@for-privacy.net url:for-privacy.net proof:dns-rsa abuse:ab [3 hosts, inv_str 1/3] || hello@relaymagic.org (relaymagic.org/contact) [3 hosts, inv_str 1/3] || email:john[]quintex.com url:https://www.quintex.com proof:uri-rsa abus [4 hosts, inv_str 3/6] || printerexpert@mail2tor.com [3 hosts, inv_str 2/3] || email:john[]quintex.com url:https://www.quintex.com proof:uri-rsa abus [5 hosts, inv_str 8/10] || email:admin@for-privacy.net url:for-privacy.net proof:dns-rsa abuse:ab [32 hosts, inv_str 233/496] || email:admin[]prsv.ch url:https://prsv.ch/ proof:uri-rsa ciissversion:2 [6 hosts, inv_str 7/15] || tor [] wurzelmann.at [7 hosts, inv_str 13/21] || email:Quetzalcoatl_relays[]proton.me url:https://quetzalcoatl-relays.o [3 hosts, inv_str 1/3] || NN <relay-ops AT noonion dot de> [3 hosts, inv_str 2/3] || url:https://ssdnodes.com email:tor-relays[]ssdnodes.com hoster:ssdnode [7 hosts, inv_str 12/21] || email:john[]quintex.com url:https://www.quintex.com proof:uri-rsa abus [5 hosts, inv_str 5/10]"
2026-08-15 06:42:18,2026-08-15 07:37:55,3,13,0,"email:admin[]prsv.ch url:https://prsv.ch/ proof:uri-rsa ciissversion:2 [4 hosts, inv_str 3/6] || url:https://ssdnodes.com email:tor-relays[]ssdnodes.com hoster:ssdnode [3 hosts, inv_str 3/3] || email:john[]quintex.com url:https://www.quintex.com proof:uri-rsa abus [6 hosts, inv_str 3/15]"
2026-08-15 07:38:51,2026-08-15 08:31:24,4,16,3,"email:admin[]prsv.ch url:https://prsv.ch/ proof:uri-rsa ciissversion:2 [5 hosts, inv_str 8/10] || email:Quetzalcoatl_relays[]proton.me url:https://quetzalcoatl-relays.o [3 hosts, inv_str 0/3] || email:john[]quintex.com url:https://www.quintex.com proof:uri-rsa abus [5 hosts, inv_str 4/10] || hiwi  <hiwi AT nurfuerspam dot de> [3 hosts, inv_str 3/3]"
2026-08-15 08:53:13,2026-08-15 15:39:07,7,115,8,"email:admin[]prsv.ch url:https://prsv.ch/ proof:uri-rsa ciissversion:2 [6 hosts, inv_str 8/15] || email:john[]quintex.com url:https://www.quintex.com proof:uri-rsa abus [6 hosts, inv_str 9/15] || email:Quetzalcoatl_relays[]proton.me url:https://quetzalcoatl-relays.o [4 hosts, inv_str 5/6] || email:john[]quintex.com url:https://www.quintex.com proof:uri-rsa abus [9 hosts, inv_str 15/36] || NN <relay-ops AT noonion dot de> [4 hosts, inv_str 5/6] || tor@apt96.com [3 hosts, inv_str 1/3] || email:Quetzalcoatl_relays[]proton.me url:https://quetzalcoatl-relays.o [3 hosts, inv_str 0/3] || email:admin[]prsv.ch url:https://prsv.ch/ proof:uri-rsa ciissversion:2 [4 hosts, inv_str 5/6] || email:john[]quintex.com url:https://www.quintex.com proof:uri-rsa abus [5 hosts, inv_str 5/10] || email:Quetzalcoatl_relays[]proton.me url:https://quetzalcoatl-relays.o [4 hosts, inv_str 3/6] || email:john[]quintex.com url:https://www.quintex.com proof:uri-rsa abus [6 hosts, inv_str 8/15] || email:admin[]prsv.ch url:https://prsv.ch/ proof:uri-rsa ciissversion:2 [10 hosts, inv_str 23/45] || email:Quetzalcoatl_relays[]proton.me url:https://quetzalcoatl-relays.o [4 hosts, inv_str 1/6] || email:john[]quintex.com url:https://www.quintex.com proof:uri-rsa abus [8 hosts, inv_str 13/28] || Foundation for Applied Privacy email:tor[]appliedprivacy.net donationu [15 hosts, inv_str 35/105] || email:john[]quintex.com url:https://www.quintex.com proof:uri-rsa abus [21 hosts, inv_str 102/210] || <trly1 AT proton dot me> [3 hosts, inv_str 2/3]"
2026-08-15 16:00:18,2026-08-15 17:32:25,3,22,0,"email:admin[]prsv.ch url:https://prsv.ch/ proof:uri-rsa ciissversion:2 [8 hosts, inv_str 17/28] || email:john[]quintex.com url:https://www.quintex.com proof:uri-rsa abus [6 hosts, inv_str 8/15] || printerexpert@mail2tor.com [4 hosts, inv_str 2/6] || email:john[]quintex.com url:https://www.quintex.com proof:uri-rsa abus [4 hosts, inv_str 4/6]"
2026-08-15 17:40:39,2026-08-16 09:28:39,18,489,44,"email:admin[]prsv.ch url:https://prsv.ch/ proof:uri-rsa ciissversion:2 [11 hosts, inv_str 25/55] || email:toralf.foerster[]gmx.de gpg:1A376F994A9D026F13E24DCFC4EACDDE0076 [4 hosts, inv_str 3/6] || email:Quetzalcoatl_relays[]proton.me url:https://quetzalcoatl-relays.o [3 hosts, inv_str 2/3] || email:john[]quintex.com url:https://www.quintex.com proof:uri-rsa abus [5 hosts, inv_str 6/10] || email:info[]osservatorionessuno.org url:https://osservatorionessuno.or [3 hosts, inv_str 1/3] || printerexpert@mail2tor.com [4 hosts, inv_str 3/6] || email:admin@for-privacy.net url:for-privacy.net proof:dns-rsa abuse:ab [32 hosts, inv_str 49/496] || email:john[]quintex.com url:https://www.quintex.com proof:uri-rsa abus [9 hosts, inv_str 13/36] || NN <relay-ops AT noonion dot de> [3 hosts, inv_str 3/3] || email:john[]quintex.com url:https://www.quintex.com proof:uri-rsa abus [11 hosts, inv_str 27/55] || email:info[]osservatorionessuno.org url:https://osservatorionessuno.or [4 hosts, inv_str 4/6] || email:john[]quintex.com url:https://www.quintex.com proof:uri-rsa abus [11 hosts, inv_str 33/55] || email:Quetzalcoatl_relays[]proton.me url:https://quetzalcoatl-relays.o [5 hosts, inv_str 6/10] || email:john[]quintex.com url:https://www.quintex.com proof:uri-rsa abus [10 hosts, inv_str 23/45] || email:Quetzalcoatl_relays[]proton.me url:https://quetzalcoatl-relays.o [26 hosts, inv_str 215/325] || email:john[]quintex.com url:https://www.quintex.com proof:uri-rsa abus [9 hosts, inv_str 13/36] || NN <relay-ops AT noonion dot de> [4 hosts, inv_str 2/6] || nano-tor-relays@proton.me [3 hosts, inv_str 1/3] || mismoculas1977@protonmail.com [23 hosts, inv_str 153/253] || email:info[]osservatorionessuno.org url:https://osservatorionessuno.or [3 hosts, inv_str 2/3] || tr0419@proton.me [3 hosts, inv_str 3/3] || email:john[]quintex.com url:https://www.quintex.com proof:uri-rsa abus [7 hosts, inv_str 11/21] || nano-tor-relays@proton.me [4 hosts, inv_str 4/6] || email:admin[]stormycloud.org url:https://stormycloud.org proof:uri-fam [12 hosts, inv_str 28/66] || email:john[]quintex.com url:https://www.quintex.com proof:uri-rsa abus [4 hosts, inv_str 4/6] || freiraum_TK AT protonmail DOT ch [12 hosts, inv_str 37/66] || NN <relay-ops AT noonion dot de> [3 hosts, inv_str 2/3] || freiraum_TK (AT) protonmail (DOT) ch [3 hosts, inv_str 0/3] || email:john[]quintex.com url:https://www.quintex.com proof:uri-rsa abus [31 hosts, inv_str 217/465] || hello@relaymagic.org (relaymagic.org/contact) [3 hosts, inv_str 1/3] || email:Quetzalcoatl_relays[]proton.me url:https://quetzalcoatl-relays.o [35 hosts, inv_str 401/595] || email:info[]osservatorionessuno.org url:https://osservatorionessuno.or [4 hosts, inv_str 4/6] || email:tor[]terjan.net url:terjan.net proof:dns-rsa pgp:7529B19AD63AEF1 [3 hosts, inv_str 3/3] || NN <relay-ops AT noonion dot de> [3 hosts, inv_str 1/3] || nano-tor-relays@proton.me [7 hosts, inv_str 4/21] || Alpenwall email:alpenwall[]proton.me pgp:11F9B9631297C6E8A6ABAEB20F35F [17 hosts, inv_str 72/136] || email:admin@for-privacy.net url:for-privacy.net proof:dns-rsa abuse:ab [32 hosts, inv_str 220/496] || email:admin[]stormycloud.org url:https://stormycloud.org proof:uri-fam [14 hosts, inv_str 67/91] || email:admin[]prsv.ch url:https://prsv.ch/ proof:uri-rsa ciissversion:2 [10 hosts, inv_str 20/45] || email:info[]osservatorionessuno.org url:https://osservatorionessuno.or [3 hosts, inv_str 0/3] || email:john[]quintex.com url:https://www.quintex.com proof:uri-rsa abus [6 hosts, inv_str 10/15] || email:Quetzalcoatl_relays[]proton.me url:https://quetzalcoatl-relays.o [8 hosts, inv_str 11/28] || nano-tor-relays@proton.me [5 hosts, inv_str 2/10] || email:john[]quintex.com url:https://www.quintex.com proof:uri-rsa abus [8 hosts, inv_str 12/28] || url:https://ssdnodes.com email:tor-relays[]ssdnodes.com hoster:ssdnode [10 hosts, inv_str 27/45] || email:admin@for-privacy.net url:for-privacy.net proof:dns-rsa abuse:ab [32 hosts, inv_str 6/496] || email:john[]quintex.com url:https://www.quintex.com proof:uri-rsa abus [10 hosts, inv_str 36/45] || email:john[]quintex.com url:https://www.quintex.com proof:uri-rsa abus [9 hosts, inv_str 9/36] || email:john[]quintex.com url:https://www.quintex.com proof:uri-rsa abus [8 hosts, inv_str 13/28]"
2026-08-16 09:45:19,2026-08-17 10:47:27,21,392,8,"email:admin[]prsv.ch url:https://prsv.ch/ proof:uri-rsa ciissversion:2 [4 hosts, inv_str 0/6] || email:john[]quintex.com url:https://www.quintex.com proof:uri-rsa abus [7 hosts, inv_str 15/21] || email:admin[]prsv.ch url:https://prsv.ch/ proof:uri-rsa ciissversion:2 [10 hosts, inv_str 32/45] || NN <relay-ops AT noonion dot de> [6 hosts, inv_str 10/15] || email:Quetzalcoatl_relays[]proton.me url:https://quetzalcoatl-relays.o [3 hosts, inv_str 3/3] || email:john[]quintex.com url:https://www.quintex.com proof:uri-rsa abus [10 hosts, inv_str 20/45] || email:Quetzalcoatl_relays[]proton.me url:https://quetzalcoatl-relays.o [4 hosts, inv_str 3/6] || email:john[]quintex.com url:https://www.quintex.com proof:uri-rsa abus [11 hosts, inv_str 37/55] || b-javaux.pro@proton.me [3 hosts, inv_str 3/3] || email:admin[]prsv.ch url:https://prsv.ch/ proof:uri-rsa ciissversion:2 [5 hosts, inv_str 6/10] || email:john[]quintex.com url:https://www.quintex.com proof:uri-rsa abus [10 hosts, inv_str 25/45] || email:admin[]prsv.ch url:https://prsv.ch/ proof:uri-rsa ciissversion:2 [8 hosts, inv_str 19/28] || email:john[]quintex.com url:https://www.quintex.com proof:uri-rsa abus [11 hosts, inv_str 25/55] || Uu77bBt0eDko5iDrRNiXt2quIVPMNKvILk1eqJbAVk9e@posteo.ch [3 hosts, inv_str 0/3] || email:info[]osservatorionessuno.org url:https://osservatorionessuno.or [4 hosts, inv_str 5/6] || email:john[]quintex.com url:https://www.quintex.com proof:uri-rsa abus [15 hosts, inv_str 52/105] || printerexpert@mail2tor.com [3 hosts, inv_str 2/3] || email:admin[]prsv.ch url:https://prsv.ch/ proof:uri-rsa ciissversion:2 [13 hosts, inv_str 54/78] || anyone-motor-cycle@duck.com [3 hosts, inv_str 0/3] || email:Quetzalcoatl_relays[]proton.me url:https://quetzalcoatl-relays.o [3 hosts, inv_str 2/3] || chapman.shoop@riseup.net [8 hosts, inv_str 20/28] || email:toralf.foerster[]gmx.de gpg:1A376F994A9D026F13E24DCFC4EACDDE0076 [3 hosts, inv_str 1/3] || email:info[]osservatorionessuno.org url:https://osservatorionessuno.or [3 hosts, inv_str 1/3] || email:john[]quintex.com url:https://www.quintex.com proof:uri-rsa abus [4 hosts, inv_str 2/6] || tr0419@proton.me [3 hosts, inv_str 3/3] || email:john[]quintex.com url:https://www.quintex.com proof:uri-rsa abus [6 hosts, inv_str 9/15] || email:tor[]terjan.net url:terjan.net proof:dns-rsa pgp:7529B19AD63AEF1 [5 hosts, inv_str 4/10] || email:john[]quintex.com url:https://www.quintex.com proof:uri-rsa abus [4 hosts, inv_str 4/6] || email:john[]quintex.com url:https://www.quintex.com proof:uri-rsa abus [5 hosts, inv_str 7/10] || none [3 hosts, inv_str 1/3] || email:john[]quintex.com url:https://www.quintex.com proof:uri-rsa abus [6 hosts, inv_str 10/15] || printerexpert@mail2tor.com [3 hosts, inv_str 1/3] || printerexpert@mail2tor.com [3 hosts, inv_str 2/3] || email:john[]quintex.com url:https://www.quintex.com proof:uri-rsa abus [10 hosts, inv_str 10/45] || kopfschusskorl@gmail.com [4 hosts, inv_str 0/6] || email:info[]osservatorionessuno.org url:https://osservatorionessuno.or [3 hosts, inv_str 1/3] || email:john[]quintex.com url:https://www.quintex.com proof:uri-rsa abus [6 hosts, inv_str 10/15] || printerexpert@mail2tor.com [4 hosts, inv_str 3/6] || RandomPerson <skynet@academyforinternetresearch.org> [5 hosts, inv_str 1/10] || NN <relay-ops AT noonion dot de> [4 hosts, inv_str 2/6] || email:john[]quintex.com url:https://www.quintex.com proof:uri-rsa abus [3 hosts, inv_str 1/3] || kopfschusskorl@gmail.com [3 hosts, inv_str 1/3] || email:info[]osservatorionessuno.org url:https://osservatorionessuno.or [4 hosts, inv_str 1/6] || printerexpert@mail2tor.com [4 hosts, inv_str 2/6] || email:john[]quintex.com url:https://www.quintex.com proof:uri-rsa abus [3 hosts, inv_str 2/3] || email:john[]quintex.com url:https://www.quintex.com proof:uri-rsa abus [4 hosts, inv_str 3/6] || mismoculas1977@protonmail.com [20 hosts, inv_str 86/190] || hello@relaymagic.org (relaymagic.org/contact) [3 hosts, inv_str 2/3] || email:john[]quintex.com url:https://www.quintex.com proof:uri-rsa abus [6 hosts, inv_str 8/15] || email:john[]quintex.com url:https://www.quintex.com proof:uri-rsa abus [9 hosts, inv_str 11/36] || email:admin@for-privacy.net url:for-privacy.net proof:dns-rsa abuse:ab [32 hosts, inv_str 198/496] || email:Quetzalcoatl_relays[]proton.me url:https://quetzalcoatl-relays.o [4 hosts, inv_str 3/6] || NN <relay-ops AT noonion dot de> [3 hosts, inv_str 0/3] || email:john[]quintex.com url:https://www.quintex.com proof:uri-rsa abus [4 hosts, inv_str 2/6] || email:info[]osservatorionessuno.org url:https://osservatorionessuno.or [4 hosts, inv_str 3/6] || email:Quetzalcoatl_relays[]proton.me url:https://quetzalcoatl-relays.o [3 hosts, inv_str 0/3] || url:https://ssdnodes.com email:tor-relays[]ssdnodes.com hoster:ssdnode [5 hosts, inv_str 6/10] || url:https://ssdnodes.com email:tor-relays[]ssdnodes.com hoster:ssdnode [5 hosts, inv_str 6/10] || email:john[]quintex.com url:https://www.quintex.com proof:uri-rsa abus [6 hosts, inv_str 8/15] || NN <relay-ops AT noonion dot de> [4 hosts, inv_str 1/6] || email:info[]osservatorionessuno.org url:https://osservatorionessuno.or [3 hosts, inv_str 1/3] || email:admin[]prsv.ch url:https://prsv.ch/ proof:uri-rsa ciissversion:2 [8 hosts, inv_str 20/28] || email:john[]quintex.com url:https://www.quintex.com proof:uri-rsa abus [8 hosts, inv_str 12/28] || email:john[]quintex.com url:https://www.quintex.com proof:uri-rsa abus [5 hosts, inv_str 1/10] || NN <relay-ops AT noonion dot de> [3 hosts, inv_str 2/3] || email:john[]quintex.com url:https://www.quintex.com proof:uri-rsa abus [5 hosts, inv_str 5/10] || Random Person nobody@tor.org [3 hosts, inv_str 1/3]"
2026-08-17 11:04:30,2026-08-17 19:27:39,8,95,7,"email:Quetzalcoatl_relays[]proton.me url:https://quetzalcoatl-relays.o [3 hosts, inv_str 0/3] || email:admin[]prsv.ch url:https://prsv.ch/ proof:uri-rsa ciissversion:2 [12 hosts, inv_str 30/66] || email:john[]quintex.com url:https://www.quintex.com proof:uri-rsa abus [7 hosts, inv_str 6/21] || printerexpert@mail2tor.com [3 hosts, inv_str 2/3] || email:john[]quintex.com url:https://www.quintex.com proof:uri-rsa abus [4 hosts, inv_str 3/6] || email:john[]quintex.com url:https://www.quintex.com proof:uri-rsa abus [4 hosts, inv_str 2/6] || email:Quetzalcoatl_relays[]proton.me url:https://quetzalcoatl-relays.o [3 hosts, inv_str 3/3] || Uu77bBt0eDko5iDrRNiXt2quIVPMNKvILk1eqJbAVk9e@posteo.ch [3 hosts, inv_str 1/3] || email:admin[]prsv.ch url:https://prsv.ch/ proof:uri-rsa ciissversion:2 [10 hosts, inv_str 23/45] || email:Quetzalcoatl_relays[]proton.me url:https://quetzalcoatl-relays.o [5 hosts, inv_str 7/10] || mismoculas1977@protonmail.com [3 hosts, inv_str 1/3] || email:info[]osservatorionessuno.org url:https://osservatorionessuno.or [4 hosts, inv_str 2/6] || email:john[]quintex.com url:https://www.quintex.com proof:uri-rsa abus [3 hosts, inv_str 1/3] || printerexpert@mail2tor.com [3 hosts, inv_str 0/3] || anyone-motor-cycle@duck.com [3 hosts, inv_str 1/3] || email:john[]quintex.com url:https://www.quintex.com proof:uri-rsa abus [10 hosts, inv_str 29/45] || printerexpert@mail2tor.com [9 hosts, inv_str 24/36] || email:Quetzalcoatl_relays[]proton.me url:https://quetzalcoatl-relays.o [3 hosts, inv_str 0/3] || email:john[]quintex.com url:https://www.quintex.com proof:uri-rsa abus [3 hosts, inv_str 3/3]"
2026-08-17 19:49:20,2026-08-17 23:20:31,9,179,5,"email:admin[]prsv.ch url:https://prsv.ch/ proof:uri-rsa ciissversion:2 [8 hosts, inv_str 21/28] || printerexpert@mail2tor.com [3 hosts, inv_str 1/3] || email:Quetzalcoatl_relays[]proton.me url:https://quetzalcoatl-relays.o [4 hosts, inv_str 3/6] || Digitalcourage e.V. email:tor-abuse[]digitalcourage.de abuse:tor-abuse [15 hosts, inv_str 24/105] || email:john[]quintex.com url:https://www.quintex.com proof:uri-rsa abus [3 hosts, inv_str 2/3] || email:john[]quintex.com url:https://www.quintex.com proof:uri-rsa abus [4 hosts, inv_str 1/6] || Artikel10 url:artikel10.org email:info[]artikel10.org abuse:abuse[]art [32 hosts, inv_str 0/496] || email:info[]osservatorionessuno.org url:https://osservatorionessuno.or [3 hosts, inv_str 2/3] || email:Quetzalcoatl_relays[]proton.me url:https://quetzalcoatl-relays.o [4 hosts, inv_str 1/6] || email:admin@for-privacy.net url:for-privacy.net proof:dns-rsa abuse:ab [3 hosts, inv_str 3/3] || email:tech[]emeraldonion.org abuse:tech[]emeraldonion.org mastodon:htt [96 hosts, inv_str 2458/4560] || email:john[]quintex.com url:https://www.quintex.com proof:uri-rsa abus [4 hosts, inv_str 4/6]"
2026-08-17 23:48:57,2026-08-18 01:27:25,5,22,0,"email:admin[]prsv.ch url:https://prsv.ch/ proof:uri-rsa ciissversion:2 [7 hosts, inv_str 8/21] || email:info[]osservatorionessuno.org url:https://osservatorionessuno.or [3 hosts, inv_str 1/3] || RandomPerson <skynet@academyforinternetresearch.org> [3 hosts, inv_str 0/3] || email:john[]quintex.com url:https://www.quintex.com proof:uri-rsa abus [6 hosts, inv_str 7/15] || NN <relay-ops AT noonion dot de> [3 hosts, inv_str 2/3]"
2026-08-18 01:50:07,2026-08-18 04:29:25,7,35,3,"printerexpert@mail2tor.com [3 hosts, inv_str 2/3] || Artikel10 url:artikel10.org email:info[]artikel10.org abuse:abuse[]art [4 hosts, inv_str 0/6] || email:admin[]prsv.ch url:https://prsv.ch/ proof:uri-rsa ciissversion:2 [8 hosts, inv_str 19/28] || email:john[]quintex.com url:https://www.quintex.com proof:uri-rsa abus [4 hosts, inv_str 1/6] || email:Quetzalcoatl_relays[]proton.me url:https://quetzalcoatl-relays.o [3 hosts, inv_str 2/3] || tor@kllx.eu [4 hosts, inv_str 6/6] || hello@relaymagic.org (relaymagic.org/contact) [3 hosts, inv_str 0/3] || tor@kllx.eu [6 hosts, inv_str 7/15]"
2026-08-18 04:52:15,2026-08-18 12:35:02,14,227,7,"tor [] wurzelmann.at [7 hosts, inv_str 13/21] || email:admin[]prsv.ch url:https://prsv.ch/ proof:uri-rsa ciissversion:2 [12 hosts, inv_str 36/66] || email:john[]quintex.com url:https://www.quintex.com proof:uri-rsa abus [3 hosts, inv_str 1/3] || email:info[]osservatorionessuno.org url:https://osservatorionessuno.or [4 hosts, inv_str 4/6] || email:tor[]r0cket.net url:https://tor.r0cket.net/ proof:uri-rsa abuse: [4 hosts, inv_str 5/6] || email:Quetzalcoatl_relays[]proton.me url:https://quetzalcoatl-relays.o [3 hosts, inv_str 3/3] || url:https://ssdnodes.com email:tor-relays[]ssdnodes.com hoster:ssdnode [10 hosts, inv_str 12/45] || printerexpert@mail2tor.com [5 hosts, inv_str 3/10] || email:forest-relay-contact[]cryptolab.net pgp:BCBAE3E9CB8E2FE23F29DC58 [3 hosts, inv_str 2/3] || email:tor[]r0cket.net url:https://tor.r0cket.net/ proof:uri-rsa abuse: [3 hosts, inv_str 2/3] || NN <relay-ops AT noonion dot de> [3 hosts, inv_str 1/3] || email:Quetzalcoatl_relays[]proton.me url:https://quetzalcoatl-relays.o [5 hosts, inv_str 1/10] || email:john[]quintex.com url:https://www.quintex.com proof:uri-rsa abus [4 hosts, inv_str 4/6] || printerexpert@mail2tor.com [3 hosts, inv_str 1/3] || info@zeyd.eu [4 hosts, inv_str 2/6] || NN <relay-ops AT noonion dot de> [3 hosts, inv_str 0/3] || email:Quetzalcoatl_relays[]proton.me url:https://quetzalcoatl-relays.o [4 hosts, inv_str 3/6] || email:info[]osservatorionessuno.org url:https://osservatorionessuno.or [3 hosts, inv_str 2/3] || email:Quetzalcoatl_relays[]proton.me url:https://quetzalcoatl-relays.o [4 hosts, inv_str 1/6] || email:admin[@]unredacted.org url:unredacted.org proof:dns-familyid-ed2 [118 hosts, inv_str 2474/6903] || printerexpert@mail2tor.com [3 hosts, inv_str 0/3] || email:john[]quintex.com url:https://www.quintex.com proof:uri-rsa abus [4 hosts, inv_str 4/6] || email:forest-relay-contact[]cryptolab.net pgp:BCBAE3E9CB8E2FE23F29DC58 [3 hosts, inv_str 2/3] || Random Person nobody@tor.org [3 hosts, inv_str 3/3] || email:john[]quintex.com url:https://www.quintex.com proof:uri-rsa abus [6 hosts, inv_str 3/15] || Uu77bBt0eDko5iDrRNiXt2quIVPMNKvILk1eqJbAVk9e@posteo.ch [3 hosts, inv_str 1/3]"
2026-08-18 12:56:21,2026-08-18 14:39:13,7,41,7,"email:admin[]prsv.ch url:https://prsv.ch/ proof:uri-rsa ciissversion:2 [11 hosts, inv_str 29/55] || email:info[]osservatorionessuno.org url:https://osservatorionessuno.or [3 hosts, inv_str 3/3] || email:john[]quintex.com url:https://www.quintex.com proof:uri-rsa abus [6 hosts, inv_str 5/15] || D.O. Bronk email:tor-relay@bronk-ict.nl url:bronk-ict.nl proof:dns-rsa [3 hosts, inv_str 2/3] || email:Quetzalcoatl_relays[]proton.me url:https://quetzalcoatl-relays.o [7 hosts, inv_str 6/21] || NN <relay-ops AT noonion dot de> [4 hosts, inv_str 3/6] || Uu77bBt0eDko5iDrRNiXt2quIVPMNKvILk1eqJbAVk9e@posteo.ch [3 hosts, inv_str 0/3] || email:john[]quintex.com url:https://www.quintex.com proof:uri-rsa abus [4 hosts, inv_str 4/6]"
2026-08-18 14:41:46,2026-08-18 15:42:41,5,23,3,"printerexpert@mail2tor.com [9 hosts, inv_str 9/36] || Telegram: @yungbtc [3 hosts, inv_str 2/3] || email:john[]quintex.com url:https://www.quintex.com proof:uri-rsa abus [5 hosts, inv_str 6/10] || email:Quetzalcoatl_relays[]proton.me url:https://quetzalcoatl-relays.o [3 hosts, inv_str 2/3] || email:admin[]prsv.ch url:https://prsv.ch/ proof:uri-rsa ciissversion:2 [3 hosts, inv_str 2/3]"
2026-08-18 15:47:20,2026-08-18 16:52:25,4,14,0,"email:admin[]prsv.ch url:https://prsv.ch/ proof:uri-rsa ciissversion:2 [5 hosts, inv_str 8/10] || anyone-motor-cycle@duck.com [3 hosts, inv_str 0/3] || email:john[]quintex.com url:https://www.quintex.com proof:uri-rsa abus [3 hosts, inv_str 0/3] || 1022y9d0sk@zoho.com [3 hosts, inv_str 2/3]"
2026-08-18 16:57:55,2026-08-19 04:30:12,18,231,11,"email:Quetzalcoatl_relays[]proton.me url:https://quetzalcoatl-relays.o [3 hosts, inv_str 3/3] || email:abuse[]tuxli.org pgp:32A1621FC5290921D720940187AC9FC1F2BCCB30 ur [3 hosts, inv_str 1/3] || 1022y9d0sk@zoho.com [3 hosts, inv_str 0/3] || email:john[]quintex.com url:https://www.quintex.com proof:uri-rsa abus [21 hosts, inv_str 105/210] || email:admin[]prsv.ch url:https://prsv.ch/ proof:uri-rsa ciissversion:2 [4 hosts, inv_str 5/6] || email:info[]osservatorionessuno.org url:https://osservatorionessuno.or [3 hosts, inv_str 0/3] || anonymous@torproject.org [3 hosts, inv_str 3/3] || email:admin[]prsv.ch url:https://prsv.ch/ proof:uri-rsa ciissversion:2 [23 hosts, inv_str 140/253] || DFRI email:tor[]dfri.se url:https://dfri.se proof:dns-familyid-ed25519 [4 hosts, inv_str 1/6] || email:Quetzalcoatl_relays[]proton.me url:https://quetzalcoatl-relays.o [4 hosts, inv_str 4/6] || Digitalcourage e.V. email:tor-abuse[]digitalcourage.de abuse:tor-abuse [15 hosts, inv_str 27/105] || email:john[]quintex.com url:https://www.quintex.com proof:uri-rsa abus [6 hosts, inv_str 4/15] || akifsevinc [at] proton [dot] com [3 hosts, inv_str 2/3] || printerexpert@mail2tor.com [5 hosts, inv_str 4/10] || 1022y9d0sk@zoho.com [3 hosts, inv_str 2/3] || email:john[]quintex.com url:https://www.quintex.com proof:uri-rsa abus [7 hosts, inv_str 8/21] || url:https://immerscharf.github.io proof:uri-rsa ciisversion:2 <Nur wei [4 hosts, inv_str 3/6] || email:john[]quintex.com url:https://www.quintex.com proof:uri-rsa abus [7 hosts, inv_str 12/21] || Artikel10 url:artikel10.org email:info[]artikel10.org abuse:abuse[]art [32 hosts, inv_str 0/496] || printerexpert@mail2tor.com [3 hosts, inv_str 2/3] || email:john[]quintex.com url:https://www.quintex.com proof:uri-rsa abus [7 hosts, inv_str 8/21] || email:john[]quintex.com url:https://www.quintex.com proof:uri-rsa abus [5 hosts, inv_str 4/10] || email:Quetzalcoatl_relays[]proton.me url:https://quetzalcoatl-relays.o [4 hosts, inv_str 4/6] || RandomPerson <skynet@academyforinternetresearch.org> [5 hosts, inv_str 5/10] || email:john[]quintex.com url:https://www.quintex.com proof:uri-rsa abus [3 hosts, inv_str 1/3] || your@e-mail [3 hosts, inv_str 2/3] || email:info[]osservatorionessuno.org url:https://osservatorionessuno.or [4 hosts, inv_str 4/6] || email:Quetzalcoatl_relays[]proton.me url:https://quetzalcoatl-relays.o [3 hosts, inv_str 2/3] || email:john[]quintex.com url:https://www.quintex.com proof:uri-rsa abus [4 hosts, inv_str 6/6] || Artikel10 url:artikel10.org email:info[]artikel10.org abuse:abuse[]art [4 hosts, inv_str 0/6] || email:john[]quintex.com url:https://www.quintex.com proof:uri-rsa abus [6 hosts, inv_str 10/15] || email:Quetzalcoatl_relays[]proton.me url:https://quetzalcoatl-relays.o [5 hosts, inv_str 4/10] || anyone-motor-cycle@duck.com [3 hosts, inv_str 2/3] || email:Quetzalcoatl_relays[]proton.me url:https://quetzalcoatl-relays.o [6 hosts, inv_str 8/15] || hello@relaymagic.org (relaymagic.org/contact) [3 hosts, inv_str 2/3] || email:john[]quintex.com url:https://www.quintex.com proof:uri-rsa abus [4 hosts, inv_str 2/6] || printerexpert@mail2tor.com [3 hosts, inv_str 2/3] || 07bguwlk@yandex.com [3 hosts, inv_str 3/3]"
2026-08-19 04:46:18,2026-08-19 05:35:21,3,14,0,"email:admin[]prsv.ch url:https://prsv.ch/ proof:uri-rsa ciissversion:2 [7 hosts, inv_str 10/21] || email:info[]osservatorionessuno.org url:https://osservatorionessuno.or [4 hosts, inv_str 5/6] || email:john[]quintex.com url:https://www.quintex.com proof:uri-rsa abus [3 hosts, inv_str 2/3]"
2026-08-19 05:47:32,2026-08-19 07:51:54,7,53,0,"email:admin[]prsv.ch url:https://prsv.ch/ proof:uri-rsa ciissversion:2 [12 hosts, inv_str 25/66] || url:https://ssdnodes.com email:tor-relays[]ssdnodes.com hoster:ssdnode [10 hosts, inv_str 22/45] || email:john[]quintex.com url:https://www.quintex.com proof:uri-rsa abus [9 hosts, inv_str 21/36] || email:tor[]r0cket.net url:https://tor.r0cket.net/ proof:uri-rsa abuse: [8 hosts, inv_str 10/28] || solitude(at)montanti(dot)us [3 hosts, inv_str 3/3] || email:forest-relay-contact[]cryptolab.net pgp:BCBAE3E9CB8E2FE23F29DC58 [3 hosts, inv_str 1/3] || NN <relay-ops AT noonion dot de> [4 hosts, inv_str 3/6] || email:john[]quintex.com url:https://www.quintex.com proof:uri-rsa abus [4 hosts, inv_str 1/6]"
2026-08-19 08:12:06,2026-08-19 11:33:05,4,41,5,"email:john[]quintex.com url:https://www.quintex.com proof:uri-rsa abus [4 hosts, inv_str 4/6] || email:admin[]prsv.ch url:https://prsv.ch/ proof:uri-rsa ciissversion:2 [12 hosts, inv_str 31/66] || printerexpert@mail2tor.com [4 hosts, inv_str 3/6] || email:john[]quintex.com url:https://www.quintex.com proof:uri-rsa abus [4 hosts, inv_str 1/6] || email:Quetzalcoatl_relays[]proton.me url:https://quetzalcoatl-relays.o [3 hosts, inv_str 1/3] || email:john[]quintex.com url:https://www.quintex.com proof:uri-rsa abus [3 hosts, inv_str 1/3] || email:Quetzalcoatl_relays[]proton.me url:https://quetzalcoatl-relays.o [4 hosts, inv_str 1/6] || email:john[]quintex.com url:https://www.quintex.com proof:uri-rsa abus [7 hosts, inv_str 13/21]"
2026-08-19 11:40:21,2026-08-19 12:31:30,4,22,6,"email:admin[]prsv.ch url:https://prsv.ch/ proof:uri-rsa ciissversion:2 [8 hosts, inv_str 12/28] || NN <relay-ops AT noonion dot de> [3 hosts, inv_str 1/3] || email:Quetzalcoatl_relays[]proton.me url:https://quetzalcoatl-relays.o [6 hosts, inv_str 5/15] || email:john[]quintex.com url:https://www.quintex.com proof:uri-rsa abus [5 hosts, inv_str 5/10]"
2026-08-19 12:46:54,2026-08-19 20:34:22,7,122,13,"email:admin[]prsv.ch url:https://prsv.ch/ proof:uri-rsa ciissversion:2 [11 hosts, inv_str 29/55] || email:Quetzalcoatl_relays[]proton.me url:https://quetzalcoatl-relays.o [5 hosts, inv_str 3/10] || printerexpert@mail2tor.com [4 hosts, inv_str 3/6] || email:Quetzalcoatl_relays[]proton.me url:https://quetzalcoatl-relays.o [4 hosts, inv_str 1/6] || email:john[]quintex.com url:https://www.quintex.com proof:uri-rsa abus [4 hosts, inv_str 5/6] || email:info[]osservatorionessuno.org url:https://osservatorionessuno.or [4 hosts, inv_str 1/6] || email:admin[]prsv.ch url:https://prsv.ch/ proof:uri-rsa ciissversion:2 [18 hosts, inv_str 80/153] || email:john[]quintex.com url:https://www.quintex.com proof:uri-rsa abus [5 hosts, inv_str 10/10] || email:Quetzalcoatl_relays[]proton.me url:https://quetzalcoatl-relays.o [4 hosts, inv_str 4/6] || printerexpert@mail2tor.com [3 hosts, inv_str 1/3] || email:john[]quintex.com url:https://www.quintex.com proof:uri-rsa abus [3 hosts, inv_str 1/3] || email:Quetzalcoatl_relays[]proton.me url:https://quetzalcoatl-relays.o [5 hosts, inv_str 5/10] || email:info[]osservatorionessuno.org url:https://osservatorionessuno.or [3 hosts, inv_str 2/3] || mismoculas1977@protonmail.com [23 hosts, inv_str 122/253] || email:toralf.foerster[]gmx.de gpg:1A376F994A9D026F13E24DCFC4EACDDE0076 [4 hosts, inv_str 4/6] || email:john[]quintex.com url:https://www.quintex.com proof:uri-rsa abus [6 hosts, inv_str 6/15] || email:info[]osservatorionessuno.org url:https://osservatorionessuno.or [4 hosts, inv_str 2/6] || email:Quetzalcoatl_relays[]proton.me url:https://quetzalcoatl-relays.o [4 hosts, inv_str 4/6] || email:Quetzalcoatl_relays[]proton.me url:https://quetzalcoatl-relays.o [3 hosts, inv_str 1/3] || email:john[]quintex.com url:https://www.quintex.com proof:uri-rsa abus [5 hosts, inv_str 7/10]"
2026-08-19 20:56:23,2026-08-19 21:45:37,3,11,0,"email:admin[]prsv.ch url:https://prsv.ch/ proof:uri-rsa ciissversion:2 [5 hosts, inv_str 5/10] || email:info[]osservatorionessuno.org url:https://osservatorionessuno.or [3 hosts, inv_str 2/3] || printerexpert@mail2tor.com [3 hosts, inv_str 3/3]"
2026-08-19 21:52:41,2026-08-19 23:49:00,5,30,3,"email:admin[]prsv.ch url:https://prsv.ch/ proof:uri-rsa ciissversion:2 [10 hosts, inv_str 22/45] || email:john[]quintex.com url:https://www.quintex.com proof:uri-rsa abus [5 hosts, inv_str 4/10] || printerexpert@mail2tor.com [6 hosts, inv_str 10/15] || email:Quetzalcoatl_relays[]proton.me url:https://quetzalcoatl-relays.o [3 hosts, inv_str 0/3] || email:john[]quintex.com url:https://www.quintex.com proof:uri-rsa abus [3 hosts, inv_str 2/3] || email:info[]osservatorionessuno.org url:https://osservatorionessuno.or [3 hosts, inv_str 2/3]"
2026-08-19 23:59:23,2026-08-20 00:30:23,3,16,0,"email:admin[]prsv.ch url:https://prsv.ch/ proof:uri-rsa ciissversion:2 [7 hosts, inv_str 12/21] || RandomPerson <skynet@academyforinternetresearch.org> [3 hosts, inv_str 0/3] || email:john[]quintex.com url:https://www.quintex.com proof:uri-rsa abus [6 hosts, inv_str 5/15]"
2026-08-20 00:45:21,2026-08-20 01:41:29,2,16,0,"email:admin[]prsv.ch url:https://prsv.ch/ proof:uri-rsa ciissversion:2 [5 hosts, inv_str 8/10] || email:john[]quintex.com url:https://www.quintex.com proof:uri-rsa abus [11 hosts, inv_str 8/55]"
2026-08-20 01:58:29,2026-08-20 10:16:43,8,116,0,"email:john[]quintex.com url:https://www.quintex.com proof:uri-rsa abus [15 hosts, inv_str 45/105] || email:admin[]prsv.ch url:https://prsv.ch/ proof:uri-rsa ciissversion:2 [4 hosts, inv_str 1/6] || email:john[]quintex.com url:https://www.quintex.com proof:uri-rsa abus [10 hosts, inv_str 21/45] || hello@relaymagic.org (relaymagic.org/contact) [3 hosts, inv_str 0/3] || email:admin[]prsv.ch url:https://prsv.ch/ proof:uri-rsa ciissversion:2 [13 hosts, inv_str 43/78] || email:john[]quintex.com url:https://www.quintex.com proof:uri-rsa abus [7 hosts, inv_str 9/21] || email:john[]quintex.com url:https://www.quintex.com proof:uri-rsa abus [13 hosts, inv_str 32/78] || email:john[]quintex.com url:https://www.quintex.com proof:uri-rsa abus [6 hosts, inv_str 12/15] || url:https://ssdnodes.com email:tor-relays[]ssdnodes.com hoster:ssdnode [10 hosts, inv_str 24/45] || email:john[]quintex.com url:https://www.quintex.com proof:uri-rsa abus [5 hosts, inv_str 8/10] || NN <relay-ops AT noonion dot de> [3 hosts, inv_str 1/3] || email:info[]osservatorionessuno.org url:https://osservatorionessuno.or [4 hosts, inv_str 4/6] || printerexpert@mail2tor.com [3 hosts, inv_str 3/3] || email:john[]quintex.com url:https://www.quintex.com proof:uri-rsa abus [3 hosts, inv_str 1/3] || 0xFFFFFFFF <tormaster AT kkb-clan dot de> [9 hosts, inv_str 16/36] || NN <relay-ops AT noonion dot de> [5 hosts, inv_str 2/10] || printerexpert@mail2tor.com [3 hosts, inv_str 1/3]"
2026-08-20 10:33:18,2026-08-20 12:27:27,5,27,4,"email:Quetzalcoatl_relays[]proton.me url:https://quetzalcoatl-relays.o [4 hosts, inv_str 6/6] || email:admin[]prsv.ch url:https://prsv.ch/ proof:uri-rsa ciissversion:2 [9 hosts, inv_str 20/36] || email:john[]quintex.com url:https://www.quintex.com proof:uri-rsa abus [3 hosts, inv_str 2/3] || Uu77bBt0eDko5iDrRNiXt2quIVPMNKvILk1eqJbAVk9e@posteo.ch [3 hosts, inv_str 3/3] || NN <relay-ops AT noonion dot de> [3 hosts, inv_str 0/3] || email:john[]quintex.com url:https://www.quintex.com proof:uri-rsa abus [5 hosts, inv_str 1/10]"
2026-08-20 13:02:59,2026-08-20 19:37:00,5,73,0,"email:admin[]prsv.ch url:https://prsv.ch/ proof:uri-rsa ciissversion:2 [13 hosts, inv_str 47/78] || email:john[]quintex.com url:https://www.quintex.com proof:uri-rsa abus [4 hosts, inv_str 5/6] || email:john[]quintex.com url:https://www.quintex.com proof:uri-rsa abus [8 hosts, inv_str 12/28] || printerexpert@mail2tor.com [3 hosts, inv_str 1/3] || anyone-motor-cycle@duck.com [3 hosts, inv_str 1/3] || email:john[]quintex.com url:https://www.quintex.com proof:uri-rsa abus [8 hosts, inv_str 16/28] || email:john[]quintex.com url:https://www.quintex.com proof:uri-rsa abus [9 hosts, inv_str 18/36] || email:john[]quintex.com url:https://www.quintex.com proof:uri-rsa abus [6 hosts, inv_str 7/15] || someone < tor27 AT nurfuerspam DOT de > [3 hosts, inv_str 0/3] || email:john[]quintex.com url:https://www.quintex.com proof:uri-rsa abus [12 hosts, inv_str 39/66] || email:admin[]prsv.ch url:https://prsv.ch/ proof:uri-rsa ciissversion:2 [4 hosts, inv_str 4/6]"
2026-08-20 19:49:16,2026-08-20 21:24:45,5,28,3,"email:admin[]prsv.ch url:https://prsv.ch/ proof:uri-rsa ciissversion:2 [8 hosts, inv_str 6/28] || email:Quetzalcoatl_relays[]proton.me url:https://quetzalcoatl-relays.o [3 hosts, inv_str 3/3] || email:john[]quintex.com url:https://www.quintex.com proof:uri-rsa abus [4 hosts, inv_str 6/6] || email:admin[@]unredacted.org url:unredacted.org proof:dns-familyid-ed2 [3 hosts, inv_str 0/3] || email:john[]quintex.com url:https://www.quintex.com proof:uri-rsa abus [7 hosts, inv_str 16/21] || 0xE12ECD2E Nicola F. <feranick AT hotmail dot com> [3 hosts, inv_str 3/3]"
2026-08-20 21:47:20,2026-08-20 23:32:11,3,15,0,"email:admin[]prsv.ch url:https://prsv.ch/ proof:uri-rsa ciissversion:2 [9 hosts, inv_str 18/36] || email:admin@for-privacy.net identity:https://keyoxide.org/admin@for-pr [3 hosts, inv_str 3/3] || email:john[]quintex.com url:https://www.quintex.com proof:uri-rsa abus [3 hosts, inv_str 0/3]"
2026-08-20 23:51:18,2026-08-21 01:40:49,3,13,0,"email:info[]osservatorionessuno.org url:https://osservatorionessuno.or [3 hosts, inv_str 1/3] || RandomPerson <skynet@academyforinternetresearch.org> [3 hosts, inv_str 0/3] || email:admin[]prsv.ch url:https://prsv.ch/ proof:uri-rsa ciissversion:2 [7 hosts, inv_str 12/21]"
2026-08-21 02:41:21,2026-08-21 04:38:21,3,15,0,"email:admin[]prsv.ch url:https://prsv.ch/ proof:uri-rsa ciissversion:2 [9 hosts, inv_str 24/36] || hello@relaymagic.org (relaymagic.org/contact) [3 hosts, inv_str 0/3] || email:info[]osservatorionessuno.org url:https://osservatorionessuno.or [3 hosts, inv_str 3/3]"
2026-08-21 04:58:42,2026-08-21 07:52:04,5,46,7,"email:admin[]prsv.ch url:https://prsv.ch/ proof:uri-rsa ciissversion:2 [12 hosts, inv_str 35/66] || Artikel10 url:artikel10.org email:info[]artikel10.org abuse:abuse[]art [4 hosts, inv_str 0/6] || email:john[]quintex.com url:https://www.quintex.com proof:uri-rsa abus [3 hosts, inv_str 2/3] || email:Quetzalcoatl_relays[]proton.me url:https://quetzalcoatl-relays.o [3 hosts, inv_str 1/3] || email:john[]quintex.com url:https://www.quintex.com proof:uri-rsa abus [4 hosts, inv_str 5/6] || url:https://ssdnodes.com email:tor-relays[]ssdnodes.com hoster:ssdnode [9 hosts, inv_str 23/36] || email:Quetzalcoatl_relays[]proton.me url:https://quetzalcoatl-relays.o [6 hosts, inv_str 1/15] || email:john[]quintex.com url:https://www.quintex.com proof:uri-rsa abus [5 hosts, inv_str 5/10]"
2026-08-21 08:04:37,2026-08-21 11:40:33,3,107,0,"email:john[]quintex.com url:https://www.quintex.com proof:uri-rsa abus [21 hosts, inv_str 92/210] || email:admin[]prsv.ch url:https://prsv.ch/ proof:uri-rsa ciissversion:2 [3 hosts, inv_str 1/3] || email:admin[]prsv.ch url:https://prsv.ch/ proof:uri-rsa ciissversion:2 [5 hosts, inv_str 4/10] || email:admin@for-privacy.net identity:https://keyoxide.org/admin@for-pr [19 hosts, inv_str 0/171] || email:john[]quintex.com url:https://www.quintex.com proof:uri-rsa abus [9 hosts, inv_str 20/36] || email:admin@for-privacy.net identity:https://keyoxide.org/admin@for-pr [32 hosts, inv_str 116/496] || email:john[]quintex.com url:https://www.quintex.com proof:uri-rsa abus [18 hosts, inv_str 51/153]"
2026-08-21 12:42:11,2026-08-21 14:35:49,4,44,0,"email:admin[]prsv.ch url:https://prsv.ch/ proof:uri-rsa ciissversion:2 [5 hosts, inv_str 7/10] || printerexpert@mail2tor.com [4 hosts, inv_str 2/6] || email:john[]quintex.com url:https://www.quintex.com proof:uri-rsa abus [19 hosts, inv_str 95/171] || email:john[]quintex.com url:https://www.quintex.com proof:uri-rsa abus [12 hosts, inv_str 38/66] || email:toralf.foerster[]gmx.de gpg:1A376F994A9D026F13E24DCFC4EACDDE0076 [4 hosts, inv_str 4/6]"
2026-08-21 15:34:25,2026-08-21 17:15:38,3,26,0,"email:admin[]prsv.ch url:https://prsv.ch/ proof:uri-rsa ciissversion:2 [5 hosts, inv_str 7/10] || email:john[]quintex.com url:https://www.quintex.com proof:uri-rsa abus [12 hosts, inv_str 25/66] || email:john[]quintex.com url:https://www.quintex.com proof:uri-rsa abus [6 hosts, inv_str 7/15] || email:abuse-ripe[]digitale-gesellschaft.ch url:https://www.digitale-ge [3 hosts, inv_str 2/3]"
2026-08-21 18:00:29,2026-08-21 19:42:31,3,29,0,"email:admin[]prsv.ch url:https://prsv.ch/ proof:uri-rsa ciissversion:2 [5 hosts, inv_str 4/10] || email:john[]quintex.com url:https://www.quintex.com proof:uri-rsa abus [20 hosts, inv_str 78/190] || printerexpert@mail2tor.com [4 hosts, inv_str 2/6]"
2026-08-21 19:57:59,2026-08-21 20:30:38,2,13,0,"email:admin[]prsv.ch url:https://prsv.ch/ proof:uri-rsa ciissversion:2 [4 hosts, inv_str 2/6] || email:john[]quintex.com url:https://www.quintex.com proof:uri-rsa abus [9 hosts, inv_str 14/36]"
2026-08-21 21:00:55,2026-08-22 00:01:07,3,33,0,"email:john[]quintex.com url:https://www.quintex.com proof:uri-rsa abus [10 hosts, inv_str 33/45] || email:admin[]prsv.ch url:https://prsv.ch/ proof:uri-rsa ciissversion:2 [5 hosts, inv_str 5/10] || printerexpert@mail2tor.com [3 hosts, inv_str 3/3] || email:john[]quintex.com url:https://www.quintex.com proof:uri-rsa abus [7 hosts, inv_str 5/21] || email:john[]quintex.com url:https://www.quintex.com proof:uri-rsa abus [8 hosts, inv_str 14/28]"
2026-08-22 00:44:43,2026-08-22 01:20:32,2,8,0,"email:admin[]prsv.ch url:https://prsv.ch/ proof:uri-rsa ciissversion:2 [5 hosts, inv_str 6/10] || email:john[]quintex.com url:https://www.quintex.com proof:uri-rsa abus [3 hosts, inv_str 1/3]"
2026-08-22 02:47:58,2026-08-22 03:24:43,3,11,0,"email:admin[]prsv.ch url:https://prsv.ch/ proof:uri-rsa ciissversion:2 [4 hosts, inv_str 2/6] || hello@relaymagic.org (relaymagic.org/contact) [3 hosts, inv_str 1/3] || email:john[]quintex.com url:https://www.quintex.com proof:uri-rsa abus [4 hosts, inv_str 5/6]"
2026-08-22 03:46:28,2026-08-22 05:12:05,3,23,0,"email:admin[]prsv.ch url:https://prsv.ch/ proof:uri-rsa ciissversion:2 [4 hosts, inv_str 5/6] || email:john[]quintex.com url:https://www.quintex.com proof:uri-rsa abus [15 hosts, inv_str 56/105] || Artikel10 url:artikel10.org email:info[]artikel10.org abuse:abuse[]art [4 hosts, inv_str 0/6]"
2026-08-22 05:48:21,2026-08-22 07:24:49,4,28,0,"email:admin[]prsv.ch url:https://prsv.ch/ proof:uri-rsa ciissversion:2 [5 hosts, inv_str 9/10] || email:john[]quintex.com url:https://www.quintex.com proof:uri-rsa abus [4 hosts, inv_str 2/6] || url:https://ssdnodes.com email:tor-relays[]ssdnodes.com hoster:ssdnode [9 hosts, inv_str 22/36] || email:john[]quintex.com url:https://www.quintex.com proof:uri-rsa abus [6 hosts, inv_str 11/15] || Chaos Computer Club Wien (C3W) email:anonymity[]c3w.at url:https://c3w [4 hosts, inv_str 3/6]"
2026-08-22 09:06:48,2026-08-22 10:25:45,2,15,0,"email:john[]quintex.com url:https://www.quintex.com proof:uri-rsa abus [10 hosts, inv_str 27/45] || email:admin[]prsv.ch url:https://prsv.ch/ proof:uri-rsa ciissversion:2 [5 hosts, inv_str 6/10]"
2026-08-22 10:29:21,2026-08-22 12:29:33,3,19,0,"email:admin[]prsv.ch url:https://prsv.ch/ proof:uri-rsa ciissversion:2 [5 hosts, inv_str 7/10] || email:john[]quintex.com url:https://www.quintex.com proof:uri-rsa abus [11 hosts, inv_str 20/55] || anonymous@torproject.org [3 hosts, inv_str 3/3]"
2026-08-22 12:46:11,2026-08-22 13:45:08,3,13,0,"email:admin[]prsv.ch url:https://prsv.ch/ proof:uri-rsa ciissversion:2 [5 hosts, inv_str 9/10] || email:john[]quintex.com url:https://www.quintex.com proof:uri-rsa abus [5 hosts, inv_str 5/10] || anonymous@torproject.org [3 hosts, inv_str 2/3]"
2026-08-22 14:03:43,2026-08-22 17:26:18,8,57,6,"email:john[]quintex.com url:https://www.quintex.com proof:uri-rsa abus [3 hosts, inv_str 0/3] || Uu77bBt0eDko5iDrRNiXt2quIVPMNKvILk1eqJbAVk9e@posteo.ch [3 hosts, inv_str 0/3] || email:admin[]prsv.ch url:https://prsv.ch/ proof:uri-rsa ciissversion:2 [17 hosts, inv_str 56/136] || email:Quetzalcoatl_relays[]proton.me url:https://quetzalcoatl-relays.o [5 hosts, inv_str 3/10] || NN <relay-ops AT noonion dot de> [3 hosts, inv_str 1/3] || email:info[]osservatorionessuno.org url:https://osservatorionessuno.or [3 hosts, inv_str 1/3] || email:Quetzalcoatl_relays[]proton.me url:https://quetzalcoatl-relays.o [6 hosts, inv_str 7/15] || email:toralf.foerster[]gmx.de gpg:1A376F994A9D026F13E24DCFC4EACDDE0076 [3 hosts, inv_str 2/3] || beckhamcampbell@proton.me [3 hosts, inv_str 2/3] || NN <relay-ops AT noonion dot de> [3 hosts, inv_str 0/3] || email:info[]osservatorionessuno.org url:https://osservatorionessuno.or [4 hosts, inv_str 2/6] || beckhamcampbell@proton.me [4 hosts, inv_str 3/6]"
2026-08-22 17:56:21,2026-08-22 19:40:56,6,33,6,"email:admin[]prsv.ch url:https://prsv.ch/ proof:uri-rsa ciissversion:2 [12 hosts, inv_str 31/66] || email:Quetzalcoatl_relays[]proton.me url:https://quetzalcoatl-relays.o [6 hosts, inv_str 6/15] || email:john[]quintex.com url:https://www.quintex.com proof:uri-rsa abus [5 hosts, inv_str 4/10] || NN <relay-ops AT noonion dot de> [4 hosts, inv_str 3/6] || khankrum359@gmail.com [3 hosts, inv_str 1/3] || email:info[]osservatorionessuno.org url:https://osservatorionessuno.or [3 hosts, inv_str 2/3]"
2026-08-22 19:51:07,2026-08-22 21:49:42,6,45,6,"printerexpert@mail2tor.com [5 hosts, inv_str 6/10] || KeFF NOC <noc AT keff dot org> [3 hosts, inv_str 2/3] || email:Quetzalcoatl_relays[]proton.me url:https://quetzalcoatl-relays.o [3 hosts, inv_str 1/3] || email:admin[]prsv.ch url:https://prsv.ch/ proof:uri-rsa ciissversion:2 [6 hosts, inv_str 9/15] || email:Quetzalcoatl_relays[]proton.me url:https://quetzalcoatl-relays.o [6 hosts, inv_str 8/15] || email:admin[]prsv.ch url:https://prsv.ch/ proof:uri-rsa ciissversion:2 [9 hosts, inv_str 25/36] || KeFF NOC <noc AT keff dot org> [3 hosts, inv_str 2/3] || email:john[]quintex.com url:https://www.quintex.com proof:uri-rsa abus [7 hosts, inv_str 17/21] || email:info[]osservatorionessuno.org url:https://osservatorionessuno.or [3 hosts, inv_str 0/3]"
2026-08-22 22:21:22,2026-08-22 23:29:58,2,16,0,"email:john[]quintex.com url:https://www.quintex.com proof:uri-rsa abus [12 hosts, inv_str 37/66] || email:admin[]prsv.ch url:https://prsv.ch/ proof:uri-rsa ciissversion:2 [4 hosts, inv_str 5/6]"
2026-08-22 23:39:22,2026-08-23 06:42:16,9,178,0,"email:info[]osservatorionessuno.org url:https://osservatorionessuno.or [3 hosts, inv_str 2/3] || email:admin[]prsv.ch url:https://prsv.ch/ proof:uri-rsa ciissversion:2 [73 hosts, inv_str 1492/2628] || RandomPerson <skynet@academyforinternetresearch.org> [5 hosts, inv_str 6/10] || tr0419@proton.me [3 hosts, inv_str 0/3] || email:john[]quintex.com url:https://www.quintex.com proof:uri-rsa abus [9 hosts, inv_str 19/36] || email:john[]quintex.com url:https://www.quintex.com proof:uri-rsa abus [14 hosts, inv_str 49/91] || mismoculas1977@protonmail.com [20 hosts, inv_str 119/190] || Artikel10 url:artikel10.org email:info[]artikel10.org abuse:abuse[]art [4 hosts, inv_str 0/6] || hello@relaymagic.org (relaymagic.org/contact) [3 hosts, inv_str 1/3] || email:john[]quintex.com url:https://www.quintex.com proof:uri-rsa abus [17 hosts, inv_str 70/136] || email:admin[]prsv.ch url:https://prsv.ch/ proof:uri-rsa ciissversion:2 [5 hosts, inv_str 3/10] || email:john[]quintex.com url:https://www.quintex.com proof:uri-rsa abus [14 hosts, inv_str 56/91] || url:https://ssdnodes.com email:tor-relays[]ssdnodes.com hoster:ssdnode [4 hosts, inv_str 5/6] || email:admin[]prsv.ch url:https://prsv.ch/ proof:uri-rsa ciissversion:2 [4 hosts, inv_str 4/6]"
2026-08-23 06:46:53,2026-08-23 09:38:10,5,52,0,"url:https://ssdnodes.com email:tor-relays[]ssdnodes.com hoster:ssdnode [6 hosts, inv_str 12/15] || email:admin[]prsv.ch url:https://prsv.ch/ proof:uri-rsa ciissversion:2 [5 hosts, inv_str 9/10] || email:john[]quintex.com url:https://www.quintex.com proof:uri-rsa abus [9 hosts, inv_str 18/36] || email:john[]quintex.com url:https://www.quintex.com proof:uri-rsa abus [9 hosts, inv_str 12/36] || email:admin[]prsv.ch url:https://prsv.ch/ proof:uri-rsa ciissversion:2 [5 hosts, inv_str 7/10] || email:john[]quintex.com url:https://www.quintex.com proof:uri-rsa abus [6 hosts, inv_str 8/15] || Artikel10 url:artikel10.org email:info[]artikel10.org abuse:abuse[]art [4 hosts, inv_str 0/6] || @0perat0r:matrix.org [8 hosts, inv_str 7/28]"
2026-08-23 09:56:21,2026-08-23 10:30:17,2,14,0,"email:admin[]prsv.ch url:https://prsv.ch/ proof:uri-rsa ciissversion:2 [5 hosts, inv_str 7/10] || email:john[]quintex.com url:https://www.quintex.com proof:uri-rsa abus [9 hosts, inv_str 14/36]"
2026-08-23 10:52:22,2026-08-23 12:54:24,2,28,0,"email:admin[]prsv.ch url:https://prsv.ch/ proof:uri-rsa ciissversion:2 [6 hosts, inv_str 9/15] || email:john[]quintex.com url:https://www.quintex.com proof:uri-rsa abus [14 hosts, inv_str 61/91] || email:john[]quintex.com url:https://www.quintex.com proof:uri-rsa abus [8 hosts, inv_str 8/28]"
2026-08-23 12:57:12,2026-08-23 20:30:15,7,119,0,"email:john[]quintex.com url:https://www.quintex.com proof:uri-rsa abus [10 hosts, inv_str 21/45] || email:admin[]prsv.ch url:https://prsv.ch/ proof:uri-rsa ciissversion:2 [8 hosts, inv_str 15/28] || email:john[]quintex.com url:https://www.quintex.com proof:uri-rsa abus [8 hosts, inv_str 13/28] || printerexpert@mail2tor.com [3 hosts, inv_str 3/3] || 133713709_at_atomicmail_d_io [10 hosts, inv_str 4/45] || email:john[]quintex.com url:https://www.quintex.com proof:uri-rsa abus [6 hosts, inv_str 9/15] || ask ur mom [10 hosts, inv_str 31/45] || email:john[]quintex.com url:https://www.quintex.com proof:uri-rsa abus [13 hosts, inv_str 38/78] || email:john[]quintex.com url:https://www.quintex.com proof:uri-rsa abus [11 hosts, inv_str 27/55] || email:info[]osservatorionessuno.org url:https://osservatorionessuno.or [3 hosts, inv_str 1/3] || email:john[]quintex.com url:https://www.quintex.com proof:uri-rsa abus [7 hosts, inv_str 10/21] || email:admin[]stormycloud.org url:https://stormycloud.org proof:uri-fam [15 hosts, inv_str 2/105] || email:john[]quintex.com url:https://www.quintex.com proof:uri-rsa abus [6 hosts, inv_str 11/15] || email:john[]quintex.com url:https://www.quintex.com proof:uri-rsa abus [9 hosts, inv_str 15/36]"
2026-08-23 20:49:22,2026-08-23 22:23:21,2,9,0,"email:admin[]prsv.ch url:https://prsv.ch/ proof:uri-rsa ciissversion:2 [5 hosts, inv_str 5/10] || email:john[]quintex.com url:https://www.quintex.com proof:uri-rsa abus [4 hosts, inv_str 1/6]"
2026-08-23 23:02:03,2026-08-24 00:47:42,3,29,0,"email:john[]quintex.com url:https://www.quintex.com proof:uri-rsa abus [6 hosts, inv_str 3/15] || email:admin[]prsv.ch url:https://prsv.ch/ proof:uri-rsa ciissversion:2 [7 hosts, inv_str 15/21] || RandomPerson <skynet@academyforinternetresearch.org> [7 hosts, inv_str 8/21] || email:john[]quintex.com url:https://www.quintex.com proof:uri-rsa abus [9 hosts, inv_str 25/36]"
2026-08-24 01:02:51,2026-08-24 03:40:19,4,30,0,"email:john[]quintex.com url:https://www.quintex.com proof:uri-rsa abus [3 hosts, inv_str 2/3] || email:admin[]prsv.ch url:https://prsv.ch/ proof:uri-rsa ciissversion:2 [5 hosts, inv_str 5/10] || Artikel10 url:artikel10.org email:info[]artikel10.org abuse:abuse[]art [4 hosts, inv_str 0/6] || email:john[]quintex.com url:https://www.quintex.com proof:uri-rsa abus [9 hosts, inv_str 24/36] || hello@relaymagic.org (relaymagic.org/contact) [3 hosts, inv_str 1/3] || email:john[]quintex.com url:https://www.quintex.com proof:uri-rsa abus [6 hosts, inv_str 4/15]"
2026-08-24 04:01:15,2026-08-24 04:49:37,2,13,0,"email:admin[]prsv.ch url:https://prsv.ch/ proof:uri-rsa ciissversion:2 [5 hosts, inv_str 2/10] || email:john[]quintex.com url:https://www.quintex.com proof:uri-rsa abus [8 hosts, inv_str 17/28]"
2026-08-24 05:03:36,2026-08-24 19:24:29,12,187,0,"email:john[]quintex.com url:https://www.quintex.com proof:uri-rsa abus [12 hosts, inv_str 26/66] || Chaos Computer Club Wien (C3W) email:anonymity[]c3w.at url:https://c3w [4 hosts, inv_str 5/6] || email:admin[]prsv.ch url:https://prsv.ch/ proof:uri-rsa ciissversion:2 [5 hosts, inv_str 6/10] || 133713709_at_atomicmail_d_io [10 hosts, inv_str 28/45] || @0perat0r:matrix.org [5 hosts, inv_str 7/10] || url:https://ssdnodes.com email:tor-relays[]ssdnodes.com hoster:ssdnode [9 hosts, inv_str 14/36] || email:john[]quintex.com url:https://www.quintex.com proof:uri-rsa abus [5 hosts, inv_str 3/10] || tor@apt96.com [3 hosts, inv_str 1/3] || email:john[]quintex.com url:https://www.quintex.com proof:uri-rsa abus [13 hosts, inv_str 21/78] || email:admin[]prsv.ch url:https://prsv.ch/ proof:uri-rsa ciissversion:2 [9 hosts, inv_str 16/36] || email:john[]quintex.com url:https://www.quintex.com proof:uri-rsa abus [7 hosts, inv_str 20/21] || email:john[]quintex.com url:https://www.quintex.com proof:uri-rsa abus [10 hosts, inv_str 19/45] || Artikel10 url:artikel10.org email:info[]artikel10.org abuse:abuse[]art [4 hosts, inv_str 0/6] || Phill W email:tor[]phillw.net url:phillw.net proof:uri-rsa ciissversio [3 hosts, inv_str 0/3] || email:john[]quintex.com url:https://www.quintex.com proof:uri-rsa abus [12 hosts, inv_str 19/66] || email:john[]quintex.com url:https://www.quintex.com proof:uri-rsa abus [8 hosts, inv_str 4/28] || email:john[]quintex.com url:https://www.quintex.com proof:uri-rsa abus [6 hosts, inv_str 9/15] || Uu77bBt0eDko5iDrRNiXt2quIVPMNKvILk1eqJbAVk9e@posteo.ch [3 hosts, inv_str 1/3] || email:john[]quintex.com url:https://www.quintex.com proof:uri-rsa abus [3 hosts, inv_str 2/3] || email:john[]quintex.com url:https://www.quintex.com proof:uri-rsa abus [8 hosts, inv_str 6/28] || printerexpert@mail2tor.com [5 hosts, inv_str 5/10] || email:john[]quintex.com url:https://www.quintex.com proof:uri-rsa abus [6 hosts, inv_str 3/15] || none [3 hosts, inv_str 2/3] || email:john[]quintex.com url:https://www.quintex.com proof:uri-rsa abus [8 hosts, inv_str 23/28] || email:john[]quintex.com url:https://www.quintex.com proof:uri-rsa abus [9 hosts, inv_str 18/36] || email:john[]quintex.com url:https://www.quintex.com proof:uri-rsa abus [11 hosts, inv_str 29/55] || email:john[]quintex.com url:https://www.quintex.com proof:uri-rsa abus [6 hosts, inv_str 8/15]"
2026-08-24 19:27:15,2026-08-25 04:32:06,8,104,0,"email:admin[]prsv.ch url:https://prsv.ch/ proof:uri-rsa ciissversion:2 [5 hosts, inv_str 5/10] || email:info[]osservatorionessuno.org url:https://osservatorionessuno.or [3 hosts, inv_str 1/3] || email:john[]quintex.com url:https://www.quintex.com proof:uri-rsa abus [17 hosts, inv_str 70/136] || email:admin[]prsv.ch url:https://prsv.ch/ proof:uri-rsa ciissversion:2 [11 hosts, inv_str 37/55] || Foundation for Applied Privacy email:tor[]appliedprivacy.net donationu [15 hosts, inv_str 28/105] || email:john[]quintex.com url:https://www.quintex.com proof:uri-rsa abus [5 hosts, inv_str 4/10] || email:john[]quintex.com url:https://www.quintex.com proof:uri-rsa abus [12 hosts, inv_str 29/66] || printerexpert@mail2tor.com [3 hosts, inv_str 1/3] || RandomPerson <skynet@academyforinternetresearch.org> [4 hosts, inv_str 0/6] || email:john[]quintex.com url:https://www.quintex.com proof:uri-rsa abus [4 hosts, inv_str 3/6] || printerexpert@mail2tor.com [3 hosts, inv_str 1/3] || email:john[]quintex.com url:https://www.quintex.com proof:uri-rsa abus [6 hosts, inv_str 8/15] || dump(@)norvi.tech [6 hosts, inv_str 4/15] || hello@relaymagic.org (relaymagic.org/contact) [3 hosts, inv_str 2/3] || email:john[]quintex.com url:https://www.quintex.com proof:uri-rsa abus [7 hosts, inv_str 13/21]"
2026-08-25 05:40:23,2026-08-25 10:23:01,6,53,0,"email:admin[]prsv.ch url:https://prsv.ch/ proof:uri-rsa ciissversion:2 [5 hosts, inv_str 8/10] || email:john[]quintex.com url:https://www.quintex.com proof:uri-rsa abus [6 hosts, inv_str 10/15] || hiwi  <hiwi AT nurfuerspam dot de> [3 hosts, inv_str 2/3] || email:staff[]dotsrc.org url:https://dotsrc.org proof:uri-rsa ciissvers [11 hosts, inv_str 30/55] || url:https://ssdnodes.com email:tor-relays[]ssdnodes.com hoster:ssdnode [8 hosts, inv_str 8/28] || email:admin[]prsv.ch url:https://prsv.ch/ proof:uri-rsa ciissversion:2 [3 hosts, inv_str 0/3] || email:john[]quintex.com url:https://www.quintex.com proof:uri-rsa abus [7 hosts, inv_str 11/21] || email:admin[]prsv.ch url:https://prsv.ch/ proof:uri-rsa ciissversion:2 [7 hosts, inv_str 12/21] || email:info[]osservatorionessuno.org url:https://osservatorionessuno.or [3 hosts, inv_str 2/3]"
2026-08-25 10:48:17,2026-08-25 12:24:35,5,24,0,"email:admin[]prsv.ch url:https://prsv.ch/ proof:uri-rsa ciissversion:2 [7 hosts, inv_str 9/21] || dump(@)norvi.tech [6 hosts, inv_str 4/15] || email:john[]quintex.com url:https://www.quintex.com proof:uri-rsa abus [4 hosts, inv_str 4/6] || email:info[]osservatorionessuno.org url:https://osservatorionessuno.or [3 hosts, inv_str 0/3] || anonymous@torproject.org [4 hosts, inv_str 3/6]"
2026-08-25 12:29:07,2026-08-25 14:40:22,5,27,0,"email:admin[]prsv.ch url:https://prsv.ch/ proof:uri-rsa ciissversion:2 [7 hosts, inv_str 4/21] || printerexpert@mail2tor.com [3 hosts, inv_str 1/3] || email:john[]quintex.com url:https://www.quintex.com proof:uri-rsa abus [6 hosts, inv_str 10/15] || tor@exit.node [3 hosts, inv_str 2/3] || Uu77bBt0eDko5iDrRNiXt2quIVPMNKvILk1eqJbAVk9e@posteo.ch [3 hosts, inv_str 2/3] || email:john[]quintex.com url:https://www.quintex.com proof:uri-rsa abus [5 hosts, inv_str 7/10]"
2026-08-25 15:04:51,2026-08-25 15:34:43,3,18,0,"email:john[]quintex.com url:https://www.quintex.com proof:uri-rsa abus [11 hosts, inv_str 21/55] || printerexpert@mail2tor.com [4 hosts, inv_str 3/6] || email:admin[]prsv.ch url:https://prsv.ch/ proof:uri-rsa ciissversion:2 [3 hosts, inv_str 1/3]"
2026-08-25 15:42:32,2026-08-25 16:34:25,3,13,0,"email:admin[]prsv.ch url:https://prsv.ch/ proof:uri-rsa ciissversion:2 [5 hosts, inv_str 7/10] || xiaoqic at cs dot princeton dot edu url:cxqn.info proof:uri-rsa ciissv [3 hosts, inv_str 3/3] || email:john[]quintex.com url:https://www.quintex.com proof:uri-rsa abus [5 hosts, inv_str 4/10]"
2026-08-25 17:03:31,2026-08-25 18:39:33,2,33,0,"email:admin[]prsv.ch url:https://prsv.ch/ proof:uri-rsa ciissversion:2 [5 hosts, inv_str 4/10] || email:john[]quintex.com url:https://www.quintex.com proof:uri-rsa abus [12 hosts, inv_str 45/66] || email:john[]quintex.com url:https://www.quintex.com proof:uri-rsa abus [16 hosts, inv_str 58/120]"
2026-08-25 18:59:25,2026-08-25 20:34:19,4,96,0,"email:admin[]prsv.ch url:https://prsv.ch/ proof:uri-rsa ciissversion:2 [4 hosts, inv_str 3/6] || email:john[]quintex.com url:https://www.quintex.com proof:uri-rsa abus [10 hosts, inv_str 30/45] || email:tor[]1aeo.com url:https://www.1aeo.com proof:uri-familyid-ed2551 [55 hosts, inv_str 552/1485] || tor [] wurzelmann.at [7 hosts, inv_str 10/21] || email:john[]quintex.com url:https://www.quintex.com proof:uri-rsa abus [13 hosts, inv_str 38/78] || tor [] wurzelmann.at [7 hosts, inv_str 14/21]"
2026-08-25 21:03:22,2026-08-26 00:52:33,7,89,0,"email:john[]quintex.com url:https://www.quintex.com proof:uri-rsa abus [15 hosts, inv_str 50/105] || gus@riseup.net [3 hosts, inv_str 1/3] || email:admin[]prsv.ch url:https://prsv.ch/ proof:uri-rsa ciissversion:2 [4 hosts, inv_str 2/6] || dump(@)norvi.tech [5 hosts, inv_str 6/10] || email:john[]quintex.com url:https://www.quintex.com proof:uri-rsa abus [12 hosts, inv_str 25/66] || Foundation for Applied Privacy email:tor[]appliedprivacy.net donationu [15 hosts, inv_str 21/105] || email:john[]quintex.com url:https://www.quintex.com proof:uri-rsa abus [20 hosts, inv_str 112/190] || RandomPerson <skynet@academyforinternetresearch.org> [5 hosts, inv_str 1/10] || email:admin[]prsv.ch url:https://prsv.ch/ proof:uri-rsa ciissversion:2 [7 hosts, inv_str 8/21] || printerexpert@mail2tor.com [3 hosts, inv_str 0/3]"
2026-08-26 01:09:20,2026-08-26 01:30:46,2,22,0,"email:john[]quintex.com url:https://www.quintex.com proof:uri-rsa abus [5 hosts, inv_str 4/10] || email:admin[]stormycloud.org url:https://stormycloud.org proof:uri-fam [17 hosts, inv_str 41/136]"
2026-08-26 02:51:12,2026-08-26 04:38:05,3,65,45,"email:Quetzalcoatl_relays[]proton.me url:https://quetzalcoatl-relays.o [45 hosts, inv_str 545/990] || hello@relaymagic.org (relaymagic.org/contact) [3 hosts, inv_str 1/3] || email:john[]quintex.com url:https://www.quintex.com proof:uri-rsa abus [9 hosts, inv_str 18/36] || email:john[]quintex.com url:https://www.quintex.com proof:uri-rsa abus [8 hosts, inv_str 17/28]"
2026-08-26 05:23:35,2026-08-26 05:38:51,2,7,0,"email:john[]quintex.com url:https://www.quintex.com proof:uri-rsa abus [4 hosts, inv_str 5/6] || hiwi  <hiwi AT nurfuerspam dot de> [3 hosts, inv_str 2/3]"
2026-08-26 05:41:20,2026-08-26 09:27:55,24,248,22,"email:Quetzalcoatl_relays[]proton.me url:https://quetzalcoatl-relays.o [22 hosts, inv_str 135/231] || email:john[]quintex.com url:https://www.quintex.com proof:uri-rsa abus [11 hosts, inv_str 21/55] || email:admin[]stormycloud.org url:https://stormycloud.org proof:uri-fam [15 hosts, inv_str 37/105] || email:forest-relay-contact[]cryptolab.net pgp:BCBAE3E9CB8E2FE23F29DC58 [28 hosts, inv_str 155/378] || escapemeplz@proton.me [13 hosts, inv_str 45/78] || hwangminjun@proton.me [9 hosts, inv_str 25/36] || hwangchulsoo@proton.me [19 hosts, inv_str 73/171] || url:https://ssdnodes.com email:tor-relays[]ssdnodes.com hoster:ssdnode [7 hosts, inv_str 12/21] || RandomPerson <skynet@academyforinternetresearch.org> [18 hosts, inv_str 92/153] || rulemyfuture22@proton.me [4 hosts, inv_str 5/6] || Bastiaan Brink <b@stiaanbr.ink> | AS215248 NOC +31 85 369 5034 [7 hosts, inv_str 7/21] || hwangminzi@proton.me [7 hosts, inv_str 14/21] || email:support@unshakled.org url:unshakled.org proof:uri-rsa abuse:abus [4 hosts, inv_str 4/6] || arieti009@proton.me [8 hosts, inv_str 22/28] || origameanings@gmail.com [3 hosts, inv_str 0/3] || FreeExitProvider(at)protonmail(dot)com [tor-relay.co] [4 hosts, inv_str 4/6] || gdhong2896@proton.me [6 hosts, inv_str 8/15] || palcon3423@proton.me [6 hosts, inv_str 11/15] || @0perat0r:matrix.org [6 hosts, inv_str 7/15] || ispahan0213@proton.me [3 hosts, inv_str 1/3] || ask ur mom [4 hosts, inv_str 1/6] || email:admin[]prsv.ch url:https://prsv.ch/ proof:uri-rsa ciissversion:2 [4 hosts, inv_str 0/6] || email:john[]quintex.com url:https://www.quintex.com proof:uri-rsa abus [10 hosts, inv_str 21/45] || email:admin[]prsv.ch url:https://prsv.ch/ proof:uri-rsa ciissversion:2 [5 hosts, inv_str 8/10] || email:forest-relay-contact[]cryptolab.net pgp:BCBAE3E9CB8E2FE23F29DC58 [9 hosts, inv_str 11/36] || email:john[]quintex.com url:https://www.quintex.com proof:uri-rsa abus [4 hosts, inv_str 5/6] || tutkfk@protonmail.com [3 hosts, inv_str 2/3] || email:john[]quintex.com url:https://www.quintex.com proof:uri-rsa abus [6 hosts, inv_str 7/15] || anonymous@torproject.org [3 hosts, inv_str 1/3]"
2026-08-26 15:04:45,2026-08-26 15:36:40,2,14,0,"email:john[]quintex.com url:https://www.quintex.com proof:uri-rsa abus [9 hosts, inv_str 16/36] || printerexpert@mail2tor.com [5 hosts, inv_str 4/10]"
2026-08-26 16:03:17,2026-08-26 16:43:15,2,12,0,"email:john[]quintex.com url:https://www.quintex.com proof:uri-rsa abus [9 hosts, inv_str 16/36] || printerexpert@mail2tor.com [3 hosts, inv_str 1/3]"
2026-08-26 17:03:31,2026-08-26 17:31:03,2,11,0,"email:john[]quintex.com url:https://www.quintex.com proof:uri-rsa abus [8 hosts, inv_str 14/28] || printerexpert@mail2tor.com [3 hosts, inv_str 3/3]"
2026-08-26 17:58:02,2026-08-26 18:26:58,4,48,0,"email:admin[]prsv.ch url:https://prsv.ch/ proof:uri-rsa ciissversion:2 [5 hosts, inv_str 8/10] || tor@0lt.de [4 hosts, inv_str 2/6] || email:john[]quintex.com url:https://www.quintex.com proof:uri-rsa abus [7 hosts, inv_str 13/21] || email:admin@for-privacy.net identity:https://keyoxide.org/admin@for-pr [32 hosts, inv_str 41/496]"
2026-08-26 19:01:38,2026-08-26 19:33:12,2,9,0,"email:john[]quintex.com url:https://www.quintex.com proof:uri-rsa abus [6 hosts, inv_str 5/15] || printerexpert@mail2tor.com [3 hosts, inv_str 1/3]"
2026-08-27 01:18:36,2026-08-27 01:53:17,2,8,0,"printerexpert@mail2tor.com [4 hosts, inv_str 5/6] || tor@kllx.eu [4 hosts, inv_str 3/6]"
2026-08-27 02:06:05,2026-08-27 02:49:14,2,8,0,"email:john[]quintex.com url:https://www.quintex.com proof:uri-rsa abus [4 hosts, inv_str 3/6] || printerexpert@mail2tor.com [4 hosts, inv_str 1/6]"
2026-08-27 03:52:44,2026-08-27 08:29:24,23,263,0,"email:info[]osservatorionessuno.org url:https://osservatorionessuno.or [3 hosts, inv_str 3/3] || relay // at // pommespanzer // dot // cc [11 hosts, inv_str 26/55] || DFRI email:tor[]dfri.se url:https://dfri.se proof:dns-familyid-ed25519 [9 hosts, inv_str 20/36] || email:abuse[]tuxli.org pgp:32A1621FC5290921D720940187AC9FC1F2BCCB30 ur [3 hosts, inv_str 1/3] || email:john[]quintex.com url:https://www.quintex.com proof:uri-rsa abus [6 hosts, inv_str 6/15] || tor-relay-contact <at> digitalsquid <dot> co <dot> uk [4 hosts, inv_str 4/6] || email:admin[]prsv.ch url:https://prsv.ch/ proof:uri-rsa ciissversion:2 [80 hosts, inv_str 1936/3160] || ContactInfo email:knight AT germancraft dot net url:germancraft.net pr [4 hosts, inv_str 5/6] || email:john[]quintex.com url:https://www.quintex.com proof:uri-rsa abus [6 hosts, inv_str 12/15] || DFRI email:tor[]dfri.se url:https://dfri.se proof:dns-familyid-ed25519 [10 hosts, inv_str 38/45] || escapemeplz@proton.me [12 hosts, inv_str 22/66] || hwangminjun@proton.me [4 hosts, inv_str 5/6] || email:tor[]r0cket.net url:https://tor.r0cket.net/ proof:uri-rsa abuse: [9 hosts, inv_str 14/36] || hwangchulsoo@proton.me [15 hosts, inv_str 60/105] || RandomPerson <skynet@academyforinternetresearch.org> [14 hosts, inv_str 41/91] || email:forest-relay-contact[]cryptolab.net pgp:BCBAE3E9CB8E2FE23F29DC58 [14 hosts, inv_str 54/91] || hwangminzi@proton.me [3 hosts, inv_str 1/3] || url:https://ssdnodes.com email:tor-relays[]ssdnodes.com hoster:ssdnode [8 hosts, inv_str 16/28] || iwannagohom3@proton.me [6 hosts, inv_str 10/15] || FreeExitProvider(at)protonmail(dot)com [tor-relay.co] [4 hosts, inv_str 3/6] || arieti009@proton.me [7 hosts, inv_str 6/21] || kimminsoooo@proton.me [5 hosts, inv_str 5/10] || hwangminjun@proton.me [4 hosts, inv_str 3/6] || ask ur mom [3 hosts, inv_str 0/3] || rulemyfuture22@proton.me [4 hosts, inv_str 2/6] || email:john[]quintex.com url:https://www.quintex.com proof:uri-rsa abus [5 hosts, inv_str 8/10] || email:mail[]nothingtohide.nl url:nothingtohide.nl proof:uri-rsa abuse: [4 hosts, inv_str 2/6] || email:john[]quintex.com url:https://www.quintex.com proof:uri-rsa abus [6 hosts, inv_str 13/15]"
2026-08-27 08:55:09,2026-08-27 09:22:31,2,8,0,"email:info[]osservatorionessuno.org url:https://osservatorionessuno.or [3 hosts, inv_str 1/3] || email:john[]quintex.com url:https://www.quintex.com proof:uri-rsa abus [5 hosts, inv_str 3/10]"
2026-08-27 11:01:47,2026-08-27 11:47:38,2,16,0,"@yeathatsmeagain:matrix.org [9 hosts, inv_str 8/36] || email:john[]quintex.com url:https://www.quintex.com proof:uri-rsa abus [7 hosts, inv_str 8/21]"
2026-08-27 12:15:32,2026-08-27 13:04:55,2,6,0,"email:john[]quintex.com url:https://www.quintex.com proof:uri-rsa abus [3 hosts, inv_str 2/3] || printerexpert@mail2tor.com [3 hosts, inv_str 3/3]"
2026-08-27 14:03:23,2026-08-27 14:37:42,4,32,0,"email:john[]quintex.com url:https://www.quintex.com proof:uri-rsa abus [8 hosts, inv_str 17/28] || Uu77bBt0eDko5iDrRNiXt2quIVPMNKvILk1eqJbAVk9e@posteo.ch [3 hosts, inv_str 0/3] || email:admin[]fluffypancakes.dev url:fluffypancakes.dev proof:uri-famil [18 hosts, inv_str 94/153] || email:admin[]fluffypancakes.dev url:fluffypancakes.dev proof:uri-famil [3 hosts, inv_str 3/3]"
2026-08-27 15:05:27,2026-08-27 16:19:47,5,28,0,"email:john[]quintex.com url:https://www.quintex.com proof:uri-rsa abus [10 hosts, inv_str 11/45] || printerexpert@mail2tor.com [4 hosts, inv_str 4/6] || NN <relay-ops AT noonion dot de> [3 hosts, inv_str 3/3] || email:admin[]prsv.ch url:https://prsv.ch/ proof:uri-rsa ciissversion:2 [3 hosts, inv_str 2/3] || Random Person nobody@tor.org [3 hosts, inv_str 3/3] || email:john[]quintex.com url:https://www.quintex.com proof:uri-rsa abus [5 hosts, inv_str 5/10]"
2026-08-27 16:47:36,2026-08-27 17:31:28,3,11,0,"printerexpert@mail2tor.com [3 hosts, inv_str 2/3] || email:admin[]prsv.ch url:https://prsv.ch/ proof:uri-rsa ciissversion:2 [3 hosts, inv_str 1/3] || email:john[]quintex.com url:https://www.quintex.com proof:uri-rsa abus [5 hosts, inv_str 2/10]"
2026-08-27 20:02:57,2026-08-27 20:49:36,4,19,0,"email:john[]quintex.com url:https://www.quintex.com proof:uri-rsa abus [8 hosts, inv_str 21/28] || someone < tor27 AT nurfuerspam DOT de > [3 hosts, inv_str 1/3] || email:admin[]prsv.ch url:https://prsv.ch/ proof:uri-rsa ciissversion:2 [5 hosts, inv_str 3/10] || NN <relay-ops AT noonion dot de> [3 hosts, inv_str 1/3]"
2026-08-27 21:55:25,2026-08-27 22:19:48,3,10,0,"email:john[]quintex.com url:https://www.quintex.com proof:uri-rsa abus [4 hosts, inv_str 2/6] || tor@kllx.eu [3 hosts, inv_str 1/3] || email:admin@for-privacy.net identity:https://keyoxide.org/admin@for-pr [3 hosts, inv_str 3/3]"
2026-08-27 23:07:39,2026-08-27 23:29:30,2,9,0,"email:admin[]prsv.ch url:https://prsv.ch/ proof:uri-rsa ciissversion:2 [5 hosts, inv_str 8/10] || email:john[]quintex.com url:https://www.quintex.com proof:uri-rsa abus [4 hosts, inv_str 2/6]"
2026-08-28 01:02:33,2026-08-28 01:20:12,2,31,0,"email:john[]quintex.com url:https://www.quintex.com proof:uri-rsa abus [8 hosts, inv_str 7/28] || actricenrop1971@protonmail.com [23 hosts, inv_str 130/253]"
2026-08-28 01:52:57,2026-08-28 02:34:05,3,18,0,"email:info[]osservatorionessuno.org url:https://osservatorionessuno.or [4 hosts, inv_str 2/6] || email:john[]quintex.com url:https://www.quintex.com proof:uri-rsa abus [6 hosts, inv_str 11/15] || F3 Netze <abuse@f3netze.de> email:abuse[]f3netze.de abuse:abuse[]f3net [8 hosts, inv_str 10/28]"
2026-08-28 03:07:38,2026-08-28 03:33:21,2,8,0,"email:john[]quintex.com url:https://www.quintex.com proof:uri-rsa abus [4 hosts, inv_str 0/6] || email:info[]osservatorionessuno.org url:https://osservatorionessuno.or [4 hosts, inv_str 3/6]"
2026-08-28 04:05:33,2026-08-28 05:35:50,4,36,6,"email:Quetzalcoatl_relays[]proton.me url:https://quetzalcoatl-relays.o [6 hosts, inv_str 7/15] || email:john[]quintex.com url:https://www.quintex.com proof:uri-rsa abus [6 hosts, inv_str 8/15] || email:john[]quintex.com url:https://www.quintex.com proof:uri-rsa abus [8 hosts, inv_str 18/28] || email:staff[]dotsrc.org url:https://dotsrc.org proof:uri-rsa ciissvers [11 hosts, inv_str 11/55] || email:admin[]prsv.ch url:https://prsv.ch/ proof:uri-rsa ciissversion:2 [5 hosts, inv_str 1/10]"
2026-08-28 06:03:24,2026-08-28 07:00:29,3,16,3,"email:john[]quintex.com url:https://www.quintex.com proof:uri-rsa abus [5 hosts, inv_str 8/10] || email:Quetzalcoatl_relays[]proton.me url:https://quetzalcoatl-relays.o [3 hosts, inv_str 2/3] || url:https://ssdnodes.com email:tor-relays[]ssdnodes.com hoster:ssdnode [8 hosts, inv_str 9/28]"
2026-08-28 07:43:11,2026-08-28 09:32:50,5,29,3,"printerexpert@mail2tor.com [4 hosts, inv_str 3/6] || tor@zgato.ru [3 hosts, inv_str 2/3] || email:john[]quintex.com url:https://www.quintex.com proof:uri-rsa abus [11 hosts, inv_str 25/55] || email:Quetzalcoatl_relays[]proton.me url:https://quetzalcoatl-relays.o [3 hosts, inv_str 1/3] || email:admin[]prsv.ch url:https://prsv.ch/ proof:uri-rsa ciissversion:2 [3 hosts, inv_str 2/3] || email:john[]quintex.com url:https://www.quintex.com proof:uri-rsa abus [5 hosts, inv_str 3/10]"
2026-08-28 10:16:07,2026-08-28 10:30:33,2,7,0,"email:john[]quintex.com url:https://www.quintex.com proof:uri-rsa abus [4 hosts, inv_str 4/6] || email:admin[]prsv.ch url:https://prsv.ch/ proof:uri-rsa ciissversion:2 [3 hosts, inv_str 1/3]"
2026-08-28 11:00:16,2026-08-28 11:36:59,3,13,0,"printerexpert@mail2tor.com [3 hosts, inv_str 3/3] || email:john[]quintex.com url:https://www.quintex.com proof:uri-rsa abus [7 hosts, inv_str 13/21] || email:admin[]prsv.ch url:https://prsv.ch/ proof:uri-rsa ciissversion:2 [3 hosts, inv_str 1/3]"
2026-08-28 12:04:20,2026-08-28 12:32:36,2,13,0,"email:john[]quintex.com url:https://www.quintex.com proof:uri-rsa abus [9 hosts, inv_str 22/36] || email:admin[]prsv.ch url:https://prsv.ch/ proof:uri-rsa ciissversion:2 [4 hosts, inv_str 4/6]"
2026-08-28 13:01:39,2026-08-28 13:42:05,3,17,3,"email:admin[]prsv.ch url:https://prsv.ch/ proof:uri-rsa ciissversion:2 [7 hosts, inv_str 12/21] || email:john[]quintex.com url:https://www.quintex.com proof:uri-rsa abus [7 hosts, inv_str 11/21] || email:Quetzalcoatl_relays[]proton.me url:https://quetzalcoatl-relays.o [3 hosts, inv_str 3/3]"
2026-08-28 14:06:18,2026-08-28 15:43:03,4,30,0,"email:john[]quintex.com url:https://www.quintex.com proof:uri-rsa abus [6 hosts, inv_str 8/15] || Uu77bBt0eDko5iDrRNiXt2quIVPMNKvILk1eqJbAVk9e@posteo.ch [3 hosts, inv_str 0/3] || email:admin[]prsv.ch url:https://prsv.ch/ proof:uri-rsa ciissversion:2 [6 hosts, inv_str 7/15] || printerexpert@mail2tor.com [5 hosts, inv_str 4/10] || email:admin[]prsv.ch url:https://prsv.ch/ proof:uri-rsa ciissversion:2 [5 hosts, inv_str 4/10] || email:john[]quintex.com url:https://www.quintex.com proof:uri-rsa abus [5 hosts, inv_str 4/10]"
2026-08-28 16:02:58,2026-08-28 16:29:21,3,13,0,"Alpenwall email:alpenwall[]proton.me pgp:11F9B9631297C6E8A6ABAEB20F35F [3 hosts, inv_str 3/3] || email:admin[]prsv.ch url:https://prsv.ch/ proof:uri-rsa ciissversion:2 [3 hosts, inv_str 3/3] || email:john[]quintex.com url:https://www.quintex.com proof:uri-rsa abus [7 hosts, inv_str 8/21]"
2026-08-28 16:30:10,2026-08-28 18:35:12,4,25,5,"email:admin[]prsv.ch url:https://prsv.ch/ proof:uri-rsa ciissversion:2 [6 hosts, inv_str 5/15] || email:info[]osservatorionessuno.org url:https://osservatorionessuno.or [3 hosts, inv_str 2/3] || email:Quetzalcoatl_relays[]proton.me url:https://quetzalcoatl-relays.o [5 hosts, inv_str 2/10] || email:admin[]prsv.ch url:https://prsv.ch/ proof:uri-rsa ciissversion:2 [8 hosts, inv_str 15/28] || email:john[]quintex.com url:https://www.quintex.com proof:uri-rsa abus [3 hosts, inv_str 0/3]"
2026-08-28 18:48:54,2026-08-28 19:26:50,3,13,0,"email:info[]osservatorionessuno.org url:https://osservatorionessuno.or [3 hosts, inv_str 2/3] || email:admin[]prsv.ch url:https://prsv.ch/ proof:uri-rsa ciissversion:2 [3 hosts, inv_str 1/3] || email:john[]quintex.com url:https://www.quintex.com proof:uri-rsa abus [7 hosts, inv_str 9/21]"
2026-08-28 19:52:24,2026-08-28 20:29:14,2,11,0,"email:admin[]prsv.ch url:https://prsv.ch/ proof:uri-rsa ciissversion:2 [3 hosts, inv_str 2/3] || email:john[]quintex.com url:https://www.quintex.com proof:uri-rsa abus [8 hosts, inv_str 24/28]"
2026-08-28 20:35:31,2026-08-28 21:40:37,5,35,3,"email:Quetzalcoatl_relays[]proton.me url:https://quetzalcoatl-relays.o [3 hosts, inv_str 2/3] || email:admin[]prsv.ch url:https://prsv.ch/ proof:uri-rsa ciissversion:2 [3 hosts, inv_str 0/3] || email:info[]osservatorionessuno.org url:https://osservatorionessuno.or [4 hosts, inv_str 4/6] || email:john[]quintex.com url:https://www.quintex.com proof:uri-rsa abus [5 hosts, inv_str 7/10] || actricenrop1971@protonmail.com [20 hosts, inv_str 99/190]"
2026-08-28 22:44:13,2026-08-29 03:49:20,8,151,3,"email:admin[]prsv.ch url:https://prsv.ch/ proof:uri-rsa ciissversion:2 [3 hosts, inv_str 3/3] || email:john[]quintex.com url:https://www.quintex.com proof:uri-rsa abus [4 hosts, inv_str 2/6] || email:info[]osservatorionessuno.org url:https://osservatorionessuno.or [3 hosts, inv_str 2/3] || email:Quetzalcoatl_relays[]proton.me url:https://quetzalcoatl-relays.o [3 hosts, inv_str 1/3] || printerexpert@mail2tor.com [5 hosts, inv_str 7/10] || RandomPerson <skynet@academyforinternetresearch.org> [6 hosts, inv_str 2/15] || email:admin[]prsv.ch url:https://prsv.ch/ proof:uri-rsa ciissversion:2 [3 hosts, inv_str 1/3] || email:john[]quintex.com url:https://www.quintex.com proof:uri-rsa abus [7 hosts, inv_str 8/21] || email:admin@for-privacy.net identity:https://keyoxide.org/admin@for-pr [3 hosts, inv_str 2/3] || email:admin[]prsv.ch url:https://prsv.ch/ proof:uri-rsa ciissversion:2 [6 hosts, inv_str 8/15] || printerexpert@mail2tor.com [3 hosts, inv_str 1/3] || email:john[]quintex.com url:https://www.quintex.com proof:uri-rsa abus [9 hosts, inv_str 18/36] || email:info[]osservatorionessuno.org url:https://osservatorionessuno.or [3 hosts, inv_str 2/3] || printerexpert@mail2tor.com [3 hosts, inv_str 1/3] || email:john[]quintex.com url:https://www.quintex.com proof:uri-rsa abus [9 hosts, inv_str 13/36] || email:admin[]prsv.ch url:https://prsv.ch/ proof:uri-rsa ciissversion:2 [75 hosts, inv_str 1191/2775] || hello@relaymagic.org (relaymagic.org/contact) [3 hosts, inv_str 0/3] || email:info[]osservatorionessuno.org url:https://osservatorionessuno.or [3 hosts, inv_str 1/3]"
2026-08-29 05:02:41,2026-08-29 06:57:47,7,37,3,"admin@ofnothing.org [8 hosts, inv_str 1/28] || email:john[]quintex.com url:https://www.quintex.com proof:uri-rsa abus [4 hosts, inv_str 3/6] || email:admin[]prsv.ch url:https://prsv.ch/ proof:uri-rsa ciissversion:2 [6 hosts, inv_str 6/15] || email:Quetzalcoatl_relays[]proton.me url:https://quetzalcoatl-relays.o [3 hosts, inv_str 0/3] || email:info[]osservatorionessuno.org url:https://osservatorionessuno.or [4 hosts, inv_str 3/6] || tor@zgato.ru [4 hosts, inv_str 3/6] || url:https://ssdnodes.com email:tor-relays[]ssdnodes.com hoster:ssdnode [8 hosts, inv_str 12/28]"
2026-08-29 07:46:00,2026-08-29 08:49:59,5,22,3,"email:info[]osservatorionessuno.org url:https://osservatorionessuno.or [4 hosts, inv_str 3/6] || email:Quetzalcoatl_relays[]proton.me url:https://quetzalcoatl-relays.o [3 hosts, inv_str 3/3] || Alpenwall email:alpenwall[]proton.me pgp:11F9B9631297C6E8A6ABAEB20F35F [3 hosts, inv_str 1/3] || email:john[]quintex.com url:https://www.quintex.com proof:uri-rsa abus [6 hosts, inv_str 6/15] || email:admin[]prsv.ch url:https://prsv.ch/ proof:uri-rsa ciissversion:2 [6 hosts, inv_str 4/15]"
2026-08-29 09:03:52,2026-08-29 09:44:39,4,19,0,"email:admin[]prsv.ch url:https://prsv.ch/ proof:uri-rsa ciissversion:2 [4 hosts, inv_str 4/6] || email:john[]quintex.com url:https://www.quintex.com proof:uri-rsa abus [5 hosts, inv_str 7/10] || Alpenwall email:alpenwall[]proton.me pgp:11F9B9631297C6E8A6ABAEB20F35F [3 hosts, inv_str 2/3] || email:admin[]prsv.ch url:https://prsv.ch/ proof:uri-rsa ciissversion:2 [3 hosts, inv_str 1/3] || email:toralf.foerster[]gmx.de gpg:1A376F994A9D026F13E24DCFC4EACDDE0076 [4 hosts, inv_str 4/6]"
2026-08-29 09:46:10,2026-08-29 10:35:17,4,23,7,"email:info[]osservatorionessuno.org url:https://osservatorionessuno.or [3 hosts, inv_str 2/3] || email:john[]quintex.com url:https://www.quintex.com proof:uri-rsa abus [6 hosts, inv_str 7/15] || email:Quetzalcoatl_relays[]proton.me url:https://quetzalcoatl-relays.o [7 hosts, inv_str 12/21] || email:admin[]prsv.ch url:https://prsv.ch/ proof:uri-rsa ciissversion:2 [7 hosts, inv_str 7/21]"
2026-08-29 11:05:27,2026-08-29 12:35:42,5,35,6,"email:john[]quintex.com url:https://www.quintex.com proof:uri-rsa abus [16 hosts, inv_str 55/120] || relay operator - contact: lucasvandekwq [at] rambler [dot] ru [3 hosts, inv_str 2/3] || email:admin[]prsv.ch url:https://prsv.ch/ proof:uri-rsa ciissversion:2 [7 hosts, inv_str 6/21] || email:Quetzalcoatl_relays[]proton.me url:https://quetzalcoatl-relays.o [6 hosts, inv_str 9/15] || email:info[]osservatorionessuno.org url:https://osservatorionessuno.or [3 hosts, inv_str 1/3]"
2026-08-29 12:50:04,2026-08-29 13:33:28,3,16,4,"email:Quetzalcoatl_relays[]proton.me url:https://quetzalcoatl-relays.o [4 hosts, inv_str 5/6] || email:admin[]prsv.ch url:https://prsv.ch/ proof:uri-rsa ciissversion:2 [3 hosts, inv_str 0/3] || email:john[]quintex.com url:https://www.quintex.com proof:uri-rsa abus [9 hosts, inv_str 16/36]"
2026-08-29 13:43:28,2026-08-29 14:48:05,3,20,0,"email:admin[]prsv.ch url:https://prsv.ch/ proof:uri-rsa ciissversion:2 [7 hosts, inv_str 19/21] || email:john[]quintex.com url:https://www.quintex.com proof:uri-rsa abus [9 hosts, inv_str 16/36] || email:info[]osservatorionessuno.org url:https://osservatorionessuno.or [4 hosts, inv_str 0/6]"
2026-08-29 14:54:41,2026-08-29 15:22:19,2,6,3,"email:john[]quintex.com url:https://www.quintex.com proof:uri-rsa abus [3 hosts, inv_str 0/3] || email:Quetzalcoatl_relays[]proton.me url:https://quetzalcoatl-relays.o [3 hosts, inv_str 1/3]"
2026-08-29 15:59:12,2026-08-29 17:14:55,6,62,4,"email:Quetzalcoatl_relays[]proton.me url:https://quetzalcoatl-relays.o [4 hosts, inv_str 1/6] || email:admin[]prsv.ch url:https://prsv.ch/ proof:uri-rsa ciissversion:2 [8 hosts, inv_str 17/28] || email:info[]osservatorionessuno.org url:https://osservatorionessuno.or [4 hosts, inv_str 0/6] || email:john[]quintex.com url:https://www.quintex.com proof:uri-rsa abus [7 hosts, inv_str 13/21] || email:usura[]sabotage.org url:https://sabotage.net proof:uri-rsa abuse [23 hosts, inv_str 69/253] || email:admin[]prsv.ch url:https://prsv.ch/ proof:uri-rsa ciissversion:2 [5 hosts, inv_str 3/10] || email:staff[]dotsrc.org url:https://dotsrc.org proof:uri-rsa ciissvers [11 hosts, inv_str 4/55]"
2026-08-29 19:06:55,2026-08-29 19:45:31,2,7,0,"NN <relay-ops AT noonion dot de> [4 hosts, inv_str 3/6] || email:john[]quintex.com url:https://www.quintex.com proof:uri-rsa abus [3 hosts, inv_str 1/3]"
2026-08-29 19:47:15,2026-08-29 21:44:02,6,43,4,"email:john[]quintex.com url:https://www.quintex.com proof:uri-rsa abus [15 hosts, inv_str 39/105] || email:Quetzalcoatl_relays[]proton.me url:https://quetzalcoatl-relays.o [4 hosts, inv_str 1/6] || email:admin[]prsv.ch url:https://prsv.ch/ proof:uri-rsa ciissversion:2 [4 hosts, inv_str 0/6] || none [3 hosts, inv_str 3/3] || printerexpert@mail2tor.com [3 hosts, inv_str 1/3] || tor@dst.ca [4 hosts, inv_str 3/6] || email:admin[]prsv.ch url:https://prsv.ch/ proof:uri-rsa ciissversion:2 [4 hosts, inv_str 4/6] || email:john[]quintex.com url:https://www.quintex.com proof:uri-rsa abus [6 hosts, inv_str 7/15]"
2026-08-29 21:46:18,2026-08-29 22:37:32,4,17,0,"your@e-mail [3 hosts, inv_str 3/3] || NN <relay-ops AT noonion dot de> [3 hosts, inv_str 2/3] || email:john[]quintex.com url:https://www.quintex.com proof:uri-rsa abus [7 hosts, inv_str 10/21] || none [4 hosts, inv_str 2/6]"
2026-08-29 22:57:23,2026-08-29 23:30:19,2,9,0,"email:john[]quintex.com url:https://www.quintex.com proof:uri-rsa abus [5 hosts, inv_str 5/10] || email:admin[]prsv.ch url:https://prsv.ch/ proof:uri-rsa ciissversion:2 [4 hosts, inv_str 4/6]"
2026-08-29 23:47:42,2026-08-30 01:42:14,7,37,0,"email:admin[]prsv.ch url:https://prsv.ch/ proof:uri-rsa ciissversion:2 [6 hosts, inv_str 9/15] || printerexpert@mail2tor.com [3 hosts, inv_str 1/3] || RandomPerson <skynet@academyforinternetresearch.org> [5 hosts, inv_str 4/10] || none [3 hosts, inv_str 1/3] || tr0419@proton.me [3 hosts, inv_str 3/3] || email:john[]quintex.com url:https://www.quintex.com proof:uri-rsa abus [14 hosts, inv_str 53/91] || email:forest-relay-contact[]cryptolab.net pgp:BCBAE3E9CB8E2FE23F29DC58 [3 hosts, inv_str 1/3]"
2026-08-30 01:45:55,2026-08-30 03:28:38,6,32,0,"email:admin[]prsv.ch url:https://prsv.ch/ proof:uri-rsa ciissversion:2 [4 hosts, inv_str 2/6] || email:forest-relay-contact[]cryptolab.net pgp:BCBAE3E9CB8E2FE23F29DC58 [13 hosts, inv_str 34/78] || none [3 hosts, inv_str 2/3] || tor@zgato.ru [3 hosts, inv_str 1/3] || hello@relaymagic.org (relaymagic.org/contact) [3 hosts, inv_str 1/3] || email:john[]quintex.com url:https://www.quintex.com proof:uri-rsa abus [6 hosts, inv_str 6/15]"
2026-08-30 03:40:55,2026-08-30 04:42:53,3,31,0,"email:forest-relay-contact[]cryptolab.net pgp:BCBAE3E9CB8E2FE23F29DC58 [7 hosts, inv_str 12/21] || tor [] wurzelmann.at [7 hosts, inv_str 14/21] || email:admin[]stormycloud.org url:https://stormycloud.org proof:uri-fam [17 hosts, inv_str 0/136]"
2026-08-30 05:11:49,2026-08-30 05:32:16,2,12,6,"email:john[]quintex.com url:https://www.quintex.com proof:uri-rsa abus [6 hosts, inv_str 8/15] || email:Quetzalcoatl_relays[]proton.me url:https://quetzalcoatl-relays.o [6 hosts, inv_str 13/15]"
2026-08-30 05:46:30,2026-08-30 08:32:56,7,62,7,"email:admin[]prsv.ch url:https://prsv.ch/ proof:uri-rsa ciissversion:2 [4 hosts, inv_str 4/6] || email:forest-relay-contact[]cryptolab.net pgp:BCBAE3E9CB8E2FE23F29DC58 [15 hosts, inv_str 20/105] || <trly1 AT proton dot me> [3 hosts, inv_str 1/3] || email:john[]quintex.com url:https://www.quintex.com proof:uri-rsa abus [4 hosts, inv_str 4/6] || url:https://ssdnodes.com email:tor-relays[]ssdnodes.com hoster:ssdnode [9 hosts, inv_str 16/36] || email:Quetzalcoatl_relays[]proton.me url:https://quetzalcoatl-relays.o [4 hosts, inv_str 2/6] || email:Quetzalcoatl_relays[]proton.me url:https://quetzalcoatl-relays.o [5 hosts, inv_str 5/10] || email:john[]quintex.com url:https://www.quintex.com proof:uri-rsa abus [3 hosts, inv_str 1/3] || email:info[]osservatorionessuno.org url:https://osservatorionessuno.or [3 hosts, inv_str 1/3] || email:admin[]prsv.ch url:https://prsv.ch/ proof:uri-rsa ciissversion:2 [5 hosts, inv_str 8/10] || email:Quetzalcoatl_relays[]proton.me url:https://quetzalcoatl-relays.o [3 hosts, inv_str 2/3] || email:john[]quintex.com url:https://www.quintex.com proof:uri-rsa abus [4 hosts, inv_str 2/6]"
2026-08-30 09:13:34,2026-08-30 09:29:35,2,7,0,"email:john[]quintex.com url:https://www.quintex.com proof:uri-rsa abus [4 hosts, inv_str 3/6] || email:admin[]prsv.ch url:https://prsv.ch/ proof:uri-rsa ciissversion:2 [3 hosts, inv_str 3/3]"
2026-08-30 10:00:30,2026-08-30 10:39:36,3,14,4,"email:Quetzalcoatl_relays[]proton.me url:https://quetzalcoatl-relays.o [4 hosts, inv_str 2/6] || email:admin[]prsv.ch url:https://prsv.ch/ proof:uri-rsa ciissversion:2 [7 hosts, inv_str 8/21] || email:john[]quintex.com url:https://www.quintex.com proof:uri-rsa abus [3 hosts, inv_str 0/3]"
2026-08-30 10:55:57,2026-08-30 11:23:53,3,13,3,"email:Quetzalcoatl_relays[]proton.me url:https://quetzalcoatl-relays.o [3 hosts, inv_str 3/3] || email:admin[]prsv.ch url:https://prsv.ch/ proof:uri-rsa ciissversion:2 [3 hosts, inv_str 2/3] || email:john[]quintex.com url:https://www.quintex.com proof:uri-rsa abus [7 hosts, inv_str 14/21]"
2026-08-30 11:58:53,2026-08-30 12:32:16,3,15,3,"email:admin[]prsv.ch url:https://prsv.ch/ proof:uri-rsa ciissversion:2 [4 hosts, inv_str 5/6] || email:Quetzalcoatl_relays[]proton.me url:https://quetzalcoatl-relays.o [3 hosts, inv_str 2/3] || email:john[]quintex.com url:https://www.quintex.com proof:uri-rsa abus [8 hosts, inv_str 18/28]"
2026-08-30 12:48:18,2026-08-30 13:44:55,3,16,4,"email:Quetzalcoatl_relays[]proton.me url:https://quetzalcoatl-relays.o [4 hosts, inv_str 1/6] || email:john[]quintex.com url:https://www.quintex.com proof:uri-rsa abus [3 hosts, inv_str 1/3] || email:admin[]prsv.ch url:https://prsv.ch/ proof:uri-rsa ciissversion:2 [6 hosts, inv_str 8/15] || email:john[]quintex.com url:https://www.quintex.com proof:uri-rsa abus [3 hosts, inv_str 0/3]"
2026-08-30 14:01:19,2026-08-30 14:32:36,2,11,0,"email:john[]quintex.com url:https://www.quintex.com proof:uri-rsa abus [7 hosts, inv_str 7/21] || email:admin[]prsv.ch url:https://prsv.ch/ proof:uri-rsa ciissversion:2 [4 hosts, inv_str 4/6]"
2026-08-30 15:45:26,2026-08-30 17:49:58,5,70,37,"email:Quetzalcoatl_relays[]proton.me url:https://quetzalcoatl-relays.o [37 hosts, inv_str 453/666] || info@zeyd.eu [4 hosts, inv_str 1/6] || email:john[]quintex.com url:https://www.quintex.com proof:uri-rsa abus [6 hosts, inv_str 2/15] || Foundation for Applied Privacy email:tor[]appliedprivacy.net donationu [15 hosts, inv_str 16/105] || printerexpert@mail2tor.com [4 hosts, inv_str 1/6] || email:john[]quintex.com url:https://www.quintex.com proof:uri-rsa abus [4 hosts, inv_str 3/6]"
2026-08-30 18:03:27,2026-08-30 19:20:52,3,37,13,"email:Quetzalcoatl_relays[]proton.me url:https://quetzalcoatl-relays.o [13 hosts, inv_str 44/78] || email:john[]quintex.com url:https://www.quintex.com proof:uri-rsa abus [7 hosts, inv_str 7/21] || wxw at safe-mail dot net [17 hosts, inv_str 82/136]"
2026-08-30 20:23:09,2026-08-30 21:05:51,2,7,4,"email:john[]quintex.com url:https://www.quintex.com proof:uri-rsa abus [3 hosts, inv_str 3/3] || email:Quetzalcoatl_relays[]proton.me url:https://quetzalcoatl-relays.o [4 hosts, inv_str 1/6]"
2026-08-30 21:07:18,2026-08-30 21:41:47,2,12,0,"email:john[]quintex.com url:https://www.quintex.com proof:uri-rsa abus [9 hosts, inv_str 29/36] || printerexpert@mail2tor.com [3 hosts, inv_str 3/3]"
2026-08-30 22:06:57,2026-08-30 23:29:29,4,21,3,"email:john[]quintex.com url:https://www.quintex.com proof:uri-rsa abus [5 hosts, inv_str 1/10] || email:info[]osservatorionessuno.org url:https://osservatorionessuno.or [3 hosts, inv_str 1/3] || email:admin[]prsv.ch url:https://prsv.ch/ proof:uri-rsa ciissversion:2 [7 hosts, inv_str 13/21] || email:Quetzalcoatl_relays[]proton.me url:https://quetzalcoatl-relays.o [3 hosts, inv_str 1/3] || email:john[]quintex.com url:https://www.quintex.com proof:uri-rsa abus [3 hosts, inv_str 2/3]"
2026-08-31 00:33:56,2026-08-31 03:25:22,7,55,22,"anonymous@torproject.org [3 hosts, inv_str 1/3] || email:john[]quintex.com url:https://www.quintex.com proof:uri-rsa abus [11 hosts, inv_str 28/55] || anonymous@torproject.org [3 hosts, inv_str 3/3] || email:Quetzalcoatl_relays[]proton.me url:https://quetzalcoatl-relays.o [22 hosts, inv_str 135/231] || tor@kllx.eu [5 hosts, inv_str 0/10] || email:info[]osservatorionessuno.org url:https://osservatorionessuno.or [4 hosts, inv_str 2/6] || hello@relaymagic.org (relaymagic.org/contact) [3 hosts, inv_str 0/3] || email:admin[]prsv.ch url:https://prsv.ch/ proof:uri-rsa ciissversion:2 [4 hosts, inv_str 1/6]"
2026-08-31 04:05:45,2026-08-31 05:31:07,5,31,0,"email:john[]quintex.com url:https://www.quintex.com proof:uri-rsa abus [12 hosts, inv_str 29/66] || F3 Netze <abuse@f3netze.de> email:abuse[]f3netze.de abuse:abuse[]f3net [4 hosts, inv_str 2/6] || F3 Netze <abuse@f3netze.de> email:abuse[]f3netze.de abuse:abuse[]f3net [8 hosts, inv_str 5/28] || F3 Netze <abuse@f3netze.de> email:abuse[]f3netze.de abuse:abuse[]f3net [4 hosts, inv_str 2/6] || email:info[]osservatorionessuno.org url:https://osservatorionessuno.or [3 hosts, inv_str 1/3]"
2026-08-31 06:03:12,2026-08-31 07:22:46,6,41,4,"email:forest-relay-contact[]cryptolab.net pgp:BCBAE3E9CB8E2FE23F29DC58 [15 hosts, inv_str 66/105] || email:admin[]prsv.ch url:https://prsv.ch/ proof:uri-rsa ciissversion:2 [3 hosts, inv_str 1/3] || url:https://ssdnodes.com email:tor-relays[]ssdnodes.com hoster:ssdnode [6 hosts, inv_str 3/15] || email:abuse[]tuxli.org pgp:32A1621FC5290921D720940187AC9FC1F2BCCB30 ur [3 hosts, inv_str 1/3] || Brandon Kuschel <tor AT NOSPAM brandonkuschel dot com> [4 hosts, inv_str 2/6] || email:admin[]prsv.ch url:https://prsv.ch/ proof:uri-rsa ciissversion:2 [5 hosts, inv_str 1/10] || email:john[]quintex.com url:https://www.quintex.com proof:uri-rsa abus [5 hosts, inv_str 2/10]"
2026-08-31 08:01:31,2026-08-31 08:35:06,2,10,0,"email:admin[]prsv.ch url:https://prsv.ch/ proof:uri-rsa ciissversion:2 [3 hosts, inv_str 1/3] || email:john[]quintex.com url:https://www.quintex.com proof:uri-rsa abus [7 hosts, inv_str 10/21]"
2026-08-31 08:56:36,2026-08-31 09:56:36,3,12,0,"email:admin[]prsv.ch url:https://prsv.ch/ proof:uri-rsa ciissversion:2 [5 hosts, inv_str 3/10] || email:john[]quintex.com url:https://www.quintex.com proof:uri-rsa abus [4 hosts, inv_str 4/6] || ContactInfo relay operator - contact: lucasvandekwq [at] rambler [dot] [3 hosts, inv_str 1/3]"
2026-08-31 12:01:42,2026-08-31 13:20:50,3,14,0,"email:admin[]prsv.ch url:https://prsv.ch/ proof:uri-rsa ciissversion:2 [4 hosts, inv_str 2/6] || email:john[]quintex.com url:https://www.quintex.com proof:uri-rsa abus [3 hosts, inv_str 3/3] || NN <relay-ops AT noonion dot de> [4 hosts, inv_str 5/6] || email:john[]quintex.com url:https://www.quintex.com proof:uri-rsa abus [3 hosts, inv_str 3/3]"
2026-08-31 13:55:01,2026-08-31 15:39:55,5,23,3,"email:Quetzalcoatl_relays[]proton.me url:https://quetzalcoatl-relays.o [3 hosts, inv_str 2/3] || printerexpert@mail2tor.com [4 hosts, inv_str 4/6] || email:admin[]prsv.ch url:https://prsv.ch/ proof:uri-rsa ciissversion:2 [5 hosts, inv_str 9/10] || email:john[]quintex.com url:https://www.quintex.com proof:uri-rsa abus [3 hosts, inv_str 3/3] || none [3 hosts, inv_str 1/3] || email:john[]quintex.com url:https://www.quintex.com proof:uri-rsa abus [5 hosts, inv_str 5/10]"
2026-08-31 16:01:50,2026-08-31 19:26:09,7,59,1,"email:john[]quintex.com url:https://www.quintex.com proof:uri-rsa abus [5 hosts, inv_str 7/10] || email:admin[]prsv.ch url:https://prsv.ch/ proof:uri-rsa ciissversion:2 [6 hosts, inv_str 4/15] || NN <relay-ops AT noonion dot de> [3 hosts, inv_str 0/3] || email:admin[]prsv.ch url:https://prsv.ch/ proof:uri-rsa ciissversion:2 [5 hosts, inv_str 3/10] || email:john[]quintex.com url:https://www.quintex.com proof:uri-rsa abus [15 hosts, inv_str 66/105] || email:toralf.foerster[]gmx.de gpg:1A376F994A9D026F13E24DCFC4EACDDE0076 [4 hosts, inv_str 3/6] || printerexpert@mail2tor.com [3 hosts, inv_str 3/3] || email:admin[]prsv.ch url:https://prsv.ch/ proof:uri-rsa ciissversion:2 [7 hosts, inv_str 10/21] || Chaos Computer Club Wien (C3W) email:anonymity[]c3w.at url:https://c3w [4 hosts, inv_str 1/6] || email:john[]quintex.com url:https://www.quintex.com proof:uri-rsa abus [4 hosts, inv_str 5/6] || gleepdorf AT proton DOT me [3 hosts, inv_str 2/3]"
2026-08-31 20:39:49,2026-08-31 21:07:32,4,16,0,"printerexpert@mail2tor.com [3 hosts, inv_str 2/3] || email:admin[]prsv.ch url:https://prsv.ch/ proof:uri-rsa ciissversion:2 [6 hosts, inv_str 8/15] || tor@0lt.de [4 hosts, inv_str 2/6] || email:forest-relay-contact[]cryptolab.net pgp:BCBAE3E9CB8E2FE23F29DC58 [3 hosts, inv_str 2/3]"
2026-08-31 21:09:15,2026-08-31 22:03:32,2,11,0,"email:john[]quintex.com url:https://www.quintex.com proof:uri-rsa abus [6 hosts, inv_str 7/15] || printerexpert@mail2tor.com [5 hosts, inv_str 6/10]"
2026-08-31 23:56:58,2026-09-01 00:33:48,8,35,0,"email:admin[]prsv.ch url:https://prsv.ch/ proof:uri-rsa ciissversion:2 [3 hosts, inv_str 2/3] || RandomPerson <skynet@academyforinternetresearch.org> [4 hosts, inv_str 0/6] || email:forest-relay-contact[]cryptolab.net pgp:BCBAE3E9CB8E2FE23F29DC58 [5 hosts, inv_str 6/10] || url:https://ssdnodes.com email:tor-relays[]ssdnodes.com hoster:ssdnode [5 hosts, inv_str 5/10] || torcontactemail AT proton.me [8 hosts, inv_str 9/28] || tor@zgato.ru [3 hosts, inv_str 1/3] || email:john[]quintex.com url:https://www.quintex.com proof:uri-rsa abus [4 hosts, inv_str 2/6] || printerexpert@mail2tor.com [3 hosts, inv_str 0/3]"
2026-09-01 00:38:19,2026-09-01 02:31:24,5,31,0,"0x9F29C15D42A8B6F3 Nos oignons - 17WLwtW63FrHeMAEVkALnwhfmizBxGXDW1 em [8 hosts, inv_str 12/28] || email:john[]quintex.com url:https://www.quintex.com proof:uri-rsa abus [5 hosts, inv_str 7/10] || tor@kllx.eu [6 hosts, inv_str 5/15] || email:info[]osservatorionessuno.org url:https://osservatorionessuno.or [3 hosts, inv_str 2/3] || email:admin[]prsv.ch url:https://prsv.ch/ proof:uri-rsa ciissversion:2 [3 hosts, inv_str 1/3] || email:john[]quintex.com url:https://www.quintex.com proof:uri-rsa abus [6 hosts, inv_str 8/15]"
2026-09-01 04:07:30,2026-09-01 04:44:07,3,11,0,"email:abuse[]tuxli.org pgp:32A1621FC5290921D720940187AC9FC1F2BCCB30 ur [5 hosts, inv_str 4/10] || email:info[]osservatorionessuno.org url:https://osservatorionessuno.or [3 hosts, inv_str 1/3] || ContactInfo email:knight AT germancraft dot net url:germancraft.net pr [3 hosts, inv_str 1/3]"
2026-09-01 05:07:01,2026-09-01 05:26:48,2,11,0,"email:john[]quintex.com url:https://www.quintex.com proof:uri-rsa abus [6 hosts, inv_str 10/15] || relay-ops@crimpac.net [5 hosts, inv_str 7/10]"
2026-09-01 06:02:31,2026-09-01 07:15:25,25,171,0,"arieti009@proton.me [6 hosts, inv_str 9/15] || email:admin[]stormycloud.org url:https://stormycloud.org proof:uri-fam [10 hosts, inv_str 25/45] || palcon3423@proton.me [4 hosts, inv_str 2/6] || hwangchulsoo@proton.me [19 hosts, inv_str 61/171] || rulemyfuture22@proton.me [3 hosts, inv_str 2/3] || url:https://ssdnodes.com email:tor-relays[]ssdnodes.com hoster:ssdnode [4 hosts, inv_str 5/6] || hwangminzi@proton.me [5 hosts, inv_str 2/10] || FreeExitProvider(at)protonmail(dot)com [tor-relay.co] [5 hosts, inv_str 3/10] || escapemeplz@proton.me [16 hosts, inv_str 63/120] || RandomPerson <skynet@academyforinternetresearch.org> [16 hosts, inv_str 64/120] || hwangminjun@proton.me [9 hosts, inv_str 23/36] || email:info[]osservatorionessuno.org url:https://osservatorionessuno.or [3 hosts, inv_str 1/3] || email:john[]quintex.com url:https://www.quintex.com proof:uri-rsa abus [4 hosts, inv_str 1/6] || torcontactemail AT proton DOT me [3 hosts, inv_str 3/3] || torcontactemail AT proton.me [5 hosts, inv_str 3/10] || gdhong2896@proton.me [3 hosts, inv_str 2/3] || Bastiaan Brink <b@stiaanbr.ink> | AS215248 NOC +31 85 369 5034 [6 hosts, inv_str 9/15] || @yeathatsmeagain:matrix.org [3 hosts, inv_str 2/3] || xiaoqic at cs dot princeton dot edu url:cxqn.info proof:uri-rsa ciissv [3 hosts, inv_str 2/3] || url:https://ssdnodes.com email:tor-relays[]ssdnodes.com hoster:ssdnode [6 hosts, inv_str 7/15] || email:tor[]r0cket.net url:https://tor.r0cket.net/ proof:uri-rsa abuse: [5 hosts, inv_str 8/10] || arieti009@proton.me [6 hosts, inv_str 2/15] || ask ur mom [3 hosts, inv_str 2/3] || iwannagohom3@proton.me [4 hosts, inv_str 1/6] || email:admin[]prsv.ch url:https://prsv.ch/ proof:uri-rsa ciissversion:2 [6 hosts, inv_str 10/15] || email:staff[]dotsrc.org url:https://dotsrc.org proof:uri-rsa ciissvers [11 hosts, inv_str 30/55] || underw00d72@mail.com [3 hosts, inv_str 0/3]"
2026-09-01 08:03:09,2026-09-01 08:39:54,3,10,3,"email:john[]quintex.com url:https://www.quintex.com proof:uri-rsa abus [4 hosts, inv_str 1/6] || email:Quetzalcoatl_relays[]proton.me url:https://quetzalcoatl-relays.o [3 hosts, inv_str 2/3] || Uu77bBt0eDko5iDrRNiXt2quIVPMNKvILk1eqJbAVk9e@posteo.ch [3 hosts, inv_str 2/3]"
2026-09-01 09:14:57,2026-09-01 10:38:50,5,55,0,"email:john[]quintex.com url:https://www.quintex.com proof:uri-rsa abus [4 hosts, inv_str 4/6] || email:info[]osservatorionessuno.org url:https://osservatorionessuno.or [4 hosts, inv_str 4/6] || NN <relay-ops AT noonion dot de> [3 hosts, inv_str 1/3] || email:admin@for-privacy.net identity:https://keyoxide.org/admin@for-pr [33 hosts, inv_str 43/528] || NN <relay-ops AT noonion dot de> [3 hosts, inv_str 1/3] || email:admin[]prsv.ch url:https://prsv.ch/ proof:uri-rsa ciissversion:2 [3 hosts, inv_str 0/3] || email:john[]quintex.com url:https://www.quintex.com proof:uri-rsa abus [5 hosts, inv_str 5/10]"
2026-09-01 10:54:28,2026-09-01 11:28:30,3,17,0,"printerexpert@mail2tor.com [6 hosts, inv_str 7/15] || email:john[]quintex.com url:https://www.quintex.com proof:uri-rsa abus [8 hosts, inv_str 15/28] || email:admin[]prsv.ch url:https://prsv.ch/ proof:uri-rsa ciissversion:2 [3 hosts, inv_str 2/3]"
2026-09-01 11:52:19,2026-09-01 12:33:36,3,12,0,"email:admin[]prsv.ch url:https://prsv.ch/ proof:uri-rsa ciissversion:2 [5 hosts, inv_str 5/10] || email:info[]osservatorionessuno.org url:https://osservatorionessuno.or [3 hosts, inv_str 0/3] || email:john[]quintex.com url:https://www.quintex.com proof:uri-rsa abus [4 hosts, inv_str 5/6]"
2026-09-01 12:47:24,2026-09-01 13:33:59,4,18,0,"printerexpert@mail2tor.com [4 hosts, inv_str 4/6] || NN <relay-ops AT noonion dot de> [3 hosts, inv_str 1/3] || email:admin[]prsv.ch url:https://prsv.ch/ proof:uri-rsa ciissversion:2 [4 hosts, inv_str 5/6] || email:john[]quintex.com url:https://www.quintex.com proof:uri-rsa abus [7 hosts, inv_str 9/21]"
2026-09-01 13:54:48,2026-09-01 14:33:53,6,30,0,"torrelay@brave.com [3 hosts, inv_str 2/3] || email:info[]osservatorionessuno.org url:https://osservatorionessuno.or [4 hosts, inv_str 2/6] || Uu77bBt0eDko5iDrRNiXt2quIVPMNKvILk1eqJbAVk9e@posteo.ch [3 hosts, inv_str 2/3] || email:john[]quintex.com url:https://www.quintex.com proof:uri-rsa abus [11 hosts, inv_str 36/55] || printerexpert@mail2tor.com [4 hosts, inv_str 5/6] || email:admin[]prsv.ch url:https://prsv.ch/ proof:uri-rsa ciissversion:2 [5 hosts, inv_str 4/10]"
2026-09-01 15:07:11,2026-09-01 15:38:56,2,7,0,"printerexpert@mail2tor.com [3 hosts, inv_str 3/3] || email:john[]quintex.com url:https://www.quintex.com proof:uri-rsa abus [4 hosts, inv_str 6/6]"
2026-09-01 15:43:31,2026-09-01 16:55:53,6,26,0,"NN <relay-ops AT noonion dot de> [3 hosts, inv_str 0/3] || printerexpert@mail2tor.com [5 hosts, inv_str 5/10] || email:info[]osservatorionessuno.org url:https://osservatorionessuno.or [4 hosts, inv_str 3/6] || email:john[]quintex.com url:https://www.quintex.com proof:uri-rsa abus [7 hosts, inv_str 16/21] || email:admin[]prsv.ch url:https://prsv.ch/ proof:uri-rsa ciissversion:2 [4 hosts, inv_str 3/6] || opencommunities __at__ proton.me [3 hosts, inv_str 3/3]"
2026-09-01 17:01:07,2026-09-02 00:24:24,8,163,3,"email:admin[]prsv.ch url:https://prsv.ch/ proof:uri-rsa ciissversion:2 [6 hosts, inv_str 2/15] || email:john[]quintex.com url:https://www.quintex.com proof:uri-rsa abus [7 hosts, inv_str 13/21] || printerexpert@mail2tor.com [4 hosts, inv_str 2/6] || email:info[]osservatorionessuno.org url:https://osservatorionessuno.or [5 hosts, inv_str 7/10] || email:john[]quintex.com url:https://www.quintex.com proof:uri-rsa abus [99 hosts, inv_str 1767/4851] || email:Quetzalcoatl_relays[]proton.me url:https://quetzalcoatl-relays.o [3 hosts, inv_str 2/3] || printerexpert@mail2tor.com [5 hosts, inv_str 2/10] || email:info[]osservatorionessuno.org url:https://osservatorionessuno.or [3 hosts, inv_str 1/3] || giannoug|__AT-|gmail{ DOt-}com [3 hosts, inv_str 0/3] || NN <relay-ops AT noonion dot de> [4 hosts, inv_str 0/6] || petertheprofi@pm.me [3 hosts, inv_str 2/3] || email:info[]osservatorionessuno.org url:https://osservatorionessuno.or [4 hosts, inv_str 2/6] || email:admin[]prsv.ch url:https://prsv.ch/ proof:uri-rsa ciissversion:2 [6 hosts, inv_str 4/15] || email:info[]osservatorionessuno.org url:https://osservatorionessuno.or [3 hosts, inv_str 3/3] || NN <relay-ops AT noonion dot de> [4 hosts, inv_str 4/6] || email:admin[]prsv.ch url:https://prsv.ch/ proof:uri-rsa ciissversion:2 [4 hosts, inv_str 2/6]"
2026-09-02 01:06:09,2026-09-02 02:00:29,3,11,0,"NN <relay-ops AT noonion dot de> [4 hosts, inv_str 4/6] || opencommunities __at__ proton.me [3 hosts, inv_str 1/3] || printerexpert@mail2tor.com [4 hosts, inv_str 2/6]"
2026-09-02 03:59:55,2026-09-02 05:27:16,4,14,3,"email:Quetzalcoatl_relays[]proton.me url:https://quetzalcoatl-relays.o [3 hosts, inv_str 2/3] || email:abuse[]tuxli.org pgp:32A1621FC5290921D720940187AC9FC1F2BCCB30 ur [3 hosts, inv_str 2/3] || tor-relay-contact <at> digitalsquid <dot> co <dot> uk [4 hosts, inv_str 3/6] || email:admin[]prsv.ch url:https://prsv.ch/ proof:uri-rsa ciissversion:2 [4 hosts, inv_str 3/6]"
2026-09-02 05:47:18,2026-09-02 07:04:39,21,194,0,"email:admin[]prsv.ch url:https://prsv.ch/ proof:uri-rsa ciissversion:2 [3 hosts, inv_str 3/3] || @yeathatsmeagain:matrix.org [6 hosts, inv_str 6/15] || escapemeplz@proton.me [17 hosts, inv_str 71/136] || arieti009@proton.me [13 hosts, inv_str 19/78] || hwangchulsoo@proton.me [24 hosts, inv_str 157/276] || palcon3423@proton.me [6 hosts, inv_str 15/15] || RandomPerson <skynet@academyforinternetresearch.org> [25 hosts, inv_str 168/300] || hwangminjun@proton.me [15 hosts, inv_str 74/105] || url:https://ssdnodes.com email:tor-relays[]ssdnodes.com hoster:ssdnode [10 hosts, inv_str 21/45] || iwannagohom3@proton.me [9 hosts, inv_str 19/36] || Bastiaan Brink <b@stiaanbr.ink> | AS215248 NOC +31 85 369 5034 [8 hosts, inv_str 16/28] || FreeExitProvider(at)protonmail(dot)com [tor-relay.co] [3 hosts, inv_str 3/3] || email:tor[]r0cket.net url:https://tor.r0cket.net/ proof:uri-rsa abuse: [10 hosts, inv_str 32/45] || rulemyfuture22@proton.me [7 hosts, inv_str 6/21] || gdhong2896@proton.me [6 hosts, inv_str 9/15] || email:admin[]stormycloud.org url:https://stormycloud.org proof:uri-fam [10 hosts, inv_str 21/45] || torcontactemail AT proton.me [4 hosts, inv_str 2/6] || kimminsoooo@proton.me [4 hosts, inv_str 6/6] || hwangminzi@proton.me [8 hosts, inv_str 12/28] || ispahan0213@proton.me [3 hosts, inv_str 2/3] || your@e-mail [3 hosts, inv_str 0/3]"
2026-09-02 09:23:21,2026-09-02 10:11:44,3,39,0,"email:info[]osservatorionessuno.org url:https://osservatorionessuno.or [4 hosts, inv_str 2/6] || email:admin[]prsv.ch url:https://prsv.ch/ proof:uri-rsa ciissversion:2 [3 hosts, inv_str 2/3] || email:admin@for-privacy.net identity:https://keyoxide.org/admin@for-pr [32 hosts, inv_str 0/496]"
2026-09-02 12:04:21,2026-09-02 12:17:06,2,6,0,"Uu77bBt0eDko5iDrRNiXt2quIVPMNKvILk1eqJbAVk9e@posteo.ch [3 hosts, inv_str 1/3] || email:admin[]fluffypancakes.dev url:fluffypancakes.dev proof:uri-famil [3 hosts, inv_str 2/3]"
2026-09-02 14:06:05,2026-09-02 14:26:54,2,6,0,"Uu77bBt0eDko5iDrRNiXt2quIVPMNKvILk1eqJbAVk9e@posteo.ch [3 hosts, inv_str 2/3] || tutkfk@protonmail.com [3 hosts, inv_str 2/3]"
2026-09-02 22:08:44,2026-09-02 22:41:17,2,14,0,"freiraum_TK AT protonmail DOT ch [11 hosts, inv_str 29/55] || freiraum_TK (AT) protonmail (DOT) ch [3 hosts, inv_str 1/3]"
2026-09-03 06:01:33,2026-09-03 07:00:55,17,118,0,"hwangchulsoo@proton.me [15 hosts, inv_str 66/105] || email:admin[]stormycloud.org url:https://stormycloud.org proof:uri-fam [9 hosts, inv_str 19/36] || escapemeplz@proton.me [13 hosts, inv_str 44/78] || RandomPerson <skynet@academyforinternetresearch.org> [10 hosts, inv_str 29/45] || gdhong2896@proton.me [4 hosts, inv_str 3/6] || @yeathatsmeagain:matrix.org [3 hosts, inv_str 1/3] || hwangminjun@proton.me [3 hosts, inv_str 2/3] || url:https://ssdnodes.com email:tor-relays[]ssdnodes.com hoster:ssdnode [10 hosts, inv_str 16/45] || rulemyfuture22@proton.me [4 hosts, inv_str 3/6] || hwangminzi@proton.me [9 hosts, inv_str 20/36] || torcontactemail AT proton.me [5 hosts, inv_str 2/10] || arieti009@proton.me [4 hosts, inv_str 3/6] || email:tor[]r0cket.net url:https://tor.r0cket.net/ proof:uri-rsa abuse: [3 hosts, inv_str 3/3] || kimminsoooo@proton.me [3 hosts, inv_str 3/3] || FreeExitProvider(at)protonmail(dot)com [tor-relay.co] [6 hosts, inv_str 4/15] || hwangminjun@proton.me [3 hosts, inv_str 3/3] || email:staff[]dotsrc.org url:https://dotsrc.org proof:uri-rsa ciissvers [11 hosts, inv_str 22/55] || iwannagohom3@proton.me [3 hosts, inv_str 1/3]"
2026-09-03 08:31:35,2026-09-03 09:26:17,3,129,0,"Uu77bBt0eDko5iDrRNiXt2quIVPMNKvILk1eqJbAVk9e@posteo.ch [3 hosts, inv_str 2/3] || email:admin[@]unredacted.org url:unredacted.org proof:dns-familyid-ed2 [123 hosts, inv_str 2795/7503] || printerexpert@mail2tor.com [3 hosts, inv_str 0/3]"
2026-09-03 12:08:26,2026-09-03 12:16:44,3,15,0,"Uu77bBt0eDko5iDrRNiXt2quIVPMNKvILk1eqJbAVk9e@posteo.ch [3 hosts, inv_str 1/3] || anony@bardbrewss.com [4 hosts, inv_str 5/6] || full.frame4647@diversifiedwaysholdings.com [8 hosts, inv_str 15/28]"
2026-09-03 13:45:06,2026-09-03 14:16:05,2,6,0,"email:info[]osservatorionessuno.org url:https://osservatorionessuno.or [3 hosts, inv_str 2/3] || Uu77bBt0eDko5iDrRNiXt2quIVPMNKvILk1eqJbAVk9e@posteo.ch [3 hosts, inv_str 0/3]"
2026-09-04 02:48:03,2026-09-04 03:25:10,3,10,4,"email:Quetzalcoatl_relays[]proton.me url:https://quetzalcoatl-relays.o [4 hosts, inv_str 2/6] || NN <relay-ops AT noonion dot de> [3 hosts, inv_str 3/3] || hello@relaymagic.org (relaymagic.org/contact) [3 hosts, inv_str 1/3]"
2026-09-04 06:05:09,2026-09-04 07:01:03,4,27,3,"email:tor[]r0cket.net url:https://tor.r0cket.net/ proof:uri-rsa abuse: [12 hosts, inv_str 40/66] || oimnidtx@4wrd.cc [3 hosts, inv_str 1/3] || url:https://ssdnodes.com email:tor-relays[]ssdnodes.com hoster:ssdnode [9 hosts, inv_str 16/36] || email:Quetzalcoatl_relays[]proton.me url:https://quetzalcoatl-relays.o [3 hosts, inv_str 0/3]"
2026-09-04 18:59:31,2026-09-04 18:59:57,2,14,0,"relay operator - contact: lucasvandekwq [at] rambler [dot] ru [10 hosts, inv_str 22/45] || ContactInfo relay operator - contact: lucasvandekwq [at] rambler [dot] [4 hosts, inv_str 1/6]"
2026-09-04 22:30:02,2026-09-04 22:39:04,2,17,14,"email:Quetzalcoatl_relays[]proton.me url:https://quetzalcoatl-relays.o [14 hosts, inv_str 45/91] || tor@apt96.com [3 hosts, inv_str 1/3]"
2026-09-05 05:05:46,2026-09-05 07:36:59,8,118,3,"DFRI email:tor[]dfri.se url:https://dfri.se proof:dns-familyid-ed25519 [12 hosts, inv_str 34/66] || email:Quetzalcoatl_relays[]proton.me url:https://quetzalcoatl-relays.o [3 hosts, inv_str 2/3] || email:admin[]prsv.ch url:https://prsv.ch/ proof:uri-rsa ciissversion:2 [75 hosts, inv_str 1650/2775] || DFRI email:tor[]dfri.se url:https://dfri.se proof:dns-familyid-ed25519 [6 hosts, inv_str 13/15] || email:tor[]r0cket.net url:https://tor.r0cket.net/ proof:uri-rsa abuse: [3 hosts, inv_str 1/3] || torcontactemail AT proton.me [5 hosts, inv_str 2/10] || mRtjR4JX6pgJ@protonmail.ch [3 hosts, inv_str 1/3] || url:https://ssdnodes.com email:tor-relays[]ssdnodes.com hoster:ssdnode [8 hosts, inv_str 6/28] || email:forest-relay-contact[]cryptolab.net pgp:BCBAE3E9CB8E2FE23F29DC58 [3 hosts, inv_str 1/3]"
2026-09-05 13:38:43,2026-09-05 14:15:58,2,6,0,"Uu77bBt0eDko5iDrRNiXt2quIVPMNKvILk1eqJbAVk9e@posteo.ch [3 hosts, inv_str 2/3] || email:info[]osservatorionessuno.org url:https://osservatorionessuno.or [3 hosts, inv_str 3/3]"
2026-09-05 20:07:10,2026-09-06 00:33:26,3,47,5,"email:john[]quintex.com url:https://www.quintex.com proof:uri-rsa abus [39 hosts, inv_str 324/741] || email:Quetzalcoatl_relays[]proton.me url:https://quetzalcoatl-relays.o [5 hosts, inv_str 5/10] || tr0419@proton.me [3 hosts, inv_str 3/3]"
2026-09-06 02:09:43,2026-09-06 02:30:19,2,9,0,"email:john[]quintex.com url:https://www.quintex.com proof:uri-rsa abus [6 hosts, inv_str 12/15] || email:info[]osservatorionessuno.org url:https://osservatorionessuno.or [3 hosts, inv_str 0/3]"
2026-09-06 04:10:22,2026-09-06 05:09:07,3,25,0,"email:john[]quintex.com url:https://www.quintex.com proof:uri-rsa abus [5 hosts, inv_str 2/10] || email:admin[]stormycloud.org url:https://stormycloud.org proof:uri-fam [17 hosts, inv_str 0/136] || email:info[]osservatorionessuno.org url:https://osservatorionessuno.or [3 hosts, inv_str 1/3]"
2026-09-06 05:49:31,2026-09-06 07:01:21,3,20,0,"email:john[]quintex.com url:https://www.quintex.com proof:uri-rsa abus [8 hosts, inv_str 23/28] || url:https://ssdnodes.com email:tor-relays[]ssdnodes.com hoster:ssdnode [9 hosts, inv_str 18/36] || mRtjR4JX6pgJ@protonmail.ch [3 hosts, inv_str 0/3]"
2026-09-06 08:52:06,2026-09-06 09:59:57,5,30,0,"email:john[]quintex.com url:https://www.quintex.com proof:uri-rsa abus [7 hosts, inv_str 9/21] || email:info[]osservatorionessuno.org url:https://osservatorionessuno.or [4 hosts, inv_str 5/6] || @yeathatsmeagain:matrix.org [6 hosts, inv_str 11/15] || email:zwiebelrouter[]protonmail[]com ciissversion:3 url:zwiebelrouter. [9 hosts, inv_str 6/36] || Chaos Computer Club Wien (C3W) email:anonymity[]c3w.at url:https://c3w [4 hosts, inv_str 5/6]"
2026-09-06 10:50:35,2026-09-06 11:41:58,3,24,8,"email:info[]osservatorionessuno.org url:https://osservatorionessuno.or [5 hosts, inv_str 4/10] || email:john[]quintex.com url:https://www.quintex.com proof:uri-rsa abus [11 hosts, inv_str 32/55] || email:Quetzalcoatl_relays[]proton.me url:https://quetzalcoatl-relays.o [8 hosts, inv_str 13/28]"
2026-09-06 12:10:05,2026-09-06 12:39:05,2,10,0,"Uu77bBt0eDko5iDrRNiXt2quIVPMNKvILk1eqJbAVk9e@posteo.ch [3 hosts, inv_str 0/3] || email:john[]quintex.com url:https://www.quintex.com proof:uri-rsa abus [7 hosts, inv_str 14/21]"
2026-09-06 13:05:01,2026-09-06 13:44:39,4,36,4,"email:john[]quintex.com url:https://www.quintex.com proof:uri-rsa abus [10 hosts, inv_str 22/45] || email:admin[]fluffypancakes.dev url:fluffypancakes.dev proof:uri-famil [19 hosts, inv_str 101/171] || email:Quetzalcoatl_relays[]proton.me url:https://quetzalcoatl-relays.o [4 hosts, inv_str 1/6] || email:admin[]fluffypancakes.dev url:fluffypancakes.dev proof:uri-famil [3 hosts, inv_str 2/3]"
2026-09-06 14:03:15,2026-09-06 15:32:33,3,31,0,"email:john[]quintex.com url:https://www.quintex.com proof:uri-rsa abus [23 hosts, inv_str 164/253] || Uu77bBt0eDko5iDrRNiXt2quIVPMNKvILk1eqJbAVk9e@posteo.ch [3 hosts, inv_str 0/3] || relay-ops@crimpac.net [5 hosts, inv_str 2/10]"
2026-09-06 18:06:13,2026-09-06 19:30:26,4,29,0,"email:john[]quintex.com url:https://www.quintex.com proof:uri-rsa abus [7 hosts, inv_str 7/21] || relay operator - contact: lucasvandekwq [at] rambler [dot] ru [9 hosts, inv_str 21/36] || email:info[]osservatorionessuno.org url:https://osservatorionessuno.or [3 hosts, inv_str 1/3] || ContactInfo relay operator - contact: lucasvandekwq [at] rambler [dot] [5 hosts, inv_str 4/10] || email:john[]quintex.com url:https://www.quintex.com proof:uri-rsa abus [5 hosts, inv_str 8/10]"
2026-09-06 20:08:48,2026-09-06 20:35:09,2,6,0,"email:john[]quintex.com url:https://www.quintex.com proof:uri-rsa abus [3 hosts, inv_str 3/3] || NN <relay-ops AT noonion dot de> [3 hosts, inv_str 1/3]"
2026-09-06 21:11:13,2026-09-06 21:55:34,2,9,0,"email:john[]quintex.com url:https://www.quintex.com proof:uri-rsa abus [5 hosts, inv_str 9/10] || email:info[]osservatorionessuno.org url:https://osservatorionessuno.or [4 hosts, inv_str 3/6]"
2026-09-07 00:48:17,2026-09-07 02:25:40,2,16,0,"email:info[]osservatorionessuno.org url:https://osservatorionessuno.or [3 hosts, inv_str 1/3] || email:john[]quintex.com url:https://www.quintex.com proof:uri-rsa abus [13 hosts, inv_str 31/78]"
2026-09-07 04:01:36,2026-09-07 04:31:10,2,8,0,"email:info[]osservatorionessuno.org url:https://osservatorionessuno.or [3 hosts, inv_str 1/3] || email:john[]quintex.com url:https://www.quintex.com proof:uri-rsa abus [5 hosts, inv_str 6/10]"
2026-09-07 06:04:30,2026-09-07 07:01:42,2,13,0,"url:https://ssdnodes.com email:tor-relays[]ssdnodes.com hoster:ssdnode [9 hosts, inv_str 17/36] || email:john[]quintex.com url:https://www.quintex.com proof:uri-rsa abus [4 hosts, inv_str 2/6]"
2026-09-07 08:55:41,2026-09-07 09:33:01,2,8,0,"email:info[]osservatorionessuno.org url:https://osservatorionessuno.or [3 hosts, inv_str 1/3] || email:john[]quintex.com url:https://www.quintex.com proof:uri-rsa abus [5 hosts, inv_str 8/10]"
2026-09-07 11:43:53,2026-09-07 12:17:25,2,13,10,"email:Quetzalcoatl_relays[]proton.me url:https://quetzalcoatl-relays.o [10 hosts, inv_str 22/45] || Uu77bBt0eDko5iDrRNiXt2quIVPMNKvILk1eqJbAVk9e@posteo.ch [3 hosts, inv_str 1/3]"
2026-09-07 13:55:45,2026-09-07 14:16:07,2,7,0,"Uu77bBt0eDko5iDrRNiXt2quIVPMNKvILk1eqJbAVk9e@posteo.ch [3 hosts, inv_str 2/3] || email:john[]quintex.com url:https://www.quintex.com proof:uri-rsa abus [4 hosts, inv_str 1/6]"
2026-09-07 23:13:57,2026-09-07 23:41:49,2,8,0,"email:john[]quintex.com url:https://www.quintex.com proof:uri-rsa abus [4 hosts, inv_str 1/6] || printerexpert@mail2tor.com [4 hosts, inv_str 2/6]"
2026-09-08 00:56:42,2026-09-08 01:17:59,2,6,0,"email:info[]osservatorionessuno.org url:https://osservatorionessuno.or [3 hosts, inv_str 1/3] || email:john[]quintex.com url:https://www.quintex.com proof:uri-rsa abus [3 hosts, inv_str 2/3]"
2026-09-08 02:05:50,2026-09-08 02:37:11,2,10,3,"email:john[]quintex.com url:https://www.quintex.com proof:uri-rsa abus [7 hosts, inv_str 4/21] || email:Quetzalcoatl_relays[]proton.me url:https://quetzalcoatl-relays.o [3 hosts, inv_str 2/3]"
2026-09-08 08:07:53,2026-09-08 08:34:16,2,7,0,"email:john[]quintex.com url:https://www.quintex.com proof:uri-rsa abus [4 hosts, inv_str 4/6] || printerexpert@mail2tor.com [3 hosts, inv_str 2/3]"
2026-09-08 10:03:46,2026-09-08 10:29:23,2,7,0,"email:john[]quintex.com url:https://www.quintex.com proof:uri-rsa abus [4 hosts, inv_str 0/6] || email:admin[]prsv.ch url:https://prsv.ch/ proof:uri-rsa ciissversion:2 [3 hosts, inv_str 3/3]"
2026-09-08 12:49:06,2026-09-08 13:28:49,3,12,6,"email:info[]osservatorionessuno.org url:https://osservatorionessuno.or [3 hosts, inv_str 2/3] || email:Quetzalcoatl_relays[]proton.me url:https://quetzalcoatl-relays.o [6 hosts, inv_str 7/15] || none [3 hosts, inv_str 3/3]"
2026-09-08 14:01:57,2026-09-08 15:09:44,4,112,5,"Uu77bBt0eDko5iDrRNiXt2quIVPMNKvILk1eqJbAVk9e@posteo.ch [4 hosts, inv_str 2/6] || email:Quetzalcoatl_relays[]proton.me url:https://quetzalcoatl-relays.o [5 hosts, inv_str 4/10] || email:admin[]prsv.ch url:https://prsv.ch/ proof:uri-rsa ciissversion:2 [3 hosts, inv_str 2/3] || email:john[]quintex.com url:https://www.quintex.com proof:uri-rsa abus [100 hosts, inv_str 2382/4950]"
2026-09-08 16:07:36,2026-09-08 17:07:59,3,26,3,"email:admin[]prsv.ch url:https://prsv.ch/ proof:uri-rsa ciissversion:2 [6 hosts, inv_str 8/15] || wxw at safe-mail dot net [17 hosts, inv_str 70/136] || email:Quetzalcoatl_relays[]proton.me url:https://quetzalcoatl-relays.o [3 hosts, inv_str 1/3]"
2026-09-08 18:03:42,2026-09-08 18:24:33,2,6,3,"email:Quetzalcoatl_relays[]proton.me url:https://quetzalcoatl-relays.o [3 hosts, inv_str 1/3] || printerexpert@mail2tor.com [3 hosts, inv_str 0/3]"
2026-09-08 20:57:45,2026-09-08 21:39:08,2,9,0,"Alpenwall email:alpenwall[]proton.me pgp:11F9B9631297C6E8A6ABAEB20F35F [4 hosts, inv_str 1/6] || email:info[]osservatorionessuno.org url:https://osservatorionessuno.or [5 hosts, inv_str 8/10]"
2026-09-08 21:59:24,2026-09-08 22:52:17,7,189,0,"Alpenwall email:alpenwall[]proton.me pgp:11F9B9631297C6E8A6ABAEB20F35F [6 hosts, inv_str 11/15] || someone < tor27 AT nurfuerspam DOT de > [3 hosts, inv_str 0/3] || Canadian Amateur Radio Operator c/s VA1DER < nameofthisrelay symbol ca [4 hosts, inv_str 5/6] || email:john[]quintex.com url:https://www.quintex.com proof:uri-rsa abus [35 hosts, inv_str 349/595] || Digitalcourage e.V. email:tor-abuse[]digitalcourage.de abuse:tor-abuse [15 hosts, inv_str 48/105] || email:admin[@]unredacted.org url:unredacted.org proof:dns-familyid-ed2 [123 hosts, inv_str 2787/7503] || 0xE12ECD2E Nicola F. <feranick AT hotmail dot com> [3 hosts, inv_str 3/3]"
2026-09-08 23:47:43,2026-09-09 01:17:57,4,100,69,"email:Quetzalcoatl_relays[]proton.me url:https://quetzalcoatl-relays.o [69 hosts, inv_str 1050/2346] || 0xFFFFFFFF <tormaster AT kkb-clan dot de> [7 hosts, inv_str 11/21] || email:theforest[]riseup.net pgp:BCBAE3E9CB8E2FE23F29DC58061D7CAC428DD6 [4 hosts, inv_str 4/6] || email:john[]quintex.com url:https://www.quintex.com proof:uri-rsa abus [20 hosts, inv_str 87/190]"
2026-09-09 03:03:35,2026-09-09 03:10:46,2,12,0,"email:john[]quintex.com url:https://www.quintex.com proof:uri-rsa abus [5 hosts, inv_str 3/10] || tor [] wurzelmann.at [7 hosts, inv_str 11/21]"
2026-09-09 04:06:28,2026-09-09 05:10:06,9,140,0,"DFRI email:tor[]dfri.se url:https://dfri.se proof:dns-familyid-ed25519 [10 hosts, inv_str 18/45] || Artikel10 url:artikel10.org email:info[]artikel10.org abuse:abuse[]art [4 hosts, inv_str 0/6] || 0x9F29C15D42A8B6F3 Nos oignons - 17WLwtW63FrHeMAEVkALnwhfmizBxGXDW1 em [4 hosts, inv_str 4/6] || 0xFFFFFFFF Playstar Network <info ( AT ) playstar ( DOT ) se> [3 hosts, inv_str 0/3] || ContactInfo email:knight AT germancraft dot net url:germancraft.net pr [6 hosts, inv_str 5/15] || 0xFFFFFFFF Hjelm Enterprises <info ( AT ) hjelmenterprises ( DOT ) com [6 hosts, inv_str 7/15] || email:john[]quintex.com url:https://www.quintex.com proof:uri-rsa abus [100 hosts, inv_str 2130/4950] || tor@zgato.ru [3 hosts, inv_str 3/3] || F3 Netze <abuse@f3netze.de> email:abuse[]f3netze.de abuse:abuse[]f3net [4 hosts, inv_str 2/6]"
2026-09-09 05:14:14,2026-09-09 07:19:09,12,108,0,"Satanist <admin AT 2cb dot su> [5 hosts, inv_str 4/10] || Chaos Computer Club Wien (C3W) email:anonymity[]c3w.at url:https://c3w [4 hosts, inv_str 2/6] || email:john[]quintex.com url:https://www.quintex.com proof:uri-rsa abus [17 hosts, inv_str 66/136] || email:theforest[]riseup.net pgp:BCBAE3E9CB8E2FE23F29DC58061D7CAC428DD6 [6 hosts, inv_str 9/15] || hiwi  <hiwi AT nurfuerspam dot de> [3 hosts, inv_str 0/3] || email:admin[]prsv.ch url:https://prsv.ch/ proof:uri-rsa ciissversion:2 [4 hosts, inv_str 3/6] || oimnidtx@4wrd.cc [3 hosts, inv_str 2/3] || torcontactemail AT proton.me [5 hosts, inv_str 2/10] || DFRI email:tor[]dfri.se url:https://dfri.se proof:dns-familyid-ed25519 [10 hosts, inv_str 18/45] || email:tor[]r0cket.net url:https://tor.r0cket.net/ proof:uri-rsa abuse: [10 hosts, inv_str 25/45] || url:https://ssdnodes.com email:tor-relays[]ssdnodes.com hoster:ssdnode [5 hosts, inv_str 3/10] || email:theforest[]riseup.net pgp:BCBAE3E9CB8E2FE23F29DC58061D7CAC428DD6 [18 hosts, inv_str 96/153] || url:https://ssdnodes.com email:tor-relays[]ssdnodes.com hoster:ssdnode [4 hosts, inv_str 2/6] || email:admin[]prsv.ch url:https://prsv.ch/ proof:uri-rsa ciissversion:2 [3 hosts, inv_str 3/3] || email:abuse[]tuxli.org pgp:32A1621FC5290921D720940187AC9FC1F2BCCB30 ur [11 hosts, inv_str 36/55]"
2026-09-09 07:26:52,2026-09-09 08:20:23,3,12,0,"Fabian Keil <fk@fabiankeil.de> 8BA2371C [3 hosts, inv_str 3/3] || locator-private-tor@example.invalid [3 hosts, inv_str 1/3] || email:admin[]prsv.ch url:https://prsv.ch/ proof:uri-rsa ciissversion:2 [6 hosts, inv_str 11/15]"
2026-09-09 10:04:15,2026-09-09 10:42:45,3,10,0,"printerexpert@mail2tor.com [3 hosts, inv_str 0/3] || contact(at)greektor(dot)net [3 hosts, inv_str 0/3] || xiaoqic at cs dot princeton dot edu url:cxqn.info proof:uri-rsa ciissv [4 hosts, inv_str 3/6]"
2026-09-09 11:33:39,2026-09-09 12:34:38,2,63,0,"Uu77bBt0eDko5iDrRNiXt2quIVPMNKvILk1eqJbAVk9e@posteo.ch [3 hosts, inv_str 1/3] || email:john[]quintex.com url:https://www.quintex.com proof:uri-rsa abus [60 hosts, inv_str 797/1770]"
2026-09-09 12:57:24,2026-09-09 14:15:59,3,40,0,"email:john[]quintex.com url:https://www.quintex.com proof:uri-rsa abus [32 hosts, inv_str 301/496] || nano-tor-relays@proton.me [5 hosts, inv_str 5/10] || Uu77bBt0eDko5iDrRNiXt2quIVPMNKvILk1eqJbAVk9e@posteo.ch [3 hosts, inv_str 2/3]"
2026-09-09 16:26:08,2026-09-09 17:32:56,5,18,4,"printerexpert@mail2tor.com [3 hosts, inv_str 1/3] || jamar1992@protonmail.com [3 hosts, inv_str 0/3] || Brandon Kuschel <tor AT NOSPAM brandonkuschel dot com> [4 hosts, inv_str 3/6] || abuse@doggett.tech [3 hosts, inv_str 2/3] || nauzome@nauzome.org [5 hosts, inv_str 3/10]"
2026-09-09 17:51:09,2026-09-09 18:06:14,2,19,0,"email:toralf.foerster[]gmx.de gpg:1A376F994A9D026F13E24DCFC4EACDDE0076 [4 hosts, inv_str 4/6] || email:admin[]stormycloud.org url:https://stormycloud.org proof:uri-fam [15 hosts, inv_str 0/105]"
2026-09-09 19:40:20,2026-09-09 20:13:40,2,19,0,"l3y6aetzp7mnnzwafavrwfwjwupryr72gatp77c4yzeavinozgdgppad.onion [4 hosts, inv_str 1/6] || email:admin[]stormycloud.org url:https://stormycloud.org proof:uri-fam [15 hosts, inv_str 16/105]"
2026-09-09 20:46:37,2026-09-09 21:31:52,2,20,0,"email:admin[]stormycloud.org url:https://stormycloud.org proof:uri-fam [17 hosts, inv_str 40/136] || speszonazapka@protonmail.com [3 hosts, inv_str 2/3]"
2026-09-09 22:12:31,2026-09-09 22:26:50,2,9,0,"email me if you gotta u89b47 AT proton mail [3 hosts, inv_str 1/3] || email:zwiebel[]quantentunnel.de url:https://doedelkiste.de proof:uri-r [6 hosts, inv_str 11/15]"
2026-09-09 23:11:24,2026-09-09 23:54:54,3,19,0,"pwcrack@pwcrack.com [5 hosts, inv_str 3/10] || tor-operator@theu.li [11 hosts, inv_str 41/55] || nobody@example.com [3 hosts, inv_str 1/3]"
2026-09-10 00:27:57,2026-09-10 00:39:15,2,8,0,"pwcrack@pwcrack.com [5 hosts, inv_str 5/10] || email:theforest[]riseup.net pgp:BCBAE3E9CB8E2FE23F29DC58061D7CAC428DD6 [3 hosts, inv_str 2/3]"
2026-09-10 04:04:33,2026-09-10 04:54:11,9,45,0,"ContactInfo email:knight AT germancraft dot net url:germancraft.net pr [6 hosts, inv_str 9/15] || Contact (at)SilSte on chaos.social [tor-relay.co] [5 hosts, inv_str 6/10] || Artikel10 url:artikel10.org email:info[]artikel10.org abuse:abuse[]art [4 hosts, inv_str 0/6] || relay@canine.lat [3 hosts, inv_str 2/3] || tor@zgato.ru [6 hosts, inv_str 8/15] || F3 Netze <abuse@f3netze.de> email:abuse[]f3netze.de abuse:abuse[]f3net [8 hosts, inv_str 7/28] || jets843@privatemail.com [6 hosts, inv_str 6/15] || F3 Netze <abuse@f3netze.de> email:abuse[]f3netze.de abuse:abuse[]f3net [4 hosts, inv_str 3/6] || hades_xxn7[]tutamail {DOT} com [3 hosts, inv_str 1/3]"
2026-09-10 05:49:37,2026-09-10 07:02:32,9,71,0,"53421sage@proton.me [3 hosts, inv_str 0/3] || tor@breakpointingbad.com [3 hosts, inv_str 3/3] || Satanist <admin AT 2cb dot su> [4 hosts, inv_str 5/6] || email:theforest[]riseup.net pgp:BCBAE3E9CB8E2FE23F29DC58061D7CAC428DD6 [32 hosts, inv_str 188/496] || url:https://ssdnodes.com email:tor-relays[]ssdnodes.com hoster:ssdnode [8 hosts, inv_str 19/28] || Markus <markus AT mdfnet dot se> [3 hosts, inv_str 0/3] || email:staff[]dotsrc.org url:https://dotsrc.org proof:uri-rsa ciissvers [11 hosts, inv_str 14/55] || xiaoqic at cs dot princeton dot edu url:cxqn.info proof:uri-rsa ciissv [3 hosts, inv_str 2/3] || email:tor[]r0cket.net url:https://tor.r0cket.net/ proof:uri-rsa abuse: [4 hosts, inv_str 4/6]"
2026-09-10 07:58:19,2026-09-10 08:28:08,4,20,0,"Markus <markus AT mdfnet dot se> [3 hosts, inv_str 0/3] || relay operator - contact: lucasvandekwq [at] rambler [dot] ru [10 hosts, inv_str 23/45] || nauzome@nauzome.org [3 hosts, inv_str 2/3] || ContactInfo relay operator - contact: lucasvandekwq [at] rambler [dot] [4 hosts, inv_str 4/6]"
2026-09-10 11:42:46,2026-09-10 12:16:05,2,99,0,"email:tech[]emeraldonion.org abuse:tech[]emeraldonion.org mastodon:htt [96 hosts, inv_str 2045/4560] || Uu77bBt0eDko5iDrRNiXt2quIVPMNKvILk1eqJbAVk9e@posteo.ch [3 hosts, inv_str 1/3]"
2026-09-10 13:50:48,2026-09-10 14:18:54,2,6,0,"Uu77bBt0eDko5iDrRNiXt2quIVPMNKvILk1eqJbAVk9e@posteo.ch [3 hosts, inv_str 2/3] || 0xE12ECD2E Nicola F. <feranick AT hotmail dot com> [3 hosts, inv_str 3/3]"
2026-09-10 14:48:02,2026-09-10 14:59:55,2,10,0,"email:info[]osservatorionessuno.org url:https://osservatorionessuno.or [3 hosts, inv_str 2/3] || email:r3bo0tbx1[]brokenbotnet.com url:https://relays.brokenbotnet.com  [7 hosts, inv_str 8/21]"
2026-09-10 15:14:56,2026-09-10 16:17:11,3,68,0,"email:john[]quintex.com url:https://www.quintex.com proof:uri-rsa abus [58 hosts, inv_str 514/1653] || fumonion [] protonmail (dot) com [6 hosts, inv_str 1/15] || 0xa1@mailbox.org [4 hosts, inv_str 4/6]"
2026-09-10 16:22:59,2026-09-10 16:31:48,2,26,0,"fumonion [] protonmail (dot) com [6 hosts, inv_str 6/15] || email:admin@for-privacy.net identity:https://keyoxide.org/admin@for-pr [20 hosts, inv_str 81/190]"
2026-09-11 04:13:13,2026-09-11 05:00:59,3,10,0,"ContactInfo email:knight AT germancraft dot net url:germancraft.net pr [3 hosts, inv_str 1/3] || email:abuse[]tuxli.org pgp:32A1621FC5290921D720940187AC9FC1F2BCCB30 ur [4 hosts, inv_str 5/6] || thatgaydragon@protonmail.com [3 hosts, inv_str 1/3]"
2026-09-11 06:01:50,2026-09-11 07:03:58,15,136,0,"email:admin[]stormycloud.org url:https://stormycloud.org proof:uri-fam [11 hosts, inv_str 19/55] || hwangchulsoo@proton.me [17 hosts, inv_str 67/136] || url:https://ssdnodes.com email:tor-relays[]ssdnodes.com hoster:ssdnode [9 hosts, inv_str 17/36] || hwangminjun@proton.me [10 hosts, inv_str 21/45] || RandomPerson <skynet@academyforinternetresearch.org> [18 hosts, inv_str 50/153] || FreeExitProvider(at)protonmail(dot)com [tor-relay.co] [3 hosts, inv_str 1/3] || arieti009@proton.me [11 hosts, inv_str 26/55] || escapemeplz@proton.me [17 hosts, inv_str 52/136] || hwangminzi@proton.me [7 hosts, inv_str 9/21] || iwannagohom3@proton.me [8 hosts, inv_str 17/28] || palcon3423@proton.me [6 hosts, inv_str 4/15] || rulemyfuture22@proton.me [6 hosts, inv_str 3/15] || gdhong2896@proton.me [5 hosts, inv_str 5/10] || Chaos Computer Club Wien (C3W) email:anonymity[]c3w.at url:https://c3w [4 hosts, inv_str 5/6] || email:tor[]r0cket.net url:https://tor.r0cket.net/ proof:uri-rsa abuse: [4 hosts, inv_str 6/6]"
2026-09-11 09:39:45,2026-09-11 10:21:32,2,6,3,"email:Quetzalcoatl_relays[]proton.me url:https://quetzalcoatl-relays.o [3 hosts, inv_str 0/3] || printerexpert@mail2tor.com [3 hosts, inv_str 2/3]"
2026-09-11 16:42:48,2026-09-11 16:42:55,2,7,0,"bienwald-torservers@outlook.de [4 hosts, inv_str 2/6] || tor@bizarreworker.de [3 hosts, inv_str 3/3]"
2026-09-11 22:55:45,2026-09-11 23:46:36,2,12,0,"Bastiaan Brink <b@stiaanbr.ink> | AS215248 NOC +31 85 369 5034 [9 hosts, inv_str 12/36] || Tidö-Lindö [email: tido (dash) lindo (at) pm (dot) me] [3 hosts, inv_str 1/3]"
2026-09-12 00:00:00,2026-09-12 01:08:06,3,13,0,"none [3 hosts, inv_str 1/3] || email:admin[]prsv.ch url:https://prsv.ch/ proof:uri-rsa ciissversion:2 [6 hosts, inv_str 5/15] || Artikel10 url:artikel10.org email:info[]artikel10.org abuse:abuse[]art [4 hosts, inv_str 0/6]"
2026-09-12 04:20:05,2026-09-12 07:02:21,13,92,0,"khankrum359@gmail.com [3 hosts, inv_str 2/3] || email:info[]osservatorionessuno.org url:https://osservatorionessuno.or [4 hosts, inv_str 3/6] || email:abuse[]tuxli.org pgp:32A1621FC5290921D720940187AC9FC1F2BCCB30 ur [3 hosts, inv_str 0/3] || noc@example.com [3 hosts, inv_str 0/3] || email:admin[]prsv.ch url:https://prsv.ch/ proof:uri-rsa ciissversion:2 [8 hosts, inv_str 10/28] || RandomPerson <skynet@academyforinternetresearch.org> [14 hosts, inv_str 56/91] || email:admin[]stormycloud.org url:https://stormycloud.org proof:uri-fam [6 hosts, inv_str 7/15] || hwangchulsoo@proton.me [17 hosts, inv_str 69/136] || email:tor[]r0cket.net url:https://tor.r0cket.net/ proof:uri-rsa abuse: [6 hosts, inv_str 4/15] || escapemeplz@proton.me [8 hosts, inv_str 15/28] || hwangminjun@proton.me [7 hosts, inv_str 10/21] || url:https://ssdnodes.com email:tor-relays[]ssdnodes.com hoster:ssdnode [9 hosts, inv_str 13/36] || hwangminzi@proton.me [4 hosts, inv_str 1/6]"
2026-09-12 09:39:24,2026-09-12 09:52:24,2,7,0,"email:admin[]prsv.ch url:https://prsv.ch/ proof:uri-rsa ciissversion:2 [3 hosts, inv_str 2/3] || Artikel10 url:artikel10.org email:info[]artikel10.org abuse:abuse[]art [4 hosts, inv_str 4/6]"
2026-09-12 11:09:26,2026-09-12 13:01:41,3,20,0,"email:admin[]prsv.ch url:https://prsv.ch/ proof:uri-rsa ciissversion:2 [10 hosts, inv_str 16/45] || tor [] wurzelmann.at [7 hosts, inv_str 13/21] || email:info[]osservatorionessuno.org url:https://osservatorionessuno.or [3 hosts, inv_str 3/3]"
2026-09-12 13:43:25,2026-09-12 14:17:42,3,10,0,"Alpenwall email:alpenwall[]proton.me pgp:11F9B9631297C6E8A6ABAEB20F35F [3 hosts, inv_str 1/3] || email:admin[]prsv.ch url:https://prsv.ch/ proof:uri-rsa ciissversion:2 [4 hosts, inv_str 0/6] || Uu77bBt0eDko5iDrRNiXt2quIVPMNKvILk1eqJbAVk9e@posteo.ch [3 hosts, inv_str 0/3]"
2026-09-12 15:51:34,2026-09-12 16:20:23,2,18,0,"Digitalcourage e.V. email:tor-abuse[]digitalcourage.de abuse:tor-abuse [15 hosts, inv_str 51/105] || email:admin[]prsv.ch url:https://prsv.ch/ proof:uri-rsa ciissversion:2 [3 hosts, inv_str 2/3]"
2026-09-12 16:40:30,2026-09-12 17:18:38,2,10,0,"email:admin[]prsv.ch url:https://prsv.ch/ proof:uri-rsa ciissversion:2 [6 hosts, inv_str 3/15] || email:toralf.foerster[]gmx.de gpg:1A376F994A9D026F13E24DCFC4EACDDE0076 [4 hosts, inv_str 3/6]"
2026-09-12 19:01:04,2026-09-12 19:40:26,2,7,0,"email:info[]osservatorionessuno.org url:https://osservatorionessuno.or [3 hosts, inv_str 1/3] || email:admin[]prsv.ch url:https://prsv.ch/ proof:uri-rsa ciissversion:2 [4 hosts, inv_str 4/6]"
2026-09-12 20:54:35,2026-09-12 21:21:09,2,7,1,"email:toralf.foerster[]gmx.de gpg:1A376F994A9D026F13E24DCFC4EACDDE0076 [4 hosts, inv_str 1/6] || gleepdorf AT proton DOT me [3 hosts, inv_str 2/3]"
2026-09-12 21:26:52,2026-09-12 22:03:13,2,8,0,"email:admin[]prsv.ch url:https://prsv.ch/ proof:uri-rsa ciissversion:2 [5 hosts, inv_str 9/10] || dplus26@fastmail.com [3 hosts, inv_str 2/3]"
2026-09-12 23:06:59,2026-09-12 23:35:10,2,20,0,"wxw at safe-mail dot net [17 hosts, inv_str 82/136] || email:admin[]prsv.ch url:https://prsv.ch/ proof:uri-rsa ciissversion:2 [3 hosts, inv_str 2/3]"
2026-09-13 01:14:22,2026-09-13 03:44:35,2,26,11,"email:Quetzalcoatl_relays[]proton.me url:https://quetzalcoatl-relays.o [7 hosts, inv_str 18/21] || email:admin[]prsv.ch url:https://prsv.ch/ proof:uri-rsa ciissversion:2 [10 hosts, inv_str 26/45] || email:Quetzalcoatl_relays[]proton.me url:https://quetzalcoatl-relays.o [4 hosts, inv_str 4/6] || email:Quetzalcoatl_relays[]proton.me url:https://quetzalcoatl-relays.o [5 hosts, inv_str 6/10]"
2026-09-13 03:54:28,2026-09-13 04:58:06,3,26,0,"email:admin[]prsv.ch url:https://prsv.ch/ proof:uri-rsa ciissversion:2 [6 hosts, inv_str 11/15] || email:admin[]stormycloud.org url:https://stormycloud.org proof:uri-fam [17 hosts, inv_str 0/136] || email:info[]osservatorionessuno.org url:https://osservatorionessuno.or [3 hosts, inv_str 2/3]"
2026-09-13 06:34:54,2026-09-13 06:59:51,2,10,0,"email:admin[]prsv.ch url:https://prsv.ch/ proof:uri-rsa ciissversion:2 [3 hosts, inv_str 0/3] || url:https://ssdnodes.com email:tor-relays[]ssdnodes.com hoster:ssdnode [7 hosts, inv_str 12/21]"
2026-09-13 07:57:49,2026-09-13 08:31:02,2,7,0,"email:admin[]prsv.ch url:https://prsv.ch/ proof:uri-rsa ciissversion:2 [4 hosts, inv_str 2/6] || tor@kllx.eu [3 hosts, inv_str 1/3]"
2026-09-13 08:48:34,2026-09-13 10:11:45,3,19,0,"email:admin[]prsv.ch url:https://prsv.ch/ proof:uri-rsa ciissversion:2 [12 hosts, inv_str 41/66] || Artikel10 url:artikel10.org email:info[]artikel10.org abuse:abuse[]art [4 hosts, inv_str 1/6] || email:info[]osservatorionessuno.org url:https://osservatorionessuno.or [3 hosts, inv_str 2/3]"
2026-09-13 12:09:53,2026-09-13 12:50:18,2,10,0,"Uu77bBt0eDko5iDrRNiXt2quIVPMNKvILk1eqJbAVk9e@posteo.ch [3 hosts, inv_str 1/3] || email:admin[]prsv.ch url:https://prsv.ch/ proof:uri-rsa ciissversion:2 [7 hosts, inv_str 8/21]"
2026-09-13 12:50:46,2026-09-13 14:19:49,5,19,3,"email:toralf.foerster[]gmx.de gpg:1A376F994A9D026F13E24DCFC4EACDDE0076 [4 hosts, inv_str 0/6] || email:Quetzalcoatl_relays[]proton.me url:https://quetzalcoatl-relays.o [3 hosts, inv_str 2/3] || kopfschusskorl@gmail.com [4 hosts, inv_str 4/6] || email:admin[]prsv.ch url:https://prsv.ch/ proof:uri-rsa ciissversion:2 [5 hosts, inv_str 5/10] || Uu77bBt0eDko5iDrRNiXt2quIVPMNKvILk1eqJbAVk9e@posteo.ch [3 hosts, inv_str 0/3]"
2026-09-13 14:45:05,2026-09-13 15:30:01,2,11,0,"kopfschusskorl@gmail.com [6 hosts, inv_str 5/15] || email:admin[]prsv.ch url:https://prsv.ch/ proof:uri-rsa ciissversion:2 [5 hosts, inv_str 3/10]"
2026-09-13 16:18:30,2026-09-13 17:13:41,2,22,0,"email:admin[]prsv.ch url:https://prsv.ch/ proof:uri-rsa ciissversion:2 [7 hosts, inv_str 10/21] || Digitalcourage e.V. email:tor-abuse[]digitalcourage.de abuse:tor-abuse [15 hosts, inv_str 33/105]"
2026-09-13 18:21:59,2026-09-13 19:21:09,2,9,0,"email:admin[]prsv.ch url:https://prsv.ch/ proof:uri-rsa ciissversion:2 [6 hosts, inv_str 5/15] || https://exitnode.dk/ [3 hosts, inv_str 1/3]"
2026-09-13 19:49:20,2026-09-13 20:25:41,2,9,0,"https://exitnode.dk/ [5 hosts, inv_str 7/10] || email:admin[]prsv.ch url:https://prsv.ch/ proof:uri-rsa ciissversion:2 [4 hosts, inv_str 3/6]"
2026-09-13 22:48:48,2026-09-14 00:42:49,3,16,5,"email:Quetzalcoatl_relays[]proton.me url:https://quetzalcoatl-relays.o [5 hosts, inv_str 8/10] || tor@0lt.de [4 hosts, inv_str 2/6] || email:admin[]prsv.ch url:https://prsv.ch/ proof:uri-rsa ciissversion:2 [7 hosts, inv_str 12/21]"
2026-09-14 03:44:57,2026-09-14 05:12:45,7,34,3,"email:theforest[]riseup.net pgp:BCBAE3E9CB8E2FE23F29DC58061D7CAC428DD6 [6 hosts, inv_str 7/15] || email:info[]osservatorionessuno.org url:https://osservatorionessuno.or [4 hosts, inv_str 1/6] || NN <relay-ops AT noonion dot de> [3 hosts, inv_str 1/3] || email:admin[]prsv.ch url:https://prsv.ch/ proof:uri-rsa ciissversion:2 [10 hosts, inv_str 28/45] || email:Quetzalcoatl_relays[]proton.me url:https://quetzalcoatl-relays.o [3 hosts, inv_str 0/3] || Alpenwall email:alpenwall[]proton.me pgp:11F9B9631297C6E8A6ABAEB20F35F [3 hosts, inv_str 2/3] || the.hunters.ledger@gmail.com [5 hosts, inv_str 3/10]"
2026-09-14 06:33:55,2026-09-14 07:29:51,4,25,0,"url:https://ssdnodes.com email:tor-relays[]ssdnodes.com hoster:ssdnode [9 hosts, inv_str 15/36] || email:info[]osservatorionessuno.org url:https://osservatorionessuno.or [3 hosts, inv_str 0/3] || email:admin[]prsv.ch url:https://prsv.ch/ proof:uri-rsa ciissversion:2 [7 hosts, inv_str 12/21] || the.hunters.ledger@gmail.com [6 hosts, inv_str 5/15]"
2026-09-14 10:25:09,2026-09-14 10:59:40,2,9,0,"mRtjR4JX6pgJ@protonmail.ch [6 hosts, inv_str 12/15] || pczer@hushmail.com [3 hosts, inv_str 0/3]"
2026-09-14 11:12:58,2026-09-14 14:52:59,7,189,4,"email:admin[]prsv.ch url:https://prsv.ch/ proof:uri-rsa ciissversion:2 [12 hosts, inv_str 14/66] || email:mail[]nothingtohide.nl url:nothingtohide.nl proof:uri-rsa abuse: [154 hosts, inv_str 7270/11781] || tutkfk@protonmail.com [3 hosts, inv_str 3/3] || Uu77bBt0eDko5iDrRNiXt2quIVPMNKvILk1eqJbAVk9e@posteo.ch [3 hosts, inv_str 1/3] || NN <relay-ops AT noonion dot de> [3 hosts, inv_str 3/3] || email:Quetzalcoatl_relays[]proton.me url:https://quetzalcoatl-relays.o [4 hosts, inv_str 1/6] || aloha12345@proton.me [10 hosts, inv_str 12/45]"
2026-09-14 18:17:59,2026-09-14 21:40:32,2,126,0,"email:admin[]prsv.ch url:https://prsv.ch/ proof:uri-rsa ciissversion:2 [8 hosts, inv_str 15/28] || email:admin[@]unredacted.org url:unredacted.org proof:dns-familyid-ed2 [118 hosts, inv_str 3507/6903]"
2026-09-14 22:02:32,2026-09-14 22:23:02,3,13,0,"email:admin[]prsv.ch url:https://prsv.ch/ proof:uri-rsa ciissversion:2 [3 hosts, inv_str 2/3] || email:zwiebelrouter[]protonmail[]com ciissversion:3 url:zwiebelrouter. [7 hosts, inv_str 15/21] || email:info[]osservatorionessuno.org url:https://osservatorionessuno.or [3 hosts, inv_str 0/3]"
2026-09-14 23:10:02,2026-09-14 23:35:19,2,128,0,"email:admin[@]unredacted.org url:unredacted.org proof:dns-familyid-ed2 [123 hosts, inv_str 2828/7503] || email:admin[]prsv.ch url:https://prsv.ch/ proof:uri-rsa ciissversion:2 [5 hosts, inv_str 7/10]"
2026-09-15 01:38:29,2026-09-15 03:57:10,13,148,0,"j.abrahim99_at_proton (dot) me [5 hosts, inv_str 2/10] || email:admin[]prsv.ch url:https://prsv.ch/ proof:uri-rsa ciissversion:2 [6 hosts, inv_str 7/15] || rulemyfuture22@proton.me [4 hosts, inv_str 0/6] || hwangchulsoo@proton.me [34 hosts, inv_str 0/561] || escapemeplz@proton.me [4 hosts, inv_str 0/6] || arieti009@proton.me [12 hosts, inv_str 3/66] || gdhong2896@proton.me [4 hosts, inv_str 0/6] || palcon3423@proton.me [7 hosts, inv_str 0/21] || hwangminzi@proton.me [11 hosts, inv_str 30/55] || hwangminjun@proton.me [17 hosts, inv_str 7/136] || ispahan0213@proton.me [3 hosts, inv_str 2/3] || escapemeplz@proton.me [21 hosts, inv_str 0/210] || iwannagohom3@proton.me [8 hosts, inv_str 0/28] || gdhong2896@proton.me [3 hosts, inv_str 0/3] || kimminsoooo@proton.me [3 hosts, inv_str 0/3] || email:admin[]prsv.ch url:https://prsv.ch/ proof:uri-rsa ciissversion:2 [3 hosts, inv_str 0/3] || rulemyfuture22@proton.me [3 hosts, inv_str 0/3]"
2026-09-15 03:59:47,2026-09-15 07:05:48,5,34,0,"email:admin[]prsv.ch url:https://prsv.ch/ proof:uri-rsa ciissversion:2 [13 hosts, inv_str 19/78] || email:info[]osservatorionessuno.org url:https://osservatorionessuno.or [3 hosts, inv_str 3/3] || aloha12345@proton.me [7 hosts, inv_str 4/21] || url:https://ssdnodes.com email:tor-relays[]ssdnodes.com hoster:ssdnode [8 hosts, inv_str 22/28] || tor@apt96.com [3 hosts, inv_str 1/3]"
2026-09-15 09:01:02,2026-09-15 09:37:37,2,7,0,"email:info[]osservatorionessuno.org url:https://osservatorionessuno.or [3 hosts, inv_str 2/3] || email:admin[]prsv.ch url:https://prsv.ch/ proof:uri-rsa ciissversion:2 [4 hosts, inv_str 2/6]"
2026-09-15 11:28:12,2026-09-15 12:41:42,3,40,0,"Uu77bBt0eDko5iDrRNiXt2quIVPMNKvILk1eqJbAVk9e@posteo.ch [3 hosts, inv_str 2/3] || email:admin@for-privacy.net identity:https://keyoxide.org/admin@for-pr [32 hosts, inv_str 198/496] || email:admin[]prsv.ch url:https://prsv.ch/ proof:uri-rsa ciissversion:2 [5 hosts, inv_str 1/10]"
2026-09-15 13:15:31,2026-09-15 14:57:12,3,22,0,"email:admin[]prsv.ch url:https://prsv.ch/ proof:uri-rsa ciissversion:2 [12 hosts, inv_str 13/66] || email:toralf.foerster[]gmx.de gpg:1A376F994A9D026F13E24DCFC4EACDDE0076 [4 hosts, inv_str 3/6] || mRtjR4JX6pgJ@protonmail.ch [6 hosts, inv_str 8/15]"
2026-09-15 15:57:55,2026-09-15 16:55:17,3,18,3,"email:admin[]prsv.ch url:https://prsv.ch/ proof:uri-rsa ciissversion:2 [12 hosts, inv_str 23/66] || ""contact@torproject.party\nabuse@torproject.party"" [3 hosts, inv_str 2/3] || email:Quetzalcoatl_relays[]proton.me url:https://quetzalcoatl-relays.o [3 hosts, inv_str 2/3]"
2026-09-15 20:19:34,2026-09-15 21:09:36,2,58,0,"email:admin[]prsv.ch url:https://prsv.ch/ proof:uri-rsa ciissversion:2 [6 hosts, inv_str 7/15] || email:admin@for-privacy.net identity:https://keyoxide.org/admin@for-pr [52 hosts, inv_str 62/1326]"
2026-09-15 21:30:00,2026-09-15 22:07:33,2,9,0,"email:admin[]prsv.ch url:https://prsv.ch/ proof:uri-rsa ciissversion:2 [6 hosts, inv_str 6/15] || underw00d72@mail.com [3 hosts, inv_str 0/3]"
2026-09-15 22:39:03,2026-09-15 22:40:08,2,16,0,"relay operator - contact: lucasvandekwq [at] rambler [dot] ru [11 hosts, inv_str 31/55] || ContactInfo relay operator - contact: lucasvandekwq [at] rambler [dot] [5 hosts, inv_str 3/10]"
2026-09-16 06:10:54,2026-09-16 06:58:40,2,10,3,"url:https://ssdnodes.com email:tor-relays[]ssdnodes.com hoster:ssdnode [7 hosts, inv_str 7/21] || Stan <favorite0ne@proton.me> [3 hosts, inv_str 3/3]"
2026-09-16 15:31:26,2026-09-16 16:23:03,2,11,7,"email:admin[]prsv.ch url:https://prsv.ch/ proof:uri-rsa ciissversion:2 [4 hosts, inv_str 1/6] || email:Quetzalcoatl_relays[]proton.me url:https://quetzalcoatl-relays.o [7 hosts, inv_str 11/21]"
2026-09-16 21:23:26,2026-09-16 21:32:05,2,39,0,"Alpenwall email:alpenwall[]proton.me pgp:11F9B9631297C6E8A6ABAEB20F35F [36 hosts, inv_str 244/630] || StarApps GmbH, Switzerland url:starapps-ltd.com proof:uri-rsa ciissver [3 hosts, inv_str 0/3]"
2026-09-17 04:07:33,2026-09-17 04:59:56,2,10,0,"email:info[]osservatorionessuno.org url:https://osservatorionessuno.or [4 hosts, inv_str 2/6] || tor@kllx.eu [6 hosts, inv_str 9/15]"
2026-09-17 05:56:32,2026-09-17 06:57:26,4,51,3,"email:Quetzalcoatl_relays[]proton.me url:https://quetzalcoatl-relays.o [3 hosts, inv_str 0/3] || email:admin[]prsv.ch url:https://prsv.ch/ proof:uri-rsa ciissversion:2 [20 hosts, inv_str 86/190] || Alpenwall email:alpenwall[]proton.me pgp:11F9B9631297C6E8A6ABAEB20F35F [21 hosts, inv_str 60/210] || url:https://ssdnodes.com email:tor-relays[]ssdnodes.com hoster:ssdnode [7 hosts, inv_str 10/21]"
2026-09-17 11:15:39,2026-09-17 13:23:44,3,60,3,"email:theforest[]riseup.net pgp:BCBAE3E9CB8E2FE23F29DC58061D7CAC428DD6 [54 hosts, inv_str 745/1431] || Uu77bBt0eDko5iDrRNiXt2quIVPMNKvILk1eqJbAVk9e@posteo.ch [3 hosts, inv_str 1/3] || email:Quetzalcoatl_relays[]proton.me url:https://quetzalcoatl-relays.o [3 hosts, inv_str 2/3]"
2026-09-17 13:54:49,2026-09-17 14:37:17,2,6,3,"Uu77bBt0eDko5iDrRNiXt2quIVPMNKvILk1eqJbAVk9e@posteo.ch [3 hosts, inv_str 3/3] || email:Quetzalcoatl_relays[]proton.me url:https://quetzalcoatl-relays.o [3 hosts, inv_str 2/3]"
2026-09-18 05:53:17,2026-09-18 07:12:15,5,58,0,"tor@kllx.eu [5 hosts, inv_str 4/10] || Alpenwall email:alpenwall[]proton.me pgp:11F9B9631297C6E8A6ABAEB20F35F [17 hosts, inv_str 57/136] || email:admin[]prsv.ch url:https://prsv.ch/ proof:uri-rsa ciissversion:2 [23 hosts, inv_str 135/253] || url:https://ssdnodes.com email:tor-relays[]ssdnodes.com hoster:ssdnode [7 hosts, inv_str 11/21] || Uu77bBt0eDko5iDrRNiXt2quIVPMNKvILk1eqJbAVk9e@posteo.ch [3 hosts, inv_str 1/3] || tor@kllx.eu [3 hosts, inv_str 2/3]"
2026-09-18 18:02:00,2026-09-18 18:31:24,2,6,3,"email:Quetzalcoatl_relays[]proton.me url:https://quetzalcoatl-relays.o [3 hosts, inv_str 0/3] || <trly1 AT proton dot me> [3 hosts, inv_str 1/3]"
2026-09-18 19:58:48,2026-09-18 20:16:55,2,7,0,"email:info[]osservatorionessuno.org url:https://osservatorionessuno.or [3 hosts, inv_str 2/3] || email:toralf.foerster[]gmx.de gpg:1A376F994A9D026F13E24DCFC4EACDDE0076 [4 hosts, inv_str 4/6]"
2026-09-18 22:01:11,2026-09-18 22:46:13,2,6,1,"DoNotDisturb AT NoContact NoWarnings [3 hosts, inv_str 1/3] || email:info[]osservatorionessuno.org url:https://osservatorionessuno.or [3 hosts, inv_str 1/3]"
2026-09-20 06:12:28,2026-09-20 06:58:48,2,10,0,"url:https://ssdnodes.com email:tor-relays[]ssdnodes.com hoster:ssdnode [7 hosts, inv_str 9/21] || email:john[]quintex.com url:https://www.quintex.com proof:uri-rsa abus [3 hosts, inv_str 1/3]"
2026-09-20 12:10:05,2026-09-20 12:24:54,2,6,0,"Uu77bBt0eDko5iDrRNiXt2quIVPMNKvILk1eqJbAVk9e@posteo.ch [3 hosts, inv_str 1/3] || <trly1 AT proton dot me> [3 hosts, inv_str 2/3]"
2026-09-20 13:25:49,2026-09-20 15:31:06,3,119,0,"Artikel10 url:artikel10.org email:info[]artikel10.org abuse:abuse[]art [32 hosts, inv_str 122/496] || identity:https://keyoxide.org/admin@for-privacy.net email:admin@for-pr [32 hosts, inv_str 57/496] || email:info[]osservatorionessuno.org url:https://osservatorionessuno.or [3 hosts, inv_str 0/3] || identity:https://keyoxide.org/admin@for-privacy.net email:admin@for-pr [52 hosts, inv_str 686/1326]"
2026-09-20 19:58:43,2026-09-20 20:30:28,2,7,4,"email:info[]osservatorionessuno.org url:https://osservatorionessuno.or [3 hosts, inv_str 1/3] || email:Quetzalcoatl_relays[]proton.me url:https://quetzalcoatl-relays.o [4 hosts, inv_str 6/6]"
2026-09-20 22:25:48,2026-09-20 22:58:45,2,56,4,"identity:https://keyoxide.org/admin@for-privacy.net email:admin@for-pr [52 hosts, inv_str 55/1326] || email:Quetzalcoatl_relays[]proton.me url:https://quetzalcoatl-relays.o [4 hosts, inv_str 3/6]"
2026-09-21 06:05:33,2026-09-21 07:10:12,2,18,0,"proagent0921@proton.me [12 hosts, inv_str 48/66] || url:https://ssdnodes.com email:tor-relays[]ssdnodes.com hoster:ssdnode [6 hosts, inv_str 15/15]"
2026-09-21 12:05:46,2026-09-21 12:16:18,2,6,0,"email:info[]osservatorionessuno.org url:https://osservatorionessuno.or [3 hosts, inv_str 2/3] || Uu77bBt0eDko5iDrRNiXt2quIVPMNKvILk1eqJbAVk9e@posteo.ch [3 hosts, inv_str 2/3]"
2026-09-21 12:59:52,2026-09-21 13:50:52,6,78,0,"nano-tor-relays@proton.me [5 hosts, inv_str 6/10] || Alpenwall email:alpenwall[]proton.me pgp:11F9B9631297C6E8A6ABAEB20F35F [3 hosts, inv_str 2/3] || email:admin[]prsv.ch url:https://prsv.ch/ proof:uri-rsa ciissversion:2 [3 hosts, inv_str 2/3] || kinkytronic@proton.me [3 hosts, inv_str 2/3] || Artikel10 url:artikel10.org email:info[]artikel10.org abuse:abuse[]art [32 hosts, inv_str 162/496] || identity:https://keyoxide.org/admin@for-privacy.net email:admin@for-pr [32 hosts, inv_str 49/496]"
2026-09-21 13:54:17,2026-09-21 14:48:56,5,31,0,"Uu77bBt0eDko5iDrRNiXt2quIVPMNKvILk1eqJbAVk9e@posteo.ch [3 hosts, inv_str 1/3] || email:admin[]fluffypancakes.dev url:fluffypancakes.dev proof:uri-famil [3 hosts, inv_str 2/3] || email:admin[]fluffypancakes.dev url:fluffypancakes.dev proof:uri-famil [19 hosts, inv_str 81/171] || tsjk@hotmail.com [3 hosts, inv_str 2/3] || email:info[]osservatorionessuno.org url:https://osservatorionessuno.or [3 hosts, inv_str 3/3]"
2026-09-21 19:18:17,2026-09-21 21:24:49,5,94,0,"Artikel10 url:artikel10.org email:info[]artikel10.org abuse:abuse[]art [32 hosts, inv_str 193/496] || nagubandi456@gmail.com [3 hosts, inv_str 2/3] || KK311Intl https://t.me/KK311Intl [3 hosts, inv_str 3/3] || identity:https://keyoxide.org/admin@for-privacy.net email:admin@for-pr [32 hosts, inv_str 14/496] || identity:https://keyoxide.org/admin@for-privacy.net email:admin@for-pr [20 hosts, inv_str 86/190] || vollborn@quantentunnel.de [4 hosts, inv_str 4/6]"
2026-09-22 03:52:25,2026-09-22 04:06:57,3,13,0,"the.hunters.ledger@gmail.com [5 hosts, inv_str 6/10] || intel@the-hunters-ledger.com [5 hosts, inv_str 5/10] || email:info[]osservatorionessuno.org url:https://osservatorionessuno.or [3 hosts, inv_str 1/3]"
2026-09-22 06:04:10,2026-09-22 06:47:07,3,15,0,"NN <relay-ops AT noonion dot de> [3 hosts, inv_str 2/3] || url:https://ssdnodes.com email:tor-relays[]ssdnodes.com hoster:ssdnode [7 hosts, inv_str 15/21] || intel@the-hunters-ledger.com [5 hosts, inv_str 0/10]"
2026-09-22 09:02:29,2026-09-22 09:39:08,2,15,0,"email:admin[]prsv.ch url:https://prsv.ch/ proof:uri-rsa ciissversion:2 [9 hosts, inv_str 24/36] || Alpenwall email:alpenwall[]proton.me pgp:11F9B9631297C6E8A6ABAEB20F35F [6 hosts, inv_str 7/15]"
2026-09-22 11:35:41,2026-09-22 12:16:35,3,19,0,"Uu77bBt0eDko5iDrRNiXt2quIVPMNKvILk1eqJbAVk9e@posteo.ch [3 hosts, inv_str 3/3] || john_rt291141(at)proton(dot)me [13 hosts, inv_str 47/78] || mail@waldecker.me [3 hosts, inv_str 1/3]"
2026-09-22 19:15:46,2026-09-22 19:29:44,2,35,0,"email:info[]osservatorionessuno.org url:https://osservatorionessuno.or [3 hosts, inv_str 0/3] || Artikel10 url:artikel10.org email:info[]artikel10.org abuse:abuse[]art [32 hosts, inv_str 191/496]"
2026-09-23 06:04:56,2026-09-23 07:02:59,2,18,0,"email:tor[]r0cket.net url:https://tor.r0cket.net/ proof:uri-rsa abuse: [5 hosts, inv_str 6/10] || url:https://ssdnodes.com email:tor-relays[]ssdnodes.com hoster:ssdnode [7 hosts, inv_str 8/21] || email:tor[]r0cket.net url:https://tor.r0cket.net/ proof:uri-rsa abuse: [6 hosts, inv_str 5/15]"
2026-09-23 12:04:11,2026-09-23 12:16:45,2,6,0,"email:john[]quintex.com url:https://www.quintex.com proof:uri-rsa abus [3 hosts, inv_str 1/3] || Uu77bBt0eDko5iDrRNiXt2quIVPMNKvILk1eqJbAVk9e@posteo.ch [3 hosts, inv_str 1/3]"
2026-09-23 15:31:58,2026-09-23 16:39:13,6,20,5,"email:Quetzalcoatl_relays[]proton.me url:https://quetzalcoatl-relays.o [3 hosts, inv_str 3/3] || (no contact) 2837B5BC [3 hosts, inv_str 2/3] || l3y6aetzp7mnnzwafavrwfwjwupryr72gatp77c4yzeavinozgdgppad.onion [4 hosts, inv_str 4/6] || ccsolvmt62pt7lcuopcklsvw56tpllybddu247uy3i3buexqrbee4pqd.onion [4 hosts, inv_str 2/6] || Alpenwall email:alpenwall[]proton.me pgp:11F9B9631297C6E8A6ABAEB20F35F [3 hosts, inv_str 0/3] || tor-relay-admin@carlos1001.com [3 hosts, inv_str 2/3]"
2026-09-23 18:46:47,2026-09-23 19:06:48,2,8,0,"email:zwiebel[]quantentunnel.de url:https://doedelkiste.de proof:uri-r [5 hosts, inv_str 6/10] || ciissversion:3 email:root[at]bungee[dot]systems url:bungee.systems pro [3 hosts, inv_str 1/3]"
2026-09-23 22:57:01,2026-09-24 01:03:01,6,145,72,"email:Quetzalcoatl_relays[]proton.me url:https://quetzalcoatl-relays.o [3 hosts, inv_str 1/3] || email:theforest[]riseup.net pgp:BCBAE3E9CB8E2FE23F29DC58061D7CAC428DD6 [56 hosts, inv_str 812/1540] || email:Quetzalcoatl_relays[]proton.me url:https://quetzalcoatl-relays.o [69 hosts, inv_str 1097/2346] || 0xFFFFFFFF <tormaster AT kkb-clan dot de> [6 hosts, inv_str 8/15] || khankrum359@gmail.com [3 hosts, inv_str 1/3] || j.abrahim99_at_proton (dot) me [5 hosts, inv_str 3/10] || abuse@doggett.tech [3 hosts, inv_str 3/3]"
2026-09-24 04:04:40,2026-09-24 06:57:50,24,282,0,"0xFFFFFFFF Playstar Network <info ( AT ) playstar ( DOT ) se> [4 hosts, inv_str 2/6] || ContactInfo email:knight AT germancraft dot net url:germancraft.net pr [3 hosts, inv_str 2/3] || Digitalcourage e.V. email:tor-abuse[]digitalcourage.de abuse:tor-abuse [15 hosts, inv_str 42/105] || email:tor [] middelstaedt dot com url:https://middelstaedt.com proof:u [3 hosts, inv_str 3/3] || tor [] wurzelmann.at [6 hosts, inv_str 8/15] || Chaos Computer Club Wien (C3W) email:anonymity[]c3w.at url:https://c3w [4 hosts, inv_str 1/6] || identity:https://keyoxide.org/admin@for-privacy.net email:admin@for-pr [33 hosts, inv_str 6/528] || DFRI email:tor[]dfri.se url:https://dfri.se proof:dns-familyid-ed25519 [10 hosts, inv_str 14/45] || intel@the-hunters-ledger.com [9 hosts, inv_str 18/36] || 0x9F29C15D42A8B6F3 Nos oignons - 17WLwtW63FrHeMAEVkALnwhfmizBxGXDW1 em [4 hosts, inv_str 3/6] || F3 Netze <abuse@f3netze.de> email:abuse[]f3netze.de abuse:abuse[]f3net [4 hosts, inv_str 0/6] || 0xFFFFFFFF Hjelm Enterprises <info ( AT ) hjelmenterprises ( DOT ) com [4 hosts, inv_str 4/6] || jets843@privatemail.com [6 hosts, inv_str 9/15] || url:katawaredoki.net proof:dns-familyid-ed25519 ciissversion:3 btc:bc1 [3 hosts, inv_str 2/3] || freiraum_TK AT protonmail DOT ch [3 hosts, inv_str 1/3] || email:admin[]prsv.ch url:https://prsv.ch/ proof:uri-rsa ciissversion:2 [77 hosts, inv_str 1733/2926] || hiwi  <hiwi AT nurfuerspam dot de> [3 hosts, inv_str 2/3] || Phill W email:tor[]phillw.net url:phillw.net proof:uri-rsa ciissversio [3 hosts, inv_str 2/3] || intel@the-hunters-ledger.com [5 hosts, inv_str 6/10] || Satanist <admin AT 2cb dot su> [5 hosts, inv_str 8/10] || relay-ops@crimpac.net [3 hosts, inv_str 1/3] || DFRI email:tor[]dfri.se url:https://dfri.se proof:dns-familyid-ed25519 [10 hosts, inv_str 15/45] || url:https://ssdnodes.com email:tor-relays[]ssdnodes.com hoster:ssdnode [5 hosts, inv_str 3/10] || email:tor[]r0cket.net url:https://tor.r0cket.net/ proof:uri-rsa abuse: [9 hosts, inv_str 18/36] || intel@the-hunters-ledger.com [4 hosts, inv_str 1/6] || email:support@unshakled.org url:unshakled.org proof:uri-rsa abuse:abus [4 hosts, inv_str 3/6] || identity:https://keyoxide.org/admin@for-privacy.net email:admin@for-pr [32 hosts, inv_str 29/496] || email:staff[]dotsrc.org url:https://dotsrc.org proof:uri-rsa ciissvers [11 hosts, inv_str 17/55]"
2026-09-24 07:08:24,2026-09-24 07:32:40,2,6,0,"email:info[]osservatorionessuno.org url:https://osservatorionessuno.or [3 hosts, inv_str 0/3] || locator-private-tor@example.invalid [3 hosts, inv_str 0/3]"
2026-09-24 10:50:53,2026-09-24 11:16:15,4,13,0,"tor@zgato.ru [3 hosts, inv_str 3/3] || email:privacyboys@tutanota.com hoster:atomicnetworks cost:64USD donati [4 hosts, inv_str 3/6] || admin@tor.utilizer.cloud [3 hosts, inv_str 2/3] || fraggles.dislodge447@passinbox.com [3 hosts, inv_str 1/3]"
2026-09-24 13:25:58,2026-09-24 14:01:05,4,23,0,"torrelay@brave.com [3 hosts, inv_str 2/3] || tor@relaygeek.com [12 hosts, inv_str 1/66] || nano-tor-relays@proton.me [5 hosts, inv_str 6/10] || KeFF NOC <noc AT keff dot org> [3 hosts, inv_str 1/3]"
2026-09-24 14:40:31,2026-09-24 14:43:29,2,13,0,"85w987D5gxMGkLjirr4bcoUeRuTbn57tARLHGknuwFwuDoAAWjUjDaMNYRBQsU8ki4i5VH [10 hosts, inv_str 16/45] || 0xE12ECD2E Nicola F. <feranick AT hotmail dot com> [3 hosts, inv_str 3/3]"
2026-09-24 20:10:25,2026-09-24 20:16:00,2,18,3,"Stan <favorite0ne@proton.me> [3 hosts, inv_str 3/3] || Foundation for Applied Privacy email:tor[]appliedprivacy.net donationu [15 hosts, inv_str 38/105]"
2026-09-24 21:22:16,2026-09-24 21:46:14,2,7,0,"rossco@whyza.net [3 hosts, inv_str 2/3] || admin@tor.utilizer.cloud [4 hosts, inv_str 5/6]"
2026-09-25 02:35:14,2026-09-25 02:51:38,2,20,0,"email:admin[]fluffypancakes.dev url:fluffypancakes.dev proof:uri-famil [3 hosts, inv_str 3/3] || email:admin[]fluffypancakes.dev url:fluffypancakes.dev proof:uri-famil [17 hosts, inv_str 76/136]"
2026-09-25 03:21:49,2026-09-25 04:57:22,6,154,0,"email:admin[@]unredacted.org url:unredacted.org proof:dns-familyid-ed2 [123 hosts, inv_str 2797/7503] || Uu77bBt0eDko5iDrRNiXt2quIVPMNKvILk1eqJbAVk9e@posteo.ch [3 hosts, inv_str 1/3] || Contact (at)SilSte on chaos.social [tor-relay.co] [5 hosts, inv_str 6/10] || ContactInfo email:knight AT germancraft dot net url:germancraft.net pr [9 hosts, inv_str 9/36] || intel@the-hunters-ledger.com [10 hosts, inv_str 36/45] || tor@zgato.ru [4 hosts, inv_str 4/6]"
2026-09-25 06:03:00,2026-09-25 07:01:02,4,27,0,"email:tor[]r0cket.net url:https://tor.r0cket.net/ proof:uri-rsa abuse: [9 hosts, inv_str 27/36] || url:https://ssdnodes.com email:tor-relays[]ssdnodes.com hoster:ssdnode [5 hosts, inv_str 7/10] || intel@the-hunters-ledger.com [10 hosts, inv_str 21/45] || ciissversion:3 email:root[at]bungee[dot]systems url:bungee.systems pro [3 hosts, inv_str 1/3]"
2026-09-25 08:58:29,2026-09-25 09:41:49,2,14,0,"tor-relay-contact <at> digitalsquid <dot> co <dot> uk [10 hosts, inv_str 15/45] || mRtjR4JX6pgJ@protonmail.ch [4 hosts, inv_str 1/6]"
2026-09-25 11:43:23,2026-09-25 12:24:49,2,7,0,"email:john[]quintex.com url:https://www.quintex.com proof:uri-rsa abus [3 hosts, inv_str 1/3] || Uu77bBt0eDko5iDrRNiXt2quIVPMNKvILk1eqJbAVk9e@posteo.ch [4 hosts, inv_str 2/6]"
2026-09-26 02:16:20,2026-09-26 03:04:13,2,75,0,"email:admin[]prsv.ch url:https://prsv.ch/ proof:uri-rsa ciissversion:2 [72 hosts, inv_str 1056/2556] || hello@relaymagic.org (relaymagic.org/contact) [3 hosts, inv_str 1/3]"
2026-09-26 11:56:41,2026-09-26 12:32:21,2,9,0,"Uu77bBt0eDko5iDrRNiXt2quIVPMNKvILk1eqJbAVk9e@posteo.ch [4 hosts, inv_str 2/6] || Alpenwall email:alpenwall[]proton.me pgp:11F9B9631297C6E8A6ABAEB20F35F [5 hosts, inv_str 7/10]"
2026-09-26 13:47:15,2026-09-26 14:30:23,2,7,0,"Alpenwall email:alpenwall[]proton.me pgp:11F9B9631297C6E8A6ABAEB20F35F [4 hosts, inv_str 2/6] || Uu77bBt0eDko5iDrRNiXt2quIVPMNKvILk1eqJbAVk9e@posteo.ch [3 hosts, inv_str 0/3]"
2026-09-26 14:58:24,2026-09-26 15:32:22,3,11,0,"Alpenwall email:alpenwall[]proton.me pgp:11F9B9631297C6E8A6ABAEB20F35F [5 hosts, inv_str 6/10] || email:john[]quintex.com url:https://www.quintex.com proof:uri-rsa abus [3 hosts, inv_str 0/3] || hakaseimouto@proton.me [3 hosts, inv_str 3/3]"
2026-09-27 08:15:41,2026-09-27 08:31:33,2,7,0,"fraggles.dislodge447@passinbox.com [4 hosts, inv_str 5/6] || email:info[]osservatorionessuno.org url:https://osservatorionessuno.or [3 hosts, inv_str 0/3]"
2026-09-27 11:57:21,2026-09-27 12:27:27,2,7,0,"Uu77bBt0eDko5iDrRNiXt2quIVPMNKvILk1eqJbAVk9e@posteo.ch [4 hosts, inv_str 5/6] || email:info[]osservatorionessuno.org url:https://osservatorionessuno.or [3 hosts, inv_str 2/3]"
2026-09-27 15:06:06,2026-09-27 17:53:24,7,61,0,"email:john[]quintex.com url:https://www.quintex.com proof:uri-rsa abus [3 hosts, inv_str 2/3] || fraggles.dislodge447@passinbox.com [3 hosts, inv_str 0/3] || Artikel10 url:artikel10.org email:info[]artikel10.org abuse:abuse[]art [32 hosts, inv_str 29/496] || ThatsNotMyEmail____AT___atomicmail.io [10 hosts, inv_str 20/45] || Alpenwall email:alpenwall[]proton.me pgp:11F9B9631297C6E8A6ABAEB20F35F [3 hosts, inv_str 1/3] || email:john[]quintex.com url:https://www.quintex.com proof:uri-rsa abus [4 hosts, inv_str 2/6] || 0xB0C269DD712FC0F8 Tor Operations <tor@darkpackets.net> [3 hosts, inv_str 0/3] || tsjk@hotmail.com [3 hosts, inv_str 2/3]"
2026-09-28 00:19:21,2026-09-28 02:05:30,2,22,7,"email:Quetzalcoatl_relays[]proton.me url:https://quetzalcoatl-relays.o [7 hosts, inv_str 17/21] || Digitalcourage e.V. email:tor-abuse[]digitalcourage.de abuse:tor-abuse [15 hosts, inv_str 43/105]"
2026-09-28 02:11:13,2026-09-28 02:50:33,2,6,0,"burro <burro at voidmail dot xyz> [3 hosts, inv_str 3/3] || email:theforest[]riseup.net pgp:BCBAE3E9CB8E2FE23F29DC58061D7CAC428DD6 [3 hosts, inv_str 1/3]"
2026-09-28 03:24:48,2026-09-28 04:18:01,3,24,16,"Brandon Kuschel <tor AT NOSPAM brandonkuschel dot com> [9 hosts, inv_str 21/36] || email:Quetzalcoatl_relays[]proton.me url:https://quetzalcoatl-relays.o [12 hosts, inv_str 21/66] || email:theforest[]riseup.net pgp:BCBAE3E9CB8E2FE23F29DC58061D7CAC428DD6 [3 hosts, inv_str 3/3]"
2026-09-28 06:10:57,2026-09-28 06:32:20,2,11,0,"url:https://ssdnodes.com email:tor-relays[]ssdnodes.com hoster:ssdnode [7 hosts, inv_str 11/21] || haku19-@-mail.com [4 hosts, inv_str 4/6]"
2026-09-28 07:56:54,2026-09-28 08:03:24,2,36,0,"0xB0C269DD712FC0F8 Tor Operations <tor@darkpackets.net> [4 hosts, inv_str 2/6] || identity:https://keyoxide.org/admin@for-privacy.net email:admin@for-pr [32 hosts, inv_str 15/496]"
2026-09-28 11:30:40,2026-09-28 12:27:08,2,8,0,"Uu77bBt0eDko5iDrRNiXt2quIVPMNKvILk1eqJbAVk9e@posteo.ch [4 hosts, inv_str 2/6] || email:john[]quintex.com url:https://www.quintex.com proof:uri-rsa abus [4 hosts, inv_str 2/6]"
2026-09-28 15:01:57,2026-09-28 16:30:41,7,54,4,"https://exitnode.dk/ [6 hosts, inv_str 13/15] || underw00d72@mail.com [3 hosts, inv_str 2/3] || email:Quetzalcoatl_relays[]proton.me url:https://quetzalcoatl-relays.o [4 hosts, inv_str 3/6] || Artikel10 url:artikel10.org email:info[]artikel10.org abuse:abuse[]art [32 hosts, inv_str 83/496] || fumonion [] protonmail (dot) com [3 hosts, inv_str 3/3] || email:info[]osservatorionessuno.org url:https://osservatorionessuno.or [3 hosts, inv_str 3/3] || Uu77bBt0eDko5iDrRNiXt2quIVPMNKvILk1eqJbAVk9e@posteo.ch [3 hosts, inv_str 1/3]"
2026-09-28 23:50:12,2026-09-29 00:23:52,3,13,0,"Hurdy-Gurdy <admin AT my-mail dot rocks> [7 hosts, inv_str 15/21] || email:theforest[]riseup.net pgp:BCBAE3E9CB8E2FE23F29DC58061D7CAC428DD6 [3 hosts, inv_str 1/3] || email:john[]quintex.com url:https://www.quintex.com proof:uri-rsa abus [3 hosts, inv_str 3/3]"
2026-09-29 00:30:34,2026-09-29 01:28:14,4,20,3,"proagent0921@proton.me [10 hosts, inv_str 20/45] || Uu77bBt0eDko5iDrRNiXt2quIVPMNKvILk1eqJbAVk9e@posteo.ch [3 hosts, inv_str 3/3] || email:john[]quintex.com url:https://www.quintex.com proof:uri-rsa abus [4 hosts, inv_str 6/6] || dolas422@gazeta.pl [3 hosts, inv_str 2/3]"
2026-09-29 03:25:11,2026-09-29 05:06:43,6,102,0,"email:admin[]prsv.ch url:https://prsv.ch/ proof:uri-rsa ciissversion:2 [78 hosts, inv_str 1751/3003] || Uu77bBt0eDko5iDrRNiXt2quIVPMNKvILk1eqJbAVk9e@posteo.ch [4 hosts, inv_str 2/6] || tor-relay-contact <at> digitalsquid <dot> co <dot> uk [3 hosts, inv_str 3/3] || email:abuse[]tuxli.org pgp:32A1621FC5290921D720940187AC9FC1F2BCCB30 ur [3 hosts, inv_str 2/3] || im just testing it but macrocd1499@proton.me [7 hosts, inv_str 11/21] || Uu77bBt0eDko5iDrRNiXt2quIVPMNKvILk1eqJbAVk9e@posteo.ch [3 hosts, inv_str 2/3] || F3 Netze <abuse@f3netze.de> email:abuse[]f3netze.de abuse:abuse[]f3net [4 hosts, inv_str 1/6]"
2026-09-29 05:41:17,2026-09-29 07:06:28,8,72,0,"proagent0921@proton.me [24 hosts, inv_str 140/276] || Uu77bBt0eDko5iDrRNiXt2quIVPMNKvILk1eqJbAVk9e@posteo.ch [4 hosts, inv_str 3/6] || iwillfindyoudawg_0_atomicmail.io [7 hosts, inv_str 13/21] || ThatsNotMyEmail____AT___atomicmail.io [6 hosts, inv_str 12/15] || email:admin[]stormycloud.org url:https://stormycloud.org proof:uri-fam [9 hosts, inv_str 22/36] || Bastiaan Brink <b@stiaanbr.ink> | AS215248 NOC +31 85 369 5034 [5 hosts, inv_str 2/10] || url:https://ssdnodes.com email:tor-relays[]ssdnodes.com hoster:ssdnode [6 hosts, inv_str 12/15] || email:staff[]dotsrc.org url:https://dotsrc.org proof:uri-rsa ciissvers [11 hosts, inv_str 17/55]"
2026-09-29 07:41:06,2026-09-29 09:08:36,4,23,0,"email:theforest[]riseup.net pgp:BCBAE3E9CB8E2FE23F29DC58061D7CAC428DD6 [3 hosts, inv_str 0/3] || Uu77bBt0eDko5iDrRNiXt2quIVPMNKvILk1eqJbAVk9e@posteo.ch [4 hosts, inv_str 4/6] || tor-operator@theu.li [13 hosts, inv_str 39/78] || khankrum359@gmail.com [3 hosts, inv_str 2/3]"
2026-09-29 11:05:54,2026-09-29 12:50:25,5,19,0,"email:theforest[]riseup.net pgp:BCBAE3E9CB8E2FE23F29DC58061D7CAC428DD6 [3 hosts, inv_str 3/3] || email:info[]osservatorionessuno.org url:https://osservatorionessuno.or [3 hosts, inv_str 1/3] || Uu77bBt0eDko5iDrRNiXt2quIVPMNKvILk1eqJbAVk9e@posteo.ch [6 hosts, inv_str 8/15] || l3y6aetzp7mnnzwafavrwfwjwupryr72gatp77c4yzeavinozgdgppad.onion [3 hosts, inv_str 0/3] || email:john[]quintex.com url:https://www.quintex.com proof:uri-rsa abus [4 hosts, inv_str 5/6]"
2026-09-29 13:08:03,2026-09-29 13:29:42,4,27,3,"email:john[]quintex.com url:https://www.quintex.com proof:uri-rsa abus [3 hosts, inv_str 0/3] || email:tech[]emeraldonion.org abuse:tech[]emeraldonion.org mastodon:htt [17 hosts, inv_str 77/136] || email:Quetzalcoatl_relays[]proton.me url:https://quetzalcoatl-relays.o [3 hosts, inv_str 1/3] || Uu77bBt0eDko5iDrRNiXt2quIVPMNKvILk1eqJbAVk9e@posteo.ch [4 hosts, inv_str 0/6]"
2026-09-29 14:01:18,2026-09-29 14:55:54,3,12,7,"Uu77bBt0eDko5iDrRNiXt2quIVPMNKvILk1eqJbAVk9e@posteo.ch [5 hosts, inv_str 6/10] || email:Quetzalcoatl_relays[]proton.me url:https://quetzalcoatl-relays.o [3 hosts, inv_str 2/3] || Brandon Kuschel <tor AT NOSPAM brandonkuschel dot com> [4 hosts, inv_str 1/6]"
2026-09-29 16:12:20,2026-09-29 17:11:14,2,19,0,"Uu77bBt0eDko5iDrRNiXt2quIVPMNKvILk1eqJbAVk9e@posteo.ch [4 hosts, inv_str 3/6] || Foundation for Applied Privacy email:tor[]appliedprivacy.net donationu [15 hosts, inv_str 37/105]"
2026-09-29 20:16:24,2026-09-29 21:18:11,2,100,0,"Uu77bBt0eDko5iDrRNiXt2quIVPMNKvILk1eqJbAVk9e@posteo.ch [4 hosts, inv_str 2/6] || email:tech[]emeraldonion.org abuse:tech[]emeraldonion.org mastodon:htt [96 hosts, inv_str 931/4560]"
2026-09-29 22:19:59,2026-09-29 23:36:10,3,66,0,"email:theforest[]riseup.net pgp:BCBAE3E9CB8E2FE23F29DC58061D7CAC428DD6 [28 hosts, inv_str 194/378] || Uu77bBt0eDko5iDrRNiXt2quIVPMNKvILk1eqJbAVk9e@posteo.ch [3 hosts, inv_str 0/3] || identity:https://keyoxide.org/admin@for-privacy.net email:admin@for-pr [32 hosts, inv_str 32/496] || Uu77bBt0eDko5iDrRNiXt2quIVPMNKvILk1eqJbAVk9e@posteo.ch [3 hosts, inv_str 2/3]"
2026-09-30 02:43:13,2026-09-30 03:22:59,2,7,0,"Uu77bBt0eDko5iDrRNiXt2quIVPMNKvILk1eqJbAVk9e@posteo.ch [4 hosts, inv_str 1/6] || hello@relaymagic.org (relaymagic.org/contact) [3 hosts, inv_str 2/3]"
2026-09-30 03:39:49,2026-09-30 04:56:08,8,60,0,"email:r3bo0tbx1[]brokenbotnet.com url:https://relays.brokenbotnet.com  [9 hosts, inv_str 27/36] || proagent0921@proton.me [19 hosts, inv_str 82/171] || Uu77bBt0eDko5iDrRNiXt2quIVPMNKvILk1eqJbAVk9e@posteo.ch [4 hosts, inv_str 0/6] || tor-relay-contact <at> digitalsquid <dot> co <dot> uk [9 hosts, inv_str 13/36] || ContactInfo email:knight AT germancraft dot net url:germancraft.net pr [3 hosts, inv_str 1/3] || tor [] wurzelmann.at [7 hosts, inv_str 12/21] || email:theforest[]riseup.net pgp:BCBAE3E9CB8E2FE23F29DC58061D7CAC428DD6 [6 hosts, inv_str 7/15] || email:abuse[]tuxli.org pgp:32A1621FC5290921D720940187AC9FC1F2BCCB30 ur [3 hosts, inv_str 1/3]"
2026-09-30 05:57:51,2026-09-30 09:36:13,16,180,0,"Uu77bBt0eDko5iDrRNiXt2quIVPMNKvILk1eqJbAVk9e@posteo.ch [3 hosts, inv_str 3/3] || email:admin[]stormycloud.org url:https://stormycloud.org proof:uri-fam [13 hosts, inv_str 37/78] || email:theforest[]riseup.net pgp:BCBAE3E9CB8E2FE23F29DC58061D7CAC428DD6 [53 hosts, inv_str 787/1378] || url:https://ssdnodes.com email:tor-relays[]ssdnodes.com hoster:ssdnode [6 hosts, inv_str 6/15] || proagent0921@proton.me [11 hosts, inv_str 36/55] || hiwi  <hiwi AT nurfuerspam dot de> [3 hosts, inv_str 3/3] || email:support@unshakled.org url:unshakled.org proof:uri-rsa abuse:abus [3 hosts, inv_str 1/3] || ThatsNotMyEmail____AT___atomicmail.io [6 hosts, inv_str 2/15] || FreeExitProvider(at)protonmail(dot)com [tor-relay.co] [7 hosts, inv_str 14/21] || tor [] wurzelmann.at [7 hosts, inv_str 14/21] || email:staff[]dotsrc.org url:https://dotsrc.org proof:uri-rsa ciissvers [11 hosts, inv_str 10/55] || iwillfindyoudawg_0_atomicmail.io [5 hosts, inv_str 6/10] || Bastiaan Brink <b@stiaanbr.ink> | AS215248 NOC +31 85 369 5034 [6 hosts, inv_str 7/15] || StarApps GmbH, Switzerland url:starapps-ltd.com proof:uri-rsa ciissver [3 hosts, inv_str 2/3] || Artikel10 url:artikel10.org email:info[]artikel10.org abuse:abuse[]art [32 hosts, inv_str 146/496] || Uu77bBt0eDko5iDrRNiXt2quIVPMNKvILk1eqJbAVk9e@posteo.ch [4 hosts, inv_str 2/6] || Uu77bBt0eDko5iDrRNiXt2quIVPMNKvILk1eqJbAVk9e@posteo.ch [4 hosts, inv_str 5/6] || ciissversion:3 email:root[at]bungee[dot]systems url:bungee.systems pro [3 hosts, inv_str 2/3]"
2026-09-30 09:59:40,2026-09-30 10:48:50,2,19,0,"Uu77bBt0eDko5iDrRNiXt2quIVPMNKvILk1eqJbAVk9e@posteo.ch [4 hosts, inv_str 4/6] || Digitalcourage e.V. email:tor-abuse[]digitalcourage.de abuse:tor-abuse [15 hosts, inv_str 35/105]"
2026-09-30 11:49:40,2026-09-30 13:15:35,5,171,3,"Alpenwall email:alpenwall[]proton.me pgp:11F9B9631297C6E8A6ABAEB20F35F [5 hosts, inv_str 0/10] || Uu77bBt0eDko5iDrRNiXt2quIVPMNKvILk1eqJbAVk9e@posteo.ch [6 hosts, inv_str 5/15] || email:Quetzalcoatl_relays[]proton.me url:https://quetzalcoatl-relays.o [3 hosts, inv_str 2/3] || NN <relay-ops AT noonion dot de> [3 hosts, inv_str 2/3] || email:mail[]nothingtohide.nl url:nothingtohide.nl proof:uri-rsa abuse: [154 hosts, inv_str 5170/11781]"
2026-09-30 13:24:09,2026-09-30 15:36:15,4,16,8,"Uu77bBt0eDko5iDrRNiXt2quIVPMNKvILk1eqJbAVk9e@posteo.ch [5 hosts, inv_str 6/10] || email:Quetzalcoatl_relays[]proton.me url:https://quetzalcoatl-relays.o [4 hosts, inv_str 1/6] || dolas422@gazeta.pl [4 hosts, inv_str 3/6] || Alpenwall email:alpenwall[]proton.me pgp:11F9B9631297C6E8A6ABAEB20F35F [3 hosts, inv_str 3/3]"
2026-09-30 16:29:57,2026-09-30 17:05:30,2,7,0,"Uu77bBt0eDko5iDrRNiXt2quIVPMNKvILk1eqJbAVk9e@posteo.ch [4 hosts, inv_str 1/6] || tor@0lt.de [3 hosts, inv_str 0/3]"
2026-09-30 17:27:36,2026-09-30 18:16:28,2,36,0,"Uu77bBt0eDko5iDrRNiXt2quIVPMNKvILk1eqJbAVk9e@posteo.ch [4 hosts, inv_str 4/6] || identity:https://keyoxide.org/admin@for-privacy.net email:admin@for-pr [32 hosts, inv_str 199/496]"
2026-09-30 18:42:34,2026-09-30 19:04:09,2,7,0,"Uu77bBt0eDko5iDrRNiXt2quIVPMNKvILk1eqJbAVk9e@posteo.ch [3 hosts, inv_str 1/3] || Chaos Computer Club Wien (C3W) email:anonymity[]c3w.at url:https://c3w [4 hosts, inv_str 5/6]"
2026-09-30 22:48:54,2026-09-30 23:23:13,2,7,0,"email:info[]osservatorionessuno.org url:https://osservatorionessuno.or [4 hosts, inv_str 2/6] || Uu77bBt0eDko5iDrRNiXt2quIVPMNKvILk1eqJbAVk9e@posteo.ch [3 hosts, inv_str 2/3]"
2026-09-30 23:59:59,2026-10-01 00:00:00,3,18,0,"url:https://ssdnodes.com email:tor-relays[]ssdnodes.com hoster:ssdnode [6 hosts, inv_str 6/15] || torcontactemail AT proton.me [8 hosts, inv_str 8/28] || email:theforest[]riseup.net pgp:BCBAE3E9CB8E2FE23F29DC58061D7CAC428DD6 [4 hosts, inv_str 3/6]"
2026-10-01 00:03:33,2026-10-01 00:33:55,3,14,0,"tor@technosyndical.org [7 hosts, inv_str 12/21] || tor@zgato.ru [3 hosts, inv_str 2/3] || Uu77bBt0eDko5iDrRNiXt2quIVPMNKvILk1eqJbAVk9e@posteo.ch [4 hosts, inv_str 1/6]"
2026-10-01 02:47:45,2026-10-01 03:36:13,3,11,0,"Uu77bBt0eDko5iDrRNiXt2quIVPMNKvILk1eqJbAVk9e@posteo.ch [3 hosts, inv_str 0/3] || hello@relaymagic.org (relaymagic.org/contact) [3 hosts, inv_str 2/3] || tor@kllx.eu [5 hosts, inv_str 9/10]"
2026-10-01 03:46:18,2026-10-01 04:56:37,7,38,0,"email:info[]osservatorionessuno.org url:https://osservatorionessuno.or [4 hosts, inv_str 2/6] || relay // at // pommespanzer // dot // cc [8 hosts, inv_str 13/28] || DFRI email:tor[]dfri.se url:https://dfri.se proof:dns-familyid-ed25519 [9 hosts, inv_str 23/36] || tor-relay-contact <at> digitalsquid <dot> co <dot> uk [6 hosts, inv_str 14/15] || email:abuse[]tuxli.org pgp:32A1621FC5290921D720940187AC9FC1F2BCCB30 ur [4 hosts, inv_str 6/6] || Uu77bBt0eDko5iDrRNiXt2quIVPMNKvILk1eqJbAVk9e@posteo.ch [4 hosts, inv_str 5/6] || 0xFFFFFFFF <tormaster AT kkb-clan dot de> [3 hosts, inv_str 1/3]"
2026-10-01 05:15:21,2026-10-01 05:38:13,2,35,3,"email:Quetzalcoatl_relays[]proton.me url:https://quetzalcoatl-relays.o [3 hosts, inv_str 3/3] || identity:https://keyoxide.org/admin@for-privacy.net email:admin@for-pr [32 hosts, inv_str 28/496]"
2026-10-01 06:01:50,2026-10-01 07:25:28,14,118,0,"Alpenwall email:alpenwall[]proton.me pgp:11F9B9631297C6E8A6ABAEB20F35F [25 hosts, inv_str 116/300] || email:admin[]stormycloud.org url:https://stormycloud.org proof:uri-fam [8 hosts, inv_str 10/28] || im just testing it but macrocd1499@proton.me [4 hosts, inv_str 2/6] || proagent0921@proton.me [9 hosts, inv_str 11/36] || ciissversion:3 email:root[at]bungee[dot]systems url:bungee.systems pro [3 hosts, inv_str 3/3] || url:https://ssdnodes.com email:tor-relays[]ssdnodes.com hoster:ssdnode [10 hosts, inv_str 20/45] || ThatsNotMyEmail____AT___atomicmail.io [4 hosts, inv_str 3/6] || themadhacker email:themadhacker[]themadhacker.net url:https://themadha [3 hosts, inv_str 1/3] || iwillfindyoudawg_0_atomicmail.io [6 hosts, inv_str 4/15] || NN <relay-ops AT noonion dot de> [3 hosts, inv_str 0/3] || abuse@doggett.tech [3 hosts, inv_str 3/3] || Artikel10 url:artikel10.org email:info[]artikel10.org abuse:abuse[]art [32 hosts, inv_str 0/496] || hiwi  <hiwi AT nurfuerspam dot de> [3 hosts, inv_str 3/3] || nauzome@nauzome.org [5 hosts, inv_str 6/10]"
2026-10-01 11:02:49,2026-10-01 14:15:52,5,87,5,"email:john[]quintex.com url:https://www.quintex.com proof:uri-rsa abus [66 hosts, inv_str 983/2145] || Uu77bBt0eDko5iDrRNiXt2quIVPMNKvILk1eqJbAVk9e@posteo.ch [4 hosts, inv_str 1/6] || Alpenwall email:alpenwall[]proton.me pgp:11F9B9631297C6E8A6ABAEB20F35F [3 hosts, inv_str 1/3] || email:Quetzalcoatl_relays[]proton.me url:https://quetzalcoatl-relays.o [3 hosts, inv_str 2/3] || Uu77bBt0eDko5iDrRNiXt2quIVPMNKvILk1eqJbAVk9e@posteo.ch [5 hosts, inv_str 6/10] || email:Quetzalcoatl_relays[]proton.me url:https://quetzalcoatl-relays.o [3 hosts, inv_str 2/3] || KeFF NOC <noc AT keff dot org> [3 hosts, inv_str 3/3]"
2026-10-01 14:44:20,2026-10-01 14:50:03,2,9,9,"dolas422@gazeta.pl [4 hosts, inv_str 0/6] || email:Quetzalcoatl_relays[]proton.me url:https://quetzalcoatl-relays.o [5 hosts, inv_str 9/10]"
2026-10-01 15:11:27,2026-10-01 16:50:36,7,108,79,"email:admin[]fluffypancakes.dev url:fluffypancakes.dev proof:uri-famil [19 hosts, inv_str 86/171] || email:Quetzalcoatl_relays[]proton.me url:https://quetzalcoatl-relays.o [72 hosts, inv_str 1184/2556] || Stan <favorite0ne@proton.me> [3 hosts, inv_str 0/3] || Brandon Kuschel <tor AT NOSPAM brandonkuschel dot com> [4 hosts, inv_str 0/6] || Uu77bBt0eDko5iDrRNiXt2quIVPMNKvILk1eqJbAVk9e@posteo.ch [3 hosts, inv_str 1/3] || email:mail[]nothingtohide.nl url:nothingtohide.nl proof:uri-rsa abuse: [4 hosts, inv_str 1/6] || fraggles.dislodge447@passinbox.com [3 hosts, inv_str 0/3]"
2026-10-02 04:02:47,2026-10-02 04:38:22,2,9,0,"tor@kllx.eu [5 hosts, inv_str 6/10] || tor-relay-contact <at> digitalsquid <dot> co <dot> uk [4 hosts, inv_str 3/6]"
2026-10-02 06:02:26,2026-10-02 07:03:40,4,52,0,"Alpenwall email:alpenwall[]proton.me pgp:11F9B9631297C6E8A6ABAEB20F35F [34 hosts, inv_str 321/561] || url:https://ssdnodes.com email:tor-relays[]ssdnodes.com hoster:ssdnode [9 hosts, inv_str 19/36] || tor@kllx.eu [5 hosts, inv_str 7/10] || Uu77bBt0eDko5iDrRNiXt2quIVPMNKvILk1eqJbAVk9e@posteo.ch [4 hosts, inv_str 3/6]"
2026-10-02 09:37:07,2026-10-02 09:58:52,3,42,3,"info@syndicateguys.com [7 hosts, inv_str 14/21] || Stan <favorite0ne@proton.me> [3 hosts, inv_str 0/3] || identity:https://keyoxide.org/admin@for-privacy.net email:admin@for-pr [32 hosts, inv_str 16/496]"
2026-10-02 15:07:31,2026-10-02 15:45:08,2,8,0,"so5133@protonmail.com [5 hosts, inv_str 4/10] || NN <relay-ops AT noonion dot de> [3 hosts, inv_str 1/3]"
2026-10-02 16:34:26,2026-10-02 16:37:32,2,7,0,"bienwald-torservers@outlook.de [4 hosts, inv_str 2/6] || tor@bizarreworker.de [3 hosts, inv_str 2/3]"
2026-10-03 06:16:46,2026-10-03 06:59:55,3,24,0,"url:https://ssdnodes.com email:tor-relays[]ssdnodes.com hoster:ssdnode [9 hosts, inv_str 23/36] || email:theforest[]riseup.net pgp:BCBAE3E9CB8E2FE23F29DC58061D7CAC428DD6 [4 hosts, inv_str 3/6] || email:staff[]dotsrc.org url:https://dotsrc.org proof:uri-rsa ciissvers [11 hosts, inv_str 21/55]"
2026-10-03 07:28:33,2026-10-03 08:19:17,3,9,0,"Uu77bBt0eDko5iDrRNiXt2quIVPMNKvILk1eqJbAVk9e@posteo.ch [3 hosts, inv_str 1/3] || email:info[]osservatorionessuno.org url:https://osservatorionessuno.or [3 hosts, inv_str 2/3] || tutkfk@protonmail.com [3 hosts, inv_str 3/3]"
2026-10-04 01:10:53,2026-10-04 05:47:26,3,92,72,"email:Quetzalcoatl_relays[]proton.me url:https://quetzalcoatl-relays.o [72 hosts, inv_str 1526/2556] || hello@relaymagic.org (relaymagic.org/contact) [3 hosts, inv_str 2/3] || email:admin[]stormycloud.org url:https://stormycloud.org proof:uri-fam [17 hosts, inv_str 0/136]"
2026-10-04 12:08:47,2026-10-04 12:34:57,2,9,0,"Uu77bBt0eDko5iDrRNiXt2quIVPMNKvILk1eqJbAVk9e@posteo.ch [5 hosts, inv_str 2/10] || 0xa1@mailbox.org [4 hosts, inv_str 3/6]"
2026-10-05 02:39:07,2026-10-05 03:06:07,3,9,0,"l3y6aetzp7mnnzwafavrwfwjwupryr72gatp77c4yzeavinozgdgppad.onion [3 hosts, inv_str 1/3] || ccsolvmt62pt7lcuopcklsvw56tpllybddu247uy3i3buexqrbee4pqd.onion [3 hosts, inv_str 1/3] || hello@relaymagic.org (relaymagic.org/contact) [3 hosts, inv_str 2/3]"
2026-10-05 08:56:30,2026-10-05 10:55:11,5,84,70,"email:Quetzalcoatl_relays[]proton.me url:https://quetzalcoatl-relays.o [70 hosts, inv_str 14/2415] || Alpenwall email:alpenwall[]proton.me pgp:11F9B9631297C6E8A6ABAEB20F35F [3 hosts, inv_str 0/3] || (no contact) 83E0E694 [4 hosts, inv_str 1/6] || email:BMTY90VKYRQPUJZOTH[]Safe-mail.net url:https://assange0-family.gi [4 hosts, inv_str 0/6] || 4096R/701269C611CA9526 OpenNetworX Tor Operator <tor(at)onwx.org> [3 hosts, inv_str 1/3]"
2026-10-05 18:14:24,2026-10-05 19:12:18,5,36,0,"email:usura[]sabotage.org url:https://sabotage.net proof:uri-rsa abuse [22 hosts, inv_str 0/231] || bienwald-torservers@outlook.de [4 hosts, inv_str 3/6] || tor@bizarreworker.de [3 hosts, inv_str 2/3] || email:toralf.foerster[]gmx.de gpg:1A376F994A9D026F13E24DCFC4EACDDE0076 [4 hosts, inv_str 4/6] || email:info[]osservatorionessuno.org url:https://osservatorionessuno.or [3 hosts, inv_str 2/3]"
2026-10-05 20:45:09,2026-10-05 21:07:48,2,7,3,"Chaos Computer Club Wien (C3W) email:anonymity[]c3w.at url:https://c3w [4 hosts, inv_str 0/6] || Stan <favorite0ne@proton.me> [3 hosts, inv_str 2/3]"
2026-10-06 06:10:09,2026-10-06 06:54:00,3,18,0,"url:https://ssdnodes.com email:tor-relays[]ssdnodes.com hoster:ssdnode [10 hosts, inv_str 27/45] || proagent0921@proton.me [5 hosts, inv_str 5/10] || Uu77bBt0eDko5iDrRNiXt2quIVPMNKvILk1eqJbAVk9e@posteo.ch [3 hosts, inv_str 2/3]"
2026-10-06 11:46:13,2026-10-06 12:43:47,3,11,0,"Uu77bBt0eDko5iDrRNiXt2quIVPMNKvILk1eqJbAVk9e@posteo.ch [5 hosts, inv_str 3/10] || Alpenwall email:alpenwall[]proton.me pgp:11F9B9631297C6E8A6ABAEB20F35F [3 hosts, inv_str 3/3] || email:info[]osservatorionessuno.org url:https://osservatorionessuno.or [3 hosts, inv_str 3/3]"
2026-10-06 16:57:03,2026-10-06 17:22:54,2,7,0,"email:admin[]prsv.ch url:https://prsv.ch/ proof:uri-rsa ciissversion:2 [4 hosts, inv_str 3/6] || torres28ramon@gmail.com [3 hosts, inv_str 1/3]"
2026-10-06 17:50:14,2026-10-06 19:13:10,2,13,0,"DFRI email:tor[]dfri.se url:https://dfri.se proof:dns-familyid-ed25519 [9 hosts, inv_str 16/36] || email:toralf.foerster[]gmx.de gpg:1A376F994A9D026F13E24DCFC4EACDDE0076 [4 hosts, inv_str 3/6]"
2026-10-06 20:22:33,2026-10-06 20:44:13,2,9,0,"email:toralf.foerster[]gmx.de gpg:1A376F994A9D026F13E24DCFC4EACDDE0076 [4 hosts, inv_str 4/6] || DFRI email:tor[]dfri.se url:https://dfri.se proof:dns-familyid-ed25519 [5 hosts, inv_str 9/10]"
2026-10-07 00:05:39,2026-10-07 00:55:32,2,27,1,"Satanist <admin AT 2cb dot su> [21 hosts, inv_str 129/210] || idontliketalk5@proton.me [6 hosts, inv_str 2/15]"
