fp,last_present_va,absent_from_va,absent_to_va,reappeared_va,n_missing,final,descs_while_absent,last_desc_while_absent
DD68CED74414FF446E52596462CEDAEF7E66BED7,2026-06-17 03:00:00,2026-06-17 04:00:00,2026-09-27 01:00:00,2026-09-27 02:00:00,2445,0,1,2026-09-27 01:45:51
7E2FF265BE20E154CED120D46E39058F6CCC34D7,2026-09-24 12:00:00,2026-09-24 13:00:00,2026-10-01 18:00:00,2026-10-01 20:00:00,174,0,2,2026-10-01 18:31:00
FC088734EA8D7E6347D527815202B47830997614,2026-09-25 05:00:00,2026-09-25 06:00:00,2026-09-25 08:00:00,2026-09-25 09:00:00,3,0,2,2026-09-25 07:48:46
92A7F611B06A647CF6ADF1ACEAD7F12D83A2C1ED,2026-09-25 18:00:00,2026-09-25 19:00:00,2026-09-25 20:00:00,2026-09-25 21:00:00,2,0,1,2026-09-25 19:25:57
3B953203AF332D8FE1452E1CE7CB50A3B5297DB2,2026-09-26 12:00:00,2026-09-26 13:00:00,2026-09-26 14:00:00,2026-09-26 15:00:00,2,0,1,2026-09-26 13:16:51
55FFC2C4D01ACEAFE24C4089A615F91B616B865E,2026-09-26 12:00:00,2026-09-26 13:00:00,2026-09-26 15:00:00,2026-09-26 16:00:00,3,0,1,2026-09-26 13:04:48
43EDB2155B2418CDB260385886E8583BC78973ED,2026-09-26 13:00:00,2026-09-26 14:00:00,2026-09-26 15:00:00,2026-09-26 16:00:00,2,0,1,2026-09-26 14:08:56
0CADF9650BE6F3CB6A09F29D8B91250D93DD91E6,2026-09-26 14:00:00,2026-09-26 15:00:00,2026-09-26 16:00:00,2026-09-26 17:00:00,2,0,1,2026-09-26 14:48:32
576F007259BD46A52083046E3F747C73E4847C48,2026-09-26 16:00:00,2026-09-26 17:00:00,2026-09-26 18:00:00,2026-09-26 19:00:00,2,0,1,2026-09-26 17:31:00
982FF2DAC80C1454E826B43F8FF003CF2CDC1CD7,2026-09-26 16:00:00,2026-09-26 17:00:00,2026-09-26 17:00:00,2026-09-26 18:00:00,1,0,1,2026-09-26 17:14:10
7BC58F5CDC4791F10E94D75E6A5AD1B9D084C963,2026-09-26 17:00:00,2026-09-26 18:00:00,2026-09-26 18:00:00,2026-09-26 19:00:00,1,0,0,
E8953FFF6D47182B07C6D3F0E092F83D8E45D62F,2026-09-26 18:00:00,2026-09-26 19:00:00,2026-09-26 21:00:00,2026-09-26 22:00:00,3,0,2,2026-09-26 20:46:54
3B953203AF332D8FE1452E1CE7CB50A3B5297DB2,2026-09-26 21:00:00,2026-09-26 22:00:00,2026-09-26 23:00:00,2026-09-27 00:00:00,2,0,1,2026-09-26 21:50:01
43EDB2155B2418CDB260385886E8583BC78973ED,2026-09-26 21:00:00,2026-09-26 22:00:00,2026-09-26 23:00:00,2026-09-27 00:00:00,2,0,1,2026-09-26 22:06:05
55FFC2C4D01ACEAFE24C4089A615F91B616B865E,2026-09-26 21:00:00,2026-09-26 22:00:00,2026-09-26 23:00:00,2026-09-27 00:00:00,2,0,1,2026-09-26 22:12:53
92A7F611B06A647CF6ADF1ACEAD7F12D83A2C1ED,2026-09-26 23:00:00,2026-09-27 00:00:00,2026-09-27 01:00:00,2026-09-27 02:00:00,2,0,1,2026-09-27 00:25:53
43EDB2155B2418CDB260385886E8583BC78973ED,2026-09-27 01:00:00,2026-09-27 02:00:00,2026-09-27 03:00:00,2026-09-27 04:00:00,2,0,1,2026-09-27 02:29:03
41C106EAEB0B968C5E68927596500DC99B840367,2026-09-27 03:00:00,2026-09-27 04:00:00,2026-09-27 05:00:00,2026-09-27 06:00:00,2,0,1,2026-09-27 04:08:06
4134DA299E17ED8F6F5AC6642EF1054BC3C133D3,2026-09-27 04:00:00,2026-09-27 05:00:00,2026-09-27 05:00:00,2026-09-27 06:00:00,1,0,1,2026-09-27 05:28:47
43EDB2155B2418CDB260385886E8583BC78973ED,2026-09-27 04:00:00,2026-09-27 05:00:00,2026-09-27 06:00:00,2026-09-27 07:00:00,2,0,1,2026-09-27 05:30:47
92A7F611B06A647CF6ADF1ACEAD7F12D83A2C1ED,2026-09-27 04:00:00,2026-09-27 05:00:00,2026-09-27 05:00:00,2026-09-27 06:00:00,1,0,1,2026-09-27 05:24:52
9BB108761BB27E8A87CD6677DC69DE6EB2B3BCFA,2026-09-27 04:00:00,2026-09-27 05:00:00,2026-09-27 06:00:00,2026-09-27 07:00:00,2,0,1,2026-09-27 04:29:19
BC7206F673869BC4DC5687E8BAA2BE96C289B4E4,2026-09-27 06:00:00,2026-09-27 07:00:00,2026-09-27 08:00:00,2026-09-27 09:00:00,2,0,1,2026-09-27 06:02:05
EDB75B4ED148C676B65A2631AC35682687F90BE7,2026-09-27 12:00:00,2026-09-27 13:00:00,2026-09-27 14:00:00,2026-09-27 15:00:00,2,0,1,2026-09-27 13:16:46
2B3AAC97B269D59E6D642C8BFB174EDD13741C38,2026-09-27 14:00:00,2026-09-27 15:00:00,2026-09-27 16:00:00,2026-09-27 17:00:00,2,0,2,2026-09-27 16:45:51
2858C4BF05D57D7FEBEE28DEA82BAC374222F858,2026-09-27 15:00:00,2026-09-27 16:00:00,2026-09-28 06:00:00,2026-09-28 07:00:00,15,0,1,2026-09-28 06:15:22
486DB6DFB176C7DF3DF90333896BB4753FBDD42A,2026-09-27 15:00:00,2026-09-27 16:00:00,2026-09-27 17:00:00,2026-09-27 18:00:00,2,0,1,2026-09-27 16:15:40
55B9BFAA508020108BC15A1678C34C28361FC12D,2026-09-27 15:00:00,2026-09-27 16:00:00,2026-09-27 18:00:00,2026-09-27 19:00:00,3,0,1,2026-09-27 16:24:32
D14A2CAC084BF7CF95122E5A401E9F64D46A5706,2026-09-27 15:00:00,2026-09-27 16:00:00,2026-09-27 17:00:00,2026-09-27 18:00:00,2,0,1,2026-09-27 16:10:16
E0999C5F42D12204AA8038653DBACDCE1F40E7FF,2026-09-27 16:00:00,2026-09-27 17:00:00,2026-09-27 18:00:00,2026-09-27 19:00:00,2,0,1,2026-09-27 17:33:47
486DB6DFB176C7DF3DF90333896BB4753FBDD42A,2026-09-27 19:00:00,2026-09-27 20:00:00,2026-09-27 21:00:00,2026-09-27 22:00:00,2,0,1,2026-09-27 20:13:07
55B9BFAA508020108BC15A1678C34C28361FC12D,2026-09-27 19:00:00,2026-09-27 20:00:00,2026-09-27 22:00:00,2026-09-27 23:00:00,3,0,1,2026-09-27 20:18:14
F314580EA22CB3DCB135D64E92108BFB8FD209AF,2026-09-27 20:00:00,2026-09-27 21:00:00,2026-09-27 22:00:00,2026-09-27 23:00:00,2,0,1,2026-09-27 20:16:01
0D8826A5646B352A7EB843FFBE80326F4D018F1B,2026-09-27 21:00:00,2026-09-27 22:00:00,2026-09-28 00:00:00,2026-09-28 01:00:00,3,0,2,2026-09-28 00:54:24
BC7A5E911554477F7346FA9B680250D1D84B14AF,2026-09-27 21:00:00,2026-09-27 22:00:00,2026-09-27 22:00:00,2026-09-27 23:00:00,1,0,1,2026-09-27 22:06:41
5957F8B3503BB566D36F8B9A20280FD990E4C298,2026-09-27 22:00:00,2026-09-27 23:00:00,2026-09-28 00:00:00,2026-09-28 01:00:00,2,0,1,2026-09-27 23:49:25
E0999C5F42D12204AA8038653DBACDCE1F40E7FF,2026-09-27 22:00:00,2026-09-27 23:00:00,2026-09-28 00:00:00,2026-09-28 01:00:00,2,0,1,2026-09-27 23:11:16
BC7A5E911554477F7346FA9B680250D1D84B14AF,2026-09-27 23:00:00,2026-09-28 00:00:00,2026-09-28 00:00:00,2026-09-28 01:00:00,1,0,0,
080D4210E54A62376A4A89E3B9CC98B2FB2D74D0,2026-09-28 00:00:00,2026-09-28 01:00:00,2026-09-28 02:00:00,2026-09-28 03:00:00,2,0,1,2026-09-28 01:11:50
278B1EC00C3FEFFD44D582CC86DA71A24F451385,2026-09-28 00:00:00,2026-09-28 01:00:00,2026-09-28 02:00:00,2026-09-28 03:00:00,2,0,1,2026-09-28 01:07:53
27FAE99C0DBA8CD9DBFE42D2D2464B4C68EEB00D,2026-09-28 00:00:00,2026-09-28 01:00:00,2026-09-28 02:00:00,2026-09-28 03:00:00,2,0,1,2026-09-28 00:49:55
526AD50C9DE6AF533DEBE8F9BBDF149BC1F5AB6E,2026-09-28 00:00:00,2026-09-28 01:00:00,2026-09-28 03:00:00,2026-09-28 04:00:00,3,0,2,2026-09-28 03:41:07
61A2104D7E69867C3F3EF981077266F968C1752A,2026-09-28 00:00:00,2026-09-28 01:00:00,2026-09-28 03:00:00,2026-09-28 04:00:00,3,0,2,2026-09-28 01:32:54
B274599CD37F4D5B2C407DC81E478135F3297EFE,2026-09-28 00:00:00,2026-09-28 01:00:00,2026-09-28 02:00:00,2026-09-28 03:00:00,2,0,1,2026-09-28 01:11:26
D14A2CAC084BF7CF95122E5A401E9F64D46A5706,2026-09-28 00:00:00,2026-09-28 01:00:00,2026-09-28 01:00:00,2026-09-28 02:00:00,1,0,1,2026-09-28 01:04:17
E0ADAA31E91125C48D41BB7C2671B25BAE25AF17,2026-09-28 00:00:00,2026-09-28 01:00:00,2026-09-28 03:00:00,2026-09-28 04:00:00,3,0,2,2026-09-28 01:34:25
F0D01EB1FDC508279AB3412AF3FC950BB1DA2AD1,2026-09-28 00:00:00,2026-09-28 01:00:00,2026-09-28 03:00:00,2026-09-28 04:00:00,3,0,3,2026-09-28 03:39:58
0632EC43FEA8EA3F377FE2E34DA671746F1642DD,2026-09-28 01:00:00,2026-09-28 02:00:00,2026-09-28 03:00:00,2026-09-28 04:00:00,2,0,2,2026-09-28 03:57:08
078A51987E72360E0D435B820D217C0580D06CE1,2026-09-28 01:00:00,2026-09-28 02:00:00,2026-09-28 03:00:00,2026-09-28 04:00:00,2,0,1,2026-09-28 03:52:11
15450640183D6488AFEFA8B50EE8E91F64AFE9AB,2026-09-28 01:00:00,2026-09-28 02:00:00,2026-09-28 03:00:00,2026-09-28 04:00:00,2,0,2,2026-09-28 03:28:05
3F6E66FDA54B0CED35F01A16AF5D034DDDD8D48C,2026-09-28 01:00:00,2026-09-28 02:00:00,2026-09-28 04:00:00,2026-09-28 05:00:00,3,0,2,2026-09-28 04:13:59
54687D59F8C8D90056CA94849970B362DA385DAD,2026-09-28 01:00:00,2026-09-28 02:00:00,2026-09-28 03:00:00,2026-09-28 04:00:00,2,0,2,2026-09-28 03:53:34
631B3DD618D4AB49D0E3A37120E10215EEB730C4,2026-09-28 01:00:00,2026-09-28 02:00:00,2026-09-28 03:00:00,2026-09-28 04:00:00,2,0,1,2026-09-28 02:13:31
71FECF825283C0407901F832CE8520EFFBE3FD77,2026-09-28 01:00:00,2026-09-28 02:00:00,2026-09-28 03:00:00,2026-09-28 04:00:00,2,0,1,2026-09-28 02:32:03
AA81E4A4D9BBAC6778EF0612E25BD10FE610BA5E,2026-09-28 01:00:00,2026-09-28 02:00:00,2026-09-28 03:00:00,2026-09-28 04:00:00,2,0,2,2026-09-28 02:55:14
AB7366925C446424E7EE33179BEAB4B12D8696B6,2026-09-28 01:00:00,2026-09-28 02:00:00,2026-09-28 04:00:00,2026-09-28 05:00:00,3,0,2,2026-09-28 04:33:40
BAB2CDAE807EFC4710485F78E8ED359F22C67909,2026-09-28 01:00:00,2026-09-28 02:00:00,2026-09-28 04:00:00,2026-09-28 05:00:00,3,0,1,2026-09-28 02:05:38
C79D4FE6EC868612396ED66CDDE7678F8EF466A9,2026-09-28 01:00:00,2026-09-28 02:00:00,2026-09-28 03:00:00,2026-09-28 04:00:00,2,0,1,2026-09-28 01:46:46
DE9317A1C4B5A95AFE78ECAC82B5DB6A7018B36B,2026-09-28 01:00:00,2026-09-28 02:00:00,2026-09-28 03:00:00,2026-09-28 04:00:00,2,0,2,2026-09-28 03:42:16
EF194086B185178E1BF549A8F95DE8C03E2DEBF9,2026-09-28 01:00:00,2026-09-28 02:00:00,2026-09-28 03:00:00,2026-09-28 04:00:00,2,0,2,2026-09-28 03:28:04
392BEFDCB026A568E077786E79FDE589A9C0E451,2026-09-28 02:00:00,2026-09-28 03:00:00,2026-09-28 04:00:00,2026-09-28 05:00:00,2,0,1,2026-09-28 03:21:08
5F8ACD9D6624450926AB0BEDB7DDE9AE43B0D04C,2026-09-28 02:00:00,2026-09-28 03:00:00,2026-09-28 04:00:00,2026-09-28 05:00:00,2,0,1,2026-09-28 03:19:49
6059E28E581D60B0B94F1006AD4D34128F68D8A1,2026-09-28 02:00:00,2026-09-28 03:00:00,2026-09-28 04:00:00,2026-09-28 05:00:00,2,0,1,2026-09-28 03:24:05
728AEDB2DA037D9032F9697FFA7D9E070783A1F6,2026-09-28 02:00:00,2026-09-28 03:00:00,2026-09-28 04:00:00,2026-09-28 05:00:00,2,0,1,2026-09-28 03:21:20
A84AD66BC34D283D0F865DC16D4DB62635D1D9B3,2026-09-28 02:00:00,2026-09-28 03:00:00,2026-09-28 04:00:00,2026-09-28 05:00:00,2,0,1,2026-09-28 03:12:49
D68912EB5A673AEC17958D1E9CA3F0BBB094D1F3,2026-09-28 02:00:00,2026-09-28 03:00:00,2026-09-28 04:00:00,2026-09-28 05:00:00,2,0,1,2026-09-28 03:16:27
0632EC43FEA8EA3F377FE2E34DA671746F1642DD,2026-09-28 04:00:00,2026-09-28 05:00:00,2026-09-28 06:00:00,2026-09-28 07:00:00,2,0,1,2026-09-28 06:58:02
078A51987E72360E0D435B820D217C0580D06CE1,2026-09-28 04:00:00,2026-09-28 05:00:00,2026-09-28 06:00:00,2026-09-28 07:00:00,2,0,1,2026-09-28 06:52:51
278B1EC00C3FEFFD44D582CC86DA71A24F451385,2026-09-28 04:00:00,2026-09-28 05:00:00,2026-09-28 06:00:00,2026-09-28 07:00:00,2,0,1,2026-09-28 05:07:24
71FECF825283C0407901F832CE8520EFFBE3FD77,2026-09-28 04:00:00,2026-09-28 05:00:00,2026-09-28 06:00:00,2026-09-28 07:00:00,2,0,2,2026-09-28 06:40:16
982F261EC5D2D7DB89D7D0320009E02E752DFE69,2026-09-28 04:00:00,2026-09-28 05:00:00,2026-09-28 06:00:00,2026-09-28 07:00:00,2,0,1,2026-09-28 05:13:27
D14A2CAC084BF7CF95122E5A401E9F64D46A5706,2026-09-28 04:00:00,2026-09-28 05:00:00,2026-09-28 05:00:00,2026-09-28 06:00:00,1,0,1,2026-09-28 05:17:17
1A9C9712ACBBDD83243F62FCE16BD892E2658DCD,2026-09-28 05:00:00,2026-09-28 06:00:00,2026-09-28 07:00:00,2026-09-28 08:00:00,2,0,1,2026-09-28 06:13:40
5F8ACD9D6624450926AB0BEDB7DDE9AE43B0D04C,2026-09-28 05:00:00,2026-09-28 06:00:00,2026-09-28 07:00:00,2026-09-28 08:00:00,2,0,1,2026-09-28 06:29:57
6059E28E581D60B0B94F1006AD4D34128F68D8A1,2026-09-28 05:00:00,2026-09-28 06:00:00,2026-09-28 07:00:00,2026-09-28 08:00:00,2,0,1,2026-09-28 06:25:43
CEB20924838A7CCA912BC2E7F83B09982BFD1E9E,2026-09-28 05:00:00,2026-09-28 06:00:00,2026-09-28 07:00:00,2026-09-28 08:00:00,2,0,1,2026-09-28 06:28:08
D4C4D01625AF1473A8AEABB28CDE7EC8D553C428,2026-09-28 05:00:00,2026-09-28 06:00:00,2026-09-28 07:00:00,2026-09-28 08:00:00,2,0,1,2026-09-28 06:06:29
D68912EB5A673AEC17958D1E9CA3F0BBB094D1F3,2026-09-28 05:00:00,2026-09-28 06:00:00,2026-09-28 07:00:00,2026-09-28 08:00:00,2,0,1,2026-09-28 06:26:32
15CA183DC161A0AF6FACDD7A0B6DA84C593E8D09,2026-09-28 06:00:00,2026-09-28 07:00:00,2026-09-28 08:00:00,2026-09-28 09:00:00,2,0,2,2026-09-28 08:30:58
392BEFDCB026A568E077786E79FDE589A9C0E451,2026-09-28 06:00:00,2026-09-28 07:00:00,2026-09-28 09:00:00,2026-09-28 10:00:00,3,0,1,2026-09-28 07:30:03
4F72DEF09B015E9B6F210597083D95D8A3BC38AD,2026-09-28 06:00:00,2026-09-28 07:00:00,2026-09-28 08:00:00,2026-09-28 09:00:00,2,0,2,2026-09-28 08:30:42
278B1EC00C3FEFFD44D582CC86DA71A24F451385,2026-09-28 07:00:00,2026-09-28 08:00:00,2026-09-28 09:00:00,2026-09-28 10:00:00,2,0,1,2026-09-28 08:16:44
5F8ACD9D6624450926AB0BEDB7DDE9AE43B0D04C,2026-09-28 08:00:00,2026-09-28 09:00:00,2026-09-28 10:00:00,2026-09-28 11:00:00,2,0,1,2026-09-28 09:31:14
D14A2CAC084BF7CF95122E5A401E9F64D46A5706,2026-09-28 08:00:00,2026-09-28 09:00:00,2026-09-28 10:00:00,2026-09-28 11:00:00,2,0,1,2026-09-28 09:26:18
D68912EB5A673AEC17958D1E9CA3F0BBB094D1F3,2026-09-28 08:00:00,2026-09-28 09:00:00,2026-09-28 10:00:00,2026-09-28 11:00:00,2,0,1,2026-09-28 09:27:59
DA9DC2F06B08A07CDCE9BCA40859561618C60492,2026-09-28 08:00:00,2026-09-28 09:00:00,2026-09-28 09:00:00,2026-09-28 10:00:00,1,0,1,2026-09-28 09:10:32
982F261EC5D2D7DB89D7D0320009E02E752DFE69,2026-09-28 09:00:00,2026-09-28 10:00:00,2026-09-28 12:00:00,2026-09-28 13:00:00,3,0,2,2026-09-28 12:15:20
F1467AA85A0CDDE645EC690A9602095E63AFF097,2026-09-28 12:00:00,2026-09-28 13:00:00,2026-09-28 14:00:00,2026-09-28 15:00:00,2,0,1,2026-09-28 12:03:58
FE2FE038B03311E16BD85C8F0873AB58EEF9E15E,2026-09-28 12:00:00,2026-09-28 13:00:00,2026-09-28 15:00:00,2026-09-28 16:00:00,3,0,2,2026-09-28 15:04:32
723732AEB409C019D08284953E11856CC41C9804,2026-09-28 13:00:00,2026-09-28 14:00:00,2026-09-28 15:00:00,2026-09-28 16:00:00,2,0,1,2026-09-28 14:29:36
76BACC90CBA71714918554156CAABE955E7A940F,2026-09-28 13:00:00,2026-09-28 14:00:00,2026-09-28 15:00:00,2026-09-28 16:00:00,2,0,1,2026-09-28 15:55:43
76CA419C68502FFC4D950D167E25EE0AD3A0A764,2026-09-28 13:00:00,2026-09-28 14:00:00,2026-09-28 15:00:00,2026-09-28 16:00:00,2,0,1,2026-09-28 13:22:46
ADC776E831EC4609D6D5AC0D5A757B00FC6BFDEE,2026-09-28 13:00:00,2026-09-28 14:00:00,2026-09-28 16:00:00,2026-09-28 17:00:00,3,0,1,2026-09-28 15:52:38
D14A2CAC084BF7CF95122E5A401E9F64D46A5706,2026-09-28 14:00:00,2026-09-28 15:00:00,2026-09-28 15:00:00,2026-09-28 16:00:00,1,0,1,2026-09-28 15:24:18
0C478FFD86187DB4C690B84718CCD09165BEB73D,2026-09-28 15:00:00,2026-09-28 16:00:00,2026-09-28 17:00:00,2026-09-28 18:00:00,2,0,1,2026-09-28 16:09:35
54955A17DDCEBD1BC64A3C4092774EA7FC682CC4,2026-09-28 15:00:00,2026-09-28 16:00:00,2026-09-28 17:00:00,2026-09-28 18:00:00,2,0,1,2026-09-28 16:06:13
CC8412A0CE31C55CFBF32CBA8EA5C05348846C3F,2026-09-28 15:00:00,2026-09-28 16:00:00,2026-09-28 17:00:00,2026-09-28 18:00:00,2,0,1,2026-09-28 15:56:25
7ED6B42716B1D393E7BAC2FFDDE3853CD9896A95,2026-09-28 16:00:00,2026-09-28 17:00:00,2026-09-28 17:00:00,2026-09-28 18:00:00,1,0,1,2026-09-28 17:21:35
2C7FBE61AA7F3C60691155E60030B031BFCC5FE3,2026-09-28 17:00:00,2026-09-28 18:00:00,2026-09-28 20:00:00,2026-09-28 21:00:00,3,0,2,2026-09-28 20:36:22
799F36F3EAD423C23E76351154E0BC98E8B498FE,2026-09-28 17:00:00,2026-09-28 18:00:00,2026-09-28 19:00:00,2026-09-28 20:00:00,2,0,2,2026-09-28 18:32:06
4954B51AF0CBADA08E4BC389DF1E3E419535165A,2026-09-28 18:00:00,2026-09-28 19:00:00,2026-09-28 20:00:00,2026-09-28 21:00:00,2,0,1,2026-09-28 19:11:17
D14A2CAC084BF7CF95122E5A401E9F64D46A5706,2026-09-28 18:00:00,2026-09-28 19:00:00,2026-09-28 20:00:00,2026-09-28 21:00:00,2,0,1,2026-09-28 19:21:19
ECA5D8E2A5F5D084933503CC99D0DE0FA89204AE,2026-09-28 18:00:00,2026-09-28 19:00:00,2026-09-28 20:00:00,2026-09-28 21:00:00,2,0,1,2026-09-28 19:27:35
0A76C0A0A721DDBC324B705ADBFC95FD806AE855,2026-09-28 22:00:00,2026-09-28 23:00:00,2026-09-29 00:00:00,2026-09-29 01:00:00,2,0,2,2026-09-29 00:34:56
D14A2CAC084BF7CF95122E5A401E9F64D46A5706,2026-09-29 00:00:00,2026-09-29 01:00:00,2026-09-29 01:00:00,2026-09-29 02:00:00,1,0,1,2026-09-29 01:23:19
6212040CE7774652B4F727940E6F632E015023DD,2026-09-29 02:00:00,2026-09-29 03:00:00,2026-09-29 04:00:00,2026-09-29 05:00:00,2,0,1,2026-09-29 03:05:50
30C472441D910A8BCDA571F2637C80119E76D082,2026-09-29 03:00:00,2026-09-29 04:00:00,2026-09-29 05:00:00,2026-09-29 06:00:00,2,0,2,2026-09-29 04:26:39
85186D4C2F0E4257C83001D58D6FAB1AF93AA227,2026-09-29 03:00:00,2026-09-29 04:00:00,2026-09-29 05:00:00,2026-09-29 06:00:00,2,0,1,2026-09-29 03:28:31
A4F42AE65F11634C42A3F3952E719F47091BD36F,2026-09-29 03:00:00,2026-09-29 04:00:00,2026-09-29 05:00:00,2026-09-29 06:00:00,2,0,1,2026-09-29 04:20:38
CBADA5E3187F22256E292AC054C40B71C0D9EE9E,2026-09-29 03:00:00,2026-09-29 04:00:00,2026-09-29 04:00:00,2026-09-29 05:00:00,1,0,0,
56E9E80B813A69AA6B72E4B464A7154142EC45F6,2026-09-29 04:00:00,2026-09-29 05:00:00,2026-09-29 06:00:00,2026-09-29 07:00:00,2,0,1,2026-09-29 05:15:17
B0F1D545B983E42680F7F220A69D79FF821C50E6,2026-09-29 05:00:00,2026-09-29 06:00:00,2026-09-29 08:00:00,2026-09-29 09:00:00,3,0,2,2026-09-29 07:53:40
D14A2CAC084BF7CF95122E5A401E9F64D46A5706,2026-09-29 05:00:00,2026-09-29 06:00:00,2026-09-29 06:00:00,2026-09-29 07:00:00,1,0,1,2026-09-29 06:25:19
3180E55D10F293EB966ED69A5FC882666B08A88D,2026-09-29 09:00:00,2026-09-29 10:00:00,2026-09-29 10:00:00,2026-09-29 11:00:00,1,0,0,
D14A2CAC084BF7CF95122E5A401E9F64D46A5706,2026-09-29 09:00:00,2026-09-29 10:00:00,2026-09-29 10:00:00,2026-09-29 11:00:00,1,0,1,2026-09-29 10:22:19
DA093221F2A70D35774E3B70FE965DB7231E4D05,2026-09-29 09:00:00,2026-09-29 10:00:00,2026-09-29 10:00:00,2026-09-29 11:00:00,1,0,1,2026-09-29 10:16:36
035F813195F0CB9F567EDFDF60C6745CA36BA0BD,2026-09-29 12:00:00,2026-09-29 13:00:00,2026-09-29 14:00:00,2026-09-29 15:00:00,2,0,1,2026-09-29 13:12:05
2F33742AEFB73B71E48F302A5C2549006E79CD0B,2026-09-29 12:00:00,2026-09-29 13:00:00,2026-09-29 14:00:00,2026-09-29 15:00:00,2,0,2,2026-09-29 13:18:45
39C819EC299FD555DD57FFF64B2EC15F305E3990,2026-09-29 12:00:00,2026-09-29 13:00:00,2026-09-29 14:00:00,2026-09-29 15:00:00,2,0,1,2026-09-29 13:33:36
4DFEB2617AD440A41EB25125358FD88EB209FACE,2026-09-29 12:00:00,2026-09-29 13:00:00,2026-09-29 15:00:00,2026-09-29 16:00:00,3,0,1,2026-09-29 13:14:51
5BDD0633E0AC09763E49641DCD1BA3AB3A21AA83,2026-09-29 12:00:00,2026-09-29 13:00:00,2026-09-29 14:00:00,2026-09-29 15:00:00,2,0,1,2026-09-29 13:07:32
7BD416652010B7C42202BE40F749A417003ECD2C,2026-09-29 12:00:00,2026-09-29 13:00:00,2026-09-29 14:00:00,2026-09-29 15:00:00,2,0,1,2026-09-29 13:15:45
919EBE30E4AAD0ECB9936EEE362DC21B8A848744,2026-09-29 12:00:00,2026-09-29 13:00:00,2026-09-29 15:00:00,2026-09-29 16:00:00,3,0,1,2026-09-29 13:28:08
C82F4613A26F7E286BA3D85CF27B6027C35FDF27,2026-09-29 12:00:00,2026-09-29 13:00:00,2026-09-29 15:00:00,2026-09-29 16:00:00,3,0,1,2026-09-29 12:48:24
DE3931572AF2F997C3F7F1D432E8CE658E62D775,2026-09-29 12:00:00,2026-09-29 13:00:00,2026-09-29 15:00:00,2026-09-29 16:00:00,3,0,1,2026-09-29 13:11:41
E1C5E4857CD8E918FA03B1E15F1076D0A235B075,2026-09-29 12:00:00,2026-09-29 13:00:00,2026-09-29 15:00:00,2026-09-29 16:00:00,3,0,1,2026-09-29 13:26:05
ED2B8E669D68E095297591C0EE921A77298A0B25,2026-09-29 12:00:00,2026-09-29 13:00:00,2026-09-29 15:00:00,2026-09-29 16:00:00,3,0,1,2026-09-29 13:15:55
6E736FF4BA2845381A2FEE4DEE6CC565C5A7D781,2026-09-29 13:00:00,2026-09-29 14:00:00,2026-09-29 16:00:00,2026-09-29 17:00:00,3,0,1,2026-09-29 14:03:28
0CABED9159F1E4BE82879F5A34ED8D7349E931BD,2026-09-29 14:00:00,2026-09-29 15:00:00,2026-09-29 15:00:00,2026-09-29 16:00:00,1,0,1,2026-09-29 15:08:06
3863FD538658F6671631E78CEBB2693FB42DFA7D,2026-09-29 14:00:00,2026-09-29 15:00:00,2026-09-29 16:00:00,2026-09-29 17:00:00,2,0,2,2026-09-29 16:34:56
4F22535B5DE366B08C2F6FD55B0B06F1EF406048,2026-09-29 14:00:00,2026-09-29 15:00:00,2026-09-29 16:00:00,2026-09-29 17:00:00,2,0,1,2026-09-29 14:13:11
D14A2CAC084BF7CF95122E5A401E9F64D46A5706,2026-09-29 14:00:00,2026-09-29 15:00:00,2026-09-29 15:00:00,2026-09-29 16:00:00,1,0,1,2026-09-29 15:13:20
EB3DA93B6FFFA699C1F2714C9E73FA813BB8F822,2026-09-29 14:00:00,2026-09-29 15:00:00,2026-09-29 16:00:00,2026-09-29 17:00:00,2,0,1,2026-09-29 15:19:49
0A11C7546A1332412D1EBD13BD4C3D6A6644D7E0,2026-09-29 15:00:00,2026-09-29 16:00:00,2026-09-29 16:00:00,2026-09-29 17:00:00,1,0,1,2026-09-29 16:24:52
552C2E2AFDD1B740A38CA9768C51EC011B2AF701,2026-09-29 15:00:00,2026-09-29 16:00:00,2026-09-29 16:00:00,2026-09-29 17:00:00,1,0,1,2026-09-29 16:18:15
7B67A3AD2395536FD15CB97588A0BC1A015AC267,2026-09-29 15:00:00,2026-09-29 16:00:00,2026-09-29 16:00:00,2026-09-29 17:00:00,1,0,1,2026-09-29 16:30:21
D54DB93A10CE45B327CE6CFE6717A559CCBEF650,2026-09-29 15:00:00,2026-09-29 16:00:00,2026-09-29 16:00:00,2026-09-29 17:00:00,1,0,1,2026-09-29 16:11:33
7B67A3AD2395536FD15CB97588A0BC1A015AC267,2026-09-29 20:00:00,2026-09-29 21:00:00,2026-09-29 21:00:00,2026-09-29 22:00:00,1,0,1,2026-09-29 21:18:01
4134DA299E17ED8F6F5AC6642EF1054BC3C133D3,2026-09-29 21:00:00,2026-09-29 22:00:00,2026-09-30 00:00:00,2026-09-30 01:00:00,3,0,1,2026-09-30 00:13:39
AE6507A440E9353C19C39B5448A13EB60A77B525,2026-09-30 02:00:00,2026-09-30 03:00:00,2026-09-30 04:00:00,2026-09-30 05:00:00,2,0,1,2026-09-30 03:13:25
7AC86B42BA62FD8D67DC69CC7673B2F3F334EB69,2026-09-30 09:00:00,2026-09-30 10:00:00,2026-09-30 11:00:00,2026-09-30 12:00:00,2,0,2,2026-09-30 11:30:50
7B67A3AD2395536FD15CB97588A0BC1A015AC267,2026-09-30 10:00:00,2026-09-30 11:00:00,2026-09-30 11:00:00,2026-09-30 12:00:00,1,0,1,2026-09-30 11:24:47
4CE608B11DDA3665DA51A94532FEE82B9C2EC359,2026-09-30 11:00:00,2026-09-30 12:00:00,2026-09-30 13:00:00,2026-09-30 14:00:00,2,0,1,2026-09-30 13:53:30
D14A2CAC084BF7CF95122E5A401E9F64D46A5706,2026-09-30 11:00:00,2026-09-30 12:00:00,2026-09-30 12:00:00,2026-09-30 13:00:00,1,0,1,2026-09-30 12:32:21
3AD0E099EA0F64B6202BEE3B737A9FE5D554A3CC,2026-09-30 12:00:00,2026-09-30 13:00:00,2026-09-30 14:00:00,2026-09-30 15:00:00,2,0,1,2026-09-30 12:14:41
60E521B632D83971ECF8D454AF558F2C238BC9A5,2026-09-30 12:00:00,2026-09-30 13:00:00,2026-09-30 14:00:00,2026-09-30 15:00:00,2,0,1,2026-09-30 13:31:48
97D376626997BF37F3A6477CCD60545FDBC3D60C,2026-09-30 12:00:00,2026-09-30 13:00:00,2026-09-30 14:00:00,2026-09-30 15:00:00,2,0,1,2026-09-30 12:35:38
B2A4EFD1B3DAD0F5FA127B5C29BBFE625628A6D9,2026-09-30 12:00:00,2026-09-30 13:00:00,2026-09-30 14:00:00,2026-09-30 15:00:00,2,0,1,2026-09-30 13:20:41
C2808CAC0896D0AC4EFAAD4ECD467FE245CCFDF7,2026-09-30 12:00:00,2026-09-30 13:00:00,2026-09-30 14:00:00,2026-09-30 15:00:00,2,0,2,2026-09-30 13:32:00
CCCFD8D5FD21AC796234D914F1B7CC33ADCE52F8,2026-09-30 12:00:00,2026-09-30 13:00:00,2026-09-30 14:00:00,2026-09-30 15:00:00,2,0,2,2026-09-30 13:45:05
25675F4453727066B1FF692DCEF81F820F3D6524,2026-09-30 13:00:00,2026-09-30 14:00:00,2026-09-30 14:00:00,2026-09-30 15:00:00,1,0,1,2026-09-30 14:07:46
EAFE87655A056F276298CE17A0D8FABEE3B20F49,2026-09-30 13:00:00,2026-09-30 14:00:00,2026-09-30 14:00:00,2026-09-30 15:00:00,1,0,1,2026-09-30 14:13:04
97D809DF40A5B4102F2C4956A7DB7E709B611832,2026-09-30 14:00:00,2026-09-30 15:00:00,2026-09-30 15:00:00,2026-09-30 16:00:00,1,0,1,2026-09-30 15:24:02
808DED5C02DB3C23A222E15F4C098BDD099EF2BD,2026-09-30 15:00:00,2026-09-30 16:00:00,2026-09-30 17:00:00,2026-09-30 18:00:00,2,0,0,
BC7A5E911554477F7346FA9B680250D1D84B14AF,2026-09-30 17:00:00,2026-09-30 18:00:00,2026-10-01 16:00:00,2026-10-01 17:00:00,23,0,1,2026-10-01 15:42:13
F47675F352E783C4D0DC15056EB91DCA4F43C0BF,2026-09-30 17:00:00,2026-09-30 18:00:00,2026-09-30 18:00:00,2026-09-30 19:00:00,1,0,1,2026-09-30 18:25:32
808DED5C02DB3C23A222E15F4C098BDD099EF2BD,2026-09-30 21:00:00,2026-09-30 22:00:00,2026-10-07 02:00:00,,148,1,29,2026-10-06 18:18:53
76959901386E8C908F50235D9894007886B67C2E,2026-09-30 22:00:00,2026-09-30 23:00:00,2026-09-30 23:00:00,2026-10-01 00:00:00,1,0,1,2026-09-30 23:04:47
42915A6328B412B0817DA9C946847BE2D4F1A61C,2026-09-30 23:00:00,2026-10-01 00:00:00,2026-10-01 00:00:00,2026-10-01 01:00:00,1,0,1,2026-09-30 23:07:22
B541581CB0599A36269196EFCC6E23F67B75285C,2026-10-01 01:00:00,2026-10-01 02:00:00,2026-10-01 03:00:00,2026-10-01 04:00:00,2,0,1,2026-10-01 02:24:35
0CADF9650BE6F3CB6A09F29D8B91250D93DD91E6,2026-10-01 02:00:00,2026-10-01 03:00:00,2026-10-01 05:00:00,2026-10-01 06:00:00,3,0,1,2026-10-01 03:13:10
176B5F593C12AE9556A5D996FC9B35A560CAE057,2026-10-01 02:00:00,2026-10-01 03:00:00,2026-10-01 04:00:00,2026-10-01 05:00:00,2,0,1,2026-10-01 02:29:54
335311C60DCB38A1371588A7F124DF0D2DC2F459,2026-10-01 02:00:00,2026-10-01 03:00:00,2026-10-01 05:00:00,2026-10-01 06:00:00,3,0,2,2026-10-01 04:34:03
D97CDBE58769CCC43AF7CAC66A466A249D35AEFA,2026-10-01 02:00:00,2026-10-01 03:00:00,2026-10-01 05:00:00,2026-10-01 06:00:00,3,0,1,2026-10-01 03:05:24
8EAE810FA33F26341605D59F82D8AD58F7EA6CC5,2026-10-01 03:00:00,2026-10-01 04:00:00,2026-10-01 04:00:00,2026-10-01 05:00:00,1,0,1,2026-10-01 03:13:27
DB951C2CF2073ECAFF08EFF6AC108B6B1C9E677D,2026-10-01 05:00:00,2026-10-01 06:00:00,2026-10-01 08:00:00,2026-10-01 09:00:00,3,0,2,2026-10-01 08:52:34
B693FFB4FEC6D5AFC4B44010B51305853B0CDC0B,2026-10-01 08:00:00,2026-10-01 09:00:00,2026-10-01 11:00:00,2026-10-01 12:00:00,3,0,2,2026-10-01 10:25:20
6A60198703A12D650EBB6EC751CDAEB611BBC04D,2026-10-01 10:00:00,2026-10-01 11:00:00,2026-10-01 12:00:00,2026-10-01 13:00:00,2,0,2,2026-10-01 12:01:36
7417085A0CC99550CF82ADD3F7B1CD01E64AAADE,2026-10-01 12:00:00,2026-10-01 13:00:00,2026-10-01 14:00:00,2026-10-01 15:00:00,2,0,1,2026-10-01 13:20:55
AA4644F0EC589EEA2F501BB867E32E599F8169DA,2026-10-01 12:00:00,2026-10-01 13:00:00,2026-10-01 14:00:00,2026-10-01 15:00:00,2,0,1,2026-10-01 12:31:27
FB668CDBACC89F6E299ADEF7E3F7A12047705361,2026-10-01 12:00:00,2026-10-01 13:00:00,2026-10-01 14:00:00,2026-10-01 15:00:00,2,0,1,2026-10-01 12:45:45
4393B1E33C2E3ECEDDEB8C1DCC7DBA9E83046780,2026-10-01 13:00:00,2026-10-01 14:00:00,2026-10-01 14:00:00,2026-10-01 15:00:00,1,0,1,2026-10-01 14:13:51
F507D9EEC750FCE6020EF8450D9A25DBE7ADA92A,2026-10-01 13:00:00,2026-10-01 14:00:00,2026-10-01 14:00:00,2026-10-01 15:00:00,1,0,1,2026-10-01 14:16:18
F532DA2085F87777CE05EA947BF7B4F49B625754,2026-10-01 13:00:00,2026-10-01 14:00:00,2026-10-01 14:00:00,2026-10-01 15:00:00,1,0,1,2026-10-01 13:03:57
359068C031765892420A672F28D506C41341AA73,2026-10-01 14:00:00,2026-10-01 15:00:00,2026-10-01 16:00:00,2026-10-01 17:00:00,2,0,1,2026-10-01 14:11:38
3B49A31F1DD5D929133AF10B0B33BB7AE42B53E7,2026-10-01 14:00:00,2026-10-01 15:00:00,2026-10-01 16:00:00,2026-10-01 17:00:00,2,0,1,2026-10-01 15:29:34
292FCACE773DC259B799914A23BE65A6A6178E8F,2026-10-01 15:00:00,2026-10-01 16:00:00,2026-10-01 17:00:00,2026-10-01 18:00:00,2,0,1,2026-10-01 16:24:16
4FA215D784E1B23D7EBEC9838D5E14906C1206FC,2026-10-01 15:00:00,2026-10-01 16:00:00,2026-10-01 17:00:00,2026-10-01 18:00:00,2,0,2,2026-10-01 17:15:12
65A398E9A697A4645937B086CDA1D9A5C57B9509,2026-10-01 15:00:00,2026-10-01 16:00:00,2026-10-01 17:00:00,2026-10-01 18:00:00,2,0,1,2026-10-01 15:42:59
6A6A34B55DF1B0A1D97376721E7669A26ACD447C,2026-10-01 15:00:00,2026-10-01 16:00:00,2026-10-01 17:00:00,2026-10-01 18:00:00,2,0,1,2026-10-01 15:39:23
3B49A31F1DD5D929133AF10B0B33BB7AE42B53E7,2026-10-01 18:00:00,2026-10-01 20:00:00,2026-10-01 21:00:00,2026-10-01 22:00:00,2,0,1,2026-10-01 19:19:58
3B49A31F1DD5D929133AF10B0B33BB7AE42B53E7,2026-10-01 22:00:00,2026-10-01 23:00:00,2026-10-02 01:00:00,2026-10-02 02:00:00,3,0,1,2026-10-01 23:33:14
292FCACE773DC259B799914A23BE65A6A6178E8F,2026-10-02 09:00:00,2026-10-02 10:00:00,2026-10-02 10:00:00,2026-10-02 11:00:00,1,0,1,2026-10-02 09:37:39
0D8826A5646B352A7EB843FFBE80326F4D018F1B,2026-10-02 19:00:00,2026-10-02 20:00:00,2026-10-02 20:00:00,2026-10-02 21:00:00,1,0,1,2026-10-02 20:27:21
2858C4BF05D57D7FEBEE28DEA82BAC374222F858,2026-10-02 19:00:00,2026-10-02 20:00:00,2026-10-07 02:00:00,,103,1,8,2026-10-06 22:26:11
5F6FBB9B007F7E5F6E73BCD2012437815E23139F,2026-10-02 21:00:00,2026-10-02 22:00:00,2026-10-03 11:00:00,2026-10-03 12:00:00,14,0,1,2026-10-03 11:33:26
76959901386E8C908F50235D9894007886B67C2E,2026-10-03 05:00:00,2026-10-03 06:00:00,2026-10-03 06:00:00,2026-10-03 07:00:00,1,0,1,2026-10-03 05:04:51
76959901386E8C908F50235D9894007886B67C2E,2026-10-03 07:00:00,2026-10-03 08:00:00,2026-10-03 08:00:00,2026-10-03 09:00:00,1,0,1,2026-10-03 08:14:51
76959901386E8C908F50235D9894007886B67C2E,2026-10-03 09:00:00,2026-10-03 10:00:00,2026-10-03 10:00:00,2026-10-03 11:00:00,1,0,2,2026-10-03 10:54:51
0EB05178DE949D3E8EEEC0BC02ED20FF0995F56C,2026-10-03 11:00:00,2026-10-03 12:00:00,2026-10-07 02:00:00,,87,1,0,
144C5DBEBD925D54A246A10832CBB293EE84C834,2026-10-03 11:00:00,2026-10-03 12:00:00,2026-10-07 02:00:00,,87,1,3,2026-10-07 00:02:00
2022BCB37453DC168E6CB7B4DAD119AC072F2DEE,2026-10-03 11:00:00,2026-10-03 12:00:00,2026-10-05 06:00:00,2026-10-05 07:00:00,43,0,1,2026-10-05 06:24:35
486DB6DFB176C7DF3DF90333896BB4753FBDD42A,2026-10-03 11:00:00,2026-10-03 12:00:00,2026-10-07 02:00:00,,87,1,0,
576F007259BD46A52083046E3F747C73E4847C48,2026-10-03 11:00:00,2026-10-03 12:00:00,2026-10-07 02:00:00,,87,1,0,
5806A7CEFE8BFB4C54029FEE7957205AB651160E,2026-10-03 11:00:00,2026-10-03 12:00:00,2026-10-07 02:00:00,,87,1,0,
7E2FF265BE20E154CED120D46E39058F6CCC34D7,2026-10-03 11:00:00,2026-10-03 12:00:00,2026-10-07 02:00:00,,87,1,4,2026-10-06 22:52:20
982FF2DAC80C1454E826B43F8FF003CF2CDC1CD7,2026-10-03 11:00:00,2026-10-03 12:00:00,2026-10-04 23:00:00,2026-10-05 00:00:00,36,0,1,2026-10-04 22:45:41
AC9D89E7A99B7F95E115BE6D5D219D4196B09790,2026-10-03 11:00:00,2026-10-03 12:00:00,2026-10-07 02:00:00,,87,1,0,
C3233B1747A970F7043F090409F5893A9064EDE1,2026-10-03 11:00:00,2026-10-03 12:00:00,2026-10-07 02:00:00,,87,1,0,
6FCA5CE61F545D182CD4633735474A9A814C6E4C,2026-10-03 13:00:00,2026-10-03 14:00:00,2026-10-03 23:00:00,2026-10-04 00:00:00,10,0,1,2026-10-03 22:42:45
8A522F30A3CEA7C692A0418C936232BA2E54F8B3,2026-10-03 13:00:00,2026-10-03 14:00:00,2026-10-03 23:00:00,2026-10-04 00:00:00,10,0,1,2026-10-03 22:42:46
2C4B49130DD5994447A6ABBCC5BC3259E2B75AB9,2026-10-03 15:00:00,2026-10-03 16:00:00,2026-10-03 18:00:00,2026-10-03 19:00:00,3,0,1,2026-10-03 16:04:13
4D4B2695D6D02DFDCDE390ED5DF4A6798924CBBB,2026-10-03 15:00:00,2026-10-03 16:00:00,2026-10-03 18:00:00,2026-10-03 19:00:00,3,0,1,2026-10-03 16:18:27
F62DF7675006359605F699E23D18E52747012F1D,2026-10-03 15:00:00,2026-10-03 16:00:00,2026-10-03 17:00:00,2026-10-03 18:00:00,2,0,1,2026-10-03 16:31:53
0CD666F9C9A40A8CFB1E6B9465597A51D3A1CBF8,2026-10-03 16:00:00,2026-10-03 17:00:00,2026-10-03 23:00:00,2026-10-04 00:00:00,7,0,1,2026-10-03 22:46:10
B541581CB0599A36269196EFCC6E23F67B75285C,2026-10-03 16:00:00,2026-10-03 17:00:00,2026-10-03 23:00:00,2026-10-04 00:00:00,7,0,1,2026-10-03 22:46:21
8A5ACFC8FDF21A3D836DB7ECEBA6538392F496E6,2026-10-03 20:00:00,2026-10-03 21:00:00,2026-10-03 23:00:00,2026-10-04 00:00:00,3,0,1,2026-10-03 21:11:51
8EEDA34CE6D6E605ED3179278F45882654923280,2026-10-03 20:00:00,2026-10-03 21:00:00,2026-10-03 21:00:00,2026-10-03 22:00:00,1,0,1,2026-10-03 21:03:25
76959901386E8C908F50235D9894007886B67C2E,2026-10-03 23:00:00,2026-10-04 00:00:00,2026-10-04 00:00:00,2026-10-04 01:00:00,1,0,1,2026-10-04 00:20:52
8A5ACFC8FDF21A3D836DB7ECEBA6538392F496E6,2026-10-04 00:00:00,2026-10-04 01:00:00,2026-10-04 03:00:00,2026-10-04 04:00:00,3,0,2,2026-10-04 03:13:12
034DC4E8D29119BDC85B31879481905F8A5AF13F,2026-10-04 04:00:00,2026-10-04 05:00:00,2026-10-07 02:00:00,,70,1,0,
B274599CD37F4D5B2C407DC81E478135F3297EFE,2026-10-04 04:00:00,2026-10-04 05:00:00,2026-10-04 05:00:00,2026-10-04 06:00:00,1,0,1,2026-10-04 05:13:51
BF8021D2EC8A8DC724D35D9590F9FEF251F006D9,2026-10-04 04:00:00,2026-10-04 05:00:00,2026-10-04 05:00:00,2026-10-04 06:00:00,1,0,1,2026-10-04 05:13:52
1467D2B222DD7638C1D14986101B1DF8D210244B,2026-10-04 06:00:00,2026-10-04 07:00:00,2026-10-04 07:00:00,2026-10-04 08:00:00,1,0,1,2026-10-04 06:10:49
31E7A39BAE450C51D46EA74E3CABA715CC5EAB2F,2026-10-04 06:00:00,2026-10-04 07:00:00,2026-10-04 07:00:00,2026-10-04 08:00:00,1,0,1,2026-10-04 06:10:54
3F3221D3D677011BEDC80367D86B379E6B016520,2026-10-04 06:00:00,2026-10-04 07:00:00,2026-10-04 07:00:00,2026-10-04 08:00:00,1,0,1,2026-10-04 06:10:50
478CFE1BB18404EEC575C024F900279D11314197,2026-10-04 06:00:00,2026-10-04 07:00:00,2026-10-04 07:00:00,2026-10-04 08:00:00,1,0,1,2026-10-04 06:10:47
9143C5F8146DCEA00826F3C53A0878E50FB0F169,2026-10-04 06:00:00,2026-10-04 07:00:00,2026-10-04 07:00:00,2026-10-04 08:00:00,1,0,1,2026-10-04 06:10:48
BDD09D5DB782B6023791DBFFD46F100B1F023ABB,2026-10-04 06:00:00,2026-10-04 07:00:00,2026-10-07 02:00:00,,68,1,0,
C9FEFBF4854435A0CA9A9721DB2E873047AB9B99,2026-10-04 06:00:00,2026-10-04 07:00:00,2026-10-07 02:00:00,,68,1,0,
F62DF7675006359605F699E23D18E52747012F1D,2026-10-04 07:00:00,2026-10-04 08:00:00,2026-10-04 08:00:00,2026-10-04 09:00:00,1,0,1,2026-10-04 08:17:33
55B9BFAA508020108BC15A1678C34C28361FC12D,2026-10-04 09:00:00,2026-10-04 10:00:00,2026-10-04 12:00:00,2026-10-04 13:00:00,3,0,1,2026-10-04 10:11:29
1D9FE06D792BB0FE3B92BC22FE37C28CECD8BF54,2026-10-04 11:00:00,2026-10-04 12:00:00,2026-10-07 02:00:00,,63,1,0,
FF5D90ED89CED626358E7074132067E157EEBA41,2026-10-04 12:00:00,2026-10-04 13:00:00,2026-10-04 14:00:00,2026-10-04 15:00:00,2,0,1,2026-10-04 13:26:30
0B360A909D967F2B6955A8F55DA3A92E04C8F19E,2026-10-04 14:00:00,2026-10-04 15:00:00,2026-10-05 09:00:00,2026-10-05 10:00:00,19,0,1,2026-10-05 09:28:30
29FEFE36A5F66A6C93D24775B9D2364A3831B597,2026-10-04 14:00:00,2026-10-04 15:00:00,2026-10-05 09:00:00,2026-10-05 10:00:00,19,0,1,2026-10-05 09:12:26
4F22535B5DE366B08C2F6FD55B0B06F1EF406048,2026-10-04 14:00:00,2026-10-04 15:00:00,2026-10-05 09:00:00,2026-10-05 10:00:00,19,0,1,2026-10-05 09:27:46
8427937D5A39E15699C850F26FED3CD59C379C48,2026-10-04 14:00:00,2026-10-04 15:00:00,2026-10-07 02:00:00,,60,1,1,2026-10-05 09:13:04
8B2CCF2A27D52CEE3DC055C1AD11E3755104F601,2026-10-04 14:00:00,2026-10-04 15:00:00,2026-10-04 16:00:00,2026-10-04 17:00:00,2,0,1,2026-10-04 15:09:03
DD68CED74414FF446E52596462CEDAEF7E66BED7,2026-10-04 14:00:00,2026-10-04 15:00:00,2026-10-05 10:00:00,2026-10-05 11:00:00,20,0,1,2026-10-05 09:49:19
09CA1957EC0671044DAD2EEA282A348FFD7D271E,2026-10-04 15:00:00,2026-10-04 16:00:00,2026-10-05 09:00:00,2026-10-05 10:00:00,18,0,1,2026-10-05 09:31:43
0CD666F9C9A40A8CFB1E6B9465597A51D3A1CBF8,2026-10-04 15:00:00,2026-10-04 16:00:00,2026-10-05 09:00:00,2026-10-05 10:00:00,18,0,1,2026-10-05 09:34:09
1B6BCBCDB384364B6FB4F3576CA70AECFC083641,2026-10-04 15:00:00,2026-10-04 16:00:00,2026-10-05 09:00:00,2026-10-05 10:00:00,18,0,1,2026-10-05 09:32:12
27FAE99C0DBA8CD9DBFE42D2D2464B4C68EEB00D,2026-10-04 15:00:00,2026-10-04 16:00:00,2026-10-05 09:00:00,2026-10-05 10:00:00,18,0,1,2026-10-05 09:13:16
2C91D3E05A1FC5CBC720755E4836C08B5C6E04E0,2026-10-04 15:00:00,2026-10-04 16:00:00,2026-10-05 09:00:00,2026-10-05 10:00:00,18,0,1,2026-10-05 09:23:09
335311C60DCB38A1371588A7F124DF0D2DC2F459,2026-10-04 15:00:00,2026-10-04 16:00:00,2026-10-05 09:00:00,2026-10-05 10:00:00,18,0,1,2026-10-05 09:11:49
477E2B8AE380BD24C7EE5D9FF5AC98D8E0249368,2026-10-04 15:00:00,2026-10-04 16:00:00,2026-10-05 09:00:00,2026-10-05 10:00:00,18,0,1,2026-10-05 09:22:26
4EFF3D0C9DE539CF1E27BFC5B3E23BC7CB2D41A9,2026-10-04 15:00:00,2026-10-04 16:00:00,2026-10-05 09:00:00,2026-10-05 10:00:00,18,0,1,2026-10-05 09:31:28
6FCA5CE61F545D182CD4633735474A9A814C6E4C,2026-10-04 15:00:00,2026-10-04 16:00:00,2026-10-05 09:00:00,2026-10-05 10:00:00,18,0,1,2026-10-05 09:29:55
76959901386E8C908F50235D9894007886B67C2E,2026-10-04 15:00:00,2026-10-04 16:00:00,2026-10-04 16:00:00,2026-10-04 17:00:00,1,0,1,2026-10-04 16:28:53
8A522F30A3CEA7C692A0418C936232BA2E54F8B3,2026-10-04 15:00:00,2026-10-04 16:00:00,2026-10-05 09:00:00,2026-10-05 10:00:00,18,0,1,2026-10-05 09:30:07
8AB766FB1BE54669559B82165964B8D79DA80119,2026-10-04 15:00:00,2026-10-04 16:00:00,2026-10-05 09:00:00,2026-10-05 10:00:00,18,0,1,2026-10-05 09:27:40
8EEDA34CE6D6E605ED3179278F45882654923280,2026-10-04 15:00:00,2026-10-04 16:00:00,2026-10-05 09:00:00,2026-10-05 10:00:00,18,0,1,2026-10-05 09:30:56
9247B54DCD49174DBD817AA73FD6DE804DFEC2C2,2026-10-04 15:00:00,2026-10-04 16:00:00,2026-10-05 09:00:00,2026-10-05 10:00:00,18,0,1,2026-10-05 09:25:04
A4F42AE65F11634C42A3F3952E719F47091BD36F,2026-10-04 15:00:00,2026-10-04 16:00:00,2026-10-05 09:00:00,2026-10-05 10:00:00,18,0,1,2026-10-05 09:26:50
A9044B9AE03BCA32DEECB70A973E34C02F72CFC8,2026-10-04 15:00:00,2026-10-04 16:00:00,2026-10-05 09:00:00,2026-10-05 10:00:00,18,0,1,2026-10-05 09:30:11
B252D9474D8B36FC1299F6DB29C853D68900C394,2026-10-04 15:00:00,2026-10-04 16:00:00,2026-10-05 09:00:00,2026-10-05 10:00:00,18,0,1,2026-10-05 09:12:13
B274599CD37F4D5B2C407DC81E478135F3297EFE,2026-10-04 15:00:00,2026-10-04 16:00:00,2026-10-05 09:00:00,2026-10-05 10:00:00,18,0,1,2026-10-05 09:23:28
B541581CB0599A36269196EFCC6E23F67B75285C,2026-10-04 15:00:00,2026-10-04 16:00:00,2026-10-05 09:00:00,2026-10-05 10:00:00,18,0,1,2026-10-05 09:33:38
B693FFB4FEC6D5AFC4B44010B51305853B0CDC0B,2026-10-04 15:00:00,2026-10-04 16:00:00,2026-10-05 09:00:00,2026-10-05 10:00:00,18,0,1,2026-10-05 09:15:03
BF8021D2EC8A8DC724D35D9590F9FEF251F006D9,2026-10-04 15:00:00,2026-10-04 16:00:00,2026-10-05 09:00:00,2026-10-05 10:00:00,18,0,1,2026-10-05 09:24:57
C2808CAC0896D0AC4EFAAD4ECD467FE245CCFDF7,2026-10-04 15:00:00,2026-10-04 16:00:00,2026-10-05 09:00:00,2026-10-05 10:00:00,18,0,1,2026-10-05 09:15:28
DB951C2CF2073ECAFF08EFF6AC108B6B1C9E677D,2026-10-04 15:00:00,2026-10-04 16:00:00,2026-10-05 09:00:00,2026-10-05 10:00:00,18,0,1,2026-10-05 09:25:03
F0D01EB1FDC508279AB3412AF3FC950BB1DA2AD1,2026-10-04 15:00:00,2026-10-04 16:00:00,2026-10-05 09:00:00,2026-10-05 10:00:00,18,0,1,2026-10-05 09:13:55
FA4C966C04B80B2A39AD5A0175EE1824EF66137A,2026-10-04 15:00:00,2026-10-04 16:00:00,2026-10-05 09:00:00,2026-10-05 10:00:00,18,0,1,2026-10-05 09:30:39
035F813195F0CB9F567EDFDF60C6745CA36BA0BD,2026-10-04 16:00:00,2026-10-04 17:00:00,2026-10-05 09:00:00,2026-10-05 10:00:00,17,0,1,2026-10-05 09:32:31
189C44DD06312D6DF8FB57A944E6819FF245740C,2026-10-04 16:00:00,2026-10-04 17:00:00,2026-10-05 09:00:00,2026-10-05 10:00:00,17,0,1,2026-10-05 09:22:03
43EF5141A4417D0BF1B0AB2AD2C3D74C22355D0A,2026-10-04 16:00:00,2026-10-04 17:00:00,2026-10-05 09:00:00,2026-10-05 10:00:00,17,0,1,2026-10-05 09:26:36
526AD50C9DE6AF533DEBE8F9BBDF149BC1F5AB6E,2026-10-04 16:00:00,2026-10-04 17:00:00,2026-10-05 09:00:00,2026-10-05 10:00:00,17,0,1,2026-10-05 09:26:05
62500AB401F93558677C1E8C61E724BD466CE8A0,2026-10-04 16:00:00,2026-10-04 17:00:00,2026-10-05 09:00:00,2026-10-05 10:00:00,17,0,1,2026-10-05 09:15:17
65A398E9A697A4645937B086CDA1D9A5C57B9509,2026-10-04 16:00:00,2026-10-04 17:00:00,2026-10-05 10:00:00,2026-10-05 11:00:00,18,0,1,2026-10-05 09:51:08
85186D4C2F0E4257C83001D58D6FAB1AF93AA227,2026-10-04 16:00:00,2026-10-04 17:00:00,2026-10-05 09:00:00,2026-10-05 10:00:00,17,0,1,2026-10-05 09:25:19
8657A9B481BA39A60C29E49AFAD5CE5523677812,2026-10-04 16:00:00,2026-10-04 17:00:00,2026-10-05 09:00:00,2026-10-05 10:00:00,17,0,1,2026-10-05 09:28:39
A1AB134123F9F534C7E09B6841A7ECAFD0282240,2026-10-04 16:00:00,2026-10-04 17:00:00,2026-10-05 09:00:00,2026-10-05 10:00:00,17,0,1,2026-10-05 09:13:55
B673F2A016E86A31EDA173CF3CC47BFB721B6CB6,2026-10-04 16:00:00,2026-10-04 17:00:00,2026-10-05 09:00:00,2026-10-05 10:00:00,17,0,1,2026-10-05 09:16:02
BC080AC0D2F757863F3E3F148C268E5C8584E8AF,2026-10-04 16:00:00,2026-10-04 17:00:00,2026-10-05 10:00:00,2026-10-05 11:00:00,18,0,1,2026-10-05 09:53:02
BC926F8C1F14E5DC827FE451BC1899B94B61D27E,2026-10-04 16:00:00,2026-10-04 17:00:00,2026-10-05 09:00:00,2026-10-05 10:00:00,17,0,1,2026-10-05 09:29:10
C829B3C557CB644A5FAB598E8E57149B115C485D,2026-10-04 16:00:00,2026-10-04 17:00:00,2026-10-05 10:00:00,2026-10-05 11:00:00,18,0,1,2026-10-05 09:51:46
CCCFD8D5FD21AC796234D914F1B7CC33ADCE52F8,2026-10-04 16:00:00,2026-10-04 17:00:00,2026-10-05 09:00:00,2026-10-05 10:00:00,17,0,1,2026-10-05 09:14:24
DE9317A1C4B5A95AFE78ECAC82B5DB6A7018B36B,2026-10-04 16:00:00,2026-10-04 17:00:00,2026-10-05 10:00:00,2026-10-05 11:00:00,18,0,1,2026-10-05 09:52:16
DF55C90D7EB87A13B044259951CA784F2F596E8D,2026-10-04 16:00:00,2026-10-04 17:00:00,2026-10-05 09:00:00,2026-10-05 10:00:00,17,0,1,2026-10-05 09:21:32
E785813FBBD352664BC1F133CE31A54EF596C5BD,2026-10-04 16:00:00,2026-10-04 17:00:00,2026-10-05 09:00:00,2026-10-05 10:00:00,17,0,1,2026-10-05 09:33:03
EF46C4D668872EA21E8A1967E9902D13B7E95263,2026-10-04 16:00:00,2026-10-04 17:00:00,2026-10-05 09:00:00,2026-10-05 10:00:00,17,0,1,2026-10-05 09:25:54
FF5D90ED89CED626358E7074132067E157EEBA41,2026-10-04 16:00:00,2026-10-04 17:00:00,2026-10-04 18:00:00,2026-10-04 19:00:00,2,0,1,2026-10-04 17:16:05
16355C1C0B02AF69618AE6A517A526B8A6B98B9B,2026-10-04 17:00:00,2026-10-04 18:00:00,2026-10-05 09:00:00,2026-10-05 10:00:00,16,0,1,2026-10-05 09:10:58
2C7FBE61AA7F3C60691155E60030B031BFCC5FE3,2026-10-04 17:00:00,2026-10-04 18:00:00,2026-10-05 10:00:00,2026-10-05 11:00:00,17,0,1,2026-10-05 09:38:48
3863FD538658F6671631E78CEBB2693FB42DFA7D,2026-10-04 17:00:00,2026-10-04 18:00:00,2026-10-05 10:00:00,2026-10-05 11:00:00,17,0,1,2026-10-05 10:01:42
3AD0E099EA0F64B6202BEE3B737A9FE5D554A3CC,2026-10-04 17:00:00,2026-10-04 18:00:00,2026-10-05 10:00:00,2026-10-05 11:00:00,17,0,1,2026-10-05 09:40:29
3EE11C45FDE23CC46E3C7BC8AFCACB8395B37411,2026-10-04 17:00:00,2026-10-04 18:00:00,2026-10-05 10:00:00,2026-10-05 11:00:00,17,0,1,2026-10-05 10:02:30
48A7E3A169F86E45A00284E1303793AFFA61F1EA,2026-10-04 17:00:00,2026-10-04 18:00:00,2026-10-05 10:00:00,2026-10-05 11:00:00,17,0,1,2026-10-05 10:00:53
5BDD0633E0AC09763E49641DCD1BA3AB3A21AA83,2026-10-04 17:00:00,2026-10-04 18:00:00,2026-10-05 09:00:00,2026-10-05 10:00:00,16,0,1,2026-10-05 09:36:28
61A2104D7E69867C3F3EF981077266F968C1752A,2026-10-04 17:00:00,2026-10-04 18:00:00,2026-10-05 09:00:00,2026-10-05 10:00:00,16,0,1,2026-10-05 09:41:56
656BA6C00B21DB086611171C946288A29E2DF5BC,2026-10-04 17:00:00,2026-10-04 18:00:00,2026-10-05 10:00:00,2026-10-05 11:00:00,17,0,1,2026-10-05 10:00:06
68C3B540E5D151461A37CB1ED928563EC3B6CDCB,2026-10-04 17:00:00,2026-10-04 18:00:00,2026-10-05 09:00:00,2026-10-05 10:00:00,16,0,1,2026-10-05 09:41:14
6A6A34B55DF1B0A1D97376721E7669A26ACD447C,2026-10-04 17:00:00,2026-10-04 18:00:00,2026-10-07 02:00:00,,57,1,1,2026-10-05 10:22:56
7413675ED252B2939556ED0098C3983D1AF3191A,2026-10-04 17:00:00,2026-10-04 18:00:00,2026-10-05 10:00:00,2026-10-05 11:00:00,17,0,1,2026-10-05 10:22:05
76959901386E8C908F50235D9894007886B67C2E,2026-10-04 17:00:00,2026-10-04 18:00:00,2026-10-07 02:00:00,,57,1,11,2026-10-06 16:35:33
76CA419C68502FFC4D950D167E25EE0AD3A0A764,2026-10-04 17:00:00,2026-10-04 18:00:00,2026-10-05 09:00:00,2026-10-05 10:00:00,16,0,1,2026-10-05 09:35:52
AA4644F0EC589EEA2F501BB867E32E599F8169DA,2026-10-04 17:00:00,2026-10-04 18:00:00,2026-10-05 10:00:00,2026-10-05 11:00:00,17,0,1,2026-10-05 10:01:10
B0F5A6F9BDE21AEDB92AEEA5BC9D021CB96B7DC8,2026-10-04 17:00:00,2026-10-04 18:00:00,2026-10-07 02:00:00,,57,1,1,2026-10-05 09:39:31
B6D8110B34BD401ADF85B7AD0725C445C55EB65B,2026-10-04 17:00:00,2026-10-04 18:00:00,2026-10-05 09:00:00,2026-10-05 10:00:00,16,0,1,2026-10-05 09:38:17
C82F4613A26F7E286BA3D85CF27B6027C35FDF27,2026-10-04 17:00:00,2026-10-04 18:00:00,2026-10-05 10:00:00,2026-10-05 11:00:00,17,0,1,2026-10-05 10:03:10
CC8412A0CE31C55CFBF32CBA8EA5C05348846C3F,2026-10-04 17:00:00,2026-10-04 18:00:00,2026-10-05 09:00:00,2026-10-05 10:00:00,16,0,1,2026-10-05 09:39:52
E0ADAA31E91125C48D41BB7C2671B25BAE25AF17,2026-10-04 17:00:00,2026-10-04 18:00:00,2026-10-05 09:00:00,2026-10-05 10:00:00,16,0,1,2026-10-05 09:37:43
E8953FFF6D47182B07C6D3F0E092F83D8E45D62F,2026-10-04 17:00:00,2026-10-04 18:00:00,2026-10-07 02:00:00,,57,1,13,2026-10-06 17:14:52
F9DD5B45ED74A439F1F0EE6636450BBA5C8BF23C,2026-10-04 17:00:00,2026-10-04 18:00:00,2026-10-05 09:00:00,2026-10-05 10:00:00,16,0,1,2026-10-05 09:11:34
0705F969B825FAE29BCEB3F692B0A4224DED82E0,2026-10-04 18:00:00,2026-10-04 19:00:00,2026-10-05 10:00:00,2026-10-05 11:00:00,16,0,1,2026-10-05 10:20:59
0B5BC76B3BE7553B229FD3E73F26AED41C31DD19,2026-10-04 18:00:00,2026-10-04 19:00:00,2026-10-07 02:00:00,,56,1,1,2026-10-05 10:23:13
176B5F593C12AE9556A5D996FC9B35A560CAE057,2026-10-04 18:00:00,2026-10-04 19:00:00,2026-10-05 10:00:00,2026-10-05 11:00:00,16,0,1,2026-10-05 10:02:58
1A9C9712ACBBDD83243F62FCE16BD892E2658DCD,2026-10-04 18:00:00,2026-10-04 19:00:00,2026-10-05 10:00:00,2026-10-05 11:00:00,16,0,1,2026-10-05 10:06:55
2C1993050B32D827EC6FD124DB07546B78E31AFF,2026-10-04 18:00:00,2026-10-04 19:00:00,2026-10-05 10:00:00,2026-10-05 11:00:00,16,0,1,2026-10-05 10:19:57
2EB00D214F75412DD78BDB22713CB50CEC988AC2,2026-10-04 18:00:00,2026-10-04 19:00:00,2026-10-05 10:00:00,2026-10-05 11:00:00,16,0,1,2026-10-05 10:22:33
2EC5EE348BD8D9D2E518B2CAEA9C671E2D5F77A6,2026-10-04 18:00:00,2026-10-04 19:00:00,2026-10-07 02:00:00,,56,1,1,2026-10-05 10:22:27
3180E55D10F293EB966ED69A5FC882666B08A88D,2026-10-04 18:00:00,2026-10-04 19:00:00,2026-10-05 10:00:00,2026-10-05 11:00:00,16,0,1,2026-10-05 09:59:04
39CE03A66016B0D69BC6C2A1F362C628436FEF7B,2026-10-04 18:00:00,2026-10-04 19:00:00,2026-10-05 10:00:00,2026-10-05 11:00:00,16,0,1,2026-10-05 10:20:38
42708A12892506EBCD881BCB3648E78D93DC2781,2026-10-04 18:00:00,2026-10-04 19:00:00,2026-10-05 10:00:00,2026-10-05 11:00:00,16,0,1,2026-10-05 10:02:53
470CA25DBABD7184461D8E3E451BF1B0AC46302A,2026-10-04 18:00:00,2026-10-04 19:00:00,2026-10-05 10:00:00,2026-10-05 11:00:00,16,0,1,2026-10-05 09:59:28
495FE3F4B9B661DC7A2E1145297FD730BF89FB45,2026-10-04 18:00:00,2026-10-04 19:00:00,2026-10-05 10:00:00,2026-10-05 11:00:00,16,0,1,2026-10-05 10:00:25
4DFEB2617AD440A41EB25125358FD88EB209FACE,2026-10-04 18:00:00,2026-10-04 19:00:00,2026-10-05 10:00:00,2026-10-05 11:00:00,16,0,1,2026-10-05 10:05:26
4FA215D784E1B23D7EBEC9838D5E14906C1206FC,2026-10-04 18:00:00,2026-10-04 19:00:00,2026-10-05 10:00:00,2026-10-05 11:00:00,16,0,1,2026-10-05 09:58:37
555A6B7CB3D8ECA376B4CB6701596A7B211E21D3,2026-10-04 18:00:00,2026-10-04 19:00:00,2026-10-05 10:00:00,2026-10-05 11:00:00,16,0,1,2026-10-05 10:03:59
56D878C942CD38F5287079974950668B18ECC4CD,2026-10-04 18:00:00,2026-10-04 19:00:00,2026-10-05 10:00:00,2026-10-05 11:00:00,16,0,1,2026-10-05 10:22:01
5E74214EBD03CA4CDAB31CBFBEE70B83E5BB8202,2026-10-04 18:00:00,2026-10-04 19:00:00,2026-10-05 10:00:00,2026-10-05 11:00:00,16,0,1,2026-10-05 09:59:36
6100509F949660DC87BB8E4801F36D6DCD96D8B3,2026-10-04 18:00:00,2026-10-04 19:00:00,2026-10-05 10:00:00,2026-10-05 11:00:00,16,0,1,2026-10-05 09:59:33
69419D36198EB0508904660AAECAEE785D688A61,2026-10-04 18:00:00,2026-10-04 19:00:00,2026-10-05 10:00:00,2026-10-05 11:00:00,16,0,1,2026-10-05 09:58:39
6956BA44CC553C4A9CF2D0E50634CDD0CA990869,2026-10-04 18:00:00,2026-10-04 19:00:00,2026-10-05 10:00:00,2026-10-05 11:00:00,16,0,1,2026-10-05 10:00:45
6A60198703A12D650EBB6EC751CDAEB611BBC04D,2026-10-04 18:00:00,2026-10-04 19:00:00,2026-10-05 10:00:00,2026-10-05 11:00:00,16,0,1,2026-10-05 10:22:08
70602F1F199830FB4667467FA162681ED478A4C2,2026-10-04 18:00:00,2026-10-04 19:00:00,2026-10-07 02:00:00,,56,1,1,2026-10-05 09:58:35
7BD416652010B7C42202BE40F749A417003ECD2C,2026-10-04 18:00:00,2026-10-04 19:00:00,2026-10-05 10:00:00,2026-10-05 11:00:00,16,0,1,2026-10-05 09:42:35
7C6686190CE6E8A0A1A5B5B845BF3F14D252D0DF,2026-10-04 18:00:00,2026-10-04 19:00:00,2026-10-05 10:00:00,2026-10-05 11:00:00,16,0,1,2026-10-05 10:20:58
878EFE36BEBD239D1D911B613593C0173802384F,2026-10-04 18:00:00,2026-10-04 19:00:00,2026-10-05 10:00:00,2026-10-05 11:00:00,16,0,1,2026-10-05 10:04:01
87CD6C2D4AA3164D5A517DFC684BF83FE2EDB4A5,2026-10-04 18:00:00,2026-10-04 19:00:00,2026-10-05 10:00:00,2026-10-05 11:00:00,16,0,1,2026-10-05 10:01:59
8BBA3623CD5404A8F173DC4CC9EBBE3B09D967F1,2026-10-04 18:00:00,2026-10-04 19:00:00,2026-10-05 10:00:00,2026-10-05 11:00:00,16,0,1,2026-10-05 10:20:18
8D1154214BD6151F0427D4A158E71D62E21E0766,2026-10-04 18:00:00,2026-10-04 19:00:00,2026-10-05 09:00:00,2026-10-05 10:00:00,15,0,1,2026-10-05 09:36:50
8EAE810FA33F26341605D59F82D8AD58F7EA6CC5,2026-10-04 18:00:00,2026-10-04 19:00:00,2026-10-05 10:00:00,2026-10-05 11:00:00,16,0,1,2026-10-05 10:21:18
923532118EB15D4EE65421FC0D1241DFF1C100B8,2026-10-04 18:00:00,2026-10-04 19:00:00,2026-10-05 10:00:00,2026-10-05 11:00:00,16,0,1,2026-10-05 09:57:41
96B7E4A8F633FC105AF6032D13211E5D576A44D9,2026-10-04 18:00:00,2026-10-04 19:00:00,2026-10-05 10:00:00,2026-10-05 11:00:00,16,0,1,2026-10-05 09:42:49
97D376626997BF37F3A6477CCD60545FDBC3D60C,2026-10-04 18:00:00,2026-10-04 19:00:00,2026-10-05 10:00:00,2026-10-05 11:00:00,16,0,1,2026-10-05 10:03:48
98AE10E67739CCC9FAD8B223236BBB080C3B0852,2026-10-04 18:00:00,2026-10-04 19:00:00,2026-10-05 10:00:00,2026-10-05 11:00:00,16,0,1,2026-10-05 09:57:37
99501E5FEB973CA02CF9865A1868567E8EDCD08E,2026-10-04 18:00:00,2026-10-04 19:00:00,2026-10-07 02:00:00,,56,1,2,2026-10-05 10:27:12
9DA3641B237AF84095C3D057F472106F1E32CCB0,2026-10-04 18:00:00,2026-10-04 19:00:00,2026-10-05 10:00:00,2026-10-05 11:00:00,16,0,1,2026-10-05 10:14:02
9E7C5FB68DAA93207E98399AFC43997003A08D20,2026-10-04 18:00:00,2026-10-04 19:00:00,2026-10-07 02:00:00,,56,1,2,2026-10-05 12:38:42
A15676F5F0F2BA7B1CA54446DDB46BEE6F699A95,2026-10-04 18:00:00,2026-10-04 19:00:00,2026-10-05 10:00:00,2026-10-05 11:00:00,16,0,1,2026-10-05 10:05:45
AA69CADA1FEA6378EDD776011C8AE7BD7AAA7159,2026-10-04 18:00:00,2026-10-04 19:00:00,2026-10-05 10:00:00,2026-10-05 11:00:00,16,0,1,2026-10-05 10:21:44
AA81E4A4D9BBAC6778EF0612E25BD10FE610BA5E,2026-10-04 18:00:00,2026-10-04 19:00:00,2026-10-07 02:00:00,,56,1,1,2026-10-05 10:04:42
AB7366925C446424E7EE33179BEAB4B12D8696B6,2026-10-04 18:00:00,2026-10-04 19:00:00,2026-10-05 10:00:00,2026-10-05 11:00:00,16,0,1,2026-10-05 10:04:05
B6FE6B0FF920A8E91E990252161F185D917934C7,2026-10-04 18:00:00,2026-10-04 19:00:00,2026-10-05 10:00:00,2026-10-05 11:00:00,16,0,1,2026-10-05 10:10:55
C5468734B56B5806AA076EC61CD00822534C24B0,2026-10-04 18:00:00,2026-10-04 19:00:00,2026-10-05 09:00:00,2026-10-05 10:00:00,15,0,1,2026-10-05 09:37:38
C623F97858DDC20DC80098260DFDF053C63131C9,2026-10-04 18:00:00,2026-10-04 19:00:00,2026-10-05 10:00:00,2026-10-05 11:00:00,16,0,1,2026-10-05 09:41:49
C965CE71CAC595BECB39CBB6E56D573AE49A40FD,2026-10-04 18:00:00,2026-10-04 19:00:00,2026-10-07 02:00:00,,56,1,1,2026-10-05 10:26:08
CBADA5E3187F22256E292AC054C40B71C0D9EE9E,2026-10-04 18:00:00,2026-10-04 19:00:00,2026-10-05 10:00:00,2026-10-05 11:00:00,16,0,1,2026-10-05 10:00:30
CEB20924838A7CCA912BC2E7F83B09982BFD1E9E,2026-10-04 18:00:00,2026-10-04 19:00:00,2026-10-05 10:00:00,2026-10-05 11:00:00,16,0,1,2026-10-05 10:19:20
D0B20DAE466B00A4722C32EB64426562CE2F4481,2026-10-04 18:00:00,2026-10-04 19:00:00,2026-10-07 02:00:00,,56,1,1,2026-10-05 10:03:05
D4C4D01625AF1473A8AEABB28CDE7EC8D553C428,2026-10-04 18:00:00,2026-10-04 19:00:00,2026-10-05 10:00:00,2026-10-05 11:00:00,16,0,1,2026-10-05 10:17:16
DA093221F2A70D35774E3B70FE965DB7231E4D05,2026-10-04 18:00:00,2026-10-04 19:00:00,2026-10-05 10:00:00,2026-10-05 11:00:00,16,0,1,2026-10-05 10:01:34
DBC93B0F5225291F5D1EBF2CA4F3F90B879F00F8,2026-10-04 18:00:00,2026-10-04 19:00:00,2026-10-05 10:00:00,2026-10-05 11:00:00,16,0,1,2026-10-05 09:56:49
E348D1D6E7E12220856A77C5B52ACC1753A58FF6,2026-10-04 18:00:00,2026-10-04 19:00:00,2026-10-05 10:00:00,2026-10-05 11:00:00,16,0,1,2026-10-05 10:23:37
E492BA484812A7FED594F2852473876779617E16,2026-10-04 18:00:00,2026-10-04 19:00:00,2026-10-05 10:00:00,2026-10-05 11:00:00,16,0,1,2026-10-05 10:02:04
EAFE87655A056F276298CE17A0D8FABEE3B20F49,2026-10-04 18:00:00,2026-10-04 19:00:00,2026-10-05 09:00:00,2026-10-05 10:00:00,15,0,1,2026-10-05 09:43:36
F163D4AB6B9AD4DC384F08CB8CE71B98E8A1EEF3,2026-10-04 18:00:00,2026-10-04 19:00:00,2026-10-05 10:00:00,2026-10-05 11:00:00,16,0,1,2026-10-05 10:21:40
F33ECAB340E6117597A3FF5B5F2B6D7475B56187,2026-10-04 18:00:00,2026-10-04 19:00:00,2026-10-05 10:00:00,2026-10-05 11:00:00,16,0,1,2026-10-05 10:21:21
FA3AB72EA79D43840BCFE5C4CEB64B28BF77E62C,2026-10-04 18:00:00,2026-10-04 19:00:00,2026-10-05 10:00:00,2026-10-05 11:00:00,16,0,1,2026-10-05 10:22:55
FBF1F082626B8C7D4174D7014054C5321B053617,2026-10-04 18:00:00,2026-10-04 19:00:00,2026-10-05 10:00:00,2026-10-05 11:00:00,16,0,1,2026-10-05 10:22:31
02FCF62C0AD3AD1D208D7F27E12E8840EF53C7E0,2026-10-04 19:00:00,2026-10-04 20:00:00,2026-10-05 09:00:00,2026-10-05 10:00:00,14,0,1,2026-10-05 08:57:55
04FDE91F9846DFF1EDCB4A24472FBA127E3ACDC6,2026-10-04 19:00:00,2026-10-04 20:00:00,2026-10-05 10:00:00,2026-10-05 11:00:00,15,0,1,2026-10-05 10:06:33
0632EC43FEA8EA3F377FE2E34DA671746F1642DD,2026-10-04 19:00:00,2026-10-04 20:00:00,2026-10-05 10:00:00,2026-10-05 11:00:00,15,0,1,2026-10-05 09:48:08
068FCA8801F66493EE75839752A30C860DF1AFEC,2026-10-04 19:00:00,2026-10-04 20:00:00,2026-10-05 10:00:00,2026-10-05 11:00:00,15,0,1,2026-10-05 10:25:40
078A51987E72360E0D435B820D217C0580D06CE1,2026-10-04 19:00:00,2026-10-04 20:00:00,2026-10-05 10:00:00,2026-10-05 11:00:00,15,0,1,2026-10-05 10:07:21
080D4210E54A62376A4A89E3B9CC98B2FB2D74D0,2026-10-04 19:00:00,2026-10-04 20:00:00,2026-10-05 10:00:00,2026-10-05 11:00:00,15,0,1,2026-10-05 10:25:59
09175D4C4E3D0440357306BC66831B1A6E333741,2026-10-04 19:00:00,2026-10-04 20:00:00,2026-10-05 10:00:00,2026-10-05 11:00:00,15,0,1,2026-10-05 10:37:42
0A76C0A0A721DDBC324B705ADBFC95FD806AE855,2026-10-04 19:00:00,2026-10-04 20:00:00,2026-10-05 09:00:00,2026-10-05 10:00:00,14,0,1,2026-10-05 09:10:12
0ACF08670F1D9F95D02E959651B8DDE2C3CC188F,2026-10-04 19:00:00,2026-10-04 20:00:00,2026-10-07 02:00:00,,55,1,2,2026-10-05 12:44:38
0C478FFD86187DB4C690B84718CCD09165BEB73D,2026-10-04 19:00:00,2026-10-04 20:00:00,2026-10-07 02:00:00,,55,1,0,
0CA51D90B1DFAD0100933465C6D9C5DF31DE135C,2026-10-04 19:00:00,2026-10-04 20:00:00,2026-10-05 10:00:00,2026-10-05 11:00:00,15,0,1,2026-10-05 10:09:13
0CF48696F004482C445D875BE376A58E3D660497,2026-10-04 19:00:00,2026-10-04 20:00:00,2026-10-05 09:00:00,2026-10-05 10:00:00,14,0,1,2026-10-05 09:20:50
0DA24422FEDF42407EA931CA831C0C5E926A6278,2026-10-04 19:00:00,2026-10-04 20:00:00,2026-10-05 10:00:00,2026-10-05 11:00:00,15,0,1,2026-10-05 10:24:35
0E927D044DD2C739432C29E869C9C8EB8768E793,2026-10-04 19:00:00,2026-10-04 20:00:00,2026-10-05 10:00:00,2026-10-05 11:00:00,15,0,1,2026-10-05 10:07:15
102C2BF86B10164E2469CF3258188D2A76822938,2026-10-04 19:00:00,2026-10-04 20:00:00,2026-10-05 10:00:00,2026-10-05 11:00:00,15,0,1,2026-10-05 10:25:09
110BCD3EAD60B236F107A6F7A1293726E6FEDB08,2026-10-04 19:00:00,2026-10-04 20:00:00,2026-10-07 02:00:00,,55,1,2,2026-10-05 12:37:59
1179667EF7EA283506A6D7E03EBAE4A99C408731,2026-10-04 19:00:00,2026-10-04 20:00:00,2026-10-05 10:00:00,2026-10-05 11:00:00,15,0,1,2026-10-05 10:05:16
1467D2B222DD7638C1D14986101B1DF8D210244B,2026-10-04 19:00:00,2026-10-04 20:00:00,2026-10-05 10:00:00,2026-10-05 11:00:00,15,0,1,2026-10-05 09:50:38
15450640183D6488AFEFA8B50EE8E91F64AFE9AB,2026-10-04 19:00:00,2026-10-04 20:00:00,2026-10-05 09:00:00,2026-10-05 10:00:00,14,0,1,2026-10-05 09:19:03
1A243DA6F639A9C99B4391158E0E14E89C29754C,2026-10-04 19:00:00,2026-10-04 20:00:00,2026-10-05 09:00:00,2026-10-05 10:00:00,14,0,1,2026-10-05 08:59:18
1B3844DC05A669DF8B8884F43834090F2AA151C7,2026-10-04 19:00:00,2026-10-04 20:00:00,2026-10-05 10:00:00,2026-10-05 11:00:00,15,0,1,2026-10-05 10:41:20
20F675EA34D7D8EA57D568858DEC030882455595,2026-10-04 19:00:00,2026-10-04 20:00:00,2026-10-07 02:00:00,,55,1,1,2026-10-05 10:06:56
217A95E04AB1C63622E61DC74B64902B3669D62B,2026-10-04 19:00:00,2026-10-04 20:00:00,2026-10-05 09:00:00,2026-10-05 10:00:00,14,0,1,2026-10-05 09:11:02
2226A78EA60C8F35C186E120EAC0FC40DDCAF4C8,2026-10-04 19:00:00,2026-10-04 20:00:00,2026-10-05 10:00:00,2026-10-05 11:00:00,15,0,1,2026-10-05 10:05:41
25675F4453727066B1FF692DCEF81F820F3D6524,2026-10-04 19:00:00,2026-10-04 20:00:00,2026-10-05 09:00:00,2026-10-05 10:00:00,14,0,1,2026-10-05 09:11:30
26F899F756476B4CE839624ADA4C11AEAB957E5E,2026-10-04 19:00:00,2026-10-04 20:00:00,2026-10-05 10:00:00,2026-10-05 11:00:00,15,0,1,2026-10-05 10:29:48
278B1EC00C3FEFFD44D582CC86DA71A24F451385,2026-10-04 19:00:00,2026-10-04 20:00:00,2026-10-05 10:00:00,2026-10-05 11:00:00,15,0,1,2026-10-05 10:27:50
28F47B287BBCF0F9E36DF43C45FA3B62563CFCD9,2026-10-04 19:00:00,2026-10-04 20:00:00,2026-10-07 02:00:00,,55,1,1,2026-10-05 10:26:18
2E821477E6CB66014DF2385F7C48BE56E7884F1F,2026-10-04 19:00:00,2026-10-04 20:00:00,2026-10-05 10:00:00,2026-10-05 11:00:00,15,0,1,2026-10-05 10:04:34
2EB89757F1D8228784335232E2CE2989D220E590,2026-10-04 19:00:00,2026-10-04 20:00:00,2026-10-05 10:00:00,2026-10-05 11:00:00,15,0,1,2026-10-05 09:50:45
2F33742AEFB73B71E48F302A5C2549006E79CD0B,2026-10-04 19:00:00,2026-10-04 20:00:00,2026-10-07 02:00:00,,55,1,1,2026-10-05 09:48:29
30C472441D910A8BCDA571F2637C80119E76D082,2026-10-04 19:00:00,2026-10-04 20:00:00,2026-10-07 02:00:00,,55,1,0,
30CA715FDFB4959E859134F76A53C370E72FDD06,2026-10-04 19:00:00,2026-10-04 20:00:00,2026-10-05 10:00:00,2026-10-05 11:00:00,15,0,1,2026-10-05 09:54:52
31E7A39BAE450C51D46EA74E3CABA715CC5EAB2F,2026-10-04 19:00:00,2026-10-04 20:00:00,2026-10-05 10:00:00,2026-10-05 11:00:00,15,0,1,2026-10-05 09:51:16
33D4562D8E90D8796BB95ED1AFDD0E4925A69566,2026-10-04 19:00:00,2026-10-04 20:00:00,2026-10-05 10:00:00,2026-10-05 11:00:00,15,0,1,2026-10-05 10:06:27
359068C031765892420A672F28D506C41341AA73,2026-10-04 19:00:00,2026-10-04 20:00:00,2026-10-07 02:00:00,,55,1,0,
386CF08197DAD89418025300E7893C6D0F7BEB08,2026-10-04 19:00:00,2026-10-04 20:00:00,2026-10-05 10:00:00,2026-10-05 11:00:00,15,0,1,2026-10-05 09:56:50
393C3DB2EF81C469CC80A982CC31570423829099,2026-10-04 19:00:00,2026-10-04 20:00:00,2026-10-05 10:00:00,2026-10-05 11:00:00,15,0,1,2026-10-05 09:55:26
39C819EC299FD555DD57FFF64B2EC15F305E3990,2026-10-04 19:00:00,2026-10-04 20:00:00,2026-10-05 10:00:00,2026-10-05 11:00:00,15,0,1,2026-10-05 10:31:28
3E36E355C3E0661BD9E72C24C3B5ACEF3568A31C,2026-10-04 19:00:00,2026-10-04 20:00:00,2026-10-07 02:00:00,,55,1,1,2026-10-05 10:24:54
3F3221D3D677011BEDC80367D86B379E6B016520,2026-10-04 19:00:00,2026-10-04 20:00:00,2026-10-05 10:00:00,2026-10-05 11:00:00,15,0,1,2026-10-05 09:53:38
3FB8F915A5DC5CB8AFEE27C45C99B984309263B0,2026-10-04 19:00:00,2026-10-04 20:00:00,2026-10-07 02:00:00,,55,1,1,2026-10-05 09:45:40
42915A6328B412B0817DA9C946847BE2D4F1A61C,2026-10-04 19:00:00,2026-10-04 20:00:00,2026-10-07 02:00:00,,55,1,1,2026-10-05 10:26:54
4393B1E33C2E3ECEDDEB8C1DCC7DBA9E83046780,2026-10-04 19:00:00,2026-10-04 20:00:00,2026-10-05 10:00:00,2026-10-05 11:00:00,15,0,1,2026-10-05 10:02:50
46BFF98FBD77441B28A345DFCF0F11F70EB4A4B9,2026-10-04 19:00:00,2026-10-04 20:00:00,2026-10-05 09:00:00,2026-10-05 10:00:00,14,0,1,2026-10-05 09:12:26
478CFE1BB18404EEC575C024F900279D11314197,2026-10-04 19:00:00,2026-10-04 20:00:00,2026-10-07 02:00:00,,55,1,1,2026-10-05 09:54:08
479EBF04B780153018940B5CAB669D4B6A9360A4,2026-10-04 19:00:00,2026-10-04 20:00:00,2026-10-05 10:00:00,2026-10-05 11:00:00,15,0,1,2026-10-05 10:09:40
482577AD9F24AA46D6CB2D2A5D08AB5F8313855E,2026-10-04 19:00:00,2026-10-04 20:00:00,2026-10-07 02:00:00,,55,1,1,2026-10-05 10:27:49
4BDF25CD6E8482C0E835F6A70918540F4FC4CF22,2026-10-04 19:00:00,2026-10-04 20:00:00,2026-10-05 10:00:00,2026-10-05 11:00:00,15,0,1,2026-10-05 10:07:42
4CE608B11DDA3665DA51A94532FEE82B9C2EC359,2026-10-04 19:00:00,2026-10-04 20:00:00,2026-10-07 02:00:00,,55,1,0,
506B473E673E38EA9FECB7A5A73DD1E1FC37B555,2026-10-04 19:00:00,2026-10-04 20:00:00,2026-10-05 09:00:00,2026-10-05 10:00:00,14,0,1,2026-10-05 09:12:00
54687D59F8C8D90056CA94849970B362DA385DAD,2026-10-04 19:00:00,2026-10-04 20:00:00,2026-10-07 02:00:00,,55,1,1,2026-10-05 10:27:03
578BECE4D8D805AE88B60B97A19369C2D21635A5,2026-10-04 19:00:00,2026-10-04 20:00:00,2026-10-07 02:00:00,,55,1,1,2026-10-05 10:26:25
5E40E552910A561C92FEAA0427F3AF07296CE9E0,2026-10-04 19:00:00,2026-10-04 20:00:00,2026-10-05 09:00:00,2026-10-05 10:00:00,14,0,1,2026-10-05 09:23:40
5F8ACD9D6624450926AB0BEDB7DDE9AE43B0D04C,2026-10-04 19:00:00,2026-10-04 20:00:00,2026-10-05 09:00:00,2026-10-05 10:00:00,14,0,1,2026-10-05 08:57:29
60E521B632D83971ECF8D454AF558F2C238BC9A5,2026-10-04 19:00:00,2026-10-04 20:00:00,2026-10-05 09:00:00,2026-10-05 10:00:00,14,0,1,2026-10-05 09:13:26
631B3DD618D4AB49D0E3A37120E10215EEB730C4,2026-10-04 19:00:00,2026-10-04 20:00:00,2026-10-05 10:00:00,2026-10-05 11:00:00,15,0,1,2026-10-05 10:08:31
646B4E39B49F303B4B552A8F3CBB8FCD40BE7EB5,2026-10-04 19:00:00,2026-10-04 20:00:00,2026-10-05 09:00:00,2026-10-05 10:00:00,14,0,1,2026-10-05 09:21:32
659B0645A1C264D9D8FF4C9DD2B08ADAC392D475,2026-10-04 19:00:00,2026-10-04 20:00:00,2026-10-07 02:00:00,,55,1,1,2026-10-05 10:25:16
66FF32B5D2ED28E310E0C368BFD3CED3799988AC,2026-10-04 19:00:00,2026-10-04 20:00:00,2026-10-07 02:00:00,,55,1,2,2026-10-05 12:35:00
69042D6B301F080105D11478A5BC848EB0B5D5DB,2026-10-04 19:00:00,2026-10-04 20:00:00,2026-10-05 09:00:00,2026-10-05 10:00:00,14,0,1,2026-10-05 08:57:03
70C169AAB6B4E82C8FE0ECE2BEFB4A7FAB460A1A,2026-10-04 19:00:00,2026-10-04 20:00:00,2026-10-05 10:00:00,2026-10-05 11:00:00,15,0,1,2026-10-05 09:50:52
720C550D58FA3C9FCC54903614448272166877AA,2026-10-04 19:00:00,2026-10-04 20:00:00,2026-10-05 10:00:00,2026-10-05 11:00:00,15,0,1,2026-10-05 09:49:46
723732AEB409C019D08284953E11856CC41C9804,2026-10-04 19:00:00,2026-10-04 20:00:00,2026-10-05 10:00:00,2026-10-05 11:00:00,15,0,1,2026-10-05 10:06:54
729EBA5E71606D7E870887473384BC803D6A4774,2026-10-04 19:00:00,2026-10-04 20:00:00,2026-10-05 10:00:00,2026-10-05 11:00:00,15,0,1,2026-10-05 09:48:39
72AA4CF891689332D9473A4E0140F83DB2210548,2026-10-04 19:00:00,2026-10-04 20:00:00,2026-10-07 02:00:00,,55,1,0,
76BACC90CBA71714918554156CAABE955E7A940F,2026-10-04 19:00:00,2026-10-04 20:00:00,2026-10-07 02:00:00,,55,1,0,
78290B9AFDB316339571867D12268E035D8E00B2,2026-10-04 19:00:00,2026-10-04 20:00:00,2026-10-05 10:00:00,2026-10-05 11:00:00,15,0,1,2026-10-05 09:49:51
7AC86B42BA62FD8D67DC69CC7673B2F3F334EB69,2026-10-04 19:00:00,2026-10-04 20:00:00,2026-10-05 10:00:00,2026-10-05 11:00:00,15,0,1,2026-10-05 10:33:38
7D022F6ACE801A90E7715D4899352D0E3025DDBA,2026-10-04 19:00:00,2026-10-04 20:00:00,2026-10-05 10:00:00,2026-10-05 11:00:00,15,0,1,2026-10-05 09:51:52
7DD1ECEE8765C1AB7742E632DD23C1342FD7EB52,2026-10-04 19:00:00,2026-10-04 20:00:00,2026-10-05 10:00:00,2026-10-05 11:00:00,15,0,1,2026-10-05 10:26:15
80F322ED0995F27CD26B5A9DE7B804F92E8ACA94,2026-10-04 19:00:00,2026-10-04 20:00:00,2026-10-05 10:00:00,2026-10-05 11:00:00,15,0,1,2026-10-05 09:51:25
8B30FEEE3790A40063AAF8E71EC8773F71FB60BF,2026-10-04 19:00:00,2026-10-04 20:00:00,2026-10-05 09:00:00,2026-10-05 10:00:00,14,0,1,2026-10-05 09:20:16
8CF3BC527AA485640F5A2A7481868CC22583B0FA,2026-10-04 19:00:00,2026-10-04 20:00:00,2026-10-05 10:00:00,2026-10-05 11:00:00,15,0,1,2026-10-05 10:23:58
8D971E4D4DAA0BFF1F84C189A2F88F3D9ECC0BC1,2026-10-04 19:00:00,2026-10-04 20:00:00,2026-10-07 02:00:00,,55,1,0,
9143C5F8146DCEA00826F3C53A0878E50FB0F169,2026-10-04 19:00:00,2026-10-04 20:00:00,2026-10-05 10:00:00,2026-10-05 11:00:00,15,0,1,2026-10-05 09:53:12
919EBE30E4AAD0ECB9936EEE362DC21B8A848744,2026-10-04 19:00:00,2026-10-04 20:00:00,2026-10-07 02:00:00,,55,1,0,
9376A43695CBB66C256DCC87932EE885EA9AF5EC,2026-10-04 19:00:00,2026-10-04 20:00:00,2026-10-05 10:00:00,2026-10-05 11:00:00,15,0,1,2026-10-05 10:04:13
97D809DF40A5B4102F2C4956A7DB7E709B611832,2026-10-04 19:00:00,2026-10-04 20:00:00,2026-10-05 10:00:00,2026-10-05 11:00:00,15,0,1,2026-10-05 09:59:53
982F261EC5D2D7DB89D7D0320009E02E752DFE69,2026-10-04 19:00:00,2026-10-04 20:00:00,2026-10-05 09:00:00,2026-10-05 10:00:00,14,0,1,2026-10-05 09:13:29
9BFD0A218BC8D13DB672A673F83D7D0753592B10,2026-10-04 19:00:00,2026-10-04 20:00:00,2026-10-07 02:00:00,,55,1,0,
A1ED61B41CC0991DF28205D3B745AFCA082CCA64,2026-10-04 19:00:00,2026-10-04 20:00:00,2026-10-05 10:00:00,2026-10-05 11:00:00,15,0,1,2026-10-05 10:24:51
A1F57EBAAC183C6B0A49E62E5B23E8C1BB6C1022,2026-10-04 19:00:00,2026-10-04 20:00:00,2026-10-07 02:00:00,,55,1,1,2026-10-05 10:25:53
A62E7E91DB67B1FA1C0A66EEF885B2221CAF8360,2026-10-04 19:00:00,2026-10-04 20:00:00,2026-10-05 10:00:00,2026-10-05 11:00:00,15,0,1,2026-10-05 10:17:16
A9600536506E3BC062D352BA866ACD596C07C471,2026-10-04 19:00:00,2026-10-04 20:00:00,2026-10-07 02:00:00,,55,1,1,2026-10-05 09:51:13
ABA87745075558CFC2247FA318A1E729285D06A3,2026-10-04 19:00:00,2026-10-04 20:00:00,2026-10-07 02:00:00,,55,1,0,
ACB30ED82CA61B49E38E5969505D7E2F29897AA1,2026-10-04 19:00:00,2026-10-04 20:00:00,2026-10-05 10:00:00,2026-10-05 11:00:00,15,0,1,2026-10-05 10:24:17
ADC35E769B42A3CAB8557E0B5295D3F152595EF8,2026-10-04 19:00:00,2026-10-04 20:00:00,2026-10-07 02:00:00,,55,1,0,
ADC776E831EC4609D6D5AC0D5A757B00FC6BFDEE,2026-10-04 19:00:00,2026-10-04 20:00:00,2026-10-05 10:00:00,2026-10-05 11:00:00,15,0,1,2026-10-05 09:56:09
B00EADCBB2C70951B6B1467956AE84E2020F26D0,2026-10-04 19:00:00,2026-10-04 20:00:00,2026-10-05 10:00:00,2026-10-05 11:00:00,15,0,1,2026-10-05 10:10:05
B04A328046422B45A71C45D2372015491B51847D,2026-10-04 19:00:00,2026-10-04 20:00:00,2026-10-07 02:00:00,,55,1,1,2026-10-05 10:26:36
B0F1D545B983E42680F7F220A69D79FF821C50E6,2026-10-04 19:00:00,2026-10-04 20:00:00,2026-10-07 02:00:00,,55,1,0,
B2A4EFD1B3DAD0F5FA127B5C29BBFE625628A6D9,2026-10-04 19:00:00,2026-10-04 20:00:00,2026-10-07 02:00:00,,55,1,0,
BAB2CDAE807EFC4710485F78E8ED359F22C67909,2026-10-04 19:00:00,2026-10-04 20:00:00,2026-10-07 02:00:00,,55,1,2,2026-10-05 12:40:56
BAD7C0F12C8DB48616366D2C6CAA2A7D00F929D9,2026-10-04 19:00:00,2026-10-04 20:00:00,2026-10-05 10:00:00,2026-10-05 11:00:00,15,0,1,2026-10-05 10:23:41
BAE7CE9BD3135C903477B0AAF3130C76979364C0,2026-10-04 19:00:00,2026-10-04 20:00:00,2026-10-05 10:00:00,2026-10-05 11:00:00,15,0,1,2026-10-05 10:08:12
BCD8EAAE60DE05131C2ED3D5CDC8D9F9EDE61C30,2026-10-04 19:00:00,2026-10-04 20:00:00,2026-10-05 10:00:00,2026-10-05 11:00:00,15,0,1,2026-10-05 09:49:16
BF15A4AF61C30387FB3C0A9AFA686D47D8843895,2026-10-04 19:00:00,2026-10-04 20:00:00,2026-10-07 02:00:00,,55,1,1,2026-10-05 10:26:42
C79D4FE6EC868612396ED66CDDE7678F8EF466A9,2026-10-04 19:00:00,2026-10-04 20:00:00,2026-10-05 09:00:00,2026-10-05 10:00:00,14,0,1,2026-10-05 09:19:40
CAD88DF1318F952D0981427FF27DAF89DF9DFE4A,2026-10-04 19:00:00,2026-10-04 20:00:00,2026-10-05 10:00:00,2026-10-05 11:00:00,15,0,1,2026-10-05 10:07:14
CAFB3DB90DE5B01836E81271381E06218DD769A9,2026-10-04 19:00:00,2026-10-04 20:00:00,2026-10-05 10:00:00,2026-10-05 11:00:00,15,0,1,2026-10-05 10:06:06
D138382EBA7B84EF8BBC669B0A961AF758AC8FA8,2026-10-04 19:00:00,2026-10-04 20:00:00,2026-10-05 09:00:00,2026-10-05 10:00:00,14,0,1,2026-10-05 09:22:14
D54B122BFECA8E9DCD19542D8E01CE7415F7AEAB,2026-10-04 19:00:00,2026-10-04 20:00:00,2026-10-05 10:00:00,2026-10-05 11:00:00,15,0,1,2026-10-05 10:07:46
D54DB93A10CE45B327CE6CFE6717A559CCBEF650,2026-10-04 19:00:00,2026-10-04 20:00:00,2026-10-05 10:00:00,2026-10-05 11:00:00,15,0,1,2026-10-05 09:58:42
D97CDBE58769CCC43AF7CAC66A466A249D35AEFA,2026-10-04 19:00:00,2026-10-04 20:00:00,2026-10-05 10:00:00,2026-10-05 11:00:00,15,0,1,2026-10-05 10:11:13
DA9DC2F06B08A07CDCE9BCA40859561618C60492,2026-10-04 19:00:00,2026-10-04 20:00:00,2026-10-05 10:00:00,2026-10-05 11:00:00,15,0,1,2026-10-05 09:54:02
DE3931572AF2F997C3F7F1D432E8CE658E62D775,2026-10-04 19:00:00,2026-10-04 20:00:00,2026-10-05 09:00:00,2026-10-05 10:00:00,14,0,1,2026-10-05 08:59:49
DE3C7369EEA8B844C4E802C3596D177C9EB1A8C0,2026-10-04 19:00:00,2026-10-04 20:00:00,2026-10-05 10:00:00,2026-10-05 11:00:00,15,0,1,2026-10-05 10:14:02
E0DBC376BB1E68BD55DADAB9A693D07BA70CFB69,2026-10-04 19:00:00,2026-10-04 20:00:00,2026-10-05 09:00:00,2026-10-05 10:00:00,14,0,1,2026-10-05 08:58:24
EB3DA93B6FFFA699C1F2714C9E73FA813BB8F822,2026-10-04 19:00:00,2026-10-04 20:00:00,2026-10-05 09:00:00,2026-10-05 10:00:00,14,0,1,2026-10-05 09:10:34
ECA5D8E2A5F5D084933503CC99D0DE0FA89204AE,2026-10-04 19:00:00,2026-10-04 20:00:00,2026-10-05 09:00:00,2026-10-05 10:00:00,14,0,1,2026-10-05 08:58:52
ED2B8E669D68E095297591C0EE921A77298A0B25,2026-10-04 19:00:00,2026-10-04 20:00:00,2026-10-07 02:00:00,,55,1,0,
EF194086B185178E1BF549A8F95DE8C03E2DEBF9,2026-10-04 19:00:00,2026-10-04 20:00:00,2026-10-05 09:00:00,2026-10-05 10:00:00,14,0,1,2026-10-05 09:23:00
EF4CD1F369E8080DFB5A46187CFA9768D7857082,2026-10-04 19:00:00,2026-10-04 20:00:00,2026-10-07 02:00:00,,55,1,0,
EFCF3FF7A14BE2A077A202707B73233483A88328,2026-10-04 19:00:00,2026-10-04 20:00:00,2026-10-07 02:00:00,,55,1,0,
F1467AA85A0CDDE645EC690A9602095E63AFF097,2026-10-04 19:00:00,2026-10-04 20:00:00,2026-10-07 02:00:00,,55,1,1,2026-10-05 10:00:47
F47675F352E783C4D0DC15056EB91DCA4F43C0BF,2026-10-04 19:00:00,2026-10-04 20:00:00,2026-10-05 09:00:00,2026-10-05 10:00:00,14,0,1,2026-10-05 08:56:37
F535B35868DD56B38FCBDE3C6F25CCE10962E188,2026-10-04 19:00:00,2026-10-04 20:00:00,2026-10-05 10:00:00,2026-10-05 11:00:00,15,0,1,2026-10-05 10:25:22
FCFFB365207E97905DEB0B9656E68E45607E6FB6,2026-10-04 19:00:00,2026-10-04 20:00:00,2026-10-05 10:00:00,2026-10-05 11:00:00,15,0,1,2026-10-05 09:58:08
FE2FE038B03311E16BD85C8F0873AB58EEF9E15E,2026-10-04 19:00:00,2026-10-04 20:00:00,2026-10-05 10:00:00,2026-10-05 11:00:00,15,0,1,2026-10-05 09:59:37
FE39F07EBE7870DCE124AB30DF3ABD0700A43F75,2026-10-04 19:00:00,2026-10-04 20:00:00,2026-10-05 10:00:00,2026-10-05 11:00:00,15,0,1,2026-10-05 09:57:25
FF9702936CB698B6E6E0789708E7532EA3FF380F,2026-10-04 19:00:00,2026-10-04 20:00:00,2026-10-07 02:00:00,,55,1,1,2026-10-05 10:25:32
07DCECDF04BE5D470C615C8E1CCF086F74FC8CA6,2026-10-04 20:00:00,2026-10-04 21:00:00,2026-10-05 09:00:00,2026-10-05 10:00:00,13,0,1,2026-10-05 09:21:42
0EE7F9C7947367AE3A75C220D5F1FC340BE3E0C1,2026-10-04 20:00:00,2026-10-04 21:00:00,2026-10-07 02:00:00,,54,1,1,2026-10-05 10:26:00
392BEFDCB026A568E077786E79FDE589A9C0E451,2026-10-04 20:00:00,2026-10-04 21:00:00,2026-10-05 10:00:00,2026-10-05 11:00:00,14,0,1,2026-10-05 09:47:16
3B49A31F1DD5D929133AF10B0B33BB7AE42B53E7,2026-10-04 20:00:00,2026-10-04 21:00:00,2026-10-07 02:00:00,,54,1,12,2026-10-06 18:15:05
3F6E66FDA54B0CED35F01A16AF5D034DDDD8D48C,2026-10-04 20:00:00,2026-10-04 21:00:00,2026-10-05 10:00:00,2026-10-05 11:00:00,14,0,1,2026-10-05 10:09:38
43423DEBCA258F2031EEF3D8AC1C232824414AC5,2026-10-04 20:00:00,2026-10-04 21:00:00,2026-10-05 10:00:00,2026-10-05 11:00:00,14,0,1,2026-10-05 10:07:57
4746E2B86718D5391CCF18C258460C321945DBD8,2026-10-04 20:00:00,2026-10-04 21:00:00,2026-10-07 02:00:00,,54,1,7,2026-10-05 18:33:29
4954B51AF0CBADA08E4BC389DF1E3E419535165A,2026-10-04 20:00:00,2026-10-04 21:00:00,2026-10-07 02:00:00,,54,1,11,2026-10-06 18:28:08
51E6168566E9A3009905C290E2EA9C7F69459666,2026-10-04 20:00:00,2026-10-04 21:00:00,2026-10-07 02:00:00,,54,1,10,2026-10-06 06:32:52
535FA216CFC892CB329CF9A43011D48A8799CAFF,2026-10-04 20:00:00,2026-10-04 21:00:00,2026-10-05 10:00:00,2026-10-05 11:00:00,14,0,1,2026-10-05 10:09:27
563B97FC5CE210847B60ED8889405C37DEC3F7B9,2026-10-04 20:00:00,2026-10-04 21:00:00,2026-10-07 02:00:00,,54,1,1,2026-10-05 10:28:02
56E9E80B813A69AA6B72E4B464A7154142EC45F6,2026-10-04 20:00:00,2026-10-04 21:00:00,2026-10-07 02:00:00,,54,1,7,2026-10-05 18:36:19
5957F8B3503BB566D36F8B9A20280FD990E4C298,2026-10-04 20:00:00,2026-10-04 21:00:00,2026-10-07 02:00:00,,54,1,12,2026-10-06 18:38:51
5F46DDAAFCCBC9EF7503365608EF1C6A49DC5250,2026-10-04 20:00:00,2026-10-04 21:00:00,2026-10-05 10:00:00,2026-10-05 11:00:00,14,0,1,2026-10-05 09:47:43
6059E28E581D60B0B94F1006AD4D34128F68D8A1,2026-10-04 20:00:00,2026-10-04 21:00:00,2026-10-05 10:00:00,2026-10-05 11:00:00,14,0,1,2026-10-05 10:06:55
6212040CE7774652B4F727940E6F632E015023DD,2026-10-04 20:00:00,2026-10-04 21:00:00,2026-10-05 10:00:00,2026-10-05 11:00:00,14,0,1,2026-10-05 09:44:43
6E736FF4BA2845381A2FEE4DEE6CC565C5A7D781,2026-10-04 20:00:00,2026-10-04 21:00:00,2026-10-05 10:00:00,2026-10-05 11:00:00,14,0,1,2026-10-05 10:04:40
71FECF825283C0407901F832CE8520EFFBE3FD77,2026-10-04 20:00:00,2026-10-04 21:00:00,2026-10-05 09:00:00,2026-10-05 10:00:00,13,0,1,2026-10-05 09:21:12
7417085A0CC99550CF82ADD3F7B1CD01E64AAADE,2026-10-04 20:00:00,2026-10-04 21:00:00,2026-10-07 02:00:00,,54,1,12,2026-10-06 18:33:11
799F36F3EAD423C23E76351154E0BC98E8B498FE,2026-10-04 20:00:00,2026-10-04 21:00:00,2026-10-05 09:00:00,2026-10-05 10:00:00,13,0,1,2026-10-05 09:21:12
7ED6B42716B1D393E7BAC2FFDDE3853CD9896A95,2026-10-04 20:00:00,2026-10-04 21:00:00,2026-10-07 02:00:00,,54,1,10,2026-10-06 18:04:11
85675E1E97BA427C14D182B643F70677712B62E0,2026-10-04 20:00:00,2026-10-04 21:00:00,2026-10-05 10:00:00,2026-10-05 11:00:00,14,0,1,2026-10-05 10:20:15
A84AD66BC34D283D0F865DC16D4DB62635D1D9B3,2026-10-04 20:00:00,2026-10-04 21:00:00,2026-10-05 10:00:00,2026-10-05 11:00:00,14,0,1,2026-10-05 09:46:23
AE6507A440E9353C19C39B5448A13EB60A77B525,2026-10-04 20:00:00,2026-10-04 21:00:00,2026-10-07 02:00:00,,54,1,12,2026-10-06 18:53:52
C56F910222D2C1FAD9FA7A15CA9B403FA0128F9A,2026-10-04 20:00:00,2026-10-04 21:00:00,2026-10-05 10:00:00,2026-10-05 11:00:00,14,0,1,2026-10-05 10:05:11
C877FABDC3739F972F2E098DE7A66B239A3EDFD4,2026-10-04 20:00:00,2026-10-04 21:00:00,2026-10-05 09:00:00,2026-10-05 10:00:00,13,0,1,2026-10-05 09:22:00
D68912EB5A673AEC17958D1E9CA3F0BBB094D1F3,2026-10-04 20:00:00,2026-10-04 21:00:00,2026-10-05 10:00:00,2026-10-05 11:00:00,14,0,1,2026-10-05 10:05:49
DB451037C23AF3D028AE1B7E2F82BE5CA77B98A5,2026-10-04 20:00:00,2026-10-04 21:00:00,2026-10-07 02:00:00,,54,1,12,2026-10-06 18:45:00
DE8E5C8E672C599ED8FBD24B3FC76D271B698A98,2026-10-04 20:00:00,2026-10-04 21:00:00,2026-10-05 10:00:00,2026-10-05 11:00:00,14,0,1,2026-10-05 10:06:21
EC8E0E1DF4E5F1658BF499BEE9808E608658CAEE,2026-10-04 20:00:00,2026-10-04 21:00:00,2026-10-07 02:00:00,,54,1,1,2026-10-05 10:28:18
F0CD145CF3375338EF5CF385E480A7C4889592EF,2026-10-04 20:00:00,2026-10-04 21:00:00,2026-10-05 10:00:00,2026-10-05 11:00:00,14,0,1,2026-10-05 10:07:23
F532DA2085F87777CE05EA947BF7B4F49B625754,2026-10-04 20:00:00,2026-10-04 21:00:00,2026-10-05 09:00:00,2026-10-05 10:00:00,13,0,1,2026-10-05 09:09:52
FB668CDBACC89F6E299ADEF7E3F7A12047705361,2026-10-04 20:00:00,2026-10-04 21:00:00,2026-10-05 10:00:00,2026-10-05 11:00:00,14,0,1,2026-10-05 09:49:42
322967A70161145738F6CEB4F5165FDADF9EB27C,2026-10-04 22:00:00,2026-10-04 23:00:00,2026-10-07 02:00:00,,52,1,0,
55B9BFAA508020108BC15A1678C34C28361FC12D,2026-10-04 22:00:00,2026-10-04 23:00:00,2026-10-07 02:00:00,,52,1,0,
75ADD82FA44C8E7D76414148CFE5E1131CD2AD0D,2026-10-04 22:00:00,2026-10-04 23:00:00,2026-10-07 02:00:00,,52,1,0,
EDCC2668AF97EBA53CD8C228B9127F6CC73D9552,2026-10-04 22:00:00,2026-10-04 23:00:00,2026-10-07 02:00:00,,52,1,0,
F314580EA22CB3DCB135D64E92108BFB8FD209AF,2026-10-04 22:00:00,2026-10-04 23:00:00,2026-10-07 02:00:00,,52,1,0,
0CABED9159F1E4BE82879F5A34ED8D7349E931BD,2026-10-04 23:00:00,2026-10-05 00:00:00,2026-10-07 02:00:00,,51,1,0,
2B3AAC97B269D59E6D642C8BFB174EDD13741C38,2026-10-04 23:00:00,2026-10-05 00:00:00,2026-10-07 02:00:00,,51,1,0,
2C4B49130DD5994447A6ABBCC5BC3259E2B75AB9,2026-10-04 23:00:00,2026-10-05 00:00:00,2026-10-07 02:00:00,,51,1,0,
3B85067588C3F017D5CCF7D8F65B5881B7D4C97C,2026-10-04 23:00:00,2026-10-05 00:00:00,2026-10-05 13:00:00,2026-10-05 14:00:00,14,0,1,2026-10-05 13:20:30
4F9EFCF7689084E4C8EE993E123E32B75368804C,2026-10-04 23:00:00,2026-10-05 00:00:00,2026-10-07 02:00:00,,51,1,0,
784F844502720B0B88648E3FE09248723F2B318B,2026-10-04 23:00:00,2026-10-05 00:00:00,2026-10-07 02:00:00,,51,1,0,
8A5ACFC8FDF21A3D836DB7ECEBA6538392F496E6,2026-10-04 23:00:00,2026-10-05 00:00:00,2026-10-07 02:00:00,,51,1,0,
9A11E4B46DC53E13043B9FC1EBAFE0128D699B58,2026-10-04 23:00:00,2026-10-05 00:00:00,2026-10-07 02:00:00,,51,1,0,
D3F6616034448DEEE369782C96F84FE1407E4200,2026-10-04 23:00:00,2026-10-05 00:00:00,2026-10-07 02:00:00,,51,1,0,
F922C23FF68AAADBD2C9A384471B63694A879BA5,2026-10-04 23:00:00,2026-10-05 00:00:00,2026-10-07 02:00:00,,51,1,0,
FF5D90ED89CED626358E7074132067E157EEBA41,2026-10-04 23:00:00,2026-10-05 00:00:00,2026-10-07 02:00:00,,51,1,0,
09768BD9ACA211008713BA481E0B8EE3239A9F0B,2026-10-05 01:00:00,2026-10-05 02:00:00,2026-10-07 02:00:00,,49,1,0,
552C2E2AFDD1B740A38CA9768C51EC011B2AF701,2026-10-05 01:00:00,2026-10-05 02:00:00,2026-10-07 02:00:00,,49,1,0,
728AEDB2DA037D9032F9697FFA7D9E070783A1F6,2026-10-05 01:00:00,2026-10-05 02:00:00,2026-10-07 02:00:00,,49,1,0,
B04176E992478C82F1AD7A5DC1D1D206B623D624,2026-10-05 01:00:00,2026-10-05 02:00:00,2026-10-07 02:00:00,,49,1,0,
F62DF7675006359605F699E23D18E52747012F1D,2026-10-05 08:00:00,2026-10-05 09:00:00,2026-10-07 02:00:00,,42,1,0,
0CADF9650BE6F3CB6A09F29D8B91250D93DD91E6,2026-10-05 11:00:00,2026-10-05 12:00:00,2026-10-05 12:00:00,2026-10-05 13:00:00,1,0,1,2026-10-05 12:18:54
1B6BCBCDB384364B6FB4F3576CA70AECFC083641,2026-10-05 11:00:00,2026-10-05 12:00:00,2026-10-07 02:00:00,,39,1,0,
2C91D3E05A1FC5CBC720755E4836C08B5C6E04E0,2026-10-05 11:00:00,2026-10-05 12:00:00,2026-10-07 02:00:00,,39,1,0,
335311C60DCB38A1371588A7F124DF0D2DC2F459,2026-10-05 11:00:00,2026-10-05 12:00:00,2026-10-07 02:00:00,,39,1,0,
54955A17DDCEBD1BC64A3C4092774EA7FC682CC4,2026-10-05 11:00:00,2026-10-05 12:00:00,2026-10-05 12:00:00,2026-10-05 13:00:00,1,0,1,2026-10-05 12:19:47
A4F42AE65F11634C42A3F3952E719F47091BD36F,2026-10-05 11:00:00,2026-10-05 12:00:00,2026-10-07 02:00:00,,39,1,0,
A9044B9AE03BCA32DEECB70A973E34C02F72CFC8,2026-10-05 11:00:00,2026-10-05 12:00:00,2026-10-07 02:00:00,,39,1,0,
B252D9474D8B36FC1299F6DB29C853D68900C394,2026-10-05 11:00:00,2026-10-05 12:00:00,2026-10-07 02:00:00,,39,1,0,
B274599CD37F4D5B2C407DC81E478135F3297EFE,2026-10-05 11:00:00,2026-10-05 12:00:00,2026-10-07 02:00:00,,39,1,0,
B541581CB0599A36269196EFCC6E23F67B75285C,2026-10-05 11:00:00,2026-10-05 12:00:00,2026-10-07 02:00:00,,39,1,0,
B693FFB4FEC6D5AFC4B44010B51305853B0CDC0B,2026-10-05 11:00:00,2026-10-05 12:00:00,2026-10-07 02:00:00,,39,1,0,
C2808CAC0896D0AC4EFAAD4ECD467FE245CCFDF7,2026-10-05 11:00:00,2026-10-05 12:00:00,2026-10-07 02:00:00,,39,1,0,
035F813195F0CB9F567EDFDF60C6745CA36BA0BD,2026-10-05 12:00:00,2026-10-05 13:00:00,2026-10-07 02:00:00,,38,1,0,
068FCA8801F66493EE75839752A30C860DF1AFEC,2026-10-05 12:00:00,2026-10-05 13:00:00,2026-10-07 02:00:00,,38,1,0,
0705F969B825FAE29BCEB3F692B0A4224DED82E0,2026-10-05 12:00:00,2026-10-05 13:00:00,2026-10-07 02:00:00,,38,1,0,
078A51987E72360E0D435B820D217C0580D06CE1,2026-10-05 12:00:00,2026-10-05 13:00:00,2026-10-07 02:00:00,,38,1,0,
07DCECDF04BE5D470C615C8E1CCF086F74FC8CA6,2026-10-05 12:00:00,2026-10-05 13:00:00,2026-10-07 02:00:00,,38,1,0,
080D4210E54A62376A4A89E3B9CC98B2FB2D74D0,2026-10-05 12:00:00,2026-10-05 13:00:00,2026-10-07 02:00:00,,38,1,0,
09CA1957EC0671044DAD2EEA282A348FFD7D271E,2026-10-05 12:00:00,2026-10-05 13:00:00,2026-10-07 02:00:00,,38,1,0,
0B360A909D967F2B6955A8F55DA3A92E04C8F19E,2026-10-05 12:00:00,2026-10-05 13:00:00,2026-10-07 02:00:00,,38,1,0,
0CD666F9C9A40A8CFB1E6B9465597A51D3A1CBF8,2026-10-05 12:00:00,2026-10-05 13:00:00,2026-10-07 02:00:00,,38,1,0,
0DA24422FEDF42407EA931CA831C0C5E926A6278,2026-10-05 12:00:00,2026-10-05 13:00:00,2026-10-07 02:00:00,,38,1,0,
102C2BF86B10164E2469CF3258188D2A76822938,2026-10-05 12:00:00,2026-10-05 13:00:00,2026-10-07 02:00:00,,38,1,0,
16355C1C0B02AF69618AE6A517A526B8A6B98B9B,2026-10-05 12:00:00,2026-10-05 13:00:00,2026-10-07 02:00:00,,38,1,0,
189C44DD06312D6DF8FB57A944E6819FF245740C,2026-10-05 12:00:00,2026-10-05 13:00:00,2026-10-07 02:00:00,,38,1,0,
27FAE99C0DBA8CD9DBFE42D2D2464B4C68EEB00D,2026-10-05 12:00:00,2026-10-05 13:00:00,2026-10-07 02:00:00,,38,1,0,
29FEFE36A5F66A6C93D24775B9D2364A3831B597,2026-10-05 12:00:00,2026-10-05 13:00:00,2026-10-07 02:00:00,,38,1,0,
2C1993050B32D827EC6FD124DB07546B78E31AFF,2026-10-05 12:00:00,2026-10-05 13:00:00,2026-10-07 02:00:00,,38,1,0,
2C7FBE61AA7F3C60691155E60030B031BFCC5FE3,2026-10-05 12:00:00,2026-10-05 13:00:00,2026-10-07 02:00:00,,38,1,0,
33D4562D8E90D8796BB95ED1AFDD0E4925A69566,2026-10-05 12:00:00,2026-10-05 13:00:00,2026-10-07 02:00:00,,38,1,0,
3863FD538658F6671631E78CEBB2693FB42DFA7D,2026-10-05 12:00:00,2026-10-05 13:00:00,2026-10-07 02:00:00,,38,1,0,
392BEFDCB026A568E077786E79FDE589A9C0E451,2026-10-05 12:00:00,2026-10-05 13:00:00,2026-10-07 02:00:00,,38,1,0,
39CE03A66016B0D69BC6C2A1F362C628436FEF7B,2026-10-05 12:00:00,2026-10-05 13:00:00,2026-10-07 02:00:00,,38,1,0,
3AD0E099EA0F64B6202BEE3B737A9FE5D554A3CC,2026-10-05 12:00:00,2026-10-05 13:00:00,2026-10-07 02:00:00,,38,1,0,
3EE11C45FDE23CC46E3C7BC8AFCACB8395B37411,2026-10-05 12:00:00,2026-10-05 13:00:00,2026-10-07 02:00:00,,38,1,0,
3F6E66FDA54B0CED35F01A16AF5D034DDDD8D48C,2026-10-05 12:00:00,2026-10-05 13:00:00,2026-10-07 02:00:00,,38,1,0,
43EF5141A4417D0BF1B0AB2AD2C3D74C22355D0A,2026-10-05 12:00:00,2026-10-05 13:00:00,2026-10-07 02:00:00,,38,1,0,
477E2B8AE380BD24C7EE5D9FF5AC98D8E0249368,2026-10-05 12:00:00,2026-10-05 13:00:00,2026-10-07 02:00:00,,38,1,0,
48A7E3A169F86E45A00284E1303793AFFA61F1EA,2026-10-05 12:00:00,2026-10-05 13:00:00,2026-10-07 02:00:00,,38,1,0,
4EFF3D0C9DE539CF1E27BFC5B3E23BC7CB2D41A9,2026-10-05 12:00:00,2026-10-05 13:00:00,2026-10-07 02:00:00,,38,1,0,
4F22535B5DE366B08C2F6FD55B0B06F1EF406048,2026-10-05 12:00:00,2026-10-05 13:00:00,2026-10-07 02:00:00,,38,1,0,
526AD50C9DE6AF533DEBE8F9BBDF149BC1F5AB6E,2026-10-05 12:00:00,2026-10-05 13:00:00,2026-10-07 02:00:00,,38,1,0,
535FA216CFC892CB329CF9A43011D48A8799CAFF,2026-10-05 12:00:00,2026-10-05 13:00:00,2026-10-07 02:00:00,,38,1,0,
56D878C942CD38F5287079974950668B18ECC4CD,2026-10-05 12:00:00,2026-10-05 13:00:00,2026-10-07 02:00:00,,38,1,0,
5BDD0633E0AC09763E49641DCD1BA3AB3A21AA83,2026-10-05 12:00:00,2026-10-05 13:00:00,2026-10-07 02:00:00,,38,1,0,
61A2104D7E69867C3F3EF981077266F968C1752A,2026-10-05 12:00:00,2026-10-05 13:00:00,2026-10-07 02:00:00,,38,1,0,
6212040CE7774652B4F727940E6F632E015023DD,2026-10-05 12:00:00,2026-10-05 13:00:00,2026-10-07 02:00:00,,38,1,0,
62500AB401F93558677C1E8C61E724BD466CE8A0,2026-10-05 12:00:00,2026-10-05 13:00:00,2026-10-07 02:00:00,,38,1,0,
656BA6C00B21DB086611171C946288A29E2DF5BC,2026-10-05 12:00:00,2026-10-05 13:00:00,2026-10-07 02:00:00,,38,1,0,
65A398E9A697A4645937B086CDA1D9A5C57B9509,2026-10-05 12:00:00,2026-10-05 13:00:00,2026-10-07 02:00:00,,38,1,0,
68C3B540E5D151461A37CB1ED928563EC3B6CDCB,2026-10-05 12:00:00,2026-10-05 13:00:00,2026-10-07 02:00:00,,38,1,0,
6A60198703A12D650EBB6EC751CDAEB611BBC04D,2026-10-05 12:00:00,2026-10-05 13:00:00,2026-10-07 02:00:00,,38,1,0,
6FCA5CE61F545D182CD4633735474A9A814C6E4C,2026-10-05 12:00:00,2026-10-05 13:00:00,2026-10-07 02:00:00,,38,1,0,
71FECF825283C0407901F832CE8520EFFBE3FD77,2026-10-05 12:00:00,2026-10-05 13:00:00,2026-10-07 02:00:00,,38,1,0,
7413675ED252B2939556ED0098C3983D1AF3191A,2026-10-05 12:00:00,2026-10-05 13:00:00,2026-10-07 02:00:00,,38,1,0,
76CA419C68502FFC4D950D167E25EE0AD3A0A764,2026-10-05 12:00:00,2026-10-05 13:00:00,2026-10-07 02:00:00,,38,1,0,
799F36F3EAD423C23E76351154E0BC98E8B498FE,2026-10-05 12:00:00,2026-10-05 13:00:00,2026-10-07 02:00:00,,38,1,0,
7BD416652010B7C42202BE40F749A417003ECD2C,2026-10-05 12:00:00,2026-10-05 13:00:00,2026-10-07 02:00:00,,38,1,0,
7C6686190CE6E8A0A1A5B5B845BF3F14D252D0DF,2026-10-05 12:00:00,2026-10-05 13:00:00,2026-10-07 02:00:00,,38,1,0,
7DD1ECEE8765C1AB7742E632DD23C1342FD7EB52,2026-10-05 12:00:00,2026-10-05 13:00:00,2026-10-07 02:00:00,,38,1,0,
85186D4C2F0E4257C83001D58D6FAB1AF93AA227,2026-10-05 12:00:00,2026-10-05 13:00:00,2026-10-07 02:00:00,,38,1,0,
85675E1E97BA427C14D182B643F70677712B62E0,2026-10-05 12:00:00,2026-10-05 13:00:00,2026-10-07 02:00:00,,38,1,0,
8657A9B481BA39A60C29E49AFAD5CE5523677812,2026-10-05 12:00:00,2026-10-05 13:00:00,2026-10-07 02:00:00,,38,1,0,
8A522F30A3CEA7C692A0418C936232BA2E54F8B3,2026-10-05 12:00:00,2026-10-05 13:00:00,2026-10-07 02:00:00,,38,1,0,
8AB766FB1BE54669559B82165964B8D79DA80119,2026-10-05 12:00:00,2026-10-05 13:00:00,2026-10-07 02:00:00,,38,1,0,
8BBA3623CD5404A8F173DC4CC9EBBE3B09D967F1,2026-10-05 12:00:00,2026-10-05 13:00:00,2026-10-07 02:00:00,,38,1,0,
8CF3BC527AA485640F5A2A7481868CC22583B0FA,2026-10-05 12:00:00,2026-10-05 13:00:00,2026-10-07 02:00:00,,38,1,0,
8D1154214BD6151F0427D4A158E71D62E21E0766,2026-10-05 12:00:00,2026-10-05 13:00:00,2026-10-07 02:00:00,,38,1,0,
8EAE810FA33F26341605D59F82D8AD58F7EA6CC5,2026-10-05 12:00:00,2026-10-05 13:00:00,2026-10-07 02:00:00,,38,1,0,
8EEDA34CE6D6E605ED3179278F45882654923280,2026-10-05 12:00:00,2026-10-05 13:00:00,2026-10-07 02:00:00,,38,1,0,
9247B54DCD49174DBD817AA73FD6DE804DFEC2C2,2026-10-05 12:00:00,2026-10-05 13:00:00,2026-10-07 02:00:00,,38,1,0,
96B7E4A8F633FC105AF6032D13211E5D576A44D9,2026-10-05 12:00:00,2026-10-05 13:00:00,2026-10-07 02:00:00,,38,1,0,
A1AB134123F9F534C7E09B6841A7ECAFD0282240,2026-10-05 12:00:00,2026-10-05 13:00:00,2026-10-07 02:00:00,,38,1,0,
A1ED61B41CC0991DF28205D3B745AFCA082CCA64,2026-10-05 12:00:00,2026-10-05 13:00:00,2026-10-07 02:00:00,,38,1,0,
A84AD66BC34D283D0F865DC16D4DB62635D1D9B3,2026-10-05 12:00:00,2026-10-05 13:00:00,2026-10-07 02:00:00,,38,1,0,
AA4644F0EC589EEA2F501BB867E32E599F8169DA,2026-10-05 12:00:00,2026-10-05 13:00:00,2026-10-07 02:00:00,,38,1,0,
AA69CADA1FEA6378EDD776011C8AE7BD7AAA7159,2026-10-05 12:00:00,2026-10-05 13:00:00,2026-10-07 02:00:00,,38,1,0,
ACB30ED82CA61B49E38E5969505D7E2F29897AA1,2026-10-05 12:00:00,2026-10-05 13:00:00,2026-10-07 02:00:00,,38,1,0,
B673F2A016E86A31EDA173CF3CC47BFB721B6CB6,2026-10-05 12:00:00,2026-10-05 13:00:00,2026-10-07 02:00:00,,38,1,0,
B6D8110B34BD401ADF85B7AD0725C445C55EB65B,2026-10-05 12:00:00,2026-10-05 13:00:00,2026-10-07 02:00:00,,38,1,0,
BAE7CE9BD3135C903477B0AAF3130C76979364C0,2026-10-05 12:00:00,2026-10-05 13:00:00,2026-10-07 02:00:00,,38,1,0,
BC080AC0D2F757863F3E3F148C268E5C8584E8AF,2026-10-05 12:00:00,2026-10-05 13:00:00,2026-10-07 02:00:00,,38,1,0,
BC926F8C1F14E5DC827FE451BC1899B94B61D27E,2026-10-05 12:00:00,2026-10-05 13:00:00,2026-10-07 02:00:00,,38,1,0,
BF8021D2EC8A8DC724D35D9590F9FEF251F006D9,2026-10-05 12:00:00,2026-10-05 13:00:00,2026-10-07 02:00:00,,38,1,0,
C5468734B56B5806AA076EC61CD00822534C24B0,2026-10-05 12:00:00,2026-10-05 13:00:00,2026-10-07 02:00:00,,38,1,0,
C623F97858DDC20DC80098260DFDF053C63131C9,2026-10-05 12:00:00,2026-10-05 13:00:00,2026-10-07 02:00:00,,38,1,0,
C829B3C557CB644A5FAB598E8E57149B115C485D,2026-10-05 12:00:00,2026-10-05 13:00:00,2026-10-07 02:00:00,,38,1,0,
C82F4613A26F7E286BA3D85CF27B6027C35FDF27,2026-10-05 12:00:00,2026-10-05 13:00:00,2026-10-07 02:00:00,,38,1,0,
C877FABDC3739F972F2E098DE7A66B239A3EDFD4,2026-10-05 12:00:00,2026-10-05 13:00:00,2026-10-07 02:00:00,,38,1,0,
CAFB3DB90DE5B01836E81271381E06218DD769A9,2026-10-05 12:00:00,2026-10-05 13:00:00,2026-10-07 02:00:00,,38,1,0,
CC8412A0CE31C55CFBF32CBA8EA5C05348846C3F,2026-10-05 12:00:00,2026-10-05 13:00:00,2026-10-07 02:00:00,,38,1,0,
CCCFD8D5FD21AC796234D914F1B7CC33ADCE52F8,2026-10-05 12:00:00,2026-10-05 13:00:00,2026-10-07 02:00:00,,38,1,0,
DB951C2CF2073ECAFF08EFF6AC108B6B1C9E677D,2026-10-05 12:00:00,2026-10-05 13:00:00,2026-10-07 02:00:00,,38,1,0,
DE9317A1C4B5A95AFE78ECAC82B5DB6A7018B36B,2026-10-05 12:00:00,2026-10-05 13:00:00,2026-10-07 02:00:00,,38,1,0,
DF55C90D7EB87A13B044259951CA784F2F596E8D,2026-10-05 12:00:00,2026-10-05 13:00:00,2026-10-07 02:00:00,,38,1,0,
E0ADAA31E91125C48D41BB7C2671B25BAE25AF17,2026-10-05 12:00:00,2026-10-05 13:00:00,2026-10-07 02:00:00,,38,1,0,
E348D1D6E7E12220856A77C5B52ACC1753A58FF6,2026-10-05 12:00:00,2026-10-05 13:00:00,2026-10-07 02:00:00,,38,1,0,
E785813FBBD352664BC1F133CE31A54EF596C5BD,2026-10-05 12:00:00,2026-10-05 13:00:00,2026-10-07 02:00:00,,38,1,0,
EAFE87655A056F276298CE17A0D8FABEE3B20F49,2026-10-05 12:00:00,2026-10-05 13:00:00,2026-10-07 02:00:00,,38,1,0,
EF46C4D668872EA21E8A1967E9902D13B7E95263,2026-10-05 12:00:00,2026-10-05 13:00:00,2026-10-07 02:00:00,,38,1,0,
F0D01EB1FDC508279AB3412AF3FC950BB1DA2AD1,2026-10-05 12:00:00,2026-10-05 13:00:00,2026-10-07 02:00:00,,38,1,0,
F163D4AB6B9AD4DC384F08CB8CE71B98E8A1EEF3,2026-10-05 12:00:00,2026-10-05 13:00:00,2026-10-07 02:00:00,,38,1,0,
F33ECAB340E6117597A3FF5B5F2B6D7475B56187,2026-10-05 12:00:00,2026-10-05 13:00:00,2026-10-07 02:00:00,,38,1,0,
F532DA2085F87777CE05EA947BF7B4F49B625754,2026-10-05 12:00:00,2026-10-05 13:00:00,2026-10-07 02:00:00,,38,1,0,
F9DD5B45ED74A439F1F0EE6636450BBA5C8BF23C,2026-10-05 12:00:00,2026-10-05 13:00:00,2026-10-07 02:00:00,,38,1,0,
FA3AB72EA79D43840BCFE5C4CEB64B28BF77E62C,2026-10-05 12:00:00,2026-10-05 13:00:00,2026-10-07 02:00:00,,38,1,0,
FA4C966C04B80B2A39AD5A0175EE1824EF66137A,2026-10-05 12:00:00,2026-10-05 13:00:00,2026-10-07 02:00:00,,38,1,0,
FB668CDBACC89F6E299ADEF7E3F7A12047705361,2026-10-05 12:00:00,2026-10-05 13:00:00,2026-10-07 02:00:00,,38,1,0,
FBF1F082626B8C7D4174D7014054C5321B053617,2026-10-05 12:00:00,2026-10-05 13:00:00,2026-10-07 02:00:00,,38,1,0,
02FCF62C0AD3AD1D208D7F27E12E8840EF53C7E0,2026-10-05 13:00:00,2026-10-05 14:00:00,2026-10-07 02:00:00,,37,1,0,
04FDE91F9846DFF1EDCB4A24472FBA127E3ACDC6,2026-10-05 13:00:00,2026-10-05 14:00:00,2026-10-07 02:00:00,,37,1,0,
0632EC43FEA8EA3F377FE2E34DA671746F1642DD,2026-10-05 13:00:00,2026-10-05 14:00:00,2026-10-07 02:00:00,,37,1,0,
09175D4C4E3D0440357306BC66831B1A6E333741,2026-10-05 13:00:00,2026-10-05 14:00:00,2026-10-07 02:00:00,,37,1,0,
0A76C0A0A721DDBC324B705ADBFC95FD806AE855,2026-10-05 13:00:00,2026-10-05 14:00:00,2026-10-07 02:00:00,,37,1,0,
0CA51D90B1DFAD0100933465C6D9C5DF31DE135C,2026-10-05 13:00:00,2026-10-05 14:00:00,2026-10-07 02:00:00,,37,1,0,
0CF48696F004482C445D875BE376A58E3D660497,2026-10-05 13:00:00,2026-10-05 14:00:00,2026-10-07 02:00:00,,37,1,0,
0D8826A5646B352A7EB843FFBE80326F4D018F1B,2026-10-05 13:00:00,2026-10-05 14:00:00,2026-10-07 02:00:00,,37,1,8,2026-10-06 23:49:53
0E927D044DD2C739432C29E869C9C8EB8768E793,2026-10-05 13:00:00,2026-10-05 14:00:00,2026-10-07 02:00:00,,37,1,0,
1179667EF7EA283506A6D7E03EBAE4A99C408731,2026-10-05 13:00:00,2026-10-05 14:00:00,2026-10-07 02:00:00,,37,1,0,
1467D2B222DD7638C1D14986101B1DF8D210244B,2026-10-05 13:00:00,2026-10-05 14:00:00,2026-10-07 02:00:00,,37,1,0,
15450640183D6488AFEFA8B50EE8E91F64AFE9AB,2026-10-05 13:00:00,2026-10-05 14:00:00,2026-10-07 02:00:00,,37,1,0,
176B5F593C12AE9556A5D996FC9B35A560CAE057,2026-10-05 13:00:00,2026-10-05 14:00:00,2026-10-07 02:00:00,,37,1,0,
1A243DA6F639A9C99B4391158E0E14E89C29754C,2026-10-05 13:00:00,2026-10-05 14:00:00,2026-10-07 02:00:00,,37,1,0,
1A9C9712ACBBDD83243F62FCE16BD892E2658DCD,2026-10-05 13:00:00,2026-10-05 14:00:00,2026-10-07 02:00:00,,37,1,0,
1B3844DC05A669DF8B8884F43834090F2AA151C7,2026-10-05 13:00:00,2026-10-05 14:00:00,2026-10-07 02:00:00,,37,1,0,
2022BCB37453DC168E6CB7B4DAD119AC072F2DEE,2026-10-05 13:00:00,2026-10-05 14:00:00,2026-10-07 02:00:00,,37,1,1,2026-10-05 14:12:35
217A95E04AB1C63622E61DC74B64902B3669D62B,2026-10-05 13:00:00,2026-10-05 14:00:00,2026-10-07 02:00:00,,37,1,0,
2226A78EA60C8F35C186E120EAC0FC40DDCAF4C8,2026-10-05 13:00:00,2026-10-05 14:00:00,2026-10-07 02:00:00,,37,1,0,
25675F4453727066B1FF692DCEF81F820F3D6524,2026-10-05 13:00:00,2026-10-05 14:00:00,2026-10-07 02:00:00,,37,1,0,
26F899F756476B4CE839624ADA4C11AEAB957E5E,2026-10-05 13:00:00,2026-10-05 14:00:00,2026-10-07 02:00:00,,37,1,0,
278B1EC00C3FEFFD44D582CC86DA71A24F451385,2026-10-05 13:00:00,2026-10-05 14:00:00,2026-10-07 02:00:00,,37,1,0,
2E821477E6CB66014DF2385F7C48BE56E7884F1F,2026-10-05 13:00:00,2026-10-05 14:00:00,2026-10-07 02:00:00,,37,1,0,
2EB00D214F75412DD78BDB22713CB50CEC988AC2,2026-10-05 13:00:00,2026-10-05 14:00:00,2026-10-07 02:00:00,,37,1,0,
2EB89757F1D8228784335232E2CE2989D220E590,2026-10-05 13:00:00,2026-10-05 14:00:00,2026-10-07 02:00:00,,37,1,0,
30CA715FDFB4959E859134F76A53C370E72FDD06,2026-10-05 13:00:00,2026-10-05 14:00:00,2026-10-07 02:00:00,,37,1,0,
3180E55D10F293EB966ED69A5FC882666B08A88D,2026-10-05 13:00:00,2026-10-05 14:00:00,2026-10-07 02:00:00,,37,1,0,
31E7A39BAE450C51D46EA74E3CABA715CC5EAB2F,2026-10-05 13:00:00,2026-10-05 14:00:00,2026-10-07 02:00:00,,37,1,0,
386CF08197DAD89418025300E7893C6D0F7BEB08,2026-10-05 13:00:00,2026-10-05 14:00:00,2026-10-07 02:00:00,,37,1,0,
393C3DB2EF81C469CC80A982CC31570423829099,2026-10-05 13:00:00,2026-10-05 14:00:00,2026-10-07 02:00:00,,37,1,0,
39C819EC299FD555DD57FFF64B2EC15F305E3990,2026-10-05 13:00:00,2026-10-05 14:00:00,2026-10-07 02:00:00,,37,1,0,
3F3221D3D677011BEDC80367D86B379E6B016520,2026-10-05 13:00:00,2026-10-05 14:00:00,2026-10-07 02:00:00,,37,1,0,
42708A12892506EBCD881BCB3648E78D93DC2781,2026-10-05 13:00:00,2026-10-05 14:00:00,2026-10-07 02:00:00,,37,1,0,
43423DEBCA258F2031EEF3D8AC1C232824414AC5,2026-10-05 13:00:00,2026-10-05 14:00:00,2026-10-07 02:00:00,,37,1,0,
4393B1E33C2E3ECEDDEB8C1DCC7DBA9E83046780,2026-10-05 13:00:00,2026-10-05 14:00:00,2026-10-07 02:00:00,,37,1,0,
46BFF98FBD77441B28A345DFCF0F11F70EB4A4B9,2026-10-05 13:00:00,2026-10-05 14:00:00,2026-10-07 02:00:00,,37,1,0,
470CA25DBABD7184461D8E3E451BF1B0AC46302A,2026-10-05 13:00:00,2026-10-05 14:00:00,2026-10-07 02:00:00,,37,1,0,
479EBF04B780153018940B5CAB669D4B6A9360A4,2026-10-05 13:00:00,2026-10-05 14:00:00,2026-10-07 02:00:00,,37,1,0,
495FE3F4B9B661DC7A2E1145297FD730BF89FB45,2026-10-05 13:00:00,2026-10-05 14:00:00,2026-10-07 02:00:00,,37,1,0,
4BDF25CD6E8482C0E835F6A70918540F4FC4CF22,2026-10-05 13:00:00,2026-10-05 14:00:00,2026-10-07 02:00:00,,37,1,0,
4D4B2695D6D02DFDCDE390ED5DF4A6798924CBBB,2026-10-05 13:00:00,2026-10-05 14:00:00,2026-10-07 02:00:00,,37,1,0,
4DFEB2617AD440A41EB25125358FD88EB209FACE,2026-10-05 13:00:00,2026-10-05 14:00:00,2026-10-07 02:00:00,,37,1,0,
4FA215D784E1B23D7EBEC9838D5E14906C1206FC,2026-10-05 13:00:00,2026-10-05 14:00:00,2026-10-07 02:00:00,,37,1,0,
506B473E673E38EA9FECB7A5A73DD1E1FC37B555,2026-10-05 13:00:00,2026-10-05 14:00:00,2026-10-07 02:00:00,,37,1,0,
555A6B7CB3D8ECA376B4CB6701596A7B211E21D3,2026-10-05 13:00:00,2026-10-05 14:00:00,2026-10-07 02:00:00,,37,1,0,
5E40E552910A561C92FEAA0427F3AF07296CE9E0,2026-10-05 13:00:00,2026-10-05 14:00:00,2026-10-07 02:00:00,,37,1,0,
5E74214EBD03CA4CDAB31CBFBEE70B83E5BB8202,2026-10-05 13:00:00,2026-10-05 14:00:00,2026-10-07 02:00:00,,37,1,0,
5F46DDAAFCCBC9EF7503365608EF1C6A49DC5250,2026-10-05 13:00:00,2026-10-05 14:00:00,2026-10-07 02:00:00,,37,1,0,
5F8ACD9D6624450926AB0BEDB7DDE9AE43B0D04C,2026-10-05 13:00:00,2026-10-05 14:00:00,2026-10-07 02:00:00,,37,1,0,
6059E28E581D60B0B94F1006AD4D34128F68D8A1,2026-10-05 13:00:00,2026-10-05 14:00:00,2026-10-07 02:00:00,,37,1,0,
60E521B632D83971ECF8D454AF558F2C238BC9A5,2026-10-05 13:00:00,2026-10-05 14:00:00,2026-10-07 02:00:00,,37,1,0,
6100509F949660DC87BB8E4801F36D6DCD96D8B3,2026-10-05 13:00:00,2026-10-05 14:00:00,2026-10-07 02:00:00,,37,1,0,
631B3DD618D4AB49D0E3A37120E10215EEB730C4,2026-10-05 13:00:00,2026-10-05 14:00:00,2026-10-07 02:00:00,,37,1,0,
646B4E39B49F303B4B552A8F3CBB8FCD40BE7EB5,2026-10-05 13:00:00,2026-10-05 14:00:00,2026-10-07 02:00:00,,37,1,0,
69042D6B301F080105D11478A5BC848EB0B5D5DB,2026-10-05 13:00:00,2026-10-05 14:00:00,2026-10-07 02:00:00,,37,1,0,
69419D36198EB0508904660AAECAEE785D688A61,2026-10-05 13:00:00,2026-10-05 14:00:00,2026-10-07 02:00:00,,37,1,0,
6956BA44CC553C4A9CF2D0E50634CDD0CA990869,2026-10-05 13:00:00,2026-10-05 14:00:00,2026-10-07 02:00:00,,37,1,0,
6E736FF4BA2845381A2FEE4DEE6CC565C5A7D781,2026-10-05 13:00:00,2026-10-05 14:00:00,2026-10-07 02:00:00,,37,1,0,
70C169AAB6B4E82C8FE0ECE2BEFB4A7FAB460A1A,2026-10-05 13:00:00,2026-10-05 14:00:00,2026-10-07 02:00:00,,37,1,0,
720C550D58FA3C9FCC54903614448272166877AA,2026-10-05 13:00:00,2026-10-05 14:00:00,2026-10-07 02:00:00,,37,1,0,
723732AEB409C019D08284953E11856CC41C9804,2026-10-05 13:00:00,2026-10-05 14:00:00,2026-10-07 02:00:00,,37,1,0,
729EBA5E71606D7E870887473384BC803D6A4774,2026-10-05 13:00:00,2026-10-05 14:00:00,2026-10-07 02:00:00,,37,1,0,
78290B9AFDB316339571867D12268E035D8E00B2,2026-10-05 13:00:00,2026-10-05 14:00:00,2026-10-07 02:00:00,,37,1,0,
7AC86B42BA62FD8D67DC69CC7673B2F3F334EB69,2026-10-05 13:00:00,2026-10-05 14:00:00,2026-10-07 02:00:00,,37,1,0,
7D022F6ACE801A90E7715D4899352D0E3025DDBA,2026-10-05 13:00:00,2026-10-05 14:00:00,2026-10-07 02:00:00,,37,1,0,
80F322ED0995F27CD26B5A9DE7B804F92E8ACA94,2026-10-05 13:00:00,2026-10-05 14:00:00,2026-10-07 02:00:00,,37,1,0,
878EFE36BEBD239D1D911B613593C0173802384F,2026-10-05 13:00:00,2026-10-05 14:00:00,2026-10-07 02:00:00,,37,1,0,
87CD6C2D4AA3164D5A517DFC684BF83FE2EDB4A5,2026-10-05 13:00:00,2026-10-05 14:00:00,2026-10-07 02:00:00,,37,1,0,
8B30FEEE3790A40063AAF8E71EC8773F71FB60BF,2026-10-05 13:00:00,2026-10-05 14:00:00,2026-10-07 02:00:00,,37,1,0,
9143C5F8146DCEA00826F3C53A0878E50FB0F169,2026-10-05 13:00:00,2026-10-05 14:00:00,2026-10-07 02:00:00,,37,1,0,
923532118EB15D4EE65421FC0D1241DFF1C100B8,2026-10-05 13:00:00,2026-10-05 14:00:00,2026-10-07 02:00:00,,37,1,0,
9376A43695CBB66C256DCC87932EE885EA9AF5EC,2026-10-05 13:00:00,2026-10-05 14:00:00,2026-10-07 02:00:00,,37,1,0,
97D376626997BF37F3A6477CCD60545FDBC3D60C,2026-10-05 13:00:00,2026-10-05 14:00:00,2026-10-07 02:00:00,,37,1,0,
97D809DF40A5B4102F2C4956A7DB7E709B611832,2026-10-05 13:00:00,2026-10-05 14:00:00,2026-10-07 02:00:00,,37,1,0,
982F261EC5D2D7DB89D7D0320009E02E752DFE69,2026-10-05 13:00:00,2026-10-05 14:00:00,2026-10-07 02:00:00,,37,1,0,
98AE10E67739CCC9FAD8B223236BBB080C3B0852,2026-10-05 13:00:00,2026-10-05 14:00:00,2026-10-07 02:00:00,,37,1,0,
9DA3641B237AF84095C3D057F472106F1E32CCB0,2026-10-05 13:00:00,2026-10-05 14:00:00,2026-10-07 02:00:00,,37,1,0,
A15676F5F0F2BA7B1CA54446DDB46BEE6F699A95,2026-10-05 13:00:00,2026-10-05 14:00:00,2026-10-07 02:00:00,,37,1,0,
A62E7E91DB67B1FA1C0A66EEF885B2221CAF8360,2026-10-05 13:00:00,2026-10-05 14:00:00,2026-10-07 02:00:00,,37,1,0,
AB7366925C446424E7EE33179BEAB4B12D8696B6,2026-10-05 13:00:00,2026-10-05 14:00:00,2026-10-07 02:00:00,,37,1,0,
ADC776E831EC4609D6D5AC0D5A757B00FC6BFDEE,2026-10-05 13:00:00,2026-10-05 14:00:00,2026-10-07 02:00:00,,37,1,0,
B00EADCBB2C70951B6B1467956AE84E2020F26D0,2026-10-05 13:00:00,2026-10-05 14:00:00,2026-10-07 02:00:00,,37,1,0,
B6FE6B0FF920A8E91E990252161F185D917934C7,2026-10-05 13:00:00,2026-10-05 14:00:00,2026-10-07 02:00:00,,37,1,0,
BAD7C0F12C8DB48616366D2C6CAA2A7D00F929D9,2026-10-05 13:00:00,2026-10-05 14:00:00,2026-10-07 02:00:00,,37,1,0,
BC7A5E911554477F7346FA9B680250D1D84B14AF,2026-10-05 13:00:00,2026-10-05 14:00:00,2026-10-07 02:00:00,,37,1,8,2026-10-06 23:39:22
BCD8EAAE60DE05131C2ED3D5CDC8D9F9EDE61C30,2026-10-05 13:00:00,2026-10-05 14:00:00,2026-10-07 02:00:00,,37,1,0,
C56F910222D2C1FAD9FA7A15CA9B403FA0128F9A,2026-10-05 13:00:00,2026-10-05 14:00:00,2026-10-07 02:00:00,,37,1,0,
C79D4FE6EC868612396ED66CDDE7678F8EF466A9,2026-10-05 13:00:00,2026-10-05 14:00:00,2026-10-07 02:00:00,,37,1,0,
CAD88DF1318F952D0981427FF27DAF89DF9DFE4A,2026-10-05 13:00:00,2026-10-05 14:00:00,2026-10-07 02:00:00,,37,1,0,
CBADA5E3187F22256E292AC054C40B71C0D9EE9E,2026-10-05 13:00:00,2026-10-05 14:00:00,2026-10-07 02:00:00,,37,1,0,
CEB20924838A7CCA912BC2E7F83B09982BFD1E9E,2026-10-05 13:00:00,2026-10-05 14:00:00,2026-10-07 02:00:00,,37,1,0,
D138382EBA7B84EF8BBC669B0A961AF758AC8FA8,2026-10-05 13:00:00,2026-10-05 14:00:00,2026-10-07 02:00:00,,37,1,0,
D4C4D01625AF1473A8AEABB28CDE7EC8D553C428,2026-10-05 13:00:00,2026-10-05 14:00:00,2026-10-07 02:00:00,,37,1,0,
D54B122BFECA8E9DCD19542D8E01CE7415F7AEAB,2026-10-05 13:00:00,2026-10-05 14:00:00,2026-10-07 02:00:00,,37,1,0,
D54DB93A10CE45B327CE6CFE6717A559CCBEF650,2026-10-05 13:00:00,2026-10-05 14:00:00,2026-10-07 02:00:00,,37,1,0,
D68912EB5A673AEC17958D1E9CA3F0BBB094D1F3,2026-10-05 13:00:00,2026-10-05 14:00:00,2026-10-07 02:00:00,,37,1,0,
D97CDBE58769CCC43AF7CAC66A466A249D35AEFA,2026-10-05 13:00:00,2026-10-05 14:00:00,2026-10-07 02:00:00,,37,1,0,
DA093221F2A70D35774E3B70FE965DB7231E4D05,2026-10-05 13:00:00,2026-10-05 14:00:00,2026-10-07 02:00:00,,37,1,0,
DA9DC2F06B08A07CDCE9BCA40859561618C60492,2026-10-05 13:00:00,2026-10-05 14:00:00,2026-10-07 02:00:00,,37,1,0,
DBC93B0F5225291F5D1EBF2CA4F3F90B879F00F8,2026-10-05 13:00:00,2026-10-05 14:00:00,2026-10-07 02:00:00,,37,1,0,
DD68CED74414FF446E52596462CEDAEF7E66BED7,2026-10-05 13:00:00,2026-10-05 14:00:00,2026-10-07 02:00:00,,37,1,0,
DE3931572AF2F997C3F7F1D432E8CE658E62D775,2026-10-05 13:00:00,2026-10-05 14:00:00,2026-10-07 02:00:00,,37,1,0,
DE3C7369EEA8B844C4E802C3596D177C9EB1A8C0,2026-10-05 13:00:00,2026-10-05 14:00:00,2026-10-07 02:00:00,,37,1,0,
DE8E5C8E672C599ED8FBD24B3FC76D271B698A98,2026-10-05 13:00:00,2026-10-05 14:00:00,2026-10-07 02:00:00,,37,1,0,
E0DBC376BB1E68BD55DADAB9A693D07BA70CFB69,2026-10-05 13:00:00,2026-10-05 14:00:00,2026-10-07 02:00:00,,37,1,0,
E492BA484812A7FED594F2852473876779617E16,2026-10-05 13:00:00,2026-10-05 14:00:00,2026-10-07 02:00:00,,37,1,0,
EB3DA93B6FFFA699C1F2714C9E73FA813BB8F822,2026-10-05 13:00:00,2026-10-05 14:00:00,2026-10-07 02:00:00,,37,1,0,
ECA5D8E2A5F5D084933503CC99D0DE0FA89204AE,2026-10-05 13:00:00,2026-10-05 14:00:00,2026-10-07 02:00:00,,37,1,0,
EF194086B185178E1BF549A8F95DE8C03E2DEBF9,2026-10-05 13:00:00,2026-10-05 14:00:00,2026-10-07 02:00:00,,37,1,0,
F0CD145CF3375338EF5CF385E480A7C4889592EF,2026-10-05 13:00:00,2026-10-05 14:00:00,2026-10-07 02:00:00,,37,1,0,
F47675F352E783C4D0DC15056EB91DCA4F43C0BF,2026-10-05 13:00:00,2026-10-05 14:00:00,2026-10-07 02:00:00,,37,1,0,
F535B35868DD56B38FCBDE3C6F25CCE10962E188,2026-10-05 13:00:00,2026-10-05 14:00:00,2026-10-07 02:00:00,,37,1,0,
FA9F92CB28E2285A589643DDA31448361076D0C7,2026-10-05 13:00:00,2026-10-05 14:00:00,2026-10-07 02:00:00,,37,1,8,2026-10-06 23:41:42
FCFFB365207E97905DEB0B9656E68E45607E6FB6,2026-10-05 13:00:00,2026-10-05 14:00:00,2026-10-07 02:00:00,,37,1,0,
FE2FE038B03311E16BD85C8F0873AB58EEF9E15E,2026-10-05 13:00:00,2026-10-05 14:00:00,2026-10-07 02:00:00,,37,1,0,
FE39F07EBE7870DCE124AB30DF3ABD0700A43F75,2026-10-05 13:00:00,2026-10-05 14:00:00,2026-10-07 02:00:00,,37,1,0,
FEDA854291A94B8CA5BB6920AE100346EBC4E522,2026-10-05 13:00:00,2026-10-05 14:00:00,2026-10-07 02:00:00,,37,1,9,2026-10-06 23:22:28
826C85481CCB8496EC3E67A4A477C24808D74011,2026-10-05 14:00:00,2026-10-05 15:00:00,2026-10-07 02:00:00,,36,1,0,
044428D910C037932A0763BB089769943F6BA648,2026-10-05 15:00:00,2026-10-05 16:00:00,2026-10-07 02:00:00,,35,1,0,
0932F9009DCF32EC60FD52F975318D3F6E8E59F9,2026-10-05 15:00:00,2026-10-05 16:00:00,2026-10-07 02:00:00,,35,1,2,2026-10-05 21:01:03
0CB83F633CFB20692E8A615C7B8E524835E2746E,2026-10-05 15:00:00,2026-10-05 16:00:00,2026-10-07 02:00:00,,35,1,1,2026-10-05 21:01:03
0F3874C18BE50B83939D09AF2F6C362D1FC6C8CD,2026-10-05 15:00:00,2026-10-05 16:00:00,2026-10-07 02:00:00,,35,1,0,
15CA183DC161A0AF6FACDD7A0B6DA84C593E8D09,2026-10-05 15:00:00,2026-10-05 16:00:00,2026-10-07 02:00:00,,35,1,10,2026-10-07 00:23:04
41C106EAEB0B968C5E68927596500DC99B840367,2026-10-05 15:00:00,2026-10-05 16:00:00,2026-10-07 02:00:00,,35,1,0,
43EDB2155B2418CDB260385886E8583BC78973ED,2026-10-05 15:00:00,2026-10-05 16:00:00,2026-10-07 02:00:00,,35,1,1,2026-10-05 21:01:05
4F72DEF09B015E9B6F210597083D95D8A3BC38AD,2026-10-05 15:00:00,2026-10-05 16:00:00,2026-10-07 02:00:00,,35,1,8,2026-10-07 00:20:42
55FFC2C4D01ACEAFE24C4089A615F91B616B865E,2026-10-05 15:00:00,2026-10-05 16:00:00,2026-10-07 02:00:00,,35,1,0,
5B66B1C3023DFC4D579F7196D6D1663CA93BEC99,2026-10-05 15:00:00,2026-10-05 16:00:00,2026-10-07 02:00:00,,35,1,0,
607DD424497FFF47398E684B092C3144DBEB93CD,2026-10-05 15:00:00,2026-10-05 16:00:00,2026-10-07 02:00:00,,35,1,1,2026-10-05 21:01:02
67221DF5B5D86B1C5E872A877BC5665FEAACC562,2026-10-05 15:00:00,2026-10-05 16:00:00,2026-10-07 02:00:00,,35,1,1,2026-10-05 21:01:01
6D7E1E64851F6FC3EB0143204C1EDEF992FAD947,2026-10-05 15:00:00,2026-10-05 16:00:00,2026-10-07 02:00:00,,35,1,0,
8B2CCF2A27D52CEE3DC055C1AD11E3755104F601,2026-10-05 15:00:00,2026-10-05 16:00:00,2026-10-07 02:00:00,,35,1,10,2026-10-07 00:23:04
982FF2DAC80C1454E826B43F8FF003CF2CDC1CD7,2026-10-05 15:00:00,2026-10-05 16:00:00,2026-10-07 02:00:00,,35,1,7,2026-10-07 00:00:42
C6AA7656909FA64A03EFBA40DD294D4BD79AA3E0,2026-10-05 15:00:00,2026-10-05 16:00:00,2026-10-07 02:00:00,,35,1,9,2026-10-07 00:24:04
D76D33B4866F2B61166E007C1DEFFEA82C5F1CDF,2026-10-05 15:00:00,2026-10-05 16:00:00,2026-10-07 02:00:00,,35,1,2,2026-10-05 19:17:07
E1C5E4857CD8E918FA03B1E15F1076D0A235B075,2026-10-05 15:00:00,2026-10-05 16:00:00,2026-10-07 02:00:00,,35,1,2,2026-10-05 19:18:25
EDB75B4ED148C676B65A2631AC35682687F90BE7,2026-10-05 15:00:00,2026-10-05 16:00:00,2026-10-07 02:00:00,,35,1,0,
EEF7AB01E5EA74DDA0AA4B691611E49299723B7E,2026-10-05 15:00:00,2026-10-05 16:00:00,2026-10-07 02:00:00,,35,1,10,2026-10-07 00:23:04
F3C86D3E09196BF2A80602A6B2398620610A54D1,2026-10-05 15:00:00,2026-10-05 16:00:00,2026-10-07 02:00:00,,35,1,0,
F507D9EEC750FCE6020EF8450D9A25DBE7ADA92A,2026-10-05 15:00:00,2026-10-05 16:00:00,2026-10-07 02:00:00,,35,1,2,2026-10-05 21:01:03
0A11C7546A1332412D1EBD13BD4C3D6A6644D7E0,2026-10-05 16:00:00,2026-10-05 17:00:00,2026-10-07 02:00:00,,34,1,9,2026-10-06 22:45:11
0AE156113CAF79C28EDF599F55FABDE03D5416DC,2026-10-05 16:00:00,2026-10-05 17:00:00,2026-10-07 02:00:00,,34,1,9,2026-10-07 00:09:38
0CADF9650BE6F3CB6A09F29D8B91250D93DD91E6,2026-10-05 16:00:00,2026-10-05 17:00:00,2026-10-07 02:00:00,,34,1,9,2026-10-06 23:20:08
1322EE47D35541471D3A00F30FFF2EE7585E5B52,2026-10-05 16:00:00,2026-10-05 17:00:00,2026-10-07 02:00:00,,34,1,9,2026-10-06 22:48:29
2325905203E9CFB5206D6811315EB5ED57AF97BD,2026-10-05 16:00:00,2026-10-05 17:00:00,2026-10-07 02:00:00,,34,1,9,2026-10-06 23:19:00
292FCACE773DC259B799914A23BE65A6A6178E8F,2026-10-05 16:00:00,2026-10-05 17:00:00,2026-10-07 02:00:00,,34,1,10,2026-10-07 01:13:17
2B4D5AA9997D4DDFF02BC52E173CF0C8FFFD1B9C,2026-10-05 16:00:00,2026-10-05 17:00:00,2026-10-07 02:00:00,,34,1,8,2026-10-06 23:25:37
3A78F9C8C874866F430D31188F7C98322AF2E9AC,2026-10-05 16:00:00,2026-10-05 17:00:00,2026-10-07 02:00:00,,34,1,9,2026-10-06 23:20:39
3B85067588C3F017D5CCF7D8F65B5881B7D4C97C,2026-10-05 16:00:00,2026-10-05 17:00:00,2026-10-07 02:00:00,,34,1,7,2026-10-06 23:25:16
3B953203AF332D8FE1452E1CE7CB50A3B5297DB2,2026-10-05 16:00:00,2026-10-05 17:00:00,2026-10-07 02:00:00,,34,1,9,2026-10-06 22:44:01
3D01CE600B2DC5C719684800E8C6990FE4CB8F9A,2026-10-05 16:00:00,2026-10-05 17:00:00,2026-10-07 02:00:00,,34,1,9,2026-10-06 22:59:30
4134DA299E17ED8F6F5AC6642EF1054BC3C133D3,2026-10-05 16:00:00,2026-10-05 17:00:00,2026-10-07 02:00:00,,34,1,9,2026-10-06 22:13:36
54955A17DDCEBD1BC64A3C4092774EA7FC682CC4,2026-10-05 16:00:00,2026-10-05 17:00:00,2026-10-07 02:00:00,,34,1,9,2026-10-06 23:21:26
5603B5C58114835F2F35FBA5939EE2F25781779C,2026-10-05 16:00:00,2026-10-05 17:00:00,2026-10-07 02:00:00,,34,1,9,2026-10-06 22:45:14
58698C5E518D428DCA4D9780AD8379BB63B57B42,2026-10-05 16:00:00,2026-10-05 17:00:00,2026-10-07 02:00:00,,34,1,9,2026-10-06 22:50:40
5F6FBB9B007F7E5F6E73BCD2012437815E23139F,2026-10-05 16:00:00,2026-10-05 17:00:00,2026-10-07 02:00:00,,34,1,6,2026-10-06 10:40:07
7B67A3AD2395536FD15CB97588A0BC1A015AC267,2026-10-05 16:00:00,2026-10-05 17:00:00,2026-10-07 02:00:00,,34,1,8,2026-10-06 22:54:02
7BC58F5CDC4791F10E94D75E6A5AD1B9D084C963,2026-10-05 16:00:00,2026-10-05 17:00:00,2026-10-07 02:00:00,,34,1,7,2026-10-06 23:34:16
91D9FFB5030F645818505EF983AF8AA4EE2D00A7,2026-10-05 16:00:00,2026-10-05 17:00:00,2026-10-07 02:00:00,,34,1,9,2026-10-06 22:54:42
92A7F611B06A647CF6ADF1ACEAD7F12D83A2C1ED,2026-10-05 16:00:00,2026-10-05 17:00:00,2026-10-07 02:00:00,,34,1,9,2026-10-06 23:20:23
93D3B5088A6813F679A426323AE0125FB4FE7728,2026-10-05 16:00:00,2026-10-05 17:00:00,2026-10-07 02:00:00,,34,1,9,2026-10-06 22:35:53
95AA4899FA8F312323C2628B2AFD45EF7D6005C7,2026-10-05 16:00:00,2026-10-05 17:00:00,2026-10-07 02:00:00,,34,1,7,2026-10-06 23:27:35
9BB108761BB27E8A87CD6677DC69DE6EB2B3BCFA,2026-10-05 16:00:00,2026-10-05 17:00:00,2026-10-07 02:00:00,,34,1,9,2026-10-06 22:57:12
A066E7983758C7CC0097E16ACF4F7B71BAFA44E9,2026-10-05 16:00:00,2026-10-05 17:00:00,2026-10-07 02:00:00,,34,1,2,2026-10-05 22:18:20
BC7206F673869BC4DC5687E8BAA2BE96C289B4E4,2026-10-05 16:00:00,2026-10-05 17:00:00,2026-10-07 02:00:00,,34,1,9,2026-10-06 22:58:55
D14A2CAC084BF7CF95122E5A401E9F64D46A5706,2026-10-05 16:00:00,2026-10-05 17:00:00,2026-10-07 02:00:00,,34,1,9,2026-10-06 22:50:02
E0999C5F42D12204AA8038653DBACDCE1F40E7FF,2026-10-05 16:00:00,2026-10-05 17:00:00,2026-10-07 02:00:00,,34,1,9,2026-10-06 22:40:12
E207721091F48D6A02A2F8F0BFF438A714279B81,2026-10-05 16:00:00,2026-10-05 17:00:00,2026-10-07 02:00:00,,34,1,9,2026-10-06 23:16:38
F2F423F89D58D8638C63A76C093BB11151C8B5D4,2026-10-05 16:00:00,2026-10-05 17:00:00,2026-10-07 02:00:00,,34,1,7,2026-10-07 00:14:42
FA00F6FFADB6701B9A1273BADEC2999270E2FC82,2026-10-05 16:00:00,2026-10-05 17:00:00,2026-10-07 02:00:00,,34,1,2,2026-10-05 19:21:16
FC088734EA8D7E6347D527815202B47830997614,2026-10-05 16:00:00,2026-10-05 17:00:00,2026-10-07 02:00:00,,34,1,10,2026-10-07 00:39:34
FDBEAC98530F2A4CF7FDF164695A93F6AC15BA18,2026-10-05 16:00:00,2026-10-05 17:00:00,2026-10-07 02:00:00,,34,1,9,2026-10-06 22:34:38
