valid_after,authority,known_flags,n_entries,file
2026-10-07 02:00:00,bastet,Authority Exit Fast Guard HSDir MiddleOnly Running Stable StaleDesc Sybil V2Dir Valid,9408,2026-10-07-02-00-00-vote-27102BC123E7AF1D4741AE047E160C91ADC76B21-A4611A4AC4E1D6A15FCCBDDCB0958024F6F0308B
2026-10-07 02:00:00,dannenberg,Authority Exit Fast Guard HSDir MiddleOnly Running Stable StaleDesc Sybil V2Dir Valid,9489,2026-10-07-02-00-00-vote-0232AF901C31A04EE9848595AF9BB7620D4C5B2E-6A6EBA127F05132317C6F823A12D8305F591F87C
2026-10-07 02:00:00,dizum,Authority Exit Fast Guard HSDir MiddleOnly Running Stable StaleDesc Sybil V2Dir Valid,9496,2026-10-07-02-00-00-vote-E8A9C45EDE6D711294FADF8E7951F4DE6CA56B58-A71F02579CFE1F9F83826F981AD72B2C8F04F02D
2026-10-07 02:00:00,faravahar,Authority BadExit Exit Fast Guard HSDir MiddleOnly Running Stable StaleDesc Sybil V2Dir Valid,9407,2026-10-07-02-00-00-vote-70849B868D606BAECFB6128C5E3D782029AA394F-96016A5C381194DC8C09F5623F7165A3923F6CDD
2026-10-07 02:00:00,gabelmoo,Authority BadExit Exit Fast Guard HSDir MiddleOnly Running Stable StaleDesc Sybil V2Dir Valid,9415,2026-10-07-02-00-00-vote-ED03BB616EB2F60BEC80151114BB25CEF515B226-00F94E66B136CAF2812E6B3471A3A61C7C5EFC2A
2026-10-07 02:00:00,longclaw,Authority BadExit Exit Fast Guard HSDir MiddleOnly Running Stable StaleDesc Sybil V2Dir Valid,9413,2026-10-07-02-00-00-vote-23D15D965BC35114467363C165C4F724B64B4F66-78149CA0B6733FBEE6622F4F2566B2BC8DB03B20
2026-10-07 02:00:00,maatuska,Authority Exit Fast Guard HSDir MiddleOnly Running Stable StaleDesc Sybil V2Dir Valid,9414,2026-10-07-02-00-00-vote-49015F787433103580E3B66A1707A00E60F2D15B-91E044119D56C6D96B43927E294715546A8AD32C
2026-10-07 02:00:00,moria1,Authority BadExit Exit Fast Guard HSDir MiddleOnly Running Stable StaleDesc Sybil V2Dir Valid,9437,2026-10-07-02-00-00-vote-F533C81CEF0BC0267857C99B2F471ADF249FA232-1667FBAED8110DE0F439DFABA789259104EC7D58
2026-10-07 02:00:00,tor26,Authority BadExit Exit Fast Guard HSDir MiddleOnly Running Stable StaleDesc Sybil V2Dir Valid,9485,2026-10-07-02-00-00-vote-2F3DF9CA0E5D36F2685A2DA67184EB8DCB8CBA8C-38B62BC192F757BA3D524079C8C424252028BE05
2026-10-07 03:00:00,bastet,Authority Exit Fast Guard HSDir MiddleOnly Running Stable StaleDesc Sybil V2Dir Valid,9411,2026-10-07-03-00-00-vote-27102BC123E7AF1D4741AE047E160C91ADC76B21-13BED97B1F5FDF9E168D207E67B08E23DB1E6233
2026-10-07 03:00:00,dannenberg,Authority Exit Fast Guard HSDir MiddleOnly Running Stable StaleDesc Sybil V2Dir Valid,9492,2026-10-07-03-00-00-vote-0232AF901C31A04EE9848595AF9BB7620D4C5B2E-1B7AD158AAEABFEA274B1FC5D2CFB5ADDA7295F1
2026-10-07 03:00:00,dizum,Authority Exit Fast Guard HSDir MiddleOnly Running Stable StaleDesc Sybil V2Dir Valid,9499,2026-10-07-03-00-00-vote-E8A9C45EDE6D711294FADF8E7951F4DE6CA56B58-A4D1737C71E8910248419B9BB1DF35801B8D5E07
2026-10-07 03:00:00,faravahar,Authority BadExit Exit Fast Guard HSDir MiddleOnly Running Stable StaleDesc Sybil V2Dir Valid,9410,2026-10-07-03-00-00-vote-70849B868D606BAECFB6128C5E3D782029AA394F-11303708FF5A2FD7F8A28ED7AC68290CA91CDD6A
2026-10-07 03:00:00,gabelmoo,Authority BadExit Exit Fast Guard HSDir MiddleOnly Running Stable StaleDesc Sybil V2Dir Valid,9418,2026-10-07-03-00-00-vote-ED03BB616EB2F60BEC80151114BB25CEF515B226-DD462301CCC4660FDCE9618ED87FA4341DF28584
2026-10-07 03:00:00,longclaw,Authority BadExit Exit Fast Guard HSDir MiddleOnly Running Stable StaleDesc Sybil V2Dir Valid,9416,2026-10-07-03-00-00-vote-23D15D965BC35114467363C165C4F724B64B4F66-B34AC906897BA435A00C5D485A6F323ACDA0FFF0
2026-10-07 03:00:00,maatuska,Authority Exit Fast Guard HSDir MiddleOnly Running Stable StaleDesc Sybil V2Dir Valid,9417,2026-10-07-03-00-00-vote-49015F787433103580E3B66A1707A00E60F2D15B-5D4FDC2DA18B9D709A8D3F92286DFF1143C2505A
2026-10-07 03:00:00,moria1,Authority BadExit Exit Fast Guard HSDir MiddleOnly Running Stable StaleDesc Sybil V2Dir Valid,9440,2026-10-07-03-00-00-vote-F533C81CEF0BC0267857C99B2F471ADF249FA232-90A76A8B20F16E7094AACC7A39A69E4CABE73EA8
2026-10-07 03:00:00,tor26,Authority BadExit Exit Fast Guard HSDir MiddleOnly Running Stable StaleDesc Sybil V2Dir Valid,9488,2026-10-07-03-00-00-vote-2F3DF9CA0E5D36F2685A2DA67184EB8DCB8CBA8C-86B8D970F45CA8691F307897C495643A5439E865
2026-10-07 04:00:00,bastet,Authority Exit Fast Guard HSDir MiddleOnly Running Stable StaleDesc Sybil V2Dir Valid,9412,2026-10-07-04-00-00-vote-27102BC123E7AF1D4741AE047E160C91ADC76B21-EB99119FABE369E5F1B81CDBCBD9094F2A64FB05
2026-10-07 04:00:00,dannenberg,Authority Exit Fast Guard HSDir MiddleOnly Running Stable StaleDesc Sybil V2Dir Valid,9493,2026-10-07-04-00-00-vote-0232AF901C31A04EE9848595AF9BB7620D4C5B2E-2D4AABCC6A6D464CD7977E58615D0B24E3F2F5DE
2026-10-07 04:00:00,dizum,Authority Exit Fast Guard HSDir MiddleOnly Running Stable StaleDesc Sybil V2Dir Valid,9500,2026-10-07-04-00-00-vote-E8A9C45EDE6D711294FADF8E7951F4DE6CA56B58-473E43CD5DFA197576284B9F6891922E566102D0
2026-10-07 04:00:00,faravahar,Authority BadExit Exit Fast Guard HSDir MiddleOnly Running Stable StaleDesc Sybil V2Dir Valid,9411,2026-10-07-04-00-00-vote-70849B868D606BAECFB6128C5E3D782029AA394F-07F052296F22F4A7F2E6BA2F468651AC3EBAFC67
2026-10-07 04:00:00,gabelmoo,Authority BadExit Exit Fast Guard HSDir MiddleOnly Running Stable StaleDesc Sybil V2Dir Valid,9419,2026-10-07-04-00-00-vote-ED03BB616EB2F60BEC80151114BB25CEF515B226-51ABDA44D392EE7FF3977B385877424D629E0F3D
2026-10-07 04:00:00,longclaw,Authority BadExit Exit Fast Guard HSDir MiddleOnly Running Stable StaleDesc Sybil V2Dir Valid,9417,2026-10-07-04-00-00-vote-23D15D965BC35114467363C165C4F724B64B4F66-DAD6FCFB109628465E19DDECE4AD076569CE3D39
2026-10-07 04:00:00,maatuska,Authority Exit Fast Guard HSDir MiddleOnly Running Stable StaleDesc Sybil V2Dir Valid,9418,2026-10-07-04-00-00-vote-49015F787433103580E3B66A1707A00E60F2D15B-99DE9EBB25AC195CD03767526BF924EDF65BD7F8
2026-10-07 04:00:00,moria1,Authority BadExit Exit Fast Guard HSDir MiddleOnly Running Stable StaleDesc Sybil V2Dir Valid,9441,2026-10-07-04-00-00-vote-F533C81CEF0BC0267857C99B2F471ADF249FA232-BC88A117752B112F5034BCD8F56E7BCDE07F224A
2026-10-07 04:00:00,tor26,Authority BadExit Exit Fast Guard HSDir MiddleOnly Running Stable StaleDesc Sybil V2Dir Valid,9489,2026-10-07-04-00-00-vote-2F3DF9CA0E5D36F2685A2DA67184EB8DCB8CBA8C-AB59BC998442A2A8C89D3C16BF6448DB1F7A6517
2026-10-07 05:00:00,bastet,Authority Exit Fast Guard HSDir MiddleOnly Running Stable StaleDesc Sybil V2Dir Valid,9413,2026-10-07-05-00-00-vote-27102BC123E7AF1D4741AE047E160C91ADC76B21-8447F6F505B6EB47EB665F519F135AE3E453E45D
2026-10-07 05:00:00,dannenberg,Authority Exit Fast Guard HSDir MiddleOnly Running Stable StaleDesc Sybil V2Dir Valid,9494,2026-10-07-05-00-00-vote-0232AF901C31A04EE9848595AF9BB7620D4C5B2E-144EF798C5651C4E6FF7B29B22CA9FD3ED927435
2026-10-07 05:00:00,dizum,Authority Exit Fast Guard HSDir MiddleOnly Running Stable StaleDesc Sybil V2Dir Valid,9501,2026-10-07-05-00-00-vote-E8A9C45EDE6D711294FADF8E7951F4DE6CA56B58-90C801C80889AC7C3409F55A0C1C703BFEC1481F
2026-10-07 05:00:00,faravahar,Authority BadExit Exit Fast Guard HSDir MiddleOnly Running Stable StaleDesc Sybil V2Dir Valid,9412,2026-10-07-05-00-00-vote-70849B868D606BAECFB6128C5E3D782029AA394F-711EBBAED2B90B5BB649EE0D9A3E6D0FBDB2A06C
2026-10-07 05:00:00,gabelmoo,Authority BadExit Exit Fast Guard HSDir MiddleOnly Running Stable StaleDesc Sybil V2Dir Valid,9419,2026-10-07-05-00-00-vote-ED03BB616EB2F60BEC80151114BB25CEF515B226-BEEF29D0153AAE0D0FC25FE4F9DBD6BD2E502F04
2026-10-07 05:00:00,longclaw,Authority BadExit Exit Fast Guard HSDir MiddleOnly Running Stable StaleDesc Sybil V2Dir Valid,9417,2026-10-07-05-00-00-vote-23D15D965BC35114467363C165C4F724B64B4F66-2C1112F4F34BB7B1C2944015CAE5D7322F34C7AC
2026-10-07 05:00:00,maatuska,Authority Exit Fast Guard HSDir MiddleOnly Stable StaleDesc Sybil V2Dir Valid,9421,2026-10-07-05-00-00-vote-49015F787433103580E3B66A1707A00E60F2D15B-9B92492EFDF23AE95E503A0607ED12C283F98E25
2026-10-07 05:00:00,moria1,Authority BadExit Exit Fast Guard HSDir MiddleOnly Running Stable StaleDesc Sybil V2Dir Valid,9442,2026-10-07-05-00-00-vote-F533C81CEF0BC0267857C99B2F471ADF249FA232-D5CBE7E3C3987E94304722CBDBE92850123F4AA3
2026-10-07 05:00:00,tor26,Authority BadExit Exit Fast Guard HSDir MiddleOnly Running Stable StaleDesc Sybil V2Dir Valid,9490,2026-10-07-05-00-00-vote-2F3DF9CA0E5D36F2685A2DA67184EB8DCB8CBA8C-3E80BCCDFE3E1F917F22D3CE7AA2465FAB99A930
2026-10-07 06:00:00,bastet,Authority Exit Fast Guard HSDir MiddleOnly Running Stable StaleDesc Sybil V2Dir Valid,9416,2026-10-07-06-00-00-vote-27102BC123E7AF1D4741AE047E160C91ADC76B21-D9F5AF061D440FFFA03592503C9B7D6B28157A2E
2026-10-07 06:00:00,dannenberg,Authority Exit Fast Guard HSDir MiddleOnly Running Stable StaleDesc Sybil V2Dir Valid,9499,2026-10-07-06-00-00-vote-0232AF901C31A04EE9848595AF9BB7620D4C5B2E-9816A440B486CE92AB98C28F383B08F36A77655C
2026-10-07 06:00:00,dizum,Authority Exit Fast Guard HSDir MiddleOnly Running Stable StaleDesc Sybil V2Dir Valid,9501,2026-10-07-06-00-00-vote-E8A9C45EDE6D711294FADF8E7951F4DE6CA56B58-FBAAA3C062689256C1E44414DA64BE5BBC4F4EBE
2026-10-07 06:00:00,faravahar,Authority BadExit Exit Fast Guard HSDir MiddleOnly Running Stable StaleDesc Sybil V2Dir Valid,9414,2026-10-07-06-00-00-vote-70849B868D606BAECFB6128C5E3D782029AA394F-FC159F14BD402B3B9F782F12A85EC3581C5FF779
2026-10-07 06:00:00,gabelmoo,Authority BadExit Exit Fast Guard HSDir MiddleOnly Running Stable StaleDesc Sybil V2Dir Valid,9419,2026-10-07-06-00-00-vote-ED03BB616EB2F60BEC80151114BB25CEF515B226-F44B5F9F999596838A4263E45AA83E5AB59D4991
2026-10-07 06:00:00,longclaw,Authority BadExit Exit Fast Guard HSDir MiddleOnly Running Stable StaleDesc Sybil V2Dir Valid,9419,2026-10-07-06-00-00-vote-23D15D965BC35114467363C165C4F724B64B4F66-D6B793341F8D6EA34978DD8418F1AA189C7D289D
2026-10-07 06:00:00,maatuska,Authority Exit Fast Guard HSDir MiddleOnly Running Stable StaleDesc Sybil V2Dir Valid,9421,2026-10-07-06-00-00-vote-49015F787433103580E3B66A1707A00E60F2D15B-16EEE8E47BDEF69BA984C6257779BCC1E43336AF
2026-10-07 06:00:00,moria1,Authority BadExit Exit Fast Guard HSDir MiddleOnly Running Stable StaleDesc Sybil V2Dir Valid,9445,2026-10-07-06-00-00-vote-F533C81CEF0BC0267857C99B2F471ADF249FA232-28F872CE34CE397C2D858700B075783E459ED59F
2026-10-07 06:00:00,tor26,Authority BadExit Exit Fast Guard HSDir MiddleOnly Running Stable StaleDesc Sybil V2Dir Valid,9490,2026-10-07-06-00-00-vote-2F3DF9CA0E5D36F2685A2DA67184EB8DCB8CBA8C-E255EFCFADA41D94052CBF3A52A05B82CDAE8095
2026-10-07 07:00:00,bastet,Authority Exit Fast Guard HSDir MiddleOnly Running Stable StaleDesc Sybil V2Dir Valid,9418,2026-10-07-07-00-00-vote-27102BC123E7AF1D4741AE047E160C91ADC76B21-94A5D7ED428F951A302E37B78307DCD4C6402132
2026-10-07 07:00:00,dannenberg,Authority Exit Fast Guard HSDir MiddleOnly Running Stable StaleDesc Sybil V2Dir Valid,9498,2026-10-07-07-00-00-vote-0232AF901C31A04EE9848595AF9BB7620D4C5B2E-16B25185192A40EAA4AE9D2A69E30562FD76A8F5
2026-10-07 07:00:00,dizum,Authority Exit Fast Guard HSDir MiddleOnly Running Stable StaleDesc Sybil V2Dir Valid,9500,2026-10-07-07-00-00-vote-E8A9C45EDE6D711294FADF8E7951F4DE6CA56B58-7412C7B02C3EB44533C27D22C84EED63059F6430
2026-10-07 07:00:00,faravahar,Authority BadExit Exit Fast Guard HSDir MiddleOnly Running Stable StaleDesc Sybil V2Dir Valid,9414,2026-10-07-07-00-00-vote-70849B868D606BAECFB6128C5E3D782029AA394F-CF57428EFA1472C927571AB9B102BD5290EF5761
2026-10-07 07:00:00,gabelmoo,Authority BadExit Exit Fast Guard HSDir MiddleOnly Running Stable StaleDesc Sybil V2Dir Valid,9418,2026-10-07-07-00-00-vote-ED03BB616EB2F60BEC80151114BB25CEF515B226-20987EB11D673FF8695688C460A6AF212D7E8706
2026-10-07 07:00:00,longclaw,Authority BadExit Exit Fast Guard HSDir MiddleOnly Running Stable StaleDesc Sybil V2Dir Valid,9418,2026-10-07-07-00-00-vote-23D15D965BC35114467363C165C4F724B64B4F66-665D7C14B168E5F38120F304F4B7A8BFE1705E95
2026-10-07 07:00:00,maatuska,Authority Exit Fast Guard HSDir MiddleOnly Running Stable StaleDesc Sybil V2Dir Valid,9420,2026-10-07-07-00-00-vote-49015F787433103580E3B66A1707A00E60F2D15B-E4788C72D5F547EB873837C3548E6CEC58239C6E
2026-10-07 07:00:00,moria1,Authority BadExit Exit Fast Guard HSDir MiddleOnly Running Stable StaleDesc Sybil V2Dir Valid,9447,2026-10-07-07-00-00-vote-F533C81CEF0BC0267857C99B2F471ADF249FA232-EBFB02B7233EF7F2ADD4CDCD32641C5C8CC16F6B
2026-10-07 07:00:00,tor26,Authority BadExit Exit Fast Guard HSDir MiddleOnly Running Stable StaleDesc Sybil V2Dir Valid,9489,2026-10-07-07-00-00-vote-2F3DF9CA0E5D36F2685A2DA67184EB8DCB8CBA8C-BAD3C05A580EC4DF372BB425670B727AC76F1282
2026-10-07 08:00:00,bastet,Authority Exit Fast Guard HSDir MiddleOnly Running Stable StaleDesc Sybil V2Dir Valid,9418,2026-10-07-08-00-00-vote-27102BC123E7AF1D4741AE047E160C91ADC76B21-20E3D9E25173D6C6E51F4CC58E955745FE468AFC
2026-10-07 08:00:00,dannenberg,Authority Exit Fast Guard HSDir MiddleOnly Running Stable StaleDesc Sybil V2Dir Valid,9499,2026-10-07-08-00-00-vote-0232AF901C31A04EE9848595AF9BB7620D4C5B2E-AB5CD4AB9579DDA2180BC44BC81FAABC5B5450AB
2026-10-07 08:00:00,dizum,Authority Exit Fast Guard HSDir MiddleOnly Running Stable StaleDesc Sybil V2Dir Valid,9500,2026-10-07-08-00-00-vote-E8A9C45EDE6D711294FADF8E7951F4DE6CA56B58-32ACACFA114DCFF0008F03D5FB962EBA7F4AC4A2
2026-10-07 08:00:00,faravahar,Authority BadExit Exit Fast Guard HSDir MiddleOnly Running Stable StaleDesc Sybil V2Dir Valid,9415,2026-10-07-08-00-00-vote-70849B868D606BAECFB6128C5E3D782029AA394F-5ED724020DDD364E161A76EAD4A5B898DD9DDA1A
2026-10-07 08:00:00,gabelmoo,Authority BadExit Exit Fast Guard HSDir MiddleOnly Running Stable StaleDesc Sybil V2Dir Valid,9418,2026-10-07-08-00-00-vote-ED03BB616EB2F60BEC80151114BB25CEF515B226-4EE427DC0E263BE557ED5891BFD36986A6FC4D2F
2026-10-07 08:00:00,longclaw,Authority BadExit Exit Fast Guard HSDir MiddleOnly Running Stable StaleDesc Sybil V2Dir Valid,9418,2026-10-07-08-00-00-vote-23D15D965BC35114467363C165C4F724B64B4F66-2AE63F55EEC277739279893A5620E3DEBD0A1658
2026-10-07 08:00:00,maatuska,Authority Exit Fast Guard HSDir MiddleOnly Running Stable StaleDesc Sybil V2Dir Valid,9420,2026-10-07-08-00-00-vote-49015F787433103580E3B66A1707A00E60F2D15B-4E278EC827F3FBA3B88A6A4D8EC928C53C531F64
2026-10-07 08:00:00,moria1,Authority BadExit Exit Fast Guard HSDir MiddleOnly Running Stable StaleDesc Sybil V2Dir Valid,9446,2026-10-07-08-00-00-vote-F533C81CEF0BC0267857C99B2F471ADF249FA232-E7CA692FF564809FDDE34583E35D651014D25271
2026-10-07 08:00:00,tor26,Authority BadExit Exit Fast Guard HSDir MiddleOnly Running Stable StaleDesc Sybil V2Dir Valid,9489,2026-10-07-08-00-00-vote-2F3DF9CA0E5D36F2685A2DA67184EB8DCB8CBA8C-67B2F1EF4A20A511469FD35CF1A1506D61F4A1AD
2026-10-07 09:00:00,bastet,Authority Exit Fast Guard HSDir MiddleOnly Running Stable StaleDesc Sybil V2Dir Valid,9419,2026-10-07-09-00-00-vote-27102BC123E7AF1D4741AE047E160C91ADC76B21-4A4B8615A3F06F7951B211AB1719A558FB9ABAC4
2026-10-07 09:00:00,dannenberg,Authority Exit Fast Guard HSDir MiddleOnly Running Stable StaleDesc Sybil V2Dir Valid,9501,2026-10-07-09-00-00-vote-0232AF901C31A04EE9848595AF9BB7620D4C5B2E-D304EC8D9E2ADB0927F76BA7438CCF7D80AF63C3
2026-10-07 09:00:00,dizum,Authority Exit Fast Guard HSDir MiddleOnly Running Stable StaleDesc Sybil V2Dir Valid,9501,2026-10-07-09-00-00-vote-E8A9C45EDE6D711294FADF8E7951F4DE6CA56B58-FB668AB94807D281BB019D9A62B2A1EAC44B2599
2026-10-07 09:00:00,faravahar,Authority BadExit Exit Fast Guard HSDir MiddleOnly Running Stable StaleDesc Sybil V2Dir Valid,9417,2026-10-07-09-00-00-vote-70849B868D606BAECFB6128C5E3D782029AA394F-3A5F9B7E0DC1F8EF02FDEE95C7DF054759B0AED4
2026-10-07 09:00:00,gabelmoo,Authority BadExit Exit Fast Guard HSDir MiddleOnly Running Stable StaleDesc Sybil V2Dir Valid,9420,2026-10-07-09-00-00-vote-ED03BB616EB2F60BEC80151114BB25CEF515B226-8CA9E1695A1C91802A2A7CD0798A5BF346A0D61B
2026-10-07 09:00:00,longclaw,Authority BadExit Exit Fast Guard HSDir MiddleOnly Running Stable StaleDesc Sybil V2Dir Valid,9420,2026-10-07-09-00-00-vote-23D15D965BC35114467363C165C4F724B64B4F66-7696B719B6D93ECC378E25E35BE851BE4EA3B912
2026-10-07 09:00:00,maatuska,Authority Exit Fast Guard HSDir MiddleOnly Running Stable StaleDesc Sybil V2Dir Valid,9422,2026-10-07-09-00-00-vote-49015F787433103580E3B66A1707A00E60F2D15B-4FE66E625541CDE968D32934BB197085B5AAB572
2026-10-07 09:00:00,moria1,Authority BadExit Exit Fast Guard HSDir MiddleOnly Running Stable StaleDesc Sybil V2Dir Valid,9449,2026-10-07-09-00-00-vote-F533C81CEF0BC0267857C99B2F471ADF249FA232-0D51A2B2C2D1990AA92EC88D585EF280CDD9C31E
2026-10-07 09:00:00,tor26,Authority BadExit Exit Fast Guard HSDir MiddleOnly Running Stable StaleDesc Sybil V2Dir Valid,9491,2026-10-07-09-00-00-vote-2F3DF9CA0E5D36F2685A2DA67184EB8DCB8CBA8C-631F98C2B647F070A291CEBCCFEB19C60F92F65F
2026-10-07 10:00:00,bastet,Authority Exit Fast Guard HSDir MiddleOnly Running Stable StaleDesc Sybil V2Dir Valid,9419,2026-10-07-10-00-00-vote-27102BC123E7AF1D4741AE047E160C91ADC76B21-B1BD1FF83E7367919CB0D4A604E1FF4F58A06731
2026-10-07 10:00:00,dannenberg,Authority Exit Fast Guard HSDir MiddleOnly Running Stable StaleDesc Sybil V2Dir Valid,9488,2026-10-07-10-00-00-vote-0232AF901C31A04EE9848595AF9BB7620D4C5B2E-04C4C702E40F268FC85AFE8D0627F0152403259F
2026-10-07 10:00:00,dizum,Authority Exit Fast Guard HSDir MiddleOnly Running Stable StaleDesc Sybil V2Dir Valid,9488,2026-10-07-10-00-00-vote-E8A9C45EDE6D711294FADF8E7951F4DE6CA56B58-38B59C613ED25B25A5F1EB2C528DE9B8B8D6CA53
2026-10-07 10:00:00,faravahar,Authority BadExit Exit Fast Guard HSDir MiddleOnly Running Stable StaleDesc Sybil V2Dir Valid,9416,2026-10-07-10-00-00-vote-70849B868D606BAECFB6128C5E3D782029AA394F-4C3249BEF5A8A17480A1107C80A3CFDF5B409CAD
2026-10-07 10:00:00,gabelmoo,Authority BadExit Exit Fast Guard HSDir MiddleOnly Running Stable StaleDesc Sybil V2Dir Valid,9419,2026-10-07-10-00-00-vote-ED03BB616EB2F60BEC80151114BB25CEF515B226-45BA92268878186CD5099BBF1E11B773CB06224B
2026-10-07 10:00:00,longclaw,Authority BadExit Exit Fast Guard HSDir MiddleOnly Running Stable StaleDesc Sybil V2Dir Valid,9419,2026-10-07-10-00-00-vote-23D15D965BC35114467363C165C4F724B64B4F66-BFFCEA67F5BDA726DE9355C708DFB99E026CA4E7
2026-10-07 10:00:00,maatuska,Authority Exit Fast Guard HSDir MiddleOnly Running Stable StaleDesc Sybil V2Dir Valid,9420,2026-10-07-10-00-00-vote-49015F787433103580E3B66A1707A00E60F2D15B-1998723E68ECD73EDBA1A08B74475667AF0A6516
2026-10-07 10:00:00,moria1,Authority BadExit Exit Fast Guard HSDir MiddleOnly Running Stable StaleDesc Sybil V2Dir Valid,9449,2026-10-07-10-00-00-vote-F533C81CEF0BC0267857C99B2F471ADF249FA232-5E1B1EA87BD89FAFCDAF97EAE20F260F7547CAAF
2026-10-07 10:00:00,tor26,Authority BadExit Exit Fast Guard HSDir MiddleOnly Running Stable StaleDesc Sybil V2Dir Valid,9478,2026-10-07-10-00-00-vote-2F3DF9CA0E5D36F2685A2DA67184EB8DCB8CBA8C-C3ED2426E18B333278EB8EEB13C0F0F290F83FD7
2026-10-07 11:00:00,bastet,Authority Exit Fast Guard HSDir MiddleOnly Running Stable StaleDesc Sybil V2Dir Valid,9415,2026-10-07-11-00-00-vote-27102BC123E7AF1D4741AE047E160C91ADC76B21-C03AA25A35031A0EC3AF7A18E057C8AA784A196F
2026-10-07 11:00:00,dannenberg,Authority Exit Fast Guard HSDir MiddleOnly Running Stable StaleDesc Sybil V2Dir Valid,9483,2026-10-07-11-00-00-vote-0232AF901C31A04EE9848595AF9BB7620D4C5B2E-FCC118C45A72EF5021EE95548DC9CCF870F44105
2026-10-07 11:00:00,dizum,Authority Exit Fast Guard HSDir MiddleOnly Running Stable StaleDesc Sybil V2Dir Valid,9484,2026-10-07-11-00-00-vote-E8A9C45EDE6D711294FADF8E7951F4DE6CA56B58-E7FFB3E667C3AAD033DDBA86DC1DB91E1B99FBA7
2026-10-07 11:00:00,faravahar,Authority BadExit Exit Fast Guard HSDir MiddleOnly Running Stable StaleDesc Sybil V2Dir Valid,9413,2026-10-07-11-00-00-vote-70849B868D606BAECFB6128C5E3D782029AA394F-BADF1F7A8A0569D2447D6CE1503D7BEC8C78A7FD
2026-10-07 11:00:00,gabelmoo,Authority BadExit Exit Fast Guard HSDir MiddleOnly Running Stable StaleDesc Sybil V2Dir Valid,9416,2026-10-07-11-00-00-vote-ED03BB616EB2F60BEC80151114BB25CEF515B226-318861E109221E7464E305C0559B26E303211E19
2026-10-07 11:00:00,longclaw,Authority BadExit Exit Fast Guard HSDir MiddleOnly Running Stable StaleDesc Sybil V2Dir Valid,9415,2026-10-07-11-00-00-vote-23D15D965BC35114467363C165C4F724B64B4F66-8F57A19F1C739A01CF4A7F3E32CFCBE1A74425F3
2026-10-07 11:00:00,maatuska,Authority Exit Fast Guard HSDir MiddleOnly Running Stable StaleDesc Sybil V2Dir Valid,9417,2026-10-07-11-00-00-vote-49015F787433103580E3B66A1707A00E60F2D15B-AA9D3C5AF4BF31EE545AE2324E08382A63502D82
2026-10-07 11:00:00,moria1,Authority BadExit Exit Fast Guard HSDir MiddleOnly Running Stable StaleDesc Sybil V2Dir Valid,9445,2026-10-07-11-00-00-vote-F533C81CEF0BC0267857C99B2F471ADF249FA232-7362B200DDE299610140730220E8C3A886FE785F
2026-10-07 11:00:00,tor26,Authority BadExit Exit Fast Guard HSDir MiddleOnly Running Stable StaleDesc Sybil V2Dir Valid,9474,2026-10-07-11-00-00-vote-2F3DF9CA0E5D36F2685A2DA67184EB8DCB8CBA8C-8319FE476EB13712FCAD72A787AD4C6A5A97780F
2026-10-07 12:00:00,bastet,Authority Exit Fast Guard HSDir MiddleOnly Running Stable StaleDesc Sybil V2Dir Valid,9416,2026-10-07-12-00-00-vote-27102BC123E7AF1D4741AE047E160C91ADC76B21-F2CE13B28ED84BD29E5EB2DEF5DE5E02850C2686
2026-10-07 12:00:00,dannenberg,Authority Exit Fast Guard HSDir MiddleOnly Running Stable StaleDesc Sybil V2Dir Valid,9484,2026-10-07-12-00-00-vote-0232AF901C31A04EE9848595AF9BB7620D4C5B2E-BDF890DA0892E76015F3B8127FAD3389B55A3BCA
2026-10-07 12:00:00,dizum,Authority Exit Fast Guard HSDir MiddleOnly Running Stable StaleDesc Sybil V2Dir Valid,9485,2026-10-07-12-00-00-vote-E8A9C45EDE6D711294FADF8E7951F4DE6CA56B58-3167B69494E8942458005A74147C95023BF06075
2026-10-07 12:00:00,faravahar,Authority BadExit Exit Fast Guard HSDir MiddleOnly Running Stable StaleDesc Sybil V2Dir Valid,9414,2026-10-07-12-00-00-vote-70849B868D606BAECFB6128C5E3D782029AA394F-DEBAF2D45248C051ECDEB91E15703768F202C5BB
2026-10-07 12:00:00,gabelmoo,Authority BadExit Exit Fast Guard HSDir MiddleOnly Running Stable StaleDesc Sybil V2Dir Valid,9417,2026-10-07-12-00-00-vote-ED03BB616EB2F60BEC80151114BB25CEF515B226-F9819AA907844B70445E87ECDB88CF0452BD3840
2026-10-07 12:00:00,longclaw,Authority BadExit Exit Fast Guard HSDir MiddleOnly Running Stable StaleDesc Sybil V2Dir Valid,9416,2026-10-07-12-00-00-vote-23D15D965BC35114467363C165C4F724B64B4F66-92A78A30AF6EBBD8B957465B36CF87C6D39C56DA
2026-10-07 12:00:00,maatuska,Authority Exit Fast Guard HSDir MiddleOnly Running Stable StaleDesc Sybil V2Dir Valid,9418,2026-10-07-12-00-00-vote-49015F787433103580E3B66A1707A00E60F2D15B-E0163B8BE54BC451170FCE9EBBE539D3432F9CDF
2026-10-07 12:00:00,moria1,Authority BadExit Exit Fast Guard HSDir MiddleOnly Running Stable StaleDesc Sybil V2Dir Valid,9446,2026-10-07-12-00-00-vote-F533C81CEF0BC0267857C99B2F471ADF249FA232-2B4D4DAE851222690E4565301DE68CF8008A77FA
2026-10-07 12:00:00,tor26,Authority BadExit Exit Fast Guard HSDir MiddleOnly Running Stable StaleDesc Sybil V2Dir Valid,9475,2026-10-07-12-00-00-vote-2F3DF9CA0E5D36F2685A2DA67184EB8DCB8CBA8C-D6E188B8468BC574CBD4FDE331904B0CF0DED7B4
2026-10-07 13:00:00,bastet,Authority Exit Fast Guard HSDir MiddleOnly Running Stable StaleDesc Sybil V2Dir Valid,9411,2026-10-07-13-00-00-vote-27102BC123E7AF1D4741AE047E160C91ADC76B21-300354E07B405089FBBA8AF8983C0F6BA16E5154
2026-10-07 13:00:00,dannenberg,Authority Exit Fast Guard HSDir MiddleOnly Running Stable StaleDesc Sybil V2Dir Valid,9477,2026-10-07-13-00-00-vote-0232AF901C31A04EE9848595AF9BB7620D4C5B2E-4BB4006D411E92BB739B4151A3837D207479D1B2
2026-10-07 13:00:00,dizum,Authority Exit Fast Guard HSDir MiddleOnly Running Stable StaleDesc Sybil V2Dir Valid,9478,2026-10-07-13-00-00-vote-E8A9C45EDE6D711294FADF8E7951F4DE6CA56B58-4A2255DDE91850E17799FDE2CD5104FDB8AC116B
2026-10-07 13:00:00,faravahar,Authority BadExit Exit Fast Guard HSDir MiddleOnly Running Stable StaleDesc Sybil V2Dir Valid,9409,2026-10-07-13-00-00-vote-70849B868D606BAECFB6128C5E3D782029AA394F-41AD1C84AA3909F2DB1DABC4ACA6D6A1B86AAB1A
2026-10-07 13:00:00,gabelmoo,Authority BadExit Exit Fast Guard HSDir MiddleOnly Running Stable StaleDesc Sybil V2Dir Valid,9412,2026-10-07-13-00-00-vote-ED03BB616EB2F60BEC80151114BB25CEF515B226-AEFB0E78BA0002BA81C9B178509BF9D23AE79C3F
2026-10-07 13:00:00,longclaw,Authority BadExit Exit Fast Guard HSDir MiddleOnly Running Stable StaleDesc Sybil V2Dir Valid,9411,2026-10-07-13-00-00-vote-23D15D965BC35114467363C165C4F724B64B4F66-62529564213C59BC60323C3042DCEAC98DC97C8C
2026-10-07 13:00:00,maatuska,Authority Exit Fast Guard HSDir MiddleOnly Running Stable StaleDesc Sybil V2Dir Valid,9413,2026-10-07-13-00-00-vote-49015F787433103580E3B66A1707A00E60F2D15B-ECA0AC7A41CBCE9759B16E311DB47CFE9FA9571F
2026-10-07 13:00:00,moria1,Authority BadExit Exit Fast Guard HSDir MiddleOnly Running Stable StaleDesc Sybil V2Dir Valid,9439,2026-10-07-13-00-00-vote-F533C81CEF0BC0267857C99B2F471ADF249FA232-6E208A658D72DAA0E26DD00CEBD16DDDB6A8AFB6
2026-10-07 13:00:00,tor26,Authority BadExit Exit Fast Guard HSDir MiddleOnly Running Stable StaleDesc Sybil V2Dir Valid,9471,2026-10-07-13-00-00-vote-2F3DF9CA0E5D36F2685A2DA67184EB8DCB8CBA8C-C33233738FE6E65AED667632F7D23D9DCA162BA0
2026-10-07 14:00:00,bastet,Authority Exit Fast Guard HSDir MiddleOnly Running Stable StaleDesc Sybil V2Dir Valid,9404,2026-10-07-14-00-00-vote-27102BC123E7AF1D4741AE047E160C91ADC76B21-76CE212E90F730B79D17665053F90A5E334255BD
2026-10-07 14:00:00,dannenberg,Authority Exit Fast Guard HSDir MiddleOnly Running Stable StaleDesc Sybil V2Dir Valid,9468,2026-10-07-14-00-00-vote-0232AF901C31A04EE9848595AF9BB7620D4C5B2E-5254AAD2CD7AABDCF563541604AA52C2C79140B6
2026-10-07 14:00:00,dizum,Authority Exit Fast Guard HSDir MiddleOnly Running Stable StaleDesc Sybil V2Dir Valid,9470,2026-10-07-14-00-00-vote-E8A9C45EDE6D711294FADF8E7951F4DE6CA56B58-D492724A1CD0B994F7F10BF7CC47AA245B1E74D3
2026-10-07 14:00:00,faravahar,Authority BadExit Exit Fast Guard HSDir MiddleOnly Running Stable StaleDesc Sybil V2Dir Valid,9403,2026-10-07-14-00-00-vote-70849B868D606BAECFB6128C5E3D782029AA394F-1229E3A5A36BE15655257BEC71175BEBAE5860DD
2026-10-07 14:00:00,gabelmoo,Authority BadExit Exit Fast Guard HSDir MiddleOnly Running Stable StaleDesc Sybil V2Dir Valid,9406,2026-10-07-14-00-00-vote-ED03BB616EB2F60BEC80151114BB25CEF515B226-E8D2FCB8911ED29DB52D2327C63A818F00AE61D6
2026-10-07 14:00:00,longclaw,Authority BadExit Exit Fast Guard HSDir MiddleOnly Running Stable StaleDesc Sybil V2Dir Valid,9405,2026-10-07-14-00-00-vote-23D15D965BC35114467363C165C4F724B64B4F66-FB763E78D33831E03C62CFE41E6268B8A2D31BBC
2026-10-07 14:00:00,maatuska,Authority Exit Fast Guard HSDir MiddleOnly Running Stable StaleDesc Sybil V2Dir Valid,9407,2026-10-07-14-00-00-vote-49015F787433103580E3B66A1707A00E60F2D15B-B0F83DD922FE7867533DA7BB017F95A50F8580A0
2026-10-07 14:00:00,moria1,Authority BadExit Exit Fast Guard HSDir MiddleOnly Running Stable StaleDesc Sybil V2Dir Valid,9431,2026-10-07-14-00-00-vote-F533C81CEF0BC0267857C99B2F471ADF249FA232-A82305B6F8A21045A39B2558867E6C4C320D9A39
2026-10-07 14:00:00,tor26,Authority BadExit Exit Fast Guard HSDir MiddleOnly Running Stable StaleDesc Sybil V2Dir Valid,9464,2026-10-07-14-00-00-vote-2F3DF9CA0E5D36F2685A2DA67184EB8DCB8CBA8C-57A6E2C1803E37D34BC2AE189ECBB79898346A5E
2026-10-07 15:00:00,bastet,Authority Exit Fast Guard HSDir MiddleOnly Running Stable StaleDesc Sybil V2Dir Valid,9397,2026-10-07-15-00-00-vote-27102BC123E7AF1D4741AE047E160C91ADC76B21-AC76F4A986BED787445365B96B33D7ECEEDF8CF8
2026-10-07 15:00:00,dannenberg,Authority Exit Fast Guard HSDir MiddleOnly Running Stable StaleDesc Sybil V2Dir Valid,9461,2026-10-07-15-00-00-vote-0232AF901C31A04EE9848595AF9BB7620D4C5B2E-A4B304BA74554F58A8E17C11F26609EBA2C9A0B8
2026-10-07 15:00:00,dizum,Authority Exit Fast Guard HSDir MiddleOnly Running Stable StaleDesc Sybil V2Dir Valid,9463,2026-10-07-15-00-00-vote-E8A9C45EDE6D711294FADF8E7951F4DE6CA56B58-16FF781D1D8D98BBCEF62F8140BD09E120421851
2026-10-07 15:00:00,faravahar,Authority BadExit Exit Fast Guard HSDir MiddleOnly Running Stable StaleDesc Sybil V2Dir Valid,9396,2026-10-07-15-00-00-vote-70849B868D606BAECFB6128C5E3D782029AA394F-F9A0901C1315A8E1D63711260D5845878CF6E00B
2026-10-07 15:00:00,gabelmoo,Authority BadExit Exit Fast Guard HSDir MiddleOnly Running Stable StaleDesc Sybil V2Dir Valid,9399,2026-10-07-15-00-00-vote-ED03BB616EB2F60BEC80151114BB25CEF515B226-F257D14AA3EC9F2EEF8C55562294A164FBD39F6C
2026-10-07 15:00:00,longclaw,Authority BadExit Exit Fast Guard HSDir MiddleOnly Running Stable StaleDesc Sybil V2Dir Valid,9398,2026-10-07-15-00-00-vote-23D15D965BC35114467363C165C4F724B64B4F66-33AC3E0D493ACC61083D53BD277675110EA86F6A
2026-10-07 15:00:00,maatuska,Authority Exit Fast Guard HSDir MiddleOnly Running Stable StaleDesc Sybil V2Dir Valid,9401,2026-10-07-15-00-00-vote-49015F787433103580E3B66A1707A00E60F2D15B-D05ACAE0AED1F177208A0F232685799876A0B77F
2026-10-07 15:00:00,moria1,Authority BadExit Exit Fast Guard HSDir MiddleOnly Running Stable StaleDesc Sybil V2Dir Valid,9425,2026-10-07-15-00-00-vote-F533C81CEF0BC0267857C99B2F471ADF249FA232-4F7D9CCCBEE093DC0F4732DE344BE338E132C372
2026-10-07 15:00:00,tor26,Authority BadExit Exit Fast Guard HSDir MiddleOnly Running Stable StaleDesc Sybil V2Dir Valid,9457,2026-10-07-15-00-00-vote-2F3DF9CA0E5D36F2685A2DA67184EB8DCB8CBA8C-361D25BF1E00A2CD5BBE76442296BBAA4E724A9F
2026-10-07 16:00:00,bastet,Authority Exit Fast Guard HSDir MiddleOnly Running Stable StaleDesc Sybil V2Dir Valid,9389,2026-10-07-16-00-00-vote-27102BC123E7AF1D4741AE047E160C91ADC76B21-DB54A90F41FB5AEAFF8DC4FFD51C7B7B0AB4F8D1
2026-10-07 16:00:00,dannenberg,Authority Exit Fast Guard HSDir MiddleOnly Running Stable StaleDesc Sybil V2Dir Valid,9453,2026-10-07-16-00-00-vote-0232AF901C31A04EE9848595AF9BB7620D4C5B2E-178486F1D81909E76A4996B74422C47DBE56A950
2026-10-07 16:00:00,dizum,Authority Exit Fast Guard HSDir MiddleOnly Running Stable StaleDesc Sybil V2Dir Valid,9455,2026-10-07-16-00-00-vote-E8A9C45EDE6D711294FADF8E7951F4DE6CA56B58-7BBF9C4C6199A5DEACDD943316025E5AFFD46BFE
2026-10-07 16:00:00,faravahar,Authority BadExit Exit Fast Guard HSDir MiddleOnly Running Stable StaleDesc Sybil V2Dir Valid,9388,2026-10-07-16-00-00-vote-70849B868D606BAECFB6128C5E3D782029AA394F-0DE6F8962C8EC40A5FA56B26FCD2C3FC57D81FBB
2026-10-07 16:00:00,gabelmoo,Authority BadExit Exit Fast Guard HSDir MiddleOnly Running Stable StaleDesc Sybil V2Dir Valid,9352,2026-10-07-16-00-00-vote-ED03BB616EB2F60BEC80151114BB25CEF515B226-9F5861E06258F0E55EA2C9F2340A9B2E5D38121C
2026-10-07 16:00:00,longclaw,Authority BadExit Exit Fast Guard HSDir MiddleOnly Running Stable StaleDesc Sybil V2Dir Valid,9390,2026-10-07-16-00-00-vote-23D15D965BC35114467363C165C4F724B64B4F66-E60F05F06756523C5A87282AE0FD93BBBB2B039B
2026-10-07 16:00:00,maatuska,Authority Exit Fast Guard HSDir MiddleOnly Running Stable StaleDesc Sybil V2Dir Valid,9392,2026-10-07-16-00-00-vote-49015F787433103580E3B66A1707A00E60F2D15B-306CB28AAA79127B5B4BB867093976C6ABFD9A1C
2026-10-07 16:00:00,moria1,Authority BadExit Exit Fast Guard HSDir MiddleOnly Running Stable StaleDesc Sybil V2Dir Valid,9416,2026-10-07-16-00-00-vote-F533C81CEF0BC0267857C99B2F471ADF249FA232-3E0000F01A2ED056761928423495D8D7E33C669F
2026-10-07 16:00:00,tor26,Authority BadExit Exit Fast Guard HSDir MiddleOnly Running Stable StaleDesc Sybil V2Dir Valid,9449,2026-10-07-16-00-00-vote-2F3DF9CA0E5D36F2685A2DA67184EB8DCB8CBA8C-D312AAE7B42947040DADA1804286BA1D01F7762E
2026-10-07 17:00:00,bastet,Authority Exit Fast Guard HSDir MiddleOnly Running Stable StaleDesc Sybil V2Dir Valid,9358,2026-10-07-17-00-00-vote-27102BC123E7AF1D4741AE047E160C91ADC76B21-8241B777D0208B0D9479B225002B76821544DD3A
2026-10-07 17:00:00,dannenberg,Authority Exit Fast Guard HSDir MiddleOnly Running Stable StaleDesc Sybil V2Dir Valid,9461,2026-10-07-17-00-00-vote-0232AF901C31A04EE9848595AF9BB7620D4C5B2E-C18D65023B6971D8EBA29298C0A6B0CCA6AEA2F6
2026-10-07 17:00:00,dizum,Authority Exit Fast Guard HSDir MiddleOnly Running Stable StaleDesc Sybil V2Dir Valid,9463,2026-10-07-17-00-00-vote-E8A9C45EDE6D711294FADF8E7951F4DE6CA56B58-21816DC359F321D58AE2A109A126F0FB7B689FB7
2026-10-07 17:00:00,faravahar,Authority BadExit Exit Fast Guard HSDir MiddleOnly Running Stable StaleDesc Sybil V2Dir Valid,9395,2026-10-07-17-00-00-vote-70849B868D606BAECFB6128C5E3D782029AA394F-3D6B16A6CC6836D6A843FA12C5D19917B1300B74
2026-10-07 17:00:00,gabelmoo,Authority BadExit Exit Fast Guard HSDir MiddleOnly Running Stable StaleDesc Sybil V2Dir Valid,9359,2026-10-07-17-00-00-vote-ED03BB616EB2F60BEC80151114BB25CEF515B226-93C967392612F755478A905A0D1E556A43B5B315
2026-10-07 17:00:00,longclaw,Authority BadExit Exit Fast Guard HSDir MiddleOnly Running Stable StaleDesc Sybil V2Dir Valid,9397,2026-10-07-17-00-00-vote-23D15D965BC35114467363C165C4F724B64B4F66-50DA56FAC033A80825E76B453A5F1197A7585A7D
2026-10-07 17:00:00,maatuska,Authority Exit Fast Guard HSDir MiddleOnly Running Stable StaleDesc Sybil V2Dir Valid,9400,2026-10-07-17-00-00-vote-49015F787433103580E3B66A1707A00E60F2D15B-AE408FBA1C6315A5996844E1F783687524AF84A9
2026-10-07 17:00:00,moria1,Authority BadExit Exit Fast Guard HSDir MiddleOnly Running Stable StaleDesc Sybil V2Dir Valid,9384,2026-10-07-17-00-00-vote-F533C81CEF0BC0267857C99B2F471ADF249FA232-17796BBD6C3BF984413FE4482CC08D627B8E3ED9
2026-10-07 17:00:00,tor26,Authority BadExit Exit Fast Guard HSDir MiddleOnly Running Stable StaleDesc Sybil V2Dir Valid,9456,2026-10-07-17-00-00-vote-2F3DF9CA0E5D36F2685A2DA67184EB8DCB8CBA8C-38D3A69EEC21EA0EC8299B8D128DCA5927038034
2026-10-07 18:00:00,bastet,Authority Exit Fast Guard HSDir MiddleOnly Running Stable StaleDesc Sybil V2Dir Valid,9357,2026-10-07-18-00-00-vote-27102BC123E7AF1D4741AE047E160C91ADC76B21-BA681E6155623AEDB78A4DFC0854BEBABFE67BC7
2026-10-07 18:00:00,dannenberg,Authority Exit Fast Guard HSDir MiddleOnly Running Stable StaleDesc Sybil V2Dir Valid,9460,2026-10-07-18-00-00-vote-0232AF901C31A04EE9848595AF9BB7620D4C5B2E-7440AC43C593CAAA2516922A3D62EAEBDEDF2CFF
2026-10-07 18:00:00,dizum,Authority Exit Fast Guard HSDir MiddleOnly Running Stable StaleDesc Sybil V2Dir Valid,9461,2026-10-07-18-00-00-vote-E8A9C45EDE6D711294FADF8E7951F4DE6CA56B58-79EACB529C4787B8A5836D9C861B183572121DAE
2026-10-07 18:00:00,faravahar,Authority BadExit Exit Fast Guard HSDir MiddleOnly Running Stable StaleDesc Sybil V2Dir Valid,9394,2026-10-07-18-00-00-vote-70849B868D606BAECFB6128C5E3D782029AA394F-1B832B41E03EC3C08BB3AE8AC916F85CB1C683FC
2026-10-07 18:00:00,gabelmoo,Authority BadExit Exit Fast Guard HSDir MiddleOnly Running Stable StaleDesc Sybil V2Dir Valid,9357,2026-10-07-18-00-00-vote-ED03BB616EB2F60BEC80151114BB25CEF515B226-6EAB1C61A596854F0D01F14EF9FF25F2CE021F54
2026-10-07 18:00:00,longclaw,Authority BadExit Exit Fast Guard HSDir MiddleOnly Running Stable StaleDesc Sybil V2Dir Valid,9395,2026-10-07-18-00-00-vote-23D15D965BC35114467363C165C4F724B64B4F66-DF0ED08FA59C4B0C91B05EBB0F6CEA3D17C9E6B9
2026-10-07 18:00:00,maatuska,Authority Exit Fast Guard HSDir MiddleOnly Running Stable StaleDesc Sybil V2Dir Valid,9398,2026-10-07-18-00-00-vote-49015F787433103580E3B66A1707A00E60F2D15B-7E051E595A6D28F7AA9D72561F566DA619CED876
2026-10-07 18:00:00,moria1,Authority BadExit Exit Fast Guard HSDir MiddleOnly Running Stable StaleDesc Sybil V2Dir Valid,9385,2026-10-07-18-00-00-vote-F533C81CEF0BC0267857C99B2F471ADF249FA232-6CF52D78698A3E29EE71B67069AE9FAB9364E810
2026-10-07 18:00:00,tor26,Authority BadExit Exit Fast Guard HSDir MiddleOnly Running Stable StaleDesc Sybil V2Dir Valid,9454,2026-10-07-18-00-00-vote-2F3DF9CA0E5D36F2685A2DA67184EB8DCB8CBA8C-66EFC7CDB8E95F088EDB4E99AA2ACE02EDA3152A
2026-10-07 19:00:00,bastet,Authority Exit Fast Guard HSDir MiddleOnly Running Stable StaleDesc Sybil V2Dir Valid,9362,2026-10-07-19-00-00-vote-27102BC123E7AF1D4741AE047E160C91ADC76B21-160BF15EDB46E323B743E357427C95A2C7FA9754
2026-10-07 19:00:00,dannenberg,Authority Exit Fast Guard HSDir MiddleOnly Running Stable StaleDesc Sybil V2Dir Valid,9456,2026-10-07-19-00-00-vote-0232AF901C31A04EE9848595AF9BB7620D4C5B2E-B26118F90B4EA6CAE364DC7B4CDD2D36B79DEE44
2026-10-07 19:00:00,dizum,Authority Exit Fast Guard HSDir MiddleOnly Running Stable StaleDesc Sybil V2Dir Valid,9459,2026-10-07-19-00-00-vote-E8A9C45EDE6D711294FADF8E7951F4DE6CA56B58-A882BF757329E24AA153AD2A1D3806D1AEA6E794
2026-10-07 19:00:00,faravahar,Authority BadExit Exit Fast Guard HSDir MiddleOnly Running Stable StaleDesc Sybil V2Dir Valid,9396,2026-10-07-19-00-00-vote-70849B868D606BAECFB6128C5E3D782029AA394F-83C8A0E7B7DBAB8929982A3E69F467E145FC3E97
2026-10-07 19:00:00,gabelmoo,Authority BadExit Exit Fast Guard HSDir MiddleOnly Running Stable StaleDesc Sybil V2Dir Valid,9361,2026-10-07-19-00-00-vote-ED03BB616EB2F60BEC80151114BB25CEF515B226-F0B53FD1887DFC1BBC36563DB8AD9FD1435DD697
2026-10-07 19:00:00,longclaw,Authority BadExit Exit Fast Guard HSDir MiddleOnly Running Stable StaleDesc Sybil V2Dir Valid,9398,2026-10-07-19-00-00-vote-23D15D965BC35114467363C165C4F724B64B4F66-55EA60D1A7A025C503FAAF06D9DD60FFFB8E6D88
2026-10-07 19:00:00,maatuska,Authority Exit Fast Guard HSDir MiddleOnly Running Stable StaleDesc Sybil V2Dir Valid,9401,2026-10-07-19-00-00-vote-49015F787433103580E3B66A1707A00E60F2D15B-8AC24C1F9A36E636B84B8F01FE2E3BA74B4C9ABF
2026-10-07 19:00:00,moria1,Authority BadExit Exit Fast Guard HSDir MiddleOnly Running Stable StaleDesc Sybil V2Dir Valid,9388,2026-10-07-19-00-00-vote-F533C81CEF0BC0267857C99B2F471ADF249FA232-3B6F91D7BA601BC566A7C8F949ADD00ECFDD8DC1
2026-10-07 19:00:00,tor26,Authority BadExit Exit Fast Guard HSDir MiddleOnly Running Stable StaleDesc Sybil V2Dir Valid,9452,2026-10-07-19-00-00-vote-2F3DF9CA0E5D36F2685A2DA67184EB8DCB8CBA8C-2BA59E33A5F234A591C6025A867959D947B92139
2026-10-07 20:00:00,bastet,Authority Exit Fast Guard HSDir MiddleOnly Running Stable StaleDesc Sybil V2Dir Valid,9358,2026-10-07-20-00-00-vote-27102BC123E7AF1D4741AE047E160C91ADC76B21-6AEB6D2511E12FE0C4E946DF2D1EDE9975E33224
2026-10-07 20:00:00,dannenberg,Authority Exit Fast Guard HSDir MiddleOnly Running Stable StaleDesc Sybil V2Dir Valid,9453,2026-10-07-20-00-00-vote-0232AF901C31A04EE9848595AF9BB7620D4C5B2E-A27CA5B8D4782A42032878DCD7391462C31DF8BA
2026-10-07 20:00:00,dizum,Authority Exit Fast Guard HSDir MiddleOnly Running Stable StaleDesc Sybil V2Dir Valid,9456,2026-10-07-20-00-00-vote-E8A9C45EDE6D711294FADF8E7951F4DE6CA56B58-93CF6998AE3C20F333057D1E780AA5720F5D9346
2026-10-07 20:00:00,faravahar,Authority BadExit Exit Fast Guard HSDir MiddleOnly Running Stable StaleDesc Sybil V2Dir Valid,9354,2026-10-07-20-00-00-vote-70849B868D606BAECFB6128C5E3D782029AA394F-05DAA9A191CDBF2336B3F547ACE3CD538166BC73
2026-10-07 20:00:00,gabelmoo,Authority BadExit Exit Fast Guard HSDir MiddleOnly Running Stable StaleDesc Sybil V2Dir Valid,9358,2026-10-07-20-00-00-vote-ED03BB616EB2F60BEC80151114BB25CEF515B226-FE8F9FB148D63507180B431D9AA3529953B74767
2026-10-07 20:00:00,longclaw,Authority BadExit Exit Fast Guard HSDir MiddleOnly Running Stable StaleDesc Sybil V2Dir Valid,9395,2026-10-07-20-00-00-vote-23D15D965BC35114467363C165C4F724B64B4F66-E758B317365378182675C99EA38871AB46EBEA55
2026-10-07 20:00:00,maatuska,Authority Exit Fast Guard HSDir MiddleOnly Running Stable StaleDesc Sybil V2Dir Valid,9398,2026-10-07-20-00-00-vote-49015F787433103580E3B66A1707A00E60F2D15B-DEB3D655FA3E2E5D926597A212A94A29BEF847A5
2026-10-07 20:00:00,moria1,Authority BadExit Exit Fast Guard HSDir MiddleOnly Running Stable StaleDesc Sybil V2Dir Valid,9385,2026-10-07-20-00-00-vote-F533C81CEF0BC0267857C99B2F471ADF249FA232-0AF9ED70C7DEA9AD643B1A231319BF8C12DFBBCF
2026-10-07 20:00:00,tor26,Authority BadExit Exit Fast Guard HSDir MiddleOnly Running Stable StaleDesc Sybil V2Dir Valid,9449,2026-10-07-20-00-00-vote-2F3DF9CA0E5D36F2685A2DA67184EB8DCB8CBA8C-A5129E53FD9FC7ABEF515053E363C9F48F42BE05
2026-10-07 21:00:00,bastet,Authority Exit Fast Guard HSDir MiddleOnly Running Stable StaleDesc Sybil V2Dir Valid,9360,2026-10-07-21-00-00-vote-27102BC123E7AF1D4741AE047E160C91ADC76B21-36A96E3812E015C87C23B406F34629014A11A876
2026-10-07 21:00:00,dannenberg,Authority Exit Fast Guard HSDir MiddleOnly Running Stable StaleDesc Sybil V2Dir Valid,9456,2026-10-07-21-00-00-vote-0232AF901C31A04EE9848595AF9BB7620D4C5B2E-7B2F8E9F2C8E33B706DFCDA9DAD3591483CE9969
2026-10-07 21:00:00,dizum,Authority Exit Fast Guard HSDir MiddleOnly Running Stable StaleDesc Sybil V2Dir Valid,9457,2026-10-07-21-00-00-vote-E8A9C45EDE6D711294FADF8E7951F4DE6CA56B58-A86147E69E11BC9D84C4B6C60BF96ECEC58F9077
2026-10-07 21:00:00,faravahar,Authority BadExit Exit Fast Guard HSDir MiddleOnly Running Stable StaleDesc Sybil V2Dir Valid,9358,2026-10-07-21-00-00-vote-70849B868D606BAECFB6128C5E3D782029AA394F-9615FC9E2A23DCC1C8B4820F69ED2A5967436D99
2026-10-07 21:00:00,gabelmoo,Authority BadExit Exit Fast Guard HSDir MiddleOnly Running Stable StaleDesc Sybil V2Dir Valid,9360,2026-10-07-21-00-00-vote-ED03BB616EB2F60BEC80151114BB25CEF515B226-B4348AB7E21F34539AB576A82A51D9BC128EE3D8
2026-10-07 21:00:00,longclaw,Authority BadExit Exit Fast Guard HSDir MiddleOnly Running Stable StaleDesc Sybil V2Dir Valid,9396,2026-10-07-21-00-00-vote-23D15D965BC35114467363C165C4F724B64B4F66-1B361D4BA50B105CD51B25B21D82F9CDD30730DD
2026-10-07 21:00:00,maatuska,Authority Exit Fast Guard HSDir MiddleOnly Running Stable StaleDesc Sybil V2Dir Valid,9399,2026-10-07-21-00-00-vote-49015F787433103580E3B66A1707A00E60F2D15B-C2BF7D7481619A7E2F23993852799DAF57A2ADCC
2026-10-07 21:00:00,moria1,Authority BadExit Exit Fast Guard HSDir MiddleOnly Running Stable StaleDesc Sybil V2Dir Valid,9387,2026-10-07-21-00-00-vote-F533C81CEF0BC0267857C99B2F471ADF249FA232-5307CA8606D21EBC55F4638F1D8250E7161016E3
2026-10-07 21:00:00,tor26,Authority BadExit Exit Fast Guard HSDir MiddleOnly Running Stable StaleDesc Sybil V2Dir Valid,9450,2026-10-07-21-00-00-vote-2F3DF9CA0E5D36F2685A2DA67184EB8DCB8CBA8C-F6990A91176A9E2B2B8177EED0A92FE6D3430CC7
2026-10-07 22:00:00,bastet,Authority Exit Fast Guard HSDir MiddleOnly Running Stable StaleDesc Sybil V2Dir Valid,9355,2026-10-07-22-00-00-vote-27102BC123E7AF1D4741AE047E160C91ADC76B21-21A205218E5C78C924080A498885A2AA4606C6BB
2026-10-07 22:00:00,dannenberg,Authority Exit Fast Guard HSDir MiddleOnly Running Stable StaleDesc Sybil V2Dir Valid,9451,2026-10-07-22-00-00-vote-0232AF901C31A04EE9848595AF9BB7620D4C5B2E-2E1165FF82AA80FE62511B34A79D9852A9978419
2026-10-07 22:00:00,dizum,Authority Exit Fast Guard HSDir MiddleOnly Running Stable StaleDesc Sybil V2Dir Valid,9452,2026-10-07-22-00-00-vote-E8A9C45EDE6D711294FADF8E7951F4DE6CA56B58-062EDFCA52837ECFBC9917AD0FE97D78A49D3DBF
2026-10-07 22:00:00,faravahar,Authority BadExit Exit Fast Guard HSDir MiddleOnly Running Stable StaleDesc Sybil V2Dir Valid,9353,2026-10-07-22-00-00-vote-70849B868D606BAECFB6128C5E3D782029AA394F-5CF96CAE8632FC39CEBF6BE7160740A27903BAF1
2026-10-07 22:00:00,gabelmoo,Authority BadExit Exit Fast Guard HSDir MiddleOnly Stable StaleDesc Sybil V2Dir Valid,9357,2026-10-07-22-00-00-vote-ED03BB616EB2F60BEC80151114BB25CEF515B226-BAFEDFCCC948F05FE7DC06CF199E69AE931C184D
2026-10-07 22:00:00,longclaw,Authority BadExit Exit Fast Guard HSDir MiddleOnly Running Stable StaleDesc Sybil V2Dir Valid,9391,2026-10-07-22-00-00-vote-23D15D965BC35114467363C165C4F724B64B4F66-06BF12CC6B84AEC6A770E40C9BFAFAE7197D3AFE
2026-10-07 22:00:00,maatuska,Authority Exit Fast Guard HSDir MiddleOnly Running Stable StaleDesc Sybil V2Dir Valid,9394,2026-10-07-22-00-00-vote-49015F787433103580E3B66A1707A00E60F2D15B-B8346D57BE66BFCC518249B6C3534C1700F5E210
2026-10-07 22:00:00,moria1,Authority BadExit Exit Fast Guard HSDir MiddleOnly Running Stable StaleDesc Sybil V2Dir Valid,9382,2026-10-07-22-00-00-vote-F533C81CEF0BC0267857C99B2F471ADF249FA232-E87E135D3960A48E38CB072F4D8C71579CD97F56
2026-10-07 22:00:00,tor26,Authority BadExit Exit Fast Guard HSDir MiddleOnly Running Stable StaleDesc Sybil V2Dir Valid,9445,2026-10-07-22-00-00-vote-2F3DF9CA0E5D36F2685A2DA67184EB8DCB8CBA8C-B35F686EC58E72F15E919CD1636E79F02C7F3B5A
2026-10-07 23:00:00,bastet,Authority Exit Fast Guard HSDir MiddleOnly Running Stable StaleDesc Sybil V2Dir Valid,9362,2026-10-07-23-00-00-vote-27102BC123E7AF1D4741AE047E160C91ADC76B21-8673A1AF47F8724B2641D2E7A591C090B7BD8808
2026-10-07 23:00:00,dannenberg,Authority Exit Fast Guard HSDir MiddleOnly Running Stable StaleDesc Sybil V2Dir Valid,9459,2026-10-07-23-00-00-vote-0232AF901C31A04EE9848595AF9BB7620D4C5B2E-DDA5813ED2941FE0785CBD66F991F8CCC3C0FA1F
2026-10-07 23:00:00,dizum,Authority Exit Fast Guard HSDir MiddleOnly Running Stable StaleDesc Sybil V2Dir Valid,9459,2026-10-07-23-00-00-vote-E8A9C45EDE6D711294FADF8E7951F4DE6CA56B58-99F81AA3EBA60D18FC240D03A0C7D103AE2CD20C
2026-10-07 23:00:00,faravahar,Authority BadExit Exit Fast Guard HSDir MiddleOnly Running Stable StaleDesc Sybil V2Dir Valid,9359,2026-10-07-23-00-00-vote-70849B868D606BAECFB6128C5E3D782029AA394F-789E02EDCC52D946452661177C02A37D78D70880
2026-10-07 23:00:00,gabelmoo,Authority BadExit Exit Fast Guard HSDir MiddleOnly Running Stable StaleDesc Sybil V2Dir Valid,9362,2026-10-07-23-00-00-vote-ED03BB616EB2F60BEC80151114BB25CEF515B226-E81CC6C103AEC93620D774A2A8CB42D56FCDB54D
2026-10-07 23:00:00,longclaw,Authority BadExit Exit Fast Guard HSDir MiddleOnly Running Stable StaleDesc Sybil V2Dir Valid,9397,2026-10-07-23-00-00-vote-23D15D965BC35114467363C165C4F724B64B4F66-57CFB29F1FE5719E18A9882D3B9559ABE0D102BC
2026-10-07 23:00:00,maatuska,Authority Exit Fast Guard HSDir MiddleOnly Running Stable StaleDesc Sybil V2Dir Valid,9398,2026-10-07-23-00-00-vote-49015F787433103580E3B66A1707A00E60F2D15B-FEE4830BEFBAC5B6C0B453B35B7493754C3CE97A
2026-10-07 23:00:00,moria1,Authority BadExit Exit Fast Guard HSDir MiddleOnly Running Stable StaleDesc Sybil V2Dir Valid,9389,2026-10-07-23-00-00-vote-F533C81CEF0BC0267857C99B2F471ADF249FA232-6343A71D158DED25FE01DF3C16993C87BE4C4294
2026-10-07 23:00:00,tor26,Authority BadExit Exit Fast Guard HSDir MiddleOnly Running Stable StaleDesc Sybil V2Dir Valid,9449,2026-10-07-23-00-00-vote-2F3DF9CA0E5D36F2685A2DA67184EB8DCB8CBA8C-DE2199EC58A12C67CABAB23F0D3E98A796A34D79
2026-10-08 00:00:00,bastet,Authority Exit Fast Guard HSDir MiddleOnly Running Stable StaleDesc Sybil V2Dir Valid,9360,2026-10-08-00-00-00-vote-27102BC123E7AF1D4741AE047E160C91ADC76B21-916037BA81AA8A436546C077C9F80F62E55B7D99
2026-10-08 00:00:00,dannenberg,Authority Exit Fast Guard HSDir MiddleOnly Running Stable StaleDesc Sybil V2Dir Valid,9457,2026-10-08-00-00-00-vote-0232AF901C31A04EE9848595AF9BB7620D4C5B2E-0F6B85545F2386F0CF0D4BE338A6219D0249F29B
2026-10-08 00:00:00,dizum,Authority Exit Fast Guard HSDir MiddleOnly Running Stable StaleDesc Sybil V2Dir Valid,9458,2026-10-08-00-00-00-vote-E8A9C45EDE6D711294FADF8E7951F4DE6CA56B58-9E0E80B1690010630FB4F7F248A8A0CDDD5A38CF
2026-10-08 00:00:00,faravahar,Authority BadExit Exit Fast Guard HSDir MiddleOnly Running Stable StaleDesc Sybil V2Dir Valid,9358,2026-10-08-00-00-00-vote-70849B868D606BAECFB6128C5E3D782029AA394F-3E3A2A4B8369213EF35B3DEA0C65A37ECB1196A8
2026-10-08 00:00:00,gabelmoo,Authority BadExit Exit Fast Guard HSDir MiddleOnly Running Stable StaleDesc Sybil V2Dir Valid,9361,2026-10-08-00-00-00-vote-ED03BB616EB2F60BEC80151114BB25CEF515B226-6BB440691AF40D3276554F0503FB532228D910C5
2026-10-08 00:00:00,longclaw,Authority BadExit Exit Fast Guard HSDir MiddleOnly Stable StaleDesc Sybil V2Dir Valid,9397,2026-10-08-00-00-00-vote-23D15D965BC35114467363C165C4F724B64B4F66-EC54DCBAEC296285ACCD8B4F57918559757C1D51
2026-10-08 00:00:00,maatuska,Authority Exit Fast Guard HSDir MiddleOnly Running Stable StaleDesc Sybil V2Dir Valid,9397,2026-10-08-00-00-00-vote-49015F787433103580E3B66A1707A00E60F2D15B-BD0BA19DD0D7E4F03486E5934461669491E196C9
2026-10-08 00:00:00,moria1,Authority BadExit Exit Fast Guard HSDir MiddleOnly Running Stable StaleDesc Sybil V2Dir Valid,9387,2026-10-08-00-00-00-vote-F533C81CEF0BC0267857C99B2F471ADF249FA232-4B1C6B693018E8BBBBB0642709686E533128D27A
2026-10-08 00:00:00,tor26,Authority BadExit Exit Fast Guard HSDir MiddleOnly Running Stable StaleDesc Sybil V2Dir Valid,9448,2026-10-08-00-00-00-vote-2F3DF9CA0E5D36F2685A2DA67184EB8DCB8CBA8C-4C259B0FFE9AF6FF77472CBC62168D83C116242F
2026-10-08 01:00:00,bastet,Authority Exit Fast Guard HSDir MiddleOnly Running Stable StaleDesc Sybil V2Dir Valid,9363,2026-10-08-01-00-00-vote-27102BC123E7AF1D4741AE047E160C91ADC76B21-D5B7F843135FC0DD58114777F667CD5FF0AD012A
2026-10-08 01:00:00,dannenberg,Authority Exit Fast Guard HSDir MiddleOnly Running Stable StaleDesc Sybil V2Dir Valid,9459,2026-10-08-01-00-00-vote-0232AF901C31A04EE9848595AF9BB7620D4C5B2E-90A82B3180DD687494F7673A78D8C33EC858F3E9
2026-10-08 01:00:00,dizum,Authority Exit Fast Guard HSDir MiddleOnly Running Stable StaleDesc Sybil V2Dir Valid,9460,2026-10-08-01-00-00-vote-E8A9C45EDE6D711294FADF8E7951F4DE6CA56B58-BDE5579DA590636089957A46B82FE64F913DA2A7
2026-10-08 01:00:00,faravahar,Authority BadExit Exit Fast Guard HSDir MiddleOnly Running Stable StaleDesc Sybil V2Dir Valid,9361,2026-10-08-01-00-00-vote-70849B868D606BAECFB6128C5E3D782029AA394F-21FDE7E83A7F82C88FA947B0B1FF04B23ED30CF3
2026-10-08 01:00:00,gabelmoo,Authority BadExit Exit Fast Guard HSDir MiddleOnly Running Stable StaleDesc Sybil V2Dir Valid,9364,2026-10-08-01-00-00-vote-ED03BB616EB2F60BEC80151114BB25CEF515B226-F1AC1A8B01F467E511D9253A4B5A8D0906B3686F
2026-10-08 01:00:00,longclaw,Authority BadExit Exit Fast Guard HSDir MiddleOnly Running Stable StaleDesc Sybil V2Dir Valid,9399,2026-10-08-01-00-00-vote-23D15D965BC35114467363C165C4F724B64B4F66-48CDB7D45F8A8B7539E10AE1FED1F9845D6BF494
2026-10-08 01:00:00,maatuska,Authority Exit Fast Guard HSDir MiddleOnly Running Stable StaleDesc Sybil V2Dir Valid,9399,2026-10-08-01-00-00-vote-49015F787433103580E3B66A1707A00E60F2D15B-726D05BA1E80C0E083F3C4740BEDCF6CC4BD23ED
2026-10-08 01:00:00,moria1,Authority BadExit Exit Fast Guard HSDir MiddleOnly Running Stable StaleDesc Sybil V2Dir Valid,9390,2026-10-08-01-00-00-vote-F533C81CEF0BC0267857C99B2F471ADF249FA232-10D77842F1E22755EED6A842063B66A5A88C3300
2026-10-08 01:00:00,tor26,Authority BadExit Exit Fast Guard HSDir MiddleOnly Running Stable StaleDesc Sybil V2Dir Valid,9450,2026-10-08-01-00-00-vote-2F3DF9CA0E5D36F2685A2DA67184EB8DCB8CBA8C-090BE379D8F111218E811CAC4D8B589659C2AC56
2026-10-08 02:00:00,bastet,Authority Exit Fast Guard HSDir MiddleOnly Running Stable StaleDesc Sybil V2Dir Valid,9362,2026-10-08-02-00-00-vote-27102BC123E7AF1D4741AE047E160C91ADC76B21-4C84078631529BAC9322571B3B9F9E726391B87E
2026-10-08 02:00:00,dannenberg,Authority Exit Fast Guard HSDir MiddleOnly Running Stable StaleDesc Sybil V2Dir Valid,9458,2026-10-08-02-00-00-vote-0232AF901C31A04EE9848595AF9BB7620D4C5B2E-AEEC2BBC3D6598FF0681E61C0954164B45B3881F
2026-10-08 02:00:00,dizum,Authority Exit Fast Guard HSDir MiddleOnly Running Stable StaleDesc Sybil V2Dir Valid,9459,2026-10-08-02-00-00-vote-E8A9C45EDE6D711294FADF8E7951F4DE6CA56B58-38C85D3A5005B3815EF68CB6AC52A2F7354063BD
2026-10-08 02:00:00,faravahar,Authority BadExit Exit Fast Guard HSDir MiddleOnly Running Stable StaleDesc Sybil V2Dir Valid,9360,2026-10-08-02-00-00-vote-70849B868D606BAECFB6128C5E3D782029AA394F-3BC6AD8A0562A559E12581497CFD309A606E7E9A
2026-10-08 02:00:00,gabelmoo,Authority BadExit Exit Fast Guard HSDir MiddleOnly Running Stable StaleDesc Sybil V2Dir Valid,9363,2026-10-08-02-00-00-vote-ED03BB616EB2F60BEC80151114BB25CEF515B226-DA65691A1531C1D39B06374A822C35C1B3EEBDBE
2026-10-08 02:00:00,longclaw,Authority BadExit Exit Fast Guard HSDir MiddleOnly Running Stable StaleDesc Sybil V2Dir Valid,9398,2026-10-08-02-00-00-vote-23D15D965BC35114467363C165C4F724B64B4F66-16937202CEBB09D843383FB8A19EBAFB4D1A2AC6
2026-10-08 02:00:00,maatuska,Authority Exit Fast Guard HSDir MiddleOnly Running Stable StaleDesc Sybil V2Dir Valid,9397,2026-10-08-02-00-00-vote-49015F787433103580E3B66A1707A00E60F2D15B-D123872AFE05C3BA372057690F229E29AC665318
2026-10-08 02:00:00,moria1,Authority BadExit Exit Fast Guard HSDir MiddleOnly Running Stable StaleDesc Sybil V2Dir Valid,9389,2026-10-08-02-00-00-vote-F533C81CEF0BC0267857C99B2F471ADF249FA232-7BABD09881A5E18943922957D760164F7EFCBE61
2026-10-08 02:00:00,tor26,Authority BadExit Exit Fast Guard HSDir MiddleOnly Running Stable StaleDesc Sybil V2Dir Valid,9449,2026-10-08-02-00-00-vote-2F3DF9CA0E5D36F2685A2DA67184EB8DCB8CBA8C-9D495D1A12FFDF311311F39C3CD1766CE7471C57
2026-10-08 03:00:00,bastet,Authority Exit Fast Guard HSDir MiddleOnly Running Stable StaleDesc Sybil V2Dir Valid,9360,2026-10-08-03-00-00-vote-27102BC123E7AF1D4741AE047E160C91ADC76B21-9A672440822FD1FD38CBFBB4AFC75407388A9C16
2026-10-08 03:00:00,dannenberg,Authority Exit Fast Guard HSDir MiddleOnly Running Stable StaleDesc Sybil V2Dir Valid,9455,2026-10-08-03-00-00-vote-0232AF901C31A04EE9848595AF9BB7620D4C5B2E-CA95F9EE1553C050DED3B4FD05A93A1BF79D0766
2026-10-08 03:00:00,dizum,Authority Exit Fast Guard HSDir MiddleOnly Running Stable StaleDesc Sybil V2Dir Valid,9456,2026-10-08-03-00-00-vote-E8A9C45EDE6D711294FADF8E7951F4DE6CA56B58-4B51089C931A721BFACC75D8CA9DF3476EDE3CD5
2026-10-08 03:00:00,faravahar,Authority BadExit Exit Fast Guard HSDir MiddleOnly Running Stable StaleDesc Sybil V2Dir Valid,9358,2026-10-08-03-00-00-vote-70849B868D606BAECFB6128C5E3D782029AA394F-36D01F068D633537D6C0989C5B563AA4C3497C7D
2026-10-08 03:00:00,gabelmoo,Authority BadExit Exit Fast Guard HSDir MiddleOnly Running Stable StaleDesc Sybil V2Dir Valid,9361,2026-10-08-03-00-00-vote-ED03BB616EB2F60BEC80151114BB25CEF515B226-7508111DF35F743E65D62BEB6413554632FBE852
2026-10-08 03:00:00,longclaw,Authority BadExit Exit Fast Guard HSDir MiddleOnly Running Stable StaleDesc Sybil V2Dir Valid,9395,2026-10-08-03-00-00-vote-23D15D965BC35114467363C165C4F724B64B4F66-D529C68752990AF4DB91F336D62D08F5AEB2B76A
2026-10-08 03:00:00,maatuska,Authority Exit Fast Guard HSDir MiddleOnly Running Stable StaleDesc Sybil V2Dir Valid,9394,2026-10-08-03-00-00-vote-49015F787433103580E3B66A1707A00E60F2D15B-A220A20912A5E1B70997E6CA8C7024212077E9AD
2026-10-08 03:00:00,moria1,Authority BadExit Exit Fast Guard HSDir MiddleOnly Running Stable StaleDesc Sybil V2Dir Valid,9387,2026-10-08-03-00-00-vote-F533C81CEF0BC0267857C99B2F471ADF249FA232-501013D12844682A3A514186E8A5098380EBB6B0
2026-10-08 03:00:00,tor26,Authority BadExit Exit Fast Guard HSDir MiddleOnly Running Stable StaleDesc Sybil V2Dir Valid,9446,2026-10-08-03-00-00-vote-2F3DF9CA0E5D36F2685A2DA67184EB8DCB8CBA8C-75B4D3D49DBA8C395341AA72249FDDDBCD114DB5
2026-10-08 04:00:00,bastet,Authority Exit Fast Guard HSDir MiddleOnly Running Stable StaleDesc Sybil V2Dir Valid,9359,2026-10-08-04-00-00-vote-27102BC123E7AF1D4741AE047E160C91ADC76B21-466DCFE508FC17596A9300D4B60A148D482AAD00
2026-10-08 04:00:00,dannenberg,Authority Exit Fast Guard HSDir MiddleOnly Running Stable StaleDesc Sybil V2Dir Valid,9455,2026-10-08-04-00-00-vote-0232AF901C31A04EE9848595AF9BB7620D4C5B2E-BD7C87850594B85B04FAE29153D494F950BC3248
2026-10-08 04:00:00,dizum,Authority Exit Fast Guard HSDir MiddleOnly Running Stable StaleDesc Sybil V2Dir Valid,9455,2026-10-08-04-00-00-vote-E8A9C45EDE6D711294FADF8E7951F4DE6CA56B58-F58A7D6883EECDD6EF0601C17819E6B9B586F742
2026-10-08 04:00:00,faravahar,Authority BadExit Exit Fast Guard HSDir MiddleOnly Running Stable StaleDesc Sybil V2Dir Valid,9357,2026-10-08-04-00-00-vote-70849B868D606BAECFB6128C5E3D782029AA394F-7BA79DA3BBFCE9D92ACCF54488A37DC934B87D22
2026-10-08 04:00:00,gabelmoo,Authority BadExit Exit Fast Guard HSDir MiddleOnly Running Stable StaleDesc Sybil V2Dir Valid,9360,2026-10-08-04-00-00-vote-ED03BB616EB2F60BEC80151114BB25CEF515B226-91A192123E95EE0B89ED7805406C022C6FF83640
2026-10-08 04:00:00,longclaw,Authority BadExit Exit Fast Guard HSDir MiddleOnly Running Stable StaleDesc Sybil V2Dir Valid,9394,2026-10-08-04-00-00-vote-23D15D965BC35114467363C165C4F724B64B4F66-6CE3642B11F9DF2D702DDECBE4ECF4092CE58537
2026-10-08 04:00:00,maatuska,Authority Exit Fast Guard HSDir MiddleOnly Running Stable StaleDesc Sybil V2Dir Valid,9393,2026-10-08-04-00-00-vote-49015F787433103580E3B66A1707A00E60F2D15B-FAE6F8AA2CA70B270A6E09B6EC8127333E9F009B
2026-10-08 04:00:00,moria1,Authority BadExit Exit Fast Guard HSDir MiddleOnly Running Stable StaleDesc Sybil V2Dir Valid,9387,2026-10-08-04-00-00-vote-F533C81CEF0BC0267857C99B2F471ADF249FA232-31D5B9A5002C0796DE6054DEA925650A1550DC62
2026-10-08 04:00:00,tor26,Authority BadExit Exit Fast Guard HSDir MiddleOnly Running Stable StaleDesc Sybil V2Dir Valid,9445,2026-10-08-04-00-00-vote-2F3DF9CA0E5D36F2685A2DA67184EB8DCB8CBA8C-DFD46693E96A21AAC348ACFDDD38B191A074CB12
2026-10-08 05:00:00,bastet,Authority Exit Fast Guard HSDir MiddleOnly Running Stable StaleDesc Sybil V2Dir Valid,9357,2026-10-08-05-00-00-vote-27102BC123E7AF1D4741AE047E160C91ADC76B21-0814E55E883E022FC2C08EBEA2338F95F50A0EC2
2026-10-08 05:00:00,dannenberg,Authority Exit Fast Guard HSDir MiddleOnly Running Stable StaleDesc Sybil V2Dir Valid,9453,2026-10-08-05-00-00-vote-0232AF901C31A04EE9848595AF9BB7620D4C5B2E-C942F6BA5E8654AE0A4E5CDD5F092F939737B736
2026-10-08 05:00:00,dizum,Authority Exit Fast Guard HSDir MiddleOnly Running Stable StaleDesc Sybil V2Dir Valid,9453,2026-10-08-05-00-00-vote-E8A9C45EDE6D711294FADF8E7951F4DE6CA56B58-698123AC31804002B322EF7C6ED19541C15A7198
2026-10-08 05:00:00,faravahar,Authority BadExit Exit Fast Guard HSDir MiddleOnly Running Stable StaleDesc Sybil V2Dir Valid,9355,2026-10-08-05-00-00-vote-70849B868D606BAECFB6128C5E3D782029AA394F-1DFCA1B5CF66E4A3ED27C5438C75F36453D5BF8C
2026-10-08 05:00:00,gabelmoo,Authority BadExit Exit Fast Guard HSDir MiddleOnly Running Stable StaleDesc Sybil V2Dir Valid,9358,2026-10-08-05-00-00-vote-ED03BB616EB2F60BEC80151114BB25CEF515B226-F789A74709169AE914E4EDCB7D46639E51AB30E3
2026-10-08 05:00:00,longclaw,Authority BadExit Exit Fast Guard HSDir MiddleOnly Running Stable StaleDesc Sybil V2Dir Valid,9391,2026-10-08-05-00-00-vote-23D15D965BC35114467363C165C4F724B64B4F66-523A1736A0C9C97B88F1D40BBF7B39520FCE1FDA
2026-10-08 05:00:00,maatuska,Authority Exit Fast Guard HSDir MiddleOnly Running Stable StaleDesc Sybil V2Dir Valid,9390,2026-10-08-05-00-00-vote-49015F787433103580E3B66A1707A00E60F2D15B-490F948F473E0D7481ABB3CE93D36AC4C001EEA6
2026-10-08 05:00:00,moria1,Authority BadExit Exit Fast Guard HSDir MiddleOnly Running Stable StaleDesc Sybil V2Dir Valid,9385,2026-10-08-05-00-00-vote-F533C81CEF0BC0267857C99B2F471ADF249FA232-82DA069D6D44EFD076D2E237A98732BC442A857C
2026-10-08 05:00:00,tor26,Authority BadExit Exit Fast Guard HSDir MiddleOnly Running Stable StaleDesc Sybil V2Dir Valid,9443,2026-10-08-05-00-00-vote-2F3DF9CA0E5D36F2685A2DA67184EB8DCB8CBA8C-4F72013EE521D2E25E236DFE7A2BD3BA1C991171
2026-10-08 06:00:00,bastet,Authority Exit Fast Guard HSDir MiddleOnly Running Stable StaleDesc Sybil V2Dir Valid,9352,2026-10-08-06-00-00-vote-27102BC123E7AF1D4741AE047E160C91ADC76B21-A746A5740E87F36705A864F8B3F264E18304C705
2026-10-08 06:00:00,dannenberg,Authority Exit Fast Guard HSDir MiddleOnly Running Stable StaleDesc Sybil V2Dir Valid,9446,2026-10-08-06-00-00-vote-0232AF901C31A04EE9848595AF9BB7620D4C5B2E-405052774849AC191877FB60151C9E098B2ED5FC
2026-10-08 06:00:00,dizum,Authority Exit Fast Guard HSDir MiddleOnly Running Stable StaleDesc Sybil V2Dir Valid,9446,2026-10-08-06-00-00-vote-E8A9C45EDE6D711294FADF8E7951F4DE6CA56B58-015F7FD9DB0FAA4F5C41E5D8E27388770F82FE48
2026-10-08 06:00:00,faravahar,Authority BadExit Exit Fast Guard HSDir MiddleOnly Running Stable StaleDesc Sybil V2Dir Valid,9350,2026-10-08-06-00-00-vote-70849B868D606BAECFB6128C5E3D782029AA394F-BF16F0A1D0B575AD598CB311A586B4881E745B0E
2026-10-08 06:00:00,gabelmoo,Authority BadExit Exit Fast Guard HSDir MiddleOnly Running Stable StaleDesc Sybil V2Dir Valid,9353,2026-10-08-06-00-00-vote-ED03BB616EB2F60BEC80151114BB25CEF515B226-CAEABA4DF3FF68A44552890CEE5501C3261BEB5B
2026-10-08 06:00:00,longclaw,Authority BadExit Exit Fast Guard HSDir MiddleOnly Running Stable StaleDesc Sybil V2Dir Valid,9384,2026-10-08-06-00-00-vote-23D15D965BC35114467363C165C4F724B64B4F66-E4E912B7A809BAD2E58DF059D5209C45BF7292FF
2026-10-08 06:00:00,maatuska,Authority Exit Fast Guard HSDir MiddleOnly Running Stable StaleDesc Sybil V2Dir Valid,9383,2026-10-08-06-00-00-vote-49015F787433103580E3B66A1707A00E60F2D15B-092B3ECA62520DD95480F2E02746D9E6E1C35044
2026-10-08 06:00:00,moria1,Authority BadExit Exit Fast Guard HSDir MiddleOnly Running Stable StaleDesc Sybil V2Dir Valid,9380,2026-10-08-06-00-00-vote-F533C81CEF0BC0267857C99B2F471ADF249FA232-23C35FBD0BA4FEA07C1B158D2F19F5ABB3FA8A82
2026-10-08 06:00:00,tor26,Authority BadExit Exit Fast Guard HSDir MiddleOnly Running Stable StaleDesc Sybil V2Dir Valid,9436,2026-10-08-06-00-00-vote-2F3DF9CA0E5D36F2685A2DA67184EB8DCB8CBA8C-1D2A19CD7CC1BD28802BD32F785AFC2D1D2C0CBC
2026-10-08 07:00:00,bastet,Authority Exit Fast Guard HSDir MiddleOnly Running Stable StaleDesc Sybil V2Dir Valid,9348,2026-10-08-07-00-00-vote-27102BC123E7AF1D4741AE047E160C91ADC76B21-B0E889348B3E3495E98756721E2C16FAEC27F27F
2026-10-08 07:00:00,dannenberg,Authority Exit Fast Guard HSDir MiddleOnly Running Stable StaleDesc Sybil V2Dir Valid,9436,2026-10-08-07-00-00-vote-0232AF901C31A04EE9848595AF9BB7620D4C5B2E-5F304F69403904C356969906B9A867DFEE2BA0AA
2026-10-08 07:00:00,dizum,Authority Exit Fast Guard HSDir MiddleOnly Running Stable StaleDesc Sybil V2Dir Valid,9437,2026-10-08-07-00-00-vote-E8A9C45EDE6D711294FADF8E7951F4DE6CA56B58-BD8B6FE572A40425B492CECE362F17BDAF393E89
2026-10-08 07:00:00,faravahar,Authority BadExit Exit Fast Guard HSDir MiddleOnly Running Stable StaleDesc Sybil V2Dir Valid,9347,2026-10-08-07-00-00-vote-70849B868D606BAECFB6128C5E3D782029AA394F-B1192C67270FBE5698B89899565FFFB730B810E4
2026-10-08 07:00:00,gabelmoo,Authority BadExit Exit Fast Guard HSDir MiddleOnly Running Stable StaleDesc Sybil V2Dir Valid,9350,2026-10-08-07-00-00-vote-ED03BB616EB2F60BEC80151114BB25CEF515B226-54B735C37DF98447B23F685BB0B79627634451A6
2026-10-08 07:00:00,longclaw,Authority BadExit Exit Fast Guard HSDir MiddleOnly Running Stable StaleDesc Sybil V2Dir Valid,9375,2026-10-08-07-00-00-vote-23D15D965BC35114467363C165C4F724B64B4F66-BF3161A1842EEE7C93FD656E58B6D1E1997C4685
2026-10-08 07:00:00,maatuska,Authority Exit Fast Guard HSDir MiddleOnly Running Stable StaleDesc Sybil V2Dir Valid,9374,2026-10-08-07-00-00-vote-49015F787433103580E3B66A1707A00E60F2D15B-85E29D3144369766D2F59AD1C4D738E0C245EA0E
2026-10-08 07:00:00,moria1,Authority BadExit Exit Fast Guard HSDir MiddleOnly Running Stable StaleDesc Sybil V2Dir Valid,9376,2026-10-08-07-00-00-vote-F533C81CEF0BC0267857C99B2F471ADF249FA232-2FCC99BBB0F9D020248504D8F48516D9BF4613C8
2026-10-08 07:00:00,tor26,Authority BadExit Exit Fast Guard HSDir MiddleOnly Running Stable StaleDesc Sybil V2Dir Valid,9428,2026-10-08-07-00-00-vote-2F3DF9CA0E5D36F2685A2DA67184EB8DCB8CBA8C-A678B82548346D0CF119EA52EBD21D5D90CC1C13
2026-10-08 08:00:00,bastet,Authority Exit Fast Guard HSDir MiddleOnly Running Stable StaleDesc Sybil V2Dir Valid,9348,2026-10-08-08-00-00-vote-27102BC123E7AF1D4741AE047E160C91ADC76B21-E94AB2B75C0964070B85BD0756EB2BCCD938086B
2026-10-08 08:00:00,dannenberg,Authority Exit Fast Guard HSDir MiddleOnly Running Stable StaleDesc Sybil V2Dir Valid,9432,2026-10-08-08-00-00-vote-0232AF901C31A04EE9848595AF9BB7620D4C5B2E-1590395A901C68931373A8203CF610DBF60E45B1
2026-10-08 08:00:00,dizum,Authority Exit Fast Guard HSDir MiddleOnly Running Stable StaleDesc Sybil V2Dir Valid,9433,2026-10-08-08-00-00-vote-E8A9C45EDE6D711294FADF8E7951F4DE6CA56B58-CD6FA0F0D6832FDBA6A0B652EE376AEA7B30821B
2026-10-08 08:00:00,faravahar,Authority BadExit Exit Fast Guard HSDir MiddleOnly Running Stable StaleDesc Sybil V2Dir Valid,9347,2026-10-08-08-00-00-vote-70849B868D606BAECFB6128C5E3D782029AA394F-3FC1B4137E24AC4898AE029856325EEE505ABA02
2026-10-08 08:00:00,gabelmoo,Authority BadExit Exit Fast Guard HSDir MiddleOnly Running Stable StaleDesc Sybil V2Dir Valid,9350,2026-10-08-08-00-00-vote-ED03BB616EB2F60BEC80151114BB25CEF515B226-A0D983A785AB0E05E92F068C66314BA24FCA0E09
2026-10-08 08:00:00,longclaw,Authority BadExit Exit Fast Guard HSDir MiddleOnly Running Stable StaleDesc Sybil V2Dir Valid,9371,2026-10-08-08-00-00-vote-23D15D965BC35114467363C165C4F724B64B4F66-52D70B39002C3D132E32104D688D831816ACDD81
2026-10-08 08:00:00,maatuska,Authority Exit Fast Guard HSDir MiddleOnly Running Stable StaleDesc Sybil V2Dir Valid,9370,2026-10-08-08-00-00-vote-49015F787433103580E3B66A1707A00E60F2D15B-FC332CF5DA5AE4A427BF2E77F5A68AC67364025D
2026-10-08 08:00:00,moria1,Authority BadExit Exit Fast Guard HSDir MiddleOnly Running Stable StaleDesc Sybil V2Dir Valid,9376,2026-10-08-08-00-00-vote-F533C81CEF0BC0267857C99B2F471ADF249FA232-06A75FFE76D59DC95C5ED741BC355A54D60DBA4D
2026-10-08 08:00:00,tor26,Authority BadExit Exit Fast Guard HSDir MiddleOnly Running Stable StaleDesc Sybil V2Dir Valid,9424,2026-10-08-08-00-00-vote-2F3DF9CA0E5D36F2685A2DA67184EB8DCB8CBA8C-617C707BF48B60220308A46A137E2851558CD68A
2026-10-08 09:00:00,bastet,Authority Exit Fast Guard HSDir MiddleOnly Running Stable StaleDesc Sybil V2Dir Valid,9347,2026-10-08-09-00-00-vote-27102BC123E7AF1D4741AE047E160C91ADC76B21-D9FF27E5F2AEC819614FB0F2A321094A4517127D
2026-10-08 09:00:00,dannenberg,Authority Exit Fast Guard HSDir MiddleOnly Running Stable StaleDesc Sybil V2Dir Valid,9431,2026-10-08-09-00-00-vote-0232AF901C31A04EE9848595AF9BB7620D4C5B2E-45DA02ACCCED0A17A9008189D2A4E06A11969CEB
2026-10-08 09:00:00,dizum,Authority Exit Fast Guard HSDir MiddleOnly Running Stable StaleDesc Sybil V2Dir Valid,9431,2026-10-08-09-00-00-vote-E8A9C45EDE6D711294FADF8E7951F4DE6CA56B58-A3B30B0E930573BB60B1D1A196773149200563FF
2026-10-08 09:00:00,faravahar,Authority BadExit Exit Fast Guard HSDir MiddleOnly Running Stable StaleDesc Sybil V2Dir Valid,9347,2026-10-08-09-00-00-vote-70849B868D606BAECFB6128C5E3D782029AA394F-DE1AF0C8C1D50D02F057B94CE3E31984A0DC9923
2026-10-08 09:00:00,gabelmoo,Authority BadExit Exit Fast Guard HSDir MiddleOnly Running Stable StaleDesc Sybil V2Dir Valid,9349,2026-10-08-09-00-00-vote-ED03BB616EB2F60BEC80151114BB25CEF515B226-22DEECBAEE3B59E4D5A55170A1E8A76A1FC120DB
2026-10-08 09:00:00,longclaw,Authority BadExit Exit Fast Guard HSDir MiddleOnly Running Stable StaleDesc Sybil V2Dir Valid,9369,2026-10-08-09-00-00-vote-23D15D965BC35114467363C165C4F724B64B4F66-590BE8C038D98CDEDD4AEA7EED92BCA7AFBF9520
2026-10-08 09:00:00,maatuska,Authority Exit Fast Guard HSDir MiddleOnly Running Stable StaleDesc Sybil V2Dir Valid,9368,2026-10-08-09-00-00-vote-49015F787433103580E3B66A1707A00E60F2D15B-45017658E0F3EEA1C249F664358BEC08B97DB282
2026-10-08 09:00:00,moria1,Authority BadExit Exit Fast Guard HSDir MiddleOnly Running Stable StaleDesc Sybil V2Dir Valid,9376,2026-10-08-09-00-00-vote-F533C81CEF0BC0267857C99B2F471ADF249FA232-3D1D5071C8ECA25C72FF0EA0D8C1068A85721E00
2026-10-08 09:00:00,tor26,Authority BadExit Exit Fast Guard HSDir MiddleOnly Running Stable StaleDesc Sybil V2Dir Valid,9422,2026-10-08-09-00-00-vote-2F3DF9CA0E5D36F2685A2DA67184EB8DCB8CBA8C-BD3723F5A282F6849BFD58B330FDC14A11F7E46C
2026-10-08 10:00:00,bastet,Authority Exit Fast Guard HSDir MiddleOnly Running Stable StaleDesc Sybil V2Dir Valid,9346,2026-10-08-10-00-00-vote-27102BC123E7AF1D4741AE047E160C91ADC76B21-F266A9245291BE6F28C0BA5259EB73DC608499B0
2026-10-08 10:00:00,dannenberg,Authority Exit Fast Guard HSDir MiddleOnly Running Stable StaleDesc Sybil V2Dir Valid,9429,2026-10-08-10-00-00-vote-0232AF901C31A04EE9848595AF9BB7620D4C5B2E-0AD0DD24D7E86D34C19A766F6024DFD29309AC88
2026-10-08 10:00:00,dizum,Authority Exit Fast Guard HSDir MiddleOnly Running Stable StaleDesc Sybil V2Dir Valid,9430,2026-10-08-10-00-00-vote-E8A9C45EDE6D711294FADF8E7951F4DE6CA56B58-E663EB6C1361AED89F7B7D2D2E4B1DAF60E8BF65
2026-10-08 10:00:00,faravahar,Authority BadExit Exit Fast Guard HSDir MiddleOnly Running Stable StaleDesc Sybil V2Dir Valid,9349,2026-10-08-10-00-00-vote-70849B868D606BAECFB6128C5E3D782029AA394F-53BA678D4BA01108C6B932A30106DAC82C6FA507
2026-10-08 10:00:00,gabelmoo,Authority BadExit Exit Fast Guard HSDir MiddleOnly Running Stable StaleDesc Sybil V2Dir Valid,9351,2026-10-08-10-00-00-vote-ED03BB616EB2F60BEC80151114BB25CEF515B226-A458885BF223430E3C9418E912C8114E123024CE
2026-10-08 10:00:00,longclaw,Authority BadExit Exit Fast Guard HSDir MiddleOnly Running Stable StaleDesc Sybil V2Dir Valid,9370,2026-10-08-10-00-00-vote-23D15D965BC35114467363C165C4F724B64B4F66-27B68822C87C812877C1066D8D8E16FCDFE2F47D
2026-10-08 10:00:00,maatuska,Authority Exit Fast Guard HSDir MiddleOnly Running Stable StaleDesc Sybil V2Dir Valid,9368,2026-10-08-10-00-00-vote-49015F787433103580E3B66A1707A00E60F2D15B-F0379591665068F8220D5A1AF9C279F8B9E6CA17
2026-10-08 10:00:00,moria1,Authority BadExit Exit Fast Guard HSDir MiddleOnly Running Stable StaleDesc Sybil V2Dir Valid,9374,2026-10-08-10-00-00-vote-F533C81CEF0BC0267857C99B2F471ADF249FA232-77DE3911DF8AC01BD5DC0B93697B7583437372BB
2026-10-08 10:00:00,tor26,Authority BadExit Exit Fast Guard HSDir MiddleOnly Running Stable StaleDesc Sybil V2Dir Valid,9422,2026-10-08-10-00-00-vote-2F3DF9CA0E5D36F2685A2DA67184EB8DCB8CBA8C-8960C4BF229FA1B94368C039C652F4E1407CD5A9
2026-10-08 11:00:00,bastet,Authority Exit Fast Guard HSDir MiddleOnly Running Stable StaleDesc Sybil V2Dir Valid,9345,2026-10-08-11-00-00-vote-27102BC123E7AF1D4741AE047E160C91ADC76B21-883D4593768E828F745681900A7883E3ECB4ABC9
2026-10-08 11:00:00,dannenberg,Authority Exit Fast Guard HSDir MiddleOnly Running Stable StaleDesc Sybil V2Dir Valid,9426,2026-10-08-11-00-00-vote-0232AF901C31A04EE9848595AF9BB7620D4C5B2E-B70B5F58DB265382E69B2A523E9C796FDA6C6957
2026-10-08 11:00:00,dizum,Authority Exit Fast Guard HSDir MiddleOnly Running Stable StaleDesc Sybil V2Dir Valid,9429,2026-10-08-11-00-00-vote-E8A9C45EDE6D711294FADF8E7951F4DE6CA56B58-41CBD1F0C5DC695C915B71D2A9B15ECB39949A56
2026-10-08 11:00:00,faravahar,Authority BadExit Exit Fast Guard HSDir MiddleOnly Running Stable StaleDesc Sybil V2Dir Valid,9348,2026-10-08-11-00-00-vote-70849B868D606BAECFB6128C5E3D782029AA394F-2F3FFCBB6DE670D33C58B11ED6563B343D214427
2026-10-08 11:00:00,gabelmoo,Authority BadExit Exit Fast Guard HSDir MiddleOnly Running Stable StaleDesc Sybil V2Dir Valid,9351,2026-10-08-11-00-00-vote-ED03BB616EB2F60BEC80151114BB25CEF515B226-A89CDC7F8E6E78E645761D246928FD2C6B5F20A6
2026-10-08 11:00:00,longclaw,Authority BadExit Exit Fast Guard HSDir MiddleOnly Running Stable StaleDesc Sybil V2Dir Valid,9369,2026-10-08-11-00-00-vote-23D15D965BC35114467363C165C4F724B64B4F66-5FE27F736705773272AD8DADF3641EB3F1FEE41B
2026-10-08 11:00:00,maatuska,Authority Exit Fast Guard HSDir MiddleOnly Running Stable StaleDesc Sybil V2Dir Valid,9367,2026-10-08-11-00-00-vote-49015F787433103580E3B66A1707A00E60F2D15B-02C50983F017B97EB7ADBFD697E72BD82EC0ED5D
2026-10-08 11:00:00,moria1,Authority BadExit Exit Fast Guard HSDir MiddleOnly Running Stable StaleDesc Sybil V2Dir Valid,9376,2026-10-08-11-00-00-vote-F533C81CEF0BC0267857C99B2F471ADF249FA232-3D8C7048B0C4D93D2B403289DF1743CF6C829E09
2026-10-08 11:00:00,tor26,Authority BadExit Exit Fast Guard HSDir MiddleOnly Running Stable StaleDesc Sybil V2Dir Valid,9423,2026-10-08-11-00-00-vote-2F3DF9CA0E5D36F2685A2DA67184EB8DCB8CBA8C-456E343FDDB81EDBA7C00A586E47E96D6CB09A2F
2026-10-08 12:00:00,bastet,Authority Exit Fast Guard HSDir MiddleOnly Running Stable StaleDesc Sybil V2Dir Valid,9348,2026-10-08-12-00-00-vote-27102BC123E7AF1D4741AE047E160C91ADC76B21-8F1D6BA2AD8870E2ADA01036591CF9BD4BEAEAFB
2026-10-08 12:00:00,dannenberg,Authority Exit Fast Guard HSDir MiddleOnly Running Stable StaleDesc Sybil V2Dir Valid,9437,2026-10-08-12-00-00-vote-0232AF901C31A04EE9848595AF9BB7620D4C5B2E-A42FF4FBBEE00AF52D8399A217D7B0C16862A925
2026-10-08 12:00:00,dizum,Authority Exit Fast Guard HSDir MiddleOnly Running Stable StaleDesc Sybil V2Dir Valid,9439,2026-10-08-12-00-00-vote-E8A9C45EDE6D711294FADF8E7951F4DE6CA56B58-546ADC51D4B7111903910703B1E6B93D1E66AB13
2026-10-08 12:00:00,faravahar,Authority BadExit Exit Fast Guard HSDir MiddleOnly Running Stable StaleDesc Sybil V2Dir Valid,9350,2026-10-08-12-00-00-vote-70849B868D606BAECFB6128C5E3D782029AA394F-356791A536A8C1451E4537551019025D355A2A25
2026-10-08 12:00:00,gabelmoo,Authority BadExit Exit Fast Guard HSDir MiddleOnly Running Stable StaleDesc Sybil V2Dir Valid,9354,2026-10-08-12-00-00-vote-ED03BB616EB2F60BEC80151114BB25CEF515B226-ADA31E9C4C989474CCD899369C028C6EC0393D49
2026-10-08 12:00:00,longclaw,Authority BadExit Exit Fast Guard HSDir MiddleOnly Running Stable StaleDesc Sybil V2Dir Valid,9372,2026-10-08-12-00-00-vote-23D15D965BC35114467363C165C4F724B64B4F66-48EB5442FA0360322A051234CD308FB1289A70B2
2026-10-08 12:00:00,maatuska,Authority Exit Fast Guard HSDir MiddleOnly Running Stable StaleDesc Sybil V2Dir Valid,9370,2026-10-08-12-00-00-vote-49015F787433103580E3B66A1707A00E60F2D15B-EDFAFA05F23B0BC46725A8461BB9CB2431152BB7
2026-10-08 12:00:00,moria1,Authority BadExit Exit Fast Guard HSDir MiddleOnly Running Stable StaleDesc Sybil V2Dir Valid,9378,2026-10-08-12-00-00-vote-F533C81CEF0BC0267857C99B2F471ADF249FA232-D7D37C7D76C8DA44085D29A1C3545865FA4D11CA
2026-10-08 12:00:00,tor26,Authority BadExit Exit Fast Guard HSDir MiddleOnly Running Stable StaleDesc Sybil V2Dir Valid,9433,2026-10-08-12-00-00-vote-2F3DF9CA0E5D36F2685A2DA67184EB8DCB8CBA8C-A48B5B6CDB2DFD33BCBF3C9DCA4EA7993CAB7FA3
2026-10-08 13:00:00,bastet,Authority Exit Fast Guard HSDir MiddleOnly Running Stable StaleDesc Sybil V2Dir Valid,9346,2026-10-08-13-00-00-vote-27102BC123E7AF1D4741AE047E160C91ADC76B21-F61FBD83A0BEAF10FEEC6AEB0C83E96BB974DA1D
2026-10-08 13:00:00,dannenberg,Authority Exit Fast Guard HSDir MiddleOnly Running Stable StaleDesc Sybil V2Dir Valid,9427,2026-10-08-13-00-00-vote-0232AF901C31A04EE9848595AF9BB7620D4C5B2E-D42ADA2EF6AFE30E14C5E1221BBE2A1786FC8113
2026-10-08 13:00:00,dizum,Authority Exit Fast Guard HSDir MiddleOnly Running Stable StaleDesc Sybil V2Dir Valid,9435,2026-10-08-13-00-00-vote-E8A9C45EDE6D711294FADF8E7951F4DE6CA56B58-1B92153DB85C5B8205FC39A2F118E1F4DC2D45EE
2026-10-08 13:00:00,faravahar,Authority BadExit Exit Fast Guard HSDir MiddleOnly Running Stable StaleDesc Sybil V2Dir Valid,9347,2026-10-08-13-00-00-vote-70849B868D606BAECFB6128C5E3D782029AA394F-1B211A27609886FBBBA4DE7EF38EAD86112F47AB
2026-10-08 13:00:00,gabelmoo,Authority BadExit Exit Fast Guard HSDir MiddleOnly Running Stable StaleDesc Sybil V2Dir Valid,9355,2026-10-08-13-00-00-vote-ED03BB616EB2F60BEC80151114BB25CEF515B226-A5BF81E7369E33C5317399F5BE053C920EE1763B
2026-10-08 13:00:00,longclaw,Authority BadExit Exit Fast Guard HSDir MiddleOnly Running Stable StaleDesc Sybil V2Dir Valid,9374,2026-10-08-13-00-00-vote-23D15D965BC35114467363C165C4F724B64B4F66-3B8A8A97098A21ED6239AEAA939BEFE832889048
2026-10-08 13:00:00,maatuska,Authority Exit Fast Guard HSDir MiddleOnly Running Stable StaleDesc Sybil V2Dir Valid,9372,2026-10-08-13-00-00-vote-49015F787433103580E3B66A1707A00E60F2D15B-6F5ACCCCC1E2B4B4D6ACB877BCBE733AD23D14DC
2026-10-08 13:00:00,moria1,Authority BadExit Exit Fast Guard HSDir MiddleOnly Running Stable StaleDesc Sybil V2Dir Valid,9370,2026-10-08-13-00-00-vote-F533C81CEF0BC0267857C99B2F471ADF249FA232-1E2FACF3CB714A2CBBF1226354895D692640BC57
2026-10-08 13:00:00,tor26,Authority BadExit Exit Fast Guard HSDir MiddleOnly Running Stable StaleDesc Sybil V2Dir Valid,9431,2026-10-08-13-00-00-vote-2F3DF9CA0E5D36F2685A2DA67184EB8DCB8CBA8C-69D8C1ECD795DA0939E0A596B27CC246DE828B6C
2026-10-08 14:00:00,bastet,Authority Exit Fast Guard HSDir MiddleOnly Running Stable StaleDesc Sybil V2Dir Valid,9350,2026-10-08-14-00-00-vote-27102BC123E7AF1D4741AE047E160C91ADC76B21-B15F2A7A55DDE29BE20377584DAF45AC74421EC9
2026-10-08 14:00:00,dannenberg,Authority Exit Fast Guard HSDir MiddleOnly Running Stable StaleDesc Sybil V2Dir Valid,9431,2026-10-08-14-00-00-vote-0232AF901C31A04EE9848595AF9BB7620D4C5B2E-A06A3A5F51E26783FB91CE7F88B5346F1FE9BB04
2026-10-08 14:00:00,dizum,Authority Exit Fast Guard HSDir MiddleOnly Running Stable StaleDesc Sybil V2Dir Valid,9439,2026-10-08-14-00-00-vote-E8A9C45EDE6D711294FADF8E7951F4DE6CA56B58-38F3696CD54A2986340003FC8435D9D66D02F079
2026-10-08 14:00:00,faravahar,Authority BadExit Exit Fast Guard HSDir MiddleOnly Running Stable StaleDesc Sybil V2Dir Valid,9351,2026-10-08-14-00-00-vote-70849B868D606BAECFB6128C5E3D782029AA394F-3F80B6A8294ECE3258DF80AFD1BEFECE689A3F0C
2026-10-08 14:00:00,gabelmoo,Authority BadExit Exit Fast Guard HSDir MiddleOnly Running Stable StaleDesc Sybil V2Dir Valid,9357,2026-10-08-14-00-00-vote-ED03BB616EB2F60BEC80151114BB25CEF515B226-FF78363A1034A9614A885310C812DD5FCB75EEB9
2026-10-08 14:00:00,longclaw,Authority BadExit Exit Fast Guard HSDir MiddleOnly Running Stable StaleDesc Sybil V2Dir Valid,9376,2026-10-08-14-00-00-vote-23D15D965BC35114467363C165C4F724B64B4F66-706608DA3C906A1D867BFB5AFC48E2D71F92A192
2026-10-08 14:00:00,maatuska,Authority Exit Fast Guard HSDir MiddleOnly Running Stable StaleDesc Sybil V2Dir Valid,9373,2026-10-08-14-00-00-vote-49015F787433103580E3B66A1707A00E60F2D15B-426ABA06624A466058C91B04828209D7AAE16414
2026-10-08 14:00:00,moria1,Authority BadExit Exit Fast Guard HSDir MiddleOnly Running Stable StaleDesc Sybil V2Dir Valid,9375,2026-10-08-14-00-00-vote-F533C81CEF0BC0267857C99B2F471ADF249FA232-2747E32329E5E1D67C4E8C0BBA86C7058273C2F2
2026-10-08 14:00:00,tor26,Authority BadExit Exit Fast Guard HSDir MiddleOnly Running Stable StaleDesc Sybil V2Dir Valid,9435,2026-10-08-14-00-00-vote-2F3DF9CA0E5D36F2685A2DA67184EB8DCB8CBA8C-6C3F516EBB2C84B7394FA1E11C93CA2D6BF072B3
2026-10-08 15:00:00,bastet,Authority Exit Fast Guard HSDir MiddleOnly Running Stable StaleDesc Sybil V2Dir Valid,9359,2026-10-08-15-00-00-vote-27102BC123E7AF1D4741AE047E160C91ADC76B21-01F1B36FA9AE2242C9FB5DC937063459CDE91F1E
2026-10-08 15:00:00,dannenberg,Authority Exit Fast Guard HSDir MiddleOnly Running Stable StaleDesc Sybil V2Dir Valid,9438,2026-10-08-15-00-00-vote-0232AF901C31A04EE9848595AF9BB7620D4C5B2E-716627943E6624C437ECD993DBD3023C30715A07
2026-10-08 15:00:00,dizum,Authority Exit Fast Guard HSDir MiddleOnly Running Stable StaleDesc Sybil V2Dir Valid,9447,2026-10-08-15-00-00-vote-E8A9C45EDE6D711294FADF8E7951F4DE6CA56B58-91E598CE4B05FAA5C89A1DB235FFB9C532640382
2026-10-08 15:00:00,faravahar,Authority BadExit Exit Fast Guard HSDir MiddleOnly Running Stable StaleDesc Sybil V2Dir Valid,9358,2026-10-08-15-00-00-vote-70849B868D606BAECFB6128C5E3D782029AA394F-8FDEEBAD4537365E6B44C4244D008DF55EDB83F9
2026-10-08 15:00:00,gabelmoo,Authority BadExit Exit Fast Guard HSDir MiddleOnly Running Stable StaleDesc Sybil V2Dir Valid,9364,2026-10-08-15-00-00-vote-ED03BB616EB2F60BEC80151114BB25CEF515B226-D38F3FD8A298B447EE19A4CF09C2A6B82A7FF187
2026-10-08 15:00:00,longclaw,Authority BadExit Exit Fast Guard HSDir MiddleOnly Running Stable StaleDesc Sybil V2Dir Valid,9382,2026-10-08-15-00-00-vote-23D15D965BC35114467363C165C4F724B64B4F66-C4C3AE9FF8839C2328B841D5270FD800132F2CC7
2026-10-08 15:00:00,maatuska,Authority Exit Fast Guard HSDir MiddleOnly Running Stable StaleDesc Sybil V2Dir Valid,9362,2026-10-08-15-00-00-vote-49015F787433103580E3B66A1707A00E60F2D15B-3A44A270E1B5407124150B4903D6EB0A9F34CD74
2026-10-08 15:00:00,moria1,Authority BadExit Exit Fast Guard HSDir MiddleOnly Running Stable StaleDesc Sybil V2Dir Valid,9384,2026-10-08-15-00-00-vote-F533C81CEF0BC0267857C99B2F471ADF249FA232-72B1BA04FC213EDC39EBA976EA18E7D17379E347
2026-10-08 15:00:00,tor26,Authority BadExit Exit Fast Guard HSDir MiddleOnly Running Stable StaleDesc Sybil V2Dir Valid,9443,2026-10-08-15-00-00-vote-2F3DF9CA0E5D36F2685A2DA67184EB8DCB8CBA8C-5882379B6F86E88116CB6B37F480A263E1025EE3
2026-10-08 16:00:00,bastet,Authority Exit Fast Guard HSDir MiddleOnly Running Stable StaleDesc Sybil V2Dir Valid,9360,2026-10-08-16-00-00-vote-27102BC123E7AF1D4741AE047E160C91ADC76B21-C3D58D9AABF6B27BA6ED4883EF4794545F06667A
2026-10-08 16:00:00,dannenberg,Authority Exit Fast Guard HSDir MiddleOnly Running Stable StaleDesc Sybil V2Dir Valid,9438,2026-10-08-16-00-00-vote-0232AF901C31A04EE9848595AF9BB7620D4C5B2E-61D58CD9E12585E34CF48334BC1BB5DC9D9B499D
2026-10-08 16:00:00,dizum,Authority Exit Fast Guard HSDir MiddleOnly Running Stable StaleDesc Sybil V2Dir Valid,9449,2026-10-08-16-00-00-vote-E8A9C45EDE6D711294FADF8E7951F4DE6CA56B58-BE3099A20AEB8361C662E581821639BAD6B07269
2026-10-08 16:00:00,faravahar,Authority BadExit Exit Fast Guard HSDir MiddleOnly Running Stable StaleDesc Sybil V2Dir Valid,9359,2026-10-08-16-00-00-vote-70849B868D606BAECFB6128C5E3D782029AA394F-0C08E285CAD6ACC1A8278475AECABE088C2424D0
2026-10-08 16:00:00,gabelmoo,Authority BadExit Exit Fast Guard HSDir MiddleOnly Running Stable StaleDesc Sybil V2Dir Valid,9366,2026-10-08-16-00-00-vote-ED03BB616EB2F60BEC80151114BB25CEF515B226-194E8C9990FD3A44D3745499B3CA1458CCC6655A
2026-10-08 16:00:00,longclaw,Authority BadExit Exit Fast Guard HSDir MiddleOnly Running Stable StaleDesc Sybil V2Dir Valid,9384,2026-10-08-16-00-00-vote-23D15D965BC35114467363C165C4F724B64B4F66-A0C8F05F1677BD9E58F7242D14B2D27E6E6BE6B4
2026-10-08 16:00:00,maatuska,Authority Exit Fast Guard HSDir MiddleOnly Running Stable StaleDesc Sybil V2Dir Valid,9366,2026-10-08-16-00-00-vote-49015F787433103580E3B66A1707A00E60F2D15B-8147EF45597FD044A8B96A1C6DDA7EE2AF01577B
2026-10-08 16:00:00,moria1,Authority BadExit Exit Fast Guard HSDir MiddleOnly Running Stable StaleDesc Sybil V2Dir Valid,9384,2026-10-08-16-00-00-vote-F533C81CEF0BC0267857C99B2F471ADF249FA232-F91D57A3F2B25137A3A566DF50CA86184FE61E12
2026-10-08 16:00:00,tor26,Authority BadExit Exit Fast Guard HSDir MiddleOnly Running Stable StaleDesc Sybil V2Dir Valid,9445,2026-10-08-16-00-00-vote-2F3DF9CA0E5D36F2685A2DA67184EB8DCB8CBA8C-E9DC302ACDE20AA908977BC7FEE0EE1F324EF600
2026-10-08 17:00:00,bastet,Authority Exit Fast Guard HSDir MiddleOnly Stable StaleDesc Sybil V2Dir Valid,9362,2026-10-08-17-00-00-vote-27102BC123E7AF1D4741AE047E160C91ADC76B21-3F1EF6780B13F0492399D11D21115DCAD01BFEF6
2026-10-08 17:00:00,dannenberg,Authority Exit Fast Guard HSDir MiddleOnly Running Stable StaleDesc Sybil V2Dir Valid,9431,2026-10-08-17-00-00-vote-0232AF901C31A04EE9848595AF9BB7620D4C5B2E-6D2289C222380686104EAD496B21D282CC6F6D99
2026-10-08 17:00:00,dizum,Authority Exit Fast Guard HSDir MiddleOnly Running Stable StaleDesc Sybil V2Dir Valid,9442,2026-10-08-17-00-00-vote-E8A9C45EDE6D711294FADF8E7951F4DE6CA56B58-8CACF971AC485693B6061BD0DA699BE1888D32A7
2026-10-08 17:00:00,faravahar,Authority BadExit Exit Fast Guard HSDir MiddleOnly Running Stable StaleDesc Sybil V2Dir Valid,9354,2026-10-08-17-00-00-vote-70849B868D606BAECFB6128C5E3D782029AA394F-C7F667F9895FB75648A3B591966D0DC5DCF80C68
2026-10-08 17:00:00,gabelmoo,Authority BadExit Exit Fast Guard HSDir MiddleOnly Running Stable StaleDesc Sybil V2Dir Valid,9362,2026-10-08-17-00-00-vote-ED03BB616EB2F60BEC80151114BB25CEF515B226-F77BFC2C5079BB515E9DD9B34D30D4FA87B03246
2026-10-08 17:00:00,longclaw,Authority BadExit Exit Fast Guard HSDir MiddleOnly Running Stable StaleDesc Sybil V2Dir Valid,9380,2026-10-08-17-00-00-vote-23D15D965BC35114467363C165C4F724B64B4F66-519BA5226EDE7E731F4EDE0D62DB53111A00E222
2026-10-08 17:00:00,maatuska,Authority Exit Fast Guard HSDir MiddleOnly Running Stable StaleDesc Sybil V2Dir Valid,9362,2026-10-08-17-00-00-vote-49015F787433103580E3B66A1707A00E60F2D15B-BD66B7B8C565EE32483E5DF3693FECEFCCADAD92
2026-10-08 17:00:00,moria1,Authority BadExit Exit Fast Guard HSDir MiddleOnly Running Stable StaleDesc Sybil V2Dir Valid,9379,2026-10-08-17-00-00-vote-F533C81CEF0BC0267857C99B2F471ADF249FA232-0F3D34ADACBFA490B847F5215BA424A36B4BCBB9
2026-10-08 17:00:00,tor26,Authority BadExit Exit Fast Guard HSDir MiddleOnly Running Stable StaleDesc Sybil V2Dir Valid,9439,2026-10-08-17-00-00-vote-2F3DF9CA0E5D36F2685A2DA67184EB8DCB8CBA8C-1C8450CA393CC448BE88285CC38B68138ADFF8A0
2026-10-08 18:00:00,bastet,Authority Exit Fast Guard HSDir MiddleOnly Running Stable StaleDesc Sybil V2Dir Valid,9364,2026-10-08-18-00-00-vote-27102BC123E7AF1D4741AE047E160C91ADC76B21-5849D400735E2959CA6367EE2AF1505F69566627
2026-10-08 18:00:00,dannenberg,Authority Exit Fast Guard HSDir MiddleOnly Running Stable StaleDesc Sybil V2Dir Valid,9434,2026-10-08-18-00-00-vote-0232AF901C31A04EE9848595AF9BB7620D4C5B2E-E0F1BCFD1E8AC84DD63E421CCA0CF576BDEA1B87
2026-10-08 18:00:00,dizum,Authority Exit Fast Guard HSDir MiddleOnly Running Stable StaleDesc Sybil V2Dir Valid,9445,2026-10-08-18-00-00-vote-E8A9C45EDE6D711294FADF8E7951F4DE6CA56B58-02FCB393847528C16084999279500EA1C4B04D5A
2026-10-08 18:00:00,faravahar,Authority BadExit Exit Fast Guard HSDir MiddleOnly Running Stable StaleDesc Sybil V2Dir Valid,9358,2026-10-08-18-00-00-vote-70849B868D606BAECFB6128C5E3D782029AA394F-019DFC08E63417C51D99F249CB3E224981FEAF0D
2026-10-08 18:00:00,gabelmoo,Authority BadExit Exit Fast Guard HSDir MiddleOnly Running Stable StaleDesc Sybil V2Dir Valid,9364,2026-10-08-18-00-00-vote-ED03BB616EB2F60BEC80151114BB25CEF515B226-03442F27E1878BB43302876B365A21288BD039CF
2026-10-08 18:00:00,longclaw,Authority BadExit Exit Fast Guard HSDir MiddleOnly Running Stable StaleDesc Sybil V2Dir Valid,9382,2026-10-08-18-00-00-vote-23D15D965BC35114467363C165C4F724B64B4F66-8D8CA9893D939867DEF7693520DCA575923B93C9
2026-10-08 18:00:00,maatuska,Authority Exit Fast Guard HSDir MiddleOnly Running Stable StaleDesc Sybil V2Dir Valid,9364,2026-10-08-18-00-00-vote-49015F787433103580E3B66A1707A00E60F2D15B-38FFEAFAB457CDD39D79F647B041751B2570445C
2026-10-08 18:00:00,moria1,Authority BadExit Exit Fast Guard HSDir MiddleOnly Running Stable StaleDesc Sybil V2Dir Valid,9382,2026-10-08-18-00-00-vote-F533C81CEF0BC0267857C99B2F471ADF249FA232-23903B50F188DE3EA5F5FBAE886912549C66C1F6
2026-10-08 18:00:00,tor26,Authority BadExit Exit Fast Guard HSDir MiddleOnly Running Stable StaleDesc Sybil V2Dir Valid,9442,2026-10-08-18-00-00-vote-2F3DF9CA0E5D36F2685A2DA67184EB8DCB8CBA8C-CABBB8796356668835FFF1D24049301CA4A07AEE
2026-10-08 19:00:00,bastet,Authority Exit Fast Guard HSDir MiddleOnly Running Stable StaleDesc Sybil V2Dir Valid,9368,2026-10-08-19-00-00-vote-27102BC123E7AF1D4741AE047E160C91ADC76B21-59BB52A47BA6920F406795F1C7C6024BD1A2A28D
2026-10-08 19:00:00,dannenberg,Authority Exit Fast Guard HSDir MiddleOnly Running Stable StaleDesc Sybil V2Dir Valid,9439,2026-10-08-19-00-00-vote-0232AF901C31A04EE9848595AF9BB7620D4C5B2E-13AE65409154E0F584912822CF9A4B6D1946C257
2026-10-08 19:00:00,dizum,Authority Exit Fast Guard HSDir MiddleOnly Running Stable StaleDesc Sybil V2Dir Valid,9449,2026-10-08-19-00-00-vote-E8A9C45EDE6D711294FADF8E7951F4DE6CA56B58-B1114B9A5AB70FAFB1629119879C7A079E97243B
2026-10-08 19:00:00,faravahar,Authority BadExit Exit Fast Guard HSDir MiddleOnly Running Stable StaleDesc Sybil V2Dir Valid,9363,2026-10-08-19-00-00-vote-70849B868D606BAECFB6128C5E3D782029AA394F-9B0D9B8ECBF4ACA3F4C510BC731820BB95386D48
2026-10-08 19:00:00,gabelmoo,Authority BadExit Exit Fast Guard HSDir MiddleOnly Running Stable StaleDesc Sybil V2Dir Valid,9368,2026-10-08-19-00-00-vote-ED03BB616EB2F60BEC80151114BB25CEF515B226-BF861E64947B6D26ABF429805ADDD67A21DFC097
2026-10-08 19:00:00,longclaw,Authority BadExit Exit Fast Guard HSDir MiddleOnly Running Stable StaleDesc Sybil V2Dir Valid,9386,2026-10-08-19-00-00-vote-23D15D965BC35114467363C165C4F724B64B4F66-A1219E0E57C6A98DF94BAAB2B66FFABF1E1F0AA0
2026-10-08 19:00:00,maatuska,Authority Exit Fast Guard HSDir MiddleOnly Running Stable StaleDesc Sybil V2Dir Valid,9368,2026-10-08-19-00-00-vote-49015F787433103580E3B66A1707A00E60F2D15B-A78A381CCBD17152A855B14A83D119309FCE4BEC
2026-10-08 19:00:00,moria1,Authority BadExit Exit Fast Guard HSDir MiddleOnly Running Stable StaleDesc Sybil V2Dir Valid,9387,2026-10-08-19-00-00-vote-F533C81CEF0BC0267857C99B2F471ADF249FA232-1A06B5A73C61C1CC16BD03DC0E03A80254CABD50
2026-10-08 19:00:00,tor26,Authority BadExit Exit Fast Guard HSDir MiddleOnly Running Stable StaleDesc Sybil V2Dir Valid,9446,2026-10-08-19-00-00-vote-2F3DF9CA0E5D36F2685A2DA67184EB8DCB8CBA8C-5B3B14D7C088FE5E0CAF1B6839751BC40B12F9EE
2026-10-08 20:00:00,bastet,Authority Exit Fast Guard HSDir MiddleOnly Running Stable StaleDesc Sybil V2Dir Valid,9370,2026-10-08-20-00-00-vote-27102BC123E7AF1D4741AE047E160C91ADC76B21-BCAA3C227E0711C08C68067EA2BB8B834DAA2CD5
2026-10-08 20:00:00,dannenberg,Authority Exit Fast Guard HSDir MiddleOnly Running Stable StaleDesc Sybil V2Dir Valid,9436,2026-10-08-20-00-00-vote-0232AF901C31A04EE9848595AF9BB7620D4C5B2E-EB53C881B94CB18962E59CF9A98A4ACCB4FDD3DD
2026-10-08 20:00:00,dizum,Authority Exit Fast Guard HSDir MiddleOnly Running Stable StaleDesc Sybil V2Dir Valid,9449,2026-10-08-20-00-00-vote-E8A9C45EDE6D711294FADF8E7951F4DE6CA56B58-1F87695ADBCA3AFAA8E52B43BE23B1E6D328E409
2026-10-08 20:00:00,faravahar,Authority BadExit Exit Fast Guard HSDir MiddleOnly Running Stable StaleDesc Sybil V2Dir Valid,9363,2026-10-08-20-00-00-vote-70849B868D606BAECFB6128C5E3D782029AA394F-819A6856BE9A98BD22457279FE6F30C60E4A8B77
2026-10-08 20:00:00,gabelmoo,Authority BadExit Exit Fast Guard HSDir MiddleOnly Running Stable StaleDesc Sybil V2Dir Valid,9370,2026-10-08-20-00-00-vote-ED03BB616EB2F60BEC80151114BB25CEF515B226-52A4562474CBC9F419762743EBA9E8D63F6E8121
2026-10-08 20:00:00,longclaw,Authority BadExit Exit Fast Guard HSDir MiddleOnly Running Stable StaleDesc Sybil V2Dir Valid,9388,2026-10-08-20-00-00-vote-23D15D965BC35114467363C165C4F724B64B4F66-49772D552605F4D486583D19B211F12D4FD0083B
2026-10-08 20:00:00,maatuska,Authority Exit Fast Guard HSDir MiddleOnly Running Stable StaleDesc Sybil V2Dir Valid,9370,2026-10-08-20-00-00-vote-49015F787433103580E3B66A1707A00E60F2D15B-61975D43FCE2F50F6483EFC012078EB58539D113
2026-10-08 20:00:00,moria1,Authority BadExit Exit Fast Guard HSDir MiddleOnly Running Stable StaleDesc Sybil V2Dir Valid,9387,2026-10-08-20-00-00-vote-F533C81CEF0BC0267857C99B2F471ADF249FA232-6DBFCC26647FAE5553BF8E9BE5A4469C7F184285
2026-10-08 20:00:00,tor26,Authority BadExit Exit Fast Guard HSDir MiddleOnly Running Stable StaleDesc Sybil V2Dir Valid,9447,2026-10-08-20-00-00-vote-2F3DF9CA0E5D36F2685A2DA67184EB8DCB8CBA8C-D7688C8412C8713237814EBAFE6A29DDF37FE9E5
2026-10-08 21:00:00,bastet,Authority Exit Fast Guard HSDir MiddleOnly Running Stable StaleDesc Sybil V2Dir Valid,9370,2026-10-08-21-00-00-vote-27102BC123E7AF1D4741AE047E160C91ADC76B21-CE573AFBCE7DAB67E686A4587F887747425D9E6C
2026-10-08 21:00:00,dannenberg,Authority Exit Fast Guard HSDir MiddleOnly Running Stable StaleDesc Sybil V2Dir Valid,9427,2026-10-08-21-00-00-vote-0232AF901C31A04EE9848595AF9BB7620D4C5B2E-B3D401B92AF4878AC08976960AB358D79EC609F7
2026-10-08 21:00:00,dizum,Authority Exit Fast Guard HSDir MiddleOnly Running Stable StaleDesc Sybil V2Dir Valid,9443,2026-10-08-21-00-00-vote-E8A9C45EDE6D711294FADF8E7951F4DE6CA56B58-DFCFB81FE143995A8CCE8F690D3B9FB548A90621
2026-10-08 21:00:00,faravahar,Authority BadExit Exit Fast Guard HSDir MiddleOnly Running Stable StaleDesc Sybil V2Dir Valid,9357,2026-10-08-21-00-00-vote-70849B868D606BAECFB6128C5E3D782029AA394F-C09C238DFDF2278B444DDF5243FEB8135F8AC20B
2026-10-08 21:00:00,gabelmoo,Authority BadExit Exit Fast Guard HSDir MiddleOnly Running Stable StaleDesc Sybil V2Dir Valid,9370,2026-10-08-21-00-00-vote-ED03BB616EB2F60BEC80151114BB25CEF515B226-C97D21E33125A66D785EE7E1A2E0AF8DE282E0B7
2026-10-08 21:00:00,longclaw,Authority BadExit Exit Fast Guard HSDir MiddleOnly Running Stable StaleDesc Sybil V2Dir Valid,9388,2026-10-08-21-00-00-vote-23D15D965BC35114467363C165C4F724B64B4F66-A4B94EA8446FF8447FAE66CF9FB60CB8598E71E9
2026-10-08 21:00:00,maatuska,Authority Exit Fast Guard HSDir MiddleOnly Running Stable StaleDesc Sybil V2Dir Valid,9370,2026-10-08-21-00-00-vote-49015F787433103580E3B66A1707A00E60F2D15B-A89E325C8EDDADA0ABA3E0F4A2A4B6C5890F2AC5
2026-10-08 21:00:00,moria1,Authority BadExit Exit Fast Guard HSDir MiddleOnly Running Stable StaleDesc Sybil V2Dir Valid,9383,2026-10-08-21-00-00-vote-F533C81CEF0BC0267857C99B2F471ADF249FA232-A4E07A8CEA5E80A4B66A36671A150819EFBF9A45
2026-10-08 21:00:00,tor26,Authority BadExit Exit Fast Guard HSDir MiddleOnly Running Stable StaleDesc Sybil V2Dir Valid,9446,2026-10-08-21-00-00-vote-2F3DF9CA0E5D36F2685A2DA67184EB8DCB8CBA8C-2063B9ECEF479904D8A8993F6FA155B9BC9495F2
2026-10-08 22:00:00,bastet,Authority Exit Fast Guard HSDir MiddleOnly Running Stable StaleDesc Sybil V2Dir Valid,9372,2026-10-08-22-00-00-vote-27102BC123E7AF1D4741AE047E160C91ADC76B21-CDEFA35A4FD01C3E89ACA4F65133EC6017A8C76A
2026-10-08 22:00:00,dannenberg,Authority Exit Fast Guard HSDir MiddleOnly Running Stable StaleDesc Sybil V2Dir Valid,9431,2026-10-08-22-00-00-vote-0232AF901C31A04EE9848595AF9BB7620D4C5B2E-0EEC1C5A46CB53AFEBF1D754400CD21D1BD9F63B
2026-10-08 22:00:00,dizum,Authority Exit Fast Guard HSDir MiddleOnly Running Stable StaleDesc Sybil V2Dir Valid,9446,2026-10-08-22-00-00-vote-E8A9C45EDE6D711294FADF8E7951F4DE6CA56B58-1608189BA396DB5C55BAECB53E5F94AF83CA24A6
2026-10-08 22:00:00,faravahar,Authority BadExit Exit Fast Guard HSDir MiddleOnly Running Stable StaleDesc Sybil V2Dir Valid,9361,2026-10-08-22-00-00-vote-70849B868D606BAECFB6128C5E3D782029AA394F-4E20ED4FAC1D544A35F20974D5598BF88A0EFB45
2026-10-08 22:00:00,gabelmoo,Authority BadExit Exit Fast Guard HSDir MiddleOnly Running Stable StaleDesc Sybil V2Dir Valid,9372,2026-10-08-22-00-00-vote-ED03BB616EB2F60BEC80151114BB25CEF515B226-64F6115571843B49FA018FBF99C6C32CC939C5DB
2026-10-08 22:00:00,longclaw,Authority BadExit Exit Fast Guard HSDir MiddleOnly Running Stable StaleDesc Sybil V2Dir Valid,9390,2026-10-08-22-00-00-vote-23D15D965BC35114467363C165C4F724B64B4F66-84ED7BB0442C401E6AC50700BA341ECC2949DC19
2026-10-08 22:00:00,maatuska,Authority Exit Fast Guard HSDir MiddleOnly Running Stable StaleDesc Sybil V2Dir Valid,9372,2026-10-08-22-00-00-vote-49015F787433103580E3B66A1707A00E60F2D15B-DFCB57066FCC25353ADD3DEFF96D7C6F12556C11
2026-10-08 22:00:00,moria1,Authority BadExit Exit Fast Guard HSDir MiddleOnly Running Stable StaleDesc Sybil V2Dir Valid,9387,2026-10-08-22-00-00-vote-F533C81CEF0BC0267857C99B2F471ADF249FA232-116F70DE0C78107AFFD9AE675FE788CD18434211
2026-10-08 22:00:00,tor26,Authority BadExit Exit Fast Guard HSDir MiddleOnly Running Stable StaleDesc Sybil V2Dir Valid,9450,2026-10-08-22-00-00-vote-2F3DF9CA0E5D36F2685A2DA67184EB8DCB8CBA8C-F276EAF536A6FF90D5F66DD6B4BDB187EAB56491
2026-10-08 23:00:00,bastet,Authority Exit Fast Guard HSDir MiddleOnly Running Stable StaleDesc Sybil V2Dir Valid,9372,2026-10-08-23-00-00-vote-27102BC123E7AF1D4741AE047E160C91ADC76B21-3E69284BE88768380121EC73CF27097FB730616E
2026-10-08 23:00:00,dannenberg,Authority Exit Fast Guard HSDir MiddleOnly Running Stable StaleDesc Sybil V2Dir Valid,9434,2026-10-08-23-00-00-vote-0232AF901C31A04EE9848595AF9BB7620D4C5B2E-D0E671CEE93791B33F7AD120C0CE49A61E6F1B85
2026-10-08 23:00:00,dizum,Authority Exit Fast Guard HSDir MiddleOnly Running Stable StaleDesc Sybil V2Dir Valid,9447,2026-10-08-23-00-00-vote-E8A9C45EDE6D711294FADF8E7951F4DE6CA56B58-5FA1CD3588A2334E7FDE8F2318AE3612F29A51F6
2026-10-08 23:00:00,faravahar,Authority BadExit Exit Fast Guard HSDir MiddleOnly Running Stable StaleDesc Sybil V2Dir Valid,9362,2026-10-08-23-00-00-vote-70849B868D606BAECFB6128C5E3D782029AA394F-6832630B5CAC919C9D63BE2A90B5E4DCC3067268
2026-10-08 23:00:00,gabelmoo,Authority BadExit Exit Fast Guard HSDir MiddleOnly Running Stable StaleDesc Sybil V2Dir Valid,9372,2026-10-08-23-00-00-vote-ED03BB616EB2F60BEC80151114BB25CEF515B226-6990C2C6566A2DC930A3E5E53A0B426D06DB2040
2026-10-08 23:00:00,longclaw,Authority BadExit Exit Fast Guard HSDir MiddleOnly Running Stable StaleDesc Sybil V2Dir Valid,9390,2026-10-08-23-00-00-vote-23D15D965BC35114467363C165C4F724B64B4F66-AF916A26A3332A8CB498B2439343E350E6195E01
2026-10-08 23:00:00,maatuska,Authority Exit Fast Guard HSDir MiddleOnly Running Stable StaleDesc Sybil V2Dir Valid,9372,2026-10-08-23-00-00-vote-49015F787433103580E3B66A1707A00E60F2D15B-D6ED311630EAB71641DAAC84523928A222A9E703
2026-10-08 23:00:00,moria1,Authority BadExit Exit Fast Guard HSDir MiddleOnly Running Stable StaleDesc Sybil V2Dir Valid,9388,2026-10-08-23-00-00-vote-F533C81CEF0BC0267857C99B2F471ADF249FA232-FFECAF621C616874463CA0DFBEC7CD34A8464157
2026-10-08 23:00:00,tor26,Authority BadExit Exit Fast Guard HSDir MiddleOnly Running Stable StaleDesc Sybil V2Dir Valid,9450,2026-10-08-23-00-00-vote-2F3DF9CA0E5D36F2685A2DA67184EB8DCB8CBA8C-77DA406D5BED8F2C7393506E951B9B2EE94F78F7
2026-10-09 00:00:00,bastet,Authority Exit Fast Guard HSDir MiddleOnly Running Stable StaleDesc Sybil V2Dir Valid,9374,2026-10-09-00-00-00-vote-27102BC123E7AF1D4741AE047E160C91ADC76B21-B26176EEDA894F4B6178AF46D994BBDA5D6F2A55
2026-10-09 00:00:00,dannenberg,Authority Exit Fast Guard HSDir MiddleOnly Running Stable StaleDesc Sybil V2Dir Valid,9436,2026-10-09-00-00-00-vote-0232AF901C31A04EE9848595AF9BB7620D4C5B2E-E78BFB28DD7E3392AA48E08A257336B41AF56D19
2026-10-09 00:00:00,dizum,Authority Exit Fast Guard HSDir MiddleOnly Running Stable StaleDesc Sybil V2Dir Valid,9449,2026-10-09-00-00-00-vote-E8A9C45EDE6D711294FADF8E7951F4DE6CA56B58-41C757BE1309660D763AF3889849E8E9B6B6205D
2026-10-09 00:00:00,faravahar,Authority BadExit Exit Fast Guard HSDir MiddleOnly Running Stable StaleDesc Sybil V2Dir Valid,9364,2026-10-09-00-00-00-vote-70849B868D606BAECFB6128C5E3D782029AA394F-311065D8A972EA7697DCD505425FE25310958A51
2026-10-09 00:00:00,gabelmoo,Authority BadExit Exit Fast Guard HSDir MiddleOnly Running Stable StaleDesc Sybil V2Dir Valid,9374,2026-10-09-00-00-00-vote-ED03BB616EB2F60BEC80151114BB25CEF515B226-91FF05829B1726D07E51AA43D90A6FC3495CF0C8
2026-10-09 00:00:00,longclaw,Authority BadExit Exit Fast Guard HSDir MiddleOnly Running Stable StaleDesc Sybil V2Dir Valid,9392,2026-10-09-00-00-00-vote-23D15D965BC35114467363C165C4F724B64B4F66-1BECE455D2518C7299E7EE05B8DDD0AAB69B51B8
2026-10-09 00:00:00,maatuska,Authority Exit Fast Guard HSDir MiddleOnly Running Stable StaleDesc Sybil V2Dir Valid,9374,2026-10-09-00-00-00-vote-49015F787433103580E3B66A1707A00E60F2D15B-091BEBEDB107E56B771BED8B1BA477B71E54F214
2026-10-09 00:00:00,moria1,Authority BadExit Exit Fast Guard HSDir MiddleOnly Running Stable StaleDesc Sybil V2Dir Valid,9390,2026-10-09-00-00-00-vote-F533C81CEF0BC0267857C99B2F471ADF249FA232-2DC2D81067421576008CCCF2D0FC7995558EDA40
2026-10-09 00:00:00,tor26,Authority BadExit Exit Fast Guard HSDir MiddleOnly Running Stable StaleDesc Sybil V2Dir Valid,9452,2026-10-09-00-00-00-vote-2F3DF9CA0E5D36F2685A2DA67184EB8DCB8CBA8C-7A10B6D42C6D561C2CEF0C359A9882221874E5E7
2026-10-09 01:00:00,bastet,Authority Exit Fast Guard HSDir MiddleOnly Running Stable StaleDesc Sybil V2Dir Valid,9377,2026-10-09-01-00-00-vote-27102BC123E7AF1D4741AE047E160C91ADC76B21-00441A9D684C92CE6543EA698DA0D675822E8825
2026-10-09 01:00:00,dannenberg,Authority Exit Fast Guard HSDir MiddleOnly Running Stable StaleDesc Sybil V2Dir Valid,9447,2026-10-09-01-00-00-vote-0232AF901C31A04EE9848595AF9BB7620D4C5B2E-36C32D8884C7B6AB86BF021247D98B0E8ADC8844
2026-10-09 01:00:00,dizum,Authority Exit Fast Guard HSDir MiddleOnly Running Stable StaleDesc Sybil V2Dir Valid,9459,2026-10-09-01-00-00-vote-E8A9C45EDE6D711294FADF8E7951F4DE6CA56B58-D5753CC9D1CC766BEF9DC346ADFFE1013AD8AC12
2026-10-09 01:00:00,faravahar,Authority BadExit Exit Fast Guard HSDir MiddleOnly Running Stable StaleDesc Sybil V2Dir Valid,9367,2026-10-09-01-00-00-vote-70849B868D606BAECFB6128C5E3D782029AA394F-015B248DBFE095BF33CE350EB48044E2B6255287
2026-10-09 01:00:00,gabelmoo,Authority BadExit Exit Fast Guard HSDir MiddleOnly Running Stable StaleDesc Sybil V2Dir Valid,9376,2026-10-09-01-00-00-vote-ED03BB616EB2F60BEC80151114BB25CEF515B226-1EE4A191C220C217E082933CD90D409A785824BE
2026-10-09 01:00:00,longclaw,Authority BadExit Exit Fast Guard HSDir MiddleOnly Running Stable StaleDesc Sybil V2Dir Valid,9394,2026-10-09-01-00-00-vote-23D15D965BC35114467363C165C4F724B64B4F66-3C88B35271B50A6F599C3A8AE2338AFC00C12E27
2026-10-09 01:00:00,maatuska,Authority Exit Fast Guard HSDir MiddleOnly Running Stable StaleDesc Sybil V2Dir Valid,9377,2026-10-09-01-00-00-vote-49015F787433103580E3B66A1707A00E60F2D15B-292888CAD347D456D887AE3058CFD4EF6ECC9100
2026-10-09 01:00:00,moria1,Authority BadExit Exit Fast Guard HSDir MiddleOnly Running Stable StaleDesc Sybil V2Dir Valid,9395,2026-10-09-01-00-00-vote-F533C81CEF0BC0267857C99B2F471ADF249FA232-81FE18115E7900C6EE98B3B006917D90CD6E303D
2026-10-09 01:00:00,tor26,Authority BadExit Exit Fast Guard HSDir MiddleOnly Running Stable StaleDesc Sybil V2Dir Valid,9459,2026-10-09-01-00-00-vote-2F3DF9CA0E5D36F2685A2DA67184EB8DCB8CBA8C-2340F42737CE553F98861274C55B46F8CF7F42A4
